{
  "DE-1-199665308": 9853530.257380854,
  "DE-1-199867003": 5499527.961198893,
  "DE-1-200070177": 1136984.0740616855,
  "DE-1-200165472": 12352551.413490396,
  "DE-1-200166744": 32076496.09785805,
  "DE-1-200266015": 27232832.0618872,
  "DE-1-200266759": 33315045.75291867,
  "DE-1-200465054": 9096974.633205064,
  "DE-1-200470518": 1108281.3121284782,
  "DE-1-200621987": 12524911.069953168,
  "DE-1-200815498-0": 558200.2353210937,
  "DE-1-200865477": 55249635.205461495,
  "DE-1-200866236": 6959776.264591453,
  "DE-1-200915983-0": 520813.15111054655,
  "DE-1-200921882": 25941118.90042672,
  "DE-1-200924605": 7152635.154516681,
  "DE-1-200966846": 57044394.97824508,
  "DE-1-201030642-0": 265143.33333333384,
  "DE-1-201031731-0": 185600.3333333337,
  "DE-1-201033224-0": 563429.5833333344,
  "DE-1-201074194-0": 424229.3333333342,
  "DE-1-201075241-0": 159086.00000000032,
  "DE-1-201106160-0": 841587.2815564219,
  "DE-1-201110113-0": 1129571.6877431928,
  "DE-1-201120526": 8367143.647058846,
  "DE-1-201122712": 13656031.083781214,
  "DE-1-201130244-0": 215753.06420233505,
  "DE-1-201130350-0": 171210.49610894974,
  "DE-1-201130384-0": 194873.7354085607,
  "DE-1-201131119-0": 141979.43579766565,
  "DE-1-201134345-0": 626354.8086186782,
  "DE-1-201139526-0": 299270.37937743246,
  "DE-1-201155639-0": 452301.93988326937,
  "DE-1-201174879-0": 445425.680933853,
  "DE-1-201175140-0": 1489392.1206225709,
  "DE-1-201176148-0": 515023.44357976754,
  "DE-1-201215839-0": 194213.79479531254,
  "DE-1-201216852-0": 642115.5367957033,
  "DE-1-201230416-0": 321197.16796875006,
  "DE-1-201230754-0": 231261.96093750006,
  "DE-1-201231521-0": 199142.24414062506,
  "DE-1-201266063": 26560700.35152559,
  "DE-1-201274927-0": 411132.3750000001,
  "DE-1-201297670": 17270510.19607837,
  "DE-1-201297746": 9252319.631210592,
  "DE-1-201310184-0": 2565791.2399607915,
  "DE-1-201316959-0": 52249.49178078446,
  "DE-1-201331446-0": 95624.49882352968,
  "DE-1-201331529-0": 185936.5254901966,
  "DE-1-201332204-0": 236405.0109803928,
  "DE-1-201333483-0": 431638.36274509924,
  "DE-1-201374016-0": 134139.92196078468,
  "DE-1-201375682-0": 199217.7058823535,
  "DE-1-201401405-0": 914748.5145447027,
  "DE-1-201415348-0": 260669.1243925481,
  "DE-1-201415504-0": 664117.542078429,
  "DE-1-201415520-0": 25387.649988235207,
  "DE-1-201416882-0": 710561.9294980367,
  "DE-1-201421593": 14891995.604362693,
  "DE-1-201421601": 15204691.476470536,
  "DE-1-201421619": 5314003.137254884,
  "DE-1-201421627": 3985502.3529411624,
  "DE-1-201424886-0": 1328500.784313721,
  "DE-1-201433788-0": 305555.1803921558,
  "DE-1-201439116-0": 364009.2149019595,
  "DE-1-201439223-0": 142149.58392156812,
  "DE-1-201455484-0": 793912.0687058796,
  "DE-1-201465020": 26075767.016547333,
  "DE-1-201474907-0": 531400.3137254884,
  "DE-1-201498377-0": 637496.6588235311,
  "DE-1-201530344-0": 197946.6168627444,
  "DE-1-201531003-0": 66425.03921568605,
  "DE-1-201531995-0": 265700.1568627442,
  "DE-1-201533496-0": 199275.11764705813,
  "DE-1-201534429-0": 653291.5891870565,
  "DE-1-201575976-0": 1454708.3588235243,
  "DE-1-201598416-0": 1461350.862745093,
  "DE-1-201606003-1364": 1720372.646165092,
  "DE-1-201632025-0": 398550.23529411625,
  "DE-1-201673664-0": 786472.4643137228,
  "DE-1-201674324-0": 219202.62941176395,
  "DE-1-201675727-0": 286956.1694117637,
  "DE-1-201698455-0": 996375.5882352906,
  "DE-1-201706019-1830": 166062.5980392151,
  "DE-1-201706019-2234": 564701.8428858804,
  "DE-1-201706019-2273": 199162.52720558754,
  "DE-1-201706019-2779": 663091.9394729389,
  "DE-1-201706019-2834": 663865.1269294095,
  "DE-1-201706019-3014": 791897.304271413,
  "DE-1-201706019-3069": 67147.74364235271,
  "DE-1-201721968": 3188401.88235293,
  "DE-1-201721976": 13285007.843137208,
  "DE-1-201730399-0": 415820.74549019465,
  "DE-1-201730555-0": 292270.1725490186,
  "DE-1-201730787-0": 455675.76901960623,
  "DE-1-201732866-0": 147463.587058823,
  "DE-1-201735083": 5094058.04860979,
  "DE-1-201768936": 18599010.98039209,
  "DE-1-201774793-0": 132850.0784313721,
  "DE-1-201775204-0": 464975.2745098023,
  "DE-1-201776699-0": 87681.05176470558,
  "DE-1-201806009-3207": 355272.66161911644,
  "DE-1-201806009-3210": 212851.7314123522,
  "DE-1-201806009-3357": 198063.98990703854,
  "DE-1-201806009-3779": 39376.76324705868,
  "DE-1-201822097": 9299505.490196045,
  "DE-1-201822121": 7971004.705882325,
  "DE-1-201830249-0": 294927.174117646,
  "DE-1-201830256-0": 385265.22745097906,
  "DE-1-201830876-0": 403864.23843137117,
  "DE-1-201831726-0": 273671.1615686265,
  "DE-1-201832203-0": 334782.19764705765,
  "DE-1-201868595": 9299505.490196045,
  "DE-1-201876051-0": 123550.57294117604,
  "DE-1-201876069-0": 318840.188235293,
  "DE-1-201876127-0": 318840.188235293,
  "DE-1-201876218-0": 929950.5490196046,
  "DE-1-201906015-4328": 1159118.2628145057,
  "DE-1-201906015-4365": 622734.7426470567,
  "DE-1-201906015-4407": 1321854.2948897993,
  "DE-1-201910272-0": 585735.9958039195,
  "DE-1-201931963-0": 349395.7062745086,
  "DE-1-201932409-0": 256400.65137254813,
  "DE-1-201932961-0": 104951.56196078395,
  "DE-1-201932979-0": 120893.5713725486,
  "DE-1-201939289-0": 516786.8050980374,
  "DE-1-201974831-0": 265700.1568627442,
  "DE-1-201974948-0": 330796.6952941165,
  "DE-1-201975325-0": 219202.62941176395,
  "DE-1-201976141-0": 195289.61529411696,
  "DE-1-201976331-0": 1580915.9333333278,
  "DE-1-201977131-0": 224516.63254901883,
  "DE-1-202006005-5013": 314144.34979798715,
  "DE-1-202006005-5316": 1624197.1603854846,
  "DE-1-202006005-5323": 1100820.9913972511,
  "DE-1-202021673": 15942009.41176465,
  "DE-1-202021681": 2657001.568627442,
  "DE-1-202021699": 8907597.7588235,
  "DE-1-202030013-0": 524757.8098039198,
  "DE-1-202030823-0": 195289.61529411696,
  "DE-1-202031649-0": 349395.7062745086,
  "DE-1-202031730-0": 231159.13647058743,
  "DE-1-202033686-0": 471617.7784313709,
  "DE-1-202033785-0": 410506.74235293973,
  "DE-1-202033835-0": 635023.3749019586,
  "DE-1-202065092": 29439820.53589061,
  "DE-1-202074722-0": 391907.7313725477,
  "DE-1-202075059-0": 591182.8490196058,
  "DE-1-202075067-0": 332125.1960784302,
  "DE-1-202076081-0": 265700.1568627442,
  "DE-1-202106003-5912": 634451.6014493977,
  "DE-1-202106003-6040": 801803.3633647031,
  "DE-1-202110161-0": 1222220.721568623,
  "DE-1-202132199-0": 324154.1913725479,
  "DE-1-202132637-0": 263043.15529411676,
  "DE-1-202173516-0": 787800.9650980365,
  "DE-1-202174993-0": 66425.03921568605,
  "DE-1-202177525-0": 1129225.6666666628
}