{
  "GB-COH-SC301345-E8071-UQ": 722682.4180240581,
  "GB-COH-SC301345-E8072-UQ": 1403014.6611878225,
  "GB-COH-SC301345-E8075-UQ": 1557605.0709893967,
  "GB-COH-SC301345-E8089-UQ": 823570.279935366,
  "GB-COH-SC301345-E8113-UQ": 654313.1537672756,
  "GB-COH-SC301345-E8134-UQ": 1816437.2282468244,
  "GB-COH-SC301345-E8141-UQ": 1701812.6052093452,
  "GB-COH-SC301345-E8157-UQ": 1159741.6564474348
}