{
  "XM-DAC-46004-34135-013-LN2218": 15523175.93,
  "XM-DAC-46004-34187-013-LN2238": 26901087.259999998,
  "XM-DAC-46004-35376-033-LN2307": 10365170.78,
  "XM-DAC-46004-35377-023-GRNT0199": 31999806.25,
  "XM-DAC-46004-35377-023-LN2621": 15407313.23,
  "XM-DAC-46004-37697-013-LN2301": 70543095.49,
  "XM-DAC-46004-37697-025-LN3244": 15484814.3,
  "XM-DAC-46004-37697-025-LN3245": 17586197.2,
  "XM-DAC-46004-39229-022-GRNT0115": 29437079.6,
  "XM-DAC-46004-39229-033-LN3287": 70000000.0,
  "XM-DAC-46004-39229-033-LN3288": 29239294.31,
  "XM-DAC-46004-39254-022-GRNT0125": 19995257.71,
  "XM-DAC-46004-39256-024-LN2934": 29894737.96,
  "XM-DAC-46004-39256-024-LN2935": 30988065.38,
  "XM-DAC-46004-39265-022-GRNT0107": 74961071.99,
  "XM-DAC-46004-41119-012-GRNT0086": 26764381.990000002,
  "XM-DAC-46004-41192-013-GRNT0240": 8143988.47,
  "XM-DAC-46004-41192-013-LN2719": 75469977.05,
  "XM-DAC-46004-41193-015-LN2847": 86378093.09,
  "XM-DAC-46004-41193-019-LN3129": 226567420.15,
  "XM-DAC-46004-41243-012-GRNT0236": 31081296.55,
  "XM-DAC-46004-41243-023-LN2932": 46600693.11,
  "XM-DAC-46004-41243-024-LN3802": 30039281.47,
  "XM-DAC-46004-41911-014-LN2343": 10000000.0,
  "XM-DAC-46004-42184-022-GRNT0204": 30562578.419999998,
  "XM-DAC-46004-42184-024-LN3388": 37699064.53,
  "XM-DAC-46004-42184-027-LN3713": 36836789.49,
  "XM-DAC-46004-42322-012-GRNT0137": 5999422.88,
  "XM-DAC-46004-42322-012-GRNT0138": 18000000.0,
  "XM-DAC-46004-42322-023-LN3086": 37710483.54,
  "XM-DAC-46004-43007-023-LN2766": 37716346.67,
  "XM-DAC-46004-43096-013-GRNT0151": 33800000.0,
  "XM-DAC-46004-43096-013-LN2523": 88596502.22999999,
  "XM-DAC-46004-43127-012-GRNT0158": 33996149.09,
  "XM-DAC-46004-45007-004-LN3098": 54141204.94,
  "XM-DAC-46004-45007-004-LN3099": 41183741.61,
  "XM-DAC-46004-45007-005-LN3525": 50037485.76,
  "XM-DAC-46004-45007-005-LN3526": 45368140.35,
  "XM-DAC-46004-45007-009-LN3946": 25098890.57,
  "XM-DAC-46004-45007-009-LN3947": 19651536.4941,
  "XM-DAC-46004-45009-002-LN2963": 56877605.37,
  "XM-DAC-46004-45009-003-LN3921": 55977146.49,
  "XM-DAC-46004-45010-002-LN3243": 47213080.769999996,
  "XM-DAC-46004-46312-001-LN3072": 37030393.68,
  "XM-DAC-46004-46315-001-LN3313": 21883648.76,
  "XM-DAC-46004-47174-001-LN3387": 39688350.52,
  "XM-DAC-46004-47174-002-LN3810": 31576397.36,
  "XM-DAC-46004-47930-001-LN3102": 30000000.0,
  "XM-DAC-46004-47930-001-LN3103": 10000000.0,
  "XM-DAC-46004-47934-001-LN3136": 40000000.0,
  "XM-DAC-46004-48015-002-LN3338": 109370000.0,
  "XM-DAC-46004-48076-002-LN3605": 31413962.62,
  "XM-DAC-46004-48186-005-LN3679": 93739421.3,
  "XM-DAC-46004-48186-007-LN3786": 71465898.53,
  "XM-DAC-46004-49169-002-LN3694": 60794194.81,
  "XM-DAC-46004-49169-002-LN3695": 20774801.3,
  "XM-DAC-46004-49173-004-LN3843": 67138570.02,
  "XM-DAC-46004-49173-004-LN3844": 10000000.0,
  "XM-DAC-46004-49210-001-LN3297": 300000000.0,
  "XM-DAC-46004-49409-001-LN3385": 44492892.76,
  "XM-DAC-46004-50013-002-LN3787": 19079339.37,
  "XM-DAC-46004-50013-002-LN3788": 24467804.16,
  "XM-DAC-46004-50088-002-LN3708": 43432614.93,
  "XM-DAC-46004-50091-002-LN3594": 68267855.89,
  "XM-DAC-46004-50302-001-LN3532": 300000000.0,
  "XM-DAC-46004-51054-001-LN3533": 200000000.0,
  "XM-DAC-46004-51084-001-LN3709": 41921026.51,
  "XM-DAC-46004-51199-001-LN3648": 260000000.0,
  "XM-DAC-46004-51410-001-LN3936": 31478593.62,
  "XM-DAC-46004-51423-002-LN3895": 27880521.34,
  "XM-DAC-46004-51423-002-LN3896": 14747061.48,
  "XM-DAC-46004-52127-001-LN3772": 19200000.0,
  "XM-DAC-46004-53028-001-LN3880": 320000000.0,
  "XM-DAC-46004-53090-001-LN3838": 30000000.0,
  "XM-DAC-46004-53249-001-LN3874": 100879144.4,
  "XM-DAC-46004-53306-001-LN3871": 15000000.0,
  "XM-DAC-46004-54174-001-LN3922": 200000000.0,
  "XM-DAC-46004-54214-001-LN3937": 52775816.25,
  "XM-DAC-46004-54214-002-LN4051": 48969408.870000005,
  "XM-DAC-46004-54214-002-LN4052": 66744516.88,
  "XM-DAC-46004-54228-001-LN4056": 200000000.0,
  "XM-DAC-46004-54253-001-LN3981": 30000000.0,
  "XM-DAC-46004-55007-001-LN4068": 12879686.05,
  "XM-DAC-46004-55007-001-LN4069": 12905294.09,
  "XM-DAC-46004-55291-002-LN4171": 7000000.0,
  "XM-DAC-46004-56144-001-LN4202": 100000000.0
}