{
  "GB-CHC-1099776-M9": 67433672.0,
  "GB-CHC-1099776-M9-298": 41883538.66545078,
  "GB-CHC-1099776-M9-BF": 222450.61562475824,
  "GB-CHC-1099776-M9-TD": 37466.44126715367
}