{
  "GB-1-104978-111": 1255341.7177363744,
  "GB-1-104978-112": 10635796.634143071,
  "GB-1-104978-113": 41096.493821892385,
  "GB-1-104978-115": 28740335.80823833,
  "GB-1-113400-111": 1069688.066661993,
  "GB-1-113400-112": 3974073.8337800372,
  "GB-1-113400-113": 622651.9623173777,
  "GB-1-113475-114": 143492.947726332,
  "GB-1-114318-103": 17646637.013506737,
  "GB-1-114318-104": 10535998.796930395,
  "GB-1-114318-105": 1082079.135941872,
  "GB-1-200094-106": 1761391.8306050277,
  "GB-1-200094-109": 151537.7824725484,
  "GB-1-200321-103": 4381155.139761224,
  "GB-1-200329-101": 12702974.765570818,
  "GB-1-200329-102": 4450853.565890197,
  "GB-1-200329-103": 1270590.139019076,
  "GB-1-200329-104": 1299349.0955835423,
  "GB-1-200329-105": 276253.51879889384,
  "GB-1-200329-106": 260675.5780619699,
  "GB-1-200329-107": 14038739.832977118,
  "GB-1-200329-108": 8257120.331401871,
  "GB-1-200329-109": 274335.5188366355,
  "GB-1-200329-111": 406682.87073522335,
  "GB-1-200627-105": 2719846.9604068557,
  "GB-1-200956-115": 572704.7527507318,
  "GB-1-200956-116": 3766744.857246863,
  "GB-1-200956-117": 1602202.488182939,
  "GB-1-200956-118": 696020.7939039913,
  "GB-1-200956-121": 609784.1183903012,
  "GB-1-201596-102": 7623431.9559330065,
  "GB-1-201597-103": 1773243.610621862,
  "GB-1-201616-106": 1342504.6912783426,
  "GB-1-201616-109": 208286.32346378206,
  "GB-1-201784-102": 62408.827965333185,
  "GB-1-202283-102": 111795.34940617548,
  "GB-1-202315-106": 18282533.838693403,
  "GB-1-202315-107": 45478350.84716797,
  "GB-1-202315-108": 33754743.06652821,
  "GB-1-202315-109": 4349467.322386379,
  "GB-1-202315-110": 1080738.2422783177,
  "GB-1-202511-101": 864783.2944958336,
  "GB-1-202511-102": 193481723.75668463,
  "GB-1-202511-104": 586811.9377886467,
  "GB-1-202513-101": 28450977.751190346,
  "GB-1-202513-104": 2904121.241043714,
  "GB-1-202513-105": 1742545.7250979813,
  "GB-1-202513-106": 270577.0175588822,
  "GB-1-202514-101": 1897185.8602531569,
  "GB-1-202514-102": 106296.27721412877,
  "GB-1-202514-103": 17117290.77169784,
  "GB-1-202514-104": 110866.73583135592,
  "GB-1-202514-106": 7384915.401791487,
  "GB-1-202515-103": 2078250.4660796204,
  "GB-1-202522-101": 113293.32776616982,
  "GB-1-202522-102": 25469778.68168475,
  "GB-1-202522-103": 16659158.644295191,
  "GB-1-202522-104": 58328.241572645384,
  "GB-1-202522-105": 4519733.27626413,
  "GB-1-202525-101": 10322158.184572745,
  "GB-1-202525-102": 186265.65246619575,
  "GB-1-202525-104": 33431.84565431341,
  "GB-1-202525-105": 567283.1343752901,
  "GB-1-202552-102": 21354643.88877148,
  "GB-1-202552-103": 71294.86219482894,
  "GB-1-202704-102": 559179.2098396238,
  "GB-1-202704-104": 3793499.4412603145,
  "GB-1-202821-101": 28008630.887751024,
  "GB-1-202821-102": 10370698.510735285,
  "GB-1-202841-104": 90348945.27007374,
  "GB-1-202841-105": 83191.57979355723,
  "GB-1-202841-106": 6347641.532235537,
  "GB-1-202841-107": 18653363.40611214,
  "GB-1-202848-101": 7815497.275352468,
  "GB-1-202850-101": 90042877.80026762,
  "GB-1-202850-102": 12571962.708694896,
  "GB-1-202850-103": 832060.9486580353,
  "GB-1-202850-104": 7898307.847613623,
  "GB-1-202851-101": 4940462.349251734,
  "GB-1-202851-102": 6051051.204973998,
  "GB-1-202851-103": 338611.10417976085,
  "GB-1-202921-114": 514686.11396603915,
  "GB-1-202929-101": 8011012.440914694,
  "GB-1-202929-102": 35564.500576234626,
  "GB-1-203109-101": 1055344.3038387247,
  "GB-1-203109-102": 6356775.793716055,
  "GB-1-203109-103": 822248.5774601196,
  "GB-1-203109-105": 118356.40859384598,
  "GB-1-203109-106": 165196556.36257246,
  "GB-1-203109-107": 493724.48985461175,
  "GB-1-203109-108": 572185.3676711745,
  "GB-1-203109-110": 52654994.23547189,
  "GB-1-203109-111": 51492105.39684435,
  "GB-1-203109-112": 73595035.52877006,
  "GB-1-203148-102": 4811206.942500666,
  "GB-1-203165-101": 648155.6775755777,
  "GB-1-203306-101": 8252110.466806037,
  "GB-1-203343-102": 36529637.10002998,
  "GB-1-203346-101": 31593231.390454493,
  "GB-1-203346-102": 15796615.695227247,
  "GB-1-203466-102": 1862968.047253441,
  "GB-1-203466-103": 746483.2447017219,
  "GB-1-203466-105": 1165644.9984820494,
  "GB-1-203468-101": 501083.6286774657,
  "GB-1-203468-102": 594336.8522792312,
  "GB-1-203468-103": 4164769.805614627,
  "GB-1-203468-105": 259664.8131350899,
  "GB-1-203542-102": 16524590.680267021,
  "GB-1-203542-106": 5014731.711467231,
  "GB-1-203589-101": 75039797.16724797,
  "GB-1-203589-102": 13306305.750188002,
  "GB-1-203589-103": 12506632.861207996,
  "GB-1-203589-104": 15633291.076509994,
  "GB-1-203589-105": 1583863.9732028737,
  "GB-1-203597-101": 4916990.526029461,
  "GB-1-203597-102": 1241545.9507649788,
  "GB-1-203597-103": 5628039.26549808,
  "GB-1-203597-104": 6577633.90692946,
  "GB-1-203597-105": 1123545.6851222198,
  "GB-1-203597-106": 180851.88097636958,
  "GB-1-203598-102": 18038053.75539385,
  "GB-1-203598-105": 11353.733132023626,
  "GB-1-203988-102": 444131.249873197,
  "GB-1-203988-103": 157086.43539498773,
  "GB-1-203988-104": 1158020.4032014012,
  "GB-1-203988-105": 297032.53045368986,
  "GB-1-204019-101": 702773705.7906495,
  "GB-1-204019-102": 35963561.80999282,
  "GB-1-204019-103": 16454685.698584966,
  "GB-1-204019-104": 13163748.558867972,
  "GB-1-204019-105": 240238411.1993405,
  "GB-1-204019-106": 305234419.7087511,
  "GB-1-204019-107": 8540679.556239218,
  "GB-1-204019-108": 41136714.24646241,
  "GB-1-204019-109": 1810015.426844346,
  "GB-1-204019-110": 99065428.6664565,
  "GB-1-204019-111": 347832.31004524784,
  "GB-1-204019-112": 204517105.14501366,
  "GB-1-204019-115": 18203094.78217381,
  "GB-1-204019-117": 103567282.58141807,
  "GB-1-204019-118": 234901687.66874698,
  "GB-1-204019-120": 11784849.188263692,
  "GB-1-204019-121": 5414555.83941639,
  "GB-1-204019-122": 85694405.36824916,
  "GB-1-204019-123": 1551752.5529307758,
  "GB-1-204019-124": 6030319.796691698,
  "GB-1-204019-125": 924546.0072206729,
  "GB-1-204019-126": 76224924.62306763,
  "GB-1-204019-127": 22672276.273212258,
  "GB-1-204019-128": 44181064.75723755,
  "GB-1-204019-130": 12490432.692893295,
  "GB-1-204019-133": 24550391.06228877,
  "GB-1-204019-134": 1717869.1869322704,
  "GB-1-204019-135": 17636520.462325852,
  "GB-1-204019-136": 13112192.737637166,
  "GB-1-204019-137": 51503166.23657094,
  "GB-1-204019-138": 108600.92561066078,
  "GB-1-204019-139": 36868.368776249474,
  "GB-1-204019-141": 203244.9868117818,
  "GB-1-204019-142": 1181953.237477917,
  "GB-1-204019-145": 1645468.5698584965,
  "GB-1-204019-146": 16125591.984613266,
  "GB-1-204019-147": 6581874.279433986,
  "GB-1-204030-101": 339615.9020369514,
  "GB-1-204052-101": 57839.228691513905,
  "GB-1-204057-101": 124960.17413219393,
  "GB-1-204057-102": 4749016.457902865,
  "GB-1-204264-101": 15633291.076509994,
  "GB-1-204264-102": 9379974.645905996,
  "GB-1-204264-103": 50026531.44483198,
  "GB-1-204400-101": 115029901.30511494,
  "GB-1-204400-102": 170738717.36845008,
  "GB-1-204400-103": 22110199.018965725,
  "GB-1-204400-104": 160057839.37120155,
  "GB-1-204736-105": 999337.4901264511,
  "GB-1-204736-107": 911838.0534556557,
  "GB-1-204736-108": 63692.79740208269,
  "GB-1-204736-110": 164076.25297487012,
  "GB-1-204745-101": 620902.755618975,
  "GB-1-204882-102": 327091.17872218153,
  "GB-1-204882-104": 1175479.9641240938,
  "GB-1-204882-105": 611721.0409991646,
  "GB-1-204888-102": 82330832.3094529,
  "GB-1-204888-105": 29637131.71681224,
  "GB-1-204888-106": 1840915.681117719,
  "GB-1-204888-107": 39817640.82212105,
  "GB-GOV-1-300304-102": 67204011.77377807,
  "GB-GOV-1-300427-101": 111855.66244184088,
  "GB-GOV-1-300427-102": 76604812.30632229,
  "GB-GOV-1-300427-103": 11641668.740657454,
  "GB-GOV-1-300427-104": 334610172.03417844,
  "GB-GOV-1-300427-105": 26863000.054579265,
  "GB-GOV-1-300427-106": 686464.8053164169,
  "GB-GOV-1-300427-107": 1632502.2775280117,
  "GB-GOV-1-300427-108": 2632749.7117735944,
  "GB-GOV-1-300449-101": 2756013.0782426205,