{
  "pax": {
    "NL-KVK-30214009-C34": 4851709.8002734305,
    "NL-KVK-30214009-R11P013": 2869791.538038331,
    "NL-KVK-30214009-C1": 157887443.94630808,
    "NL-KVK-30214009-C32": 14986305.117795678,
    "NL-KVK-30214009-T35P145": 53060.879295819424,
    "NL-KVK-30214009-T35P146": 677474.063118786,
    "NL-KVK-30214009-T35P147": 760958.673176017,
    "NL-KVK-30214009-T35P148": 66542.6381051135,
    "NL-KVK-30214009-C31": 1223314.2238491997,
    "NL-KVK-30214009-C386": 336939.6829207831,
    "NL-KVK-30214009-UA6P0199": 713888.4954619583,
    "NL-KVK-30214009-C380": 77550105.38714758,
    "NL-KVK-30214009-SCC-CD": 478330.69289450813,
    "NL-KVK-30214009-SCC-IQ": 166884.9400247053,
    "NL-KVK-30214009-SCC-LB": 111837.18152588197,
    "NL-KVK-30214009-SCC-PS": 104234.17153725454,
    "NL-KVK-30214009-SCC-SAH": 107186.10027999962,
    "NL-KVK-30214009-SCC-SS": 375953.7654537242,
    "NL-KVK-30214009-SCC-SY": 39161.54611999986,
    "NL-KVK-30214009-SCC-YE": 38561.063765490064,
    "NL-KVK-30214009-C30": 1460064.2495905086
  }
}