{
  "KR-GOV-060-1270000_2019_003_a": 99821.70775710388,
  "KR-GOV-060-1270000_2019_003_b": 21485.434241052837,
  "KR-GOV-060-1270000_2021_001": 166862.9458901938,
  "KR-GOV-060-1270000_2022_001": 566762.1945038943,
  "KR-GOV-060-1270000_2022_002": 2691829.383009349,
  "KR-GOV-060-GRP_0000147839": 3802731.724080148
}