{
  "stichtingfern": {
    "NL-KVK-41169658-DFID1821-CAM-FY1": 41189.80000196884,
    "NL-KVK-41169658-DFID1821-CAM-FY2": 60620.0995976976,
    "NL-KVK-41169658-DFID1821-CAM-FY3": 120806.38822177445,
    "NL-KVK-41169658-DFID1821-EU-FY1": 103651.47908183446,
    "NL-KVK-41169658-DFID1821-EU-FY2": 184711.53912882906,
    "NL-KVK-41169658-DFID1821-EU-FY3": 187051.1197689409,
    "NL-KVK-41169658-DFID1821-GH-FY1": 113494.02893110493,
    "NL-KVK-41169658-DFID1821-GH-FY3": 146185.07159498753,
    "NL-KVK-41169658-DFID1821-GH-Y2": 104449.12933172929,
    "NL-KVK-41169658-DFID1821-LIB-FY1": 160875.82566368973,
    "NL-KVK-41169658-DFID1821-LIB-FY2": 190909.31369833843,
    "NL-KVK-41169658-DFID1821-LIB-FY3": 173441.9933723704,
    "NL-KVK-41169658-DFID1821-RoC-FY2": 37474.95784347127,
    "NL-KVK-41169658-DFID1821-RoC-FY3": 22946.013785096802,
    "NL-KVK-41169658-DFID1821-VIE-FY1": 53345.25597686986,
    "NL-KVK-41169658-DFID1821-VIE-FY2": 173074.77806739285,
    "NL-KVK-41169658-DFID1821-VIE-FY3": 82800.41147667781,
    "NL-KVK-41169658-GLA-PoV-FERN": 632446.5356778925
  }
}