{
  "akfuk73": {
    "GB-COH-1100897-ARTCP": 745421.5328073044,
    "GB-COH-1100897-GEC1": 44040422.6236437,
    "GB-COH-1100897-GEC2": 72186789.8482237,
    "GB-COH-1100897-GPAF1": 3003892.964075479,
    "GB-COH-1100897-HBCC": 1573007.070447638,
    "GB-COH-1100897-LNGB+": 6747931.676566966
  }
}