{
  "XM-OCHA-CBPF-CAR-19/HCF10/RA 2/HLT-NUT/INGO/13613": 998338.38,
  "XM-OCHA-CBPF-CAR-19/HCF10/RA 2/HLT-PROT/INGO/13708": 999996.88,
  "XM-OCHA-CBPF-CAR-19/HCF10/RA 2/HLT/O/13681": 623932.19,
  "XM-OCHA-CBPF-CAR-19/HCF10/RA 4/WaSH/UN/14896": 700000.0,
  "XM-OCHA-CBPF-CAR-19/HCF10/RA1/HLT/UN/11739": 540118.88,
  "XM-OCHA-CBPF-CAR-19/HCF10/RA1/LOG/UN/11738": 2000006.1,
  "XM-OCHA-CBPF-CAR-19/HCF10/RA1/WaSH/INGO/11740": 563506.9400000001,
  "XM-OCHA-CBPF-CAR-19/HCF10/RA3/LOG/UN/14144": 800724.0,
  "XM-OCHA-CBPF-CAR-19/HCF10/SA1/CCCM-NFI-PROT/UN/12754": 1200042.02,
  "XM-OCHA-CBPF-CAR-19/HCF10/SA1/CCCM/NGO/12756": 219893.58000000002,
  "XM-OCHA-CBPF-CAR-19/HCF10/SA1/COORD/INGO/12735": 599940.02,
  "XM-OCHA-CBPF-CAR-19/HCF10/SA1/COORD/UN/12691": 598394.72,
  "XM-OCHA-CBPF-CAR-19/HCF10/SA1/EDU/INGO/12629": 598079.0,
  "XM-OCHA-CBPF-CAR-19/HCF10/SA1/EDU/INGO/12666": 600045.29,
  "XM-OCHA-CBPF-CAR-19/HCF10/SA1/EDU/INGO/12693": 600000.0,
  "XM-OCHA-CBPF-CAR-19/HCF10/SA1/EDU/NGO/12676": 99955.26,
  "XM-OCHA-CBPF-CAR-19/HCF10/SA1/EDU/NGO/12712": 99925.3,
  "XM-OCHA-CBPF-CAR-19/HCF10/SA1/ER/NGO/12644": 600000.36,
  "XM-OCHA-CBPF-CAR-19/HCF10/SA1/ER/NGO/12679": 500139.4,
  "XM-OCHA-CBPF-CAR-19/HCF10/SA1/ER/NGO/12706": 300015.04,
  "XM-OCHA-CBPF-CAR-19/HCF10/SA1/ER/NGO/12734": 100043.32,
  "XM-OCHA-CBPF-CAR-19/HCF10/SA1/ER/NGO/12743": 500000.0,
  "XM-OCHA-CBPF-CAR-19/HCF10/SA1/ETC/UN/12741": 613426.8,
  "XM-OCHA-CBPF-CAR-19/HCF10/SA1/ETC/UN/12770": 598385.16,
  "XM-OCHA-CBPF-CAR-19/HCF10/SA1/FSEC/INGO/12617": 501689.77,
  "XM-OCHA-CBPF-CAR-19/HCF10/SA1/FSEC/INGO/12643": 1200000.01,
  "XM-OCHA-CBPF-CAR-19/HCF10/SA1/FSEC/INGO/12645": 700000.1,
  "XM-OCHA-CBPF-CAR-19/HCF10/SA1/FSEC/INGO/12657": 1080000.0,
  "XM-OCHA-CBPF-CAR-19/HCF10/SA1/FSEC/INGO/12935": 190731.16,
  "XM-OCHA-CBPF-CAR-19/HCF10/SA1/FSEC/UN/12728": 2400000.88,
  "XM-OCHA-CBPF-CAR-19/HCF10/SA1/FSEC/UN/12758": 398310.0,
  "XM-OCHA-CBPF-CAR-19/HCF10/SA1/HLT-NUT/INGO/12672": 400000.24,
  "XM-OCHA-CBPF-CAR-19/HCF10/SA1/HLT-NUT/INGO/12710": 307467.56,
  "XM-OCHA-CBPF-CAR-19/HCF10/SA1/HLT-NUT/INGO/12930": 240450.53,
  "XM-OCHA-CBPF-CAR-19/HCF10/SA1/HLT-NUT/NGO/12684": 439999.9,
  "XM-OCHA-CBPF-CAR-19/HCF10/SA1/HLT/INGO/12623": 300001.07,
  "XM-OCHA-CBPF-CAR-19/HCF10/SA1/HLT/INGO/12685": 400005.5,
  "XM-OCHA-CBPF-CAR-19/HCF10/SA1/HLT/NGO/12737": 399998.1,
  "XM-OCHA-CBPF-CAR-19/HCF10/SA1/HLT/UN/12674": 1000001.88,
  "XM-OCHA-CBPF-CAR-19/HCF10/SA1/HLT/UN/12768": 459931.0,
  "XM-OCHA-CBPF-CAR-19/HCF10/SA1/LOG/INGO/12620": 1045861.2100000001,
  "XM-OCHA-CBPF-CAR-19/HCF10/SA1/LOG/INGO/12642": 399999.98,
  "XM-OCHA-CBPF-CAR-19/HCF10/SA1/LOG/UN/12652": 1954151.46,
  "XM-OCHA-CBPF-CAR-19/HCF10/SA1/NFI-CCCM/UN/12765": 600000.62,
  "XM-OCHA-CBPF-CAR-19/HCF10/SA1/NFI-PROT-CCCM/UN/12733": 1389930.0,
  "XM-OCHA-CBPF-CAR-19/HCF10/SA1/NFI-WaSH/INGO/12625": 689999.51,
  "XM-OCHA-CBPF-CAR-19/HCF10/SA1/NUT-HLT-WaSH/INGO/12658": 1150000.9,
  "XM-OCHA-CBPF-CAR-19/HCF10/SA1/NUT-HLT/INGO/12671": 900163.81,
  "XM-OCHA-CBPF-CAR-19/HCF10/SA1/NUT-HLT/INGO/12738": 340512.70999999996,
  "XM-OCHA-CBPF-CAR-19/HCF10/SA1/NUT/INGO/12624": 200000.44,
  "XM-OCHA-CBPF-CAR-19/HCF10/SA1/NUT/INGO/12718": 500000.3,
  "XM-OCHA-CBPF-CAR-19/HCF10/SA1/NUT/NGO/12669": 120062.63,
  "XM-OCHA-CBPF-CAR-19/HCF10/SA1/NUT/UN/12729": 1610110.92,
  "XM-OCHA-CBPF-CAR-19/HCF10/SA1/NUT/UN/12750": 1562423.16,
  "XM-OCHA-CBPF-CAR-19/HCF10/SA1/PROT-CCCM/INGO/12635": 659999.97,
  "XM-OCHA-CBPF-CAR-19/HCF10/SA1/PROT-EDU/UN/12647": 1300000.7,
  "XM-OCHA-CBPF-CAR-19/HCF10/SA1/PROT-WaSH/INGO/12627": 1000005.23,
  "XM-OCHA-CBPF-CAR-19/HCF10/SA1/PROT/INGO/12622": 860000.36,
  "XM-OCHA-CBPF-CAR-19/HCF10/SA1/PROT/INGO/12649": 317433.32,
  "XM-OCHA-CBPF-CAR-19/HCF10/SA1/PROT/INGO/12653": 240000.0,
  "XM-OCHA-CBPF-CAR-19/HCF10/SA1/PROT/NGO/12632": 400153.26,
  "XM-OCHA-CBPF-CAR-19/HCF10/SA1/WaSH-NFI/INGO/12668": 1140000.0,
  "XM-OCHA-CBPF-CAR-19/HCF10/SA1/WaSH-PROT/INGO/12637": 1332000.0,
  "XM-OCHA-CBPF-CAR-19/HCF10/SA1/WaSH/INGO/12626": 609083.0,
  "XM-OCHA-CBPF-CAR-19/HCF10/SA1/WaSH/INGO/12631": 523666.09,
  "XM-OCHA-CBPF-CAR-19/HCF10/SA1/WaSH/INGO/12638": 639999.16,
  "XM-OCHA-CBPF-CAR-19/HCF10/SA1/WaSH/INGO/12708": 599958.0,
  "XM-OCHA-CBPF-CAR-19/HCF10/SA1/WaSH/INGO/12739": 320000.0,
  "XM-OCHA-CBPF-CAR-19/HCF10/SA1/WaSH/NGO/12678": 242000.0,
  "XM-OCHA-CBPF-CAR-19/HCF10/SA2/COORD/INGO/14186": 567000.0,
  "XM-OCHA-CBPF-CAR-19/HCF10/SA2/COORD/INGO/14349": 670010.2999999999,
  "XM-OCHA-CBPF-CAR-19/HCF10/SA2/EDU/INGO/14199": 300000.02999999997,
  "XM-OCHA-CBPF-CAR-19/HCF10/SA2/EDU/INGO/14205": 199978.18,
  "XM-OCHA-CBPF-CAR-19/HCF10/SA2/EDU/INGO/14327": 747756.2000000001,
  "XM-OCHA-CBPF-CAR-19/HCF10/SA2/EDU/NGO/14249": 200004.4,
  "XM-OCHA-CBPF-CAR-19/HCF10/SA2/FSEC/INGO/14230": 410000.42,
  "XM-OCHA-CBPF-CAR-19/HCF10/SA2/FSEC/INGO/14256": 740000.0,
  "XM-OCHA-CBPF-CAR-19/HCF10/SA2/FSEC/INGO/14278": 426350.06,
  "XM-OCHA-CBPF-CAR-19/HCF10/SA2/FSEC/NGO/14218": 170001.6,
  "XM-OCHA-CBPF-CAR-19/HCF10/SA2/FSEC/NGO/14277": 169916.04,
  "XM-OCHA-CBPF-CAR-19/HCF10/SA2/FSEC/NGO/14291": 283609.92,
  "XM-OCHA-CBPF-CAR-19/HCF10/SA2/FSEC/UN/14274": 1400000.58,
  "XM-OCHA-CBPF-CAR-19/HCF10/SA2/HLT-NUT-PROT/INGO/14286": 1203328.62,
  "XM-OCHA-CBPF-CAR-19/HCF10/SA2/HLT-NUT-WaSH/INGO/14237": 1120000.04,
  "XM-OCHA-CBPF-CAR-19/HCF10/SA2/HLT-NUT/INGO/14227": 800001.56,
  "XM-OCHA-CBPF-CAR-19/HCF10/SA2/HLT-NUT/INGO/14258": 600000.0,
  "XM-OCHA-CBPF-CAR-19/HCF10/SA2/HLT-NUT/NGO/14221": 481840.06,
  "XM-OCHA-CBPF-CAR-19/HCF10/SA2/HLT-WaSH/INGO/14299": 340018.18,
  "XM-OCHA-CBPF-CAR-19/HCF10/SA2/HLT/UN/14287": 400000.0,
  "XM-OCHA-CBPF-CAR-19/HCF10/SA2/HLT/UN/14344": 799974.8,
  "XM-OCHA-CBPF-CAR-19/HCF10/SA2/LOG/INGO/14194": 1200000.0,
  "XM-OCHA-CBPF-CAR-19/HCF10/SA2/LOG/INGO/14346": 800000.0,
  "XM-OCHA-CBPF-CAR-19/HCF10/SA2/LOG/UN/14184": 2400003.06,
  "XM-OCHA-CBPF-CAR-19/HCF10/SA2/NFI-PROT-CCCM/UN/14197": 1245912.28,
  "XM-OCHA-CBPF-CAR-19/HCF10/SA2/NFI/UN/14193": 800063.82,
  "XM-OCHA-CBPF-CAR-19/HCF10/SA2/NUT-WaSH/INGO/14207": 440362.82,
  "XM-OCHA-CBPF-CAR-19/HCF10/SA2/NUT-WaSH/INGO/14242": 620001.66,
  "XM-OCHA-CBPF-CAR-19/HCF10/SA2/NUT/INGO/14235": 376999.52,
  "XM-OCHA-CBPF-CAR-19/HCF10/SA2/NUT/NGO/14283": 159999.24,
  "XM-OCHA-CBPF-CAR-19/HCF10/SA2/NUT/UN/14325": 909948.5,
  "XM-OCHA-CBPF-CAR-19/HCF10/SA2/NUT/UN/14333": 873201.22,
  "XM-OCHA-CBPF-CAR-19/HCF10/SA2/PROT/INGO/14187": 316000.51,
  "XM-OCHA-CBPF-CAR-19/HCF10/SA2/PROT/INGO/14255": 600000.04,
  "XM-OCHA-CBPF-CAR-19/HCF10/SA2/PROT/INGO/14264": 439972.96,
  "XM-OCHA-CBPF-CAR-19/HCF10/SA2/PROT/INGO/14338": 477785.59,
  "XM-OCHA-CBPF-CAR-19/HCF10/SA2/PROT/INGO/14399": 319466.04,
  "XM-OCHA-CBPF-CAR-19/HCF10/SA2/PROT/NGO/14195": 200003.67,
  "XM-OCHA-CBPF-CAR-19/HCF10/SA2/PROT/NGO/14261": 300000.18,
  "XM-OCHA-CBPF-CAR-19/HCF10/SA2/WaSH-EDU-NFI/INGO/14215": 1148000.0,
  "XM-OCHA-CBPF-CAR-19/HCF10/SA2/WaSH-NFI/NGO/14328": 450000.0,
  "XM-OCHA-CBPF-CAR-19/HCF10/SA2/WaSH/INGO/14217": 490000.0,
  "XM-OCHA-CBPF-CAR-19/HCF10/SA2/WaSH/INGO/14266": 320000.0,
  "XM-OCHA-CBPF-CAR-19/HCF10/SA2/WaSH/INGO/14272": 850000.0,
  "XM-OCHA-CBPF-CAR-19/HCF10/SA2/WaSH/INGO/14311": 629997.58,
  "XM-OCHA-CBPF-CAR-19/HCF10/SA2/WaSH/INGO/14360": 176879.85,
  "XM-OCHA-CBPF-CAR-19/HCF10/SA2/WaSH/NGO/14342": 400000.0,
  "XM-OCHA-CBPF-CAR-19/HCF10/SA2/WaSH/UN/14225": 700000.0
}