{
  "SE-0-SE-2-1248-UF2010-48174-SP-614-15210": 130275.6102302074,
  "SE-0-SE-24-1795-SI63-614-16061": 4790.6343099241,
  "SE-0-SE-24-1862-SI31-614-16061": 2882.524042871,
  "SE-0-SE-24-2016-142-614-11420": 373.9846900018,
  "SE-0-SE-24-2016-143-614-11420": 49085.49056273,
  "SE-0-SE-24-2017-150-614-11420": 53352.0533520534,
  "SE-0-SE-24-2018-174-614-11420": 53852.5269262634,
  "SE-0-SE-24-2018-175-614-11420": 782.4726134586,
  "SE-0-SE-24-2019-246-614-11420": 359.5638701762,
  "SE-0-SE-24-2019-247-614-11420": 22208.3566873592,
  "SE-0-SE-24-2172-SI2012-246-614-16061": 8864.0694943048,
  "SE-0-SE-24-2325-SI2012-247-614-16061": 45.7976923872,
  "SE-0-SE-24-3208-3208-SI2012-187-614-11420": 46290.6098384818,
  "SE-0-SE-24-Swedish-Institute-Scholarship-Programmes-40-614-11420": 57726.7890202482,
  "SE-0-SE-24-t165-SI2015-235-614-43081": 1354.0107225577,
  "SE-0-SE-24-t452-SI2015-435-614-11420": 147060.6090333421,
  "SE-0-SE-36-1619-RPS7-614-15210": 139400.665926748,
  "SE-0-SE-36-1620-RPS7-614-15210": 247364.1031782864,
  "SE-0-SE-36-1662-RPS5-614-15210": 23322.239983229,
  "SE-0-SE-36-1684-RPS4-614-15230": 69700.9247174474,
  "SE-0-SE-36-1691-RPS4-614-15230": 395118.0422856438,
  "SE-0-SE-36-1719-RPS4-614-15230": 449112.8543781117,
  "SE-0-SE-36-2882-2882-RPS4-614-15230": 442025.4252901799,
  "SE-0-SE-36-OSCE-Kyrgyzstan-614-15230": 514001.6618318052,
  "SE-0-SE-6-11989A0101-KGZ-15170": 571432.9138250928,
  "SE-0-SE-6-5204005301-KGZ-72010": 1505038.5257882378,
  "SE-0-SE-6-5204009101-KGZ-72010": 428437.4828335273,
  "SE-0-SE-6-5204017001-KGZ-72010": 263919.3579729762,
  "SE-0-SE-6-5204017501-KGZ-72010": 16902.2163858344,
  "SE-0-SE-6-5204024501-KGZ-72010": 2817036.0643767263,
  "SE-0-SE-6-5204024601-KGZ-72010": 1690221.6386254355,
  "SE-0-SE-6-5204032101-KGZ-72010": 2540489.42858904,
  "SE-0-SE-6-5204032201-KGZ-72010": 413791.8387474573,
  "SE-0-SE-6-5204034301-KGZ-72010": 398106.2411391234,
  "SE-0-SE-6-5204038801-KGZ-72010": 2310567.4481820636,
  "SE-0-SE-6-5204043001-KGZ-72010": 1590923.048578136,
  "SE-0-SE-6-5204047401-KGZ-72010": 2361550.4599186205,
  "SE-0-SE-6-5300003201-KGZ-99810": 214285.714285,
  "SE-0-SE-6-5403000601-KGZ-15150": -5.9412999893,
  "SE-0-SE-6-5403043301-KGZ-15150": 95838.2754722902,
  "SE-0-SE-6-5403043302-KGZ-15150": 2786.6295423523998,
  "SE-0-SE-6-5403043303-KGZ-15150": 125.36625849170001,
  "SE-0-SE-6-5403043304-KGZ-15150": 55070.3400296489,
  "SE-0-SE-6-5403054301-KGZ-15150": 288783.9620496679,
  "SE-0-SE-6-5403054301-KGZ-15170": 154483.59848656162,
  "SE-0-SE-6-5405006901-KGZ-15151": 277942.7294165078,
  "SE-0-SE-6-5405012901-KGZ-15151": 251391.985256665,
  "SE-0-SE-6-6105006403-KGZ-31120": 881580.6975412921,
  "SE-0-SE-6-6105011704-KGZ-43040": 66040.9466151359,
  "SE-0-SE-6-6105035401-KGZ-31110": 640654.7196268874,
  "SE-0-SE-6-6107012401-KGZ-15130": 58296.120976055194,
  "SE-0-SE-6-7230024001-KGZ-12110": 129917.1299539626,
  "SE-0-SE-6-7230024002-KGZ-12110": 38385.3797985298,
  "SE-0-SE-6-7230033401-KGZ-12110": 316932.46106657747,
  "SE-0-SE-6-7230035101-KGZ-12110": 8800.0776189711,
  "SE-0-SE-6-7230038301-KGZ-12110": 25337840.64701783,
  "SE-0-SE-6-7230038302-KGZ-12110": 68687.8565857611,
  "SE-0-SE-6-7230038401-KGZ-12220": 3278432.4004217642,
  "SE-0-SE-6-7230049201-KGZ-12220": 8485591.918229232,
  "SE-0-SE-6-7300090601-KGZ-31120": 1662466.7733103018,
  "SE-0-SE-6-7400242601-KGZ-12220": 19451.3386923632,
  "SE-0-SE-6-7400242601-KGZ-13040": 12803.3243374214,
  "SE-0-SE-6-7400242601-KGZ-15150": 59831.2707031774,
  "SE-0-SE-6-7400242601-KGZ-16030": 246.13789621080002,
  "SE-0-SE-6-7400242601-KGZ-16061": 246.13789621080002,
  "SE-0-SE-6-7400242601-KGZ-24010": 3939.4961382833,
  "SE-0-SE-6-7400242601-KGZ-43040": 44073.2888906014,
  "SE-0-SE-6-7400242601-KGZ-43081": 58107.7326514026,
  "SE-0-SE-6-7400242601-KGZ-99810": 28807.5855709904,
  "SE-0-SE-6-7400242601-KGZ-99820": 18712.6379484724,
  "SE-0-SE-6-7400242602-KGZ-15130": 2837.6084213155,
  "SE-0-SE-6-7400242603-KGZ-15130": 1244.5800546009,
  "SE-0-SE-6-7400242604-KGZ-15130": 289.8667094909,
  "SE-0-SE-6-7400268501-KGZ-12220": 42297.6547481739,
  "SE-0-SE-6-7400268501-KGZ-13040": 32765.807441086,
  "SE-0-SE-6-7400268501-KGZ-15150": 133446.013297699,
  "SE-0-SE-6-7400268501-KGZ-16030": 595.732213415,
  "SE-0-SE-6-7400268501-KGZ-16061": 1787.195285,
  "SE-0-SE-6-7400268501-KGZ-24010": 11914.7748065027,
  "SE-0-SE-6-7400268501-KGZ-43040": 55999.6248406766,
  "SE-0-SE-6-7400268501-KGZ-43081": 225190.1025808018,
  "SE-0-SE-6-7400268501-KGZ-99810": 54808.1604128468,
  "SE-0-SE-6-7400268501-KGZ-99820": 36935.9288702561,
  "SE-0-SE-6-7400311501-KGZ-12220": 27609.1645699899,
  "SE-0-SE-6-7400311501-KGZ-13040": 75925.2064447846,
  "SE-0-SE-6-7400311501-KGZ-15150": 492034.8592143719,
  "SE-0-SE-6-7400311501-KGZ-24040": 36483.6220073554,
  "SE-0-SE-6-7400311501-KGZ-43040": 68036.9755615445,
  "SE-0-SE-6-7400311501-KGZ-43081": 285952.0551832544,
  "SE-0-SE-6-7400444401-KGZ-72010": 217003.98834384,
  "SE-0-SE-6-7600048501-KGZ-15140": 1192232.7044856804,
  "SE-0-SE-6-7600073501-KGZ-15150": 435291.4107092804,
  "SE-0-SE-6-7600075901-KGZ-15140": 461360.7763621824,
  "SE-0-SE-6-7600140101-KGZ-31164": 2048100.1871754024,
  "SE-0-SE-6-7600140102-KGZ-41010": 791351.3244072129,
  "SE-0-SE-6-7600140103-KGZ-41010": 337606.14228782104,
  "SE-0-SE-6-7600140401-KGZ-15162": 463565.0230240313,
  "SE-0-SE-6-7600157701-KGZ-15163": 17942.0413216745,
  "SE-0-SE-6-7600159001-KGZ-16010": 31775.3424127525,
  "SE-0-SE-6-7600160301-KGZ-15163": 17705.4089607676,
  "SE-0-SE-6-7600170301-KGZ-15162": 107575.0731658732,
  "SE-0-SE-6-7600182301-KGZ-16010": 654652.6231225665,
  "SE-0-SE-6-7600182302-KGZ-11330": 6562.2878304701,
  "SE-0-SE-6-7600199201-KGZ-12110": 2049061.9283455776,
  "SE-0-SE-6-7600222101-KGZ-15130": 14723.271268388,
  "SE-0-SE-6-7600237501-KGZ-15162": 313185.4469704763,
  "SE-0-SE-6-7600239701-KGZ-11420": 346288.3357202554,
  "SE-0-SE-6-7600241401-KGZ-31110": 2220111.375051064,
  "SE-0-SE-6-7600241402-KGZ-31110": 2324099.5827667336,
  "SE-0-SE-6-7600241403-KGZ-31110": 24582.279089800202,
  "SE-0-SE-6-7600241501-KGZ-15162": 903107.2342670452,
  "SE-0-SE-6-7600241701-KGZ-15130": 241335.03122730402,
  "SE-0-SE-6-7600242001-KGZ-15161": 178534.2337121306,
  "SE-0-SE-6-7600287701-KGZ-15162": 1697795.2030514395,
  "SE-0-SE-6-7600293501-KGZ-15162": 68739.48893412581,
  "SE-0-SE-6-7600296301-KGZ-31164": 71994.4990984559,
  "SE-0-SE-6-7600296501-KGZ-16010": 72312.2010026044,
  "SE-0-SE-6-7600296502-KGZ-16020": 3069.0171521917,
  "SE-0-SE-6-7600311501-KGZ-15162": 1110833.184314032,
  "SE-0-SE-6-7600312901-KGZ-16010": 17561.8023414103,
  "SE-0-SE-6-7600314201-KGZ-16062": 825924.4341793412,
  "SE-0-SE-6-7600314601-KGZ-31164": 1566743.3323983888,
  "SE-0-SE-6-7600318801-KGZ-16010": 24354.1480298832,
  "SE-0-SE-6-7600334501-KGZ-16010": 890187.0702085202,
  "SE-0-SE-6-7600340401-KGZ-15140": 9603.6079439002,
  "SE-0-SE-6-7600340601-KGZ-12110": 51725.0057349634,
  "SE-0-SE-6-7600344901-KGZ-15130": 711583.2992875578,
  "SE-0-SE-6-7600349301-KGZ-99810": 415.02443248400004,
  "SE-0-SE-6-7600355601-KGZ-15120": 117210.68771130299,
  "SE-0-SE-6-7600355602-KGZ-15120": 71323.8304614887,
  "SE-0-SE-6-7600367601-KGZ-31164": 5990322.269185724,
  "SE-0-SE-6-7600367701-KGZ-16010": 1037798.8997421715,
  "SE-0-SE-6-7600376001-KGZ-15162": 88954.27013684511,
  "SE-0-SE-6-7600376101-KGZ-91010": 136671.2067276672,
  "SE-0-SE-6-7600376102-KGZ-91010": 74700.2959777911,
  "SE-0-SE-6-7600376201-KGZ-99820": 5060.8274626111,
  "SE-0-SE-6-7600380501-KGZ-15110": 68403.3613438235,
  "SE-0-SE-6-7600380502-KGZ-15110": 20732.8574148637,
  "SE-0-SE-6-7600381801-KGZ-15160": 2764057.8265255075,
  "SE-0-SE-6-7600386701-KGZ-16010": 367022.208127963,
  "SE-0-SE-6-7600389701-KGZ-15162": 131983.23555766,
  "SE-0-SE-6-7600390801-KGZ-15110": 457747.86960881547,
  "SE-0-SE-6-7600393001-KGZ-15160": 917518.8326255169,
  "SE-0-SE-6-7600394601-KGZ-11430": 819306.834773841,
  "SE-0-SE-6-7600405801-KGZ-15111": 1216113.1456198737,