{
  "NZ-1-ACT-0100204": 729211.4514306658,
  "NZ-1-ACT-0100216": 77340.24068753526,
  "NZ-1-ACT-0100227": 34476.298750614806,
  "NZ-1-ACT-0100240": 204365.52994340344,
  "NZ-1-ACT-0100251": 1805187.3101240587,
  "NZ-1-ACT-0100282": 5100181.05694342,
  "NZ-1-ACT-0100289": 1772829.4345496867,
  "NZ-1-ACT-0100314": 1744929.3859414784,
  "NZ-1-ACT-0100427": 984056.0647941093,
  "NZ-1-ACT-0100474": 1036326.9936120338,
  "NZ-1-ACT-0100500": 845.7492998328531,
  "NZ-1-ACT-0100595": 85401.53039911331,
  "NZ-1-ACT-0101031": 5584142.889871652,
  "NZ-1-ACT-0101075": 1038442.7334522532,
  "NZ-1-ACT-0101142": 853893.4240443932,
  "NZ-1-ACT-0101150": 388460.45834881405,
  "NZ-1-ACT-0101181": 1069956.5627728754,
  "NZ-1-ACT-0101195": 7001375.305414793,
  "NZ-1-ACT-0101196": 182765.92108759657,
  "NZ-1-ACT-0101226": 3975319.949967457,
  "NZ-1-ACT-0101280": 1941423.5199653136,
  "NZ-1-ACT-0101282": 672931.6601317291,
  "NZ-1-ACT-0101284": 4.656612873074658e-10,
  "NZ-1-ACT-0101339": 214024.7088728829,
  "NZ-1-ACT-0101343": 4840814.756539476,
  "NZ-1-ACT-0101366": 6430143.426385666,
  "NZ-1-ACT-0101367": 781762.1201058988,
  "NZ-1-ACT-0101368": 3585178.6765178195,
  "NZ-1-ACT-0101376": 2336589.485500452,
  "NZ-1-ACT-0101634": 1799821.7928258975,
  "NZ-1-ACT-0101635": 724016.3965840858,
  "NZ-1-ACT-0101669": 1705893.9082139148,
  "NZ-1-ACT-0101707": 96913.61515920443,
  "NZ-1-ACT-0101836": 1125248.927952969,
  "NZ-1-ACT-0101841": 686234.5269243459,
  "NZ-1-ACT-0101908": 6842423.783844911,
  "NZ-1-ACT-0101909": 3746701.3822957296,
  "NZ-1-ACT-0101910": 3490794.2010972505,
  "NZ-1-ACT-0102034": 7245419.233750895,
  "NZ-1-ACT-0102050": 4221695.888381219,
  "NZ-1-ACT-0102069": 3729338.619792408,
  "NZ-1-ACT-0102091": 797524.0192913305,
  "NZ-1-ACT-0102093": 5823395.775737281,
  "NZ-1-ACT-0102108": 605713.3866084928,
  "NZ-1-ACT-0102201": 12804.414280559664,
  "NZ-1-ACT-0102202": 1435514.2663259024,
  "NZ-1-ACT-0102233": 37326.94866706926,
  "NZ-1-ACT-0102296": 1566731.782126885,
  "NZ-1-ACT-0102450": -1.6021728515625e-25,
  "NZ-1-ACT-0102598": 651670.7248352394,
  "NZ-1-ACT-0102602": 5640820.928112639,
  "NZ-1-ACT-0102603": 4354643.142397083,
  "NZ-1-ACT-0102605": 4361459.480499463,
  "NZ-1-ACT-0102606": 7077049.535041113,
  "NZ-1-ACT-0102607": 5058147.387355833,
  "NZ-1-ACT-0102608": 4746730.042152117,
  "NZ-1-ACT-0102643": 422392.8124881047,
  "NZ-1-ACT-0102675": 140714.33213220112,
  "NZ-1-ACT-0102692": 124247.59617209519,
  "NZ-1-ACT-0102695": 1308.437844149839,
  "NZ-1-ACT-0102768": 25005.701021530258,
  "NZ-1-ACT-0102769": 49845.251205708155,
  "NZ-1-ACT-0102951": 290763.9653666309,
  "NZ-1-ACT-0102982": 597537.3946663485,
  "NZ-1-ACT-0102983": 2600539.737971194,
  "NZ-1-ACT-0103046": 566438.8427486047,
  "NZ-1-ACT-0103065": 256325.88130860715,
  "NZ-1-ACT-0103095": 269443.489917576,
  "NZ-1-ACT-0A11669": 131137.0406429108,
  "NZ-1-ACT-0A11963": 58546.42932963953,
  "NZ-1-ACT-0A12054": 456914.8027189914,
  "NZ-1-ACT-0A12084": 103287.66804009491,
  "NZ-1-ACT-0A12306": 909387.7538748303,
  "NZ-1-ACT-0A12320": 645147.1445082737,
  "NZ-1-ACT-0A12665": 165064.68440596253,
  "NZ-1-ACT-0A12707": 302500.1045308917,
  "NZ-1-ACT-0A12713": 137572.89332775451,
  "NZ-1-ACT-0A12812": 415377.09338090126
}