{
  "NZ-1-ACT-0100204": 420562.7685756171,
  "NZ-1-ACT-0100216": 243146.10513508346,
  "NZ-1-ACT-0100227": 34427.4534745459,
  "NZ-1-ACT-0100251": 960982.2193955174,
  "NZ-1-ACT-0100282": 5092955.23048421,
  "NZ-1-ACT-0100289": 1770317.728064601,
  "NZ-1-ACT-0100314": 1029712.6897657855,
  "NZ-1-ACT-0100427": 982661.8753975084,
  "NZ-1-ACT-0100474": 875914.4125210873,
  "NZ-1-ACT-0100595": 85280.5353538149,
  "NZ-1-ACT-0101031": 5615069.438376256,
  "NZ-1-ACT-0101075": 1036971.4901971656,
  "NZ-1-ACT-0101142": 662847.4490501359,
  "NZ-1-ACT-0101150": 2953409.0866355193,
  "NZ-1-ACT-0101156": 122019.38168846646,
  "NZ-1-ACT-0101181": 1068440.671404477,
  "NZ-1-ACT-0101195": 5536529.325553758,
  "NZ-1-ACT-0101196": 182506.98227470115,
  "NZ-1-ACT-0101226": 3974019.024970284,
  "NZ-1-ACT-0101280": 1938672.9530182835,
  "NZ-1-ACT-0101282": 151291.65168819,
  "NZ-1-ACT-0101284": -8.30078125e-23,
  "NZ-1-ACT-0101339": 53922.51749025262,
  "NZ-1-ACT-0101343": 4833956.3946575355,
  "NZ-1-ACT-0101366": 6377838.132898283,
  "NZ-1-ACT-0101367": 769040.4557144063,
  "NZ-1-ACT-0101368": 3248268.3958742446,
  "NZ-1-ACT-0101634": 2214104.5184304463,
  "NZ-1-ACT-0101635": 722990.6257777306,
  "NZ-1-ACT-0101669": 1703477.0345380683,
  "NZ-1-ACT-0101707": 65659.20139368986,
  "NZ-1-ACT-0101836": 422447.9246743921,
  "NZ-1-ACT-0101841": 685262.284655589,
  "NZ-1-ACT-0101908": 6832729.585487949,
  "NZ-1-ACT-0101909": 3741393.1366313742,
  "NZ-1-ACT-0101910": 2087513.2041036475,
  "NZ-1-ACT-0102034": 7235154.0801371755,
  "NZ-1-ACT-0102050": 1650858.6123938877,
  "NZ-1-ACT-0102069": 3342718.2479329794,
  "NZ-1-ACT-0102091": 796394.1044714232,
  "NZ-1-ACT-0102093": 5793410.391836976,
  "NZ-1-ACT-0102108": 604855.2249536836,
  "NZ-1-ACT-0102201": 12786.27326272713,
  "NZ-1-ACT-0102202": 1062358.8585017864,
  "NZ-1-ACT-0102296": 11987936.78621799,
  "NZ-1-ACT-0102598": 733557.9044880146,
  "NZ-1-ACT-0102602": 4023449.381965003,
  "NZ-1-ACT-0102603": 4348473.577966441,
  "NZ-1-ACT-0102605": 4355280.258828096,
  "NZ-1-ACT-0102606": 5047873.517130783,
  "NZ-1-ACT-0102607": 3431973.287614422,
  "NZ-1-ACT-0102608": 3385717.7225340907,
  "NZ-1-ACT-0102643": 421794.3754666383,
  "NZ-1-ACT-0102675": 46658.14230014116,
  "NZ-1-ACT-0102692": 375260.9020269346,
  "NZ-1-ACT-0102769": 49774.63152946395,
  "NZ-1-ACT-0102982": 471735.75201172597,
  "NZ-1-ACT-0102983": 2596855.349390268,
  "NZ-1-ACT-0103046": 530515.3361170271,
  "NZ-1-ACT-0103065": 255962.72433149975,
  "NZ-1-ACT-0103069": 669482.8637004691,
  "NZ-1-ACT-0103095": 269061.7481956703,
  "NZ-1-ACT-0103231": 16591.54384315465,
  "NZ-1-ACT-0A11669": 130951.24851367455,
  "NZ-1-ACT-0A11963": 45580.048668528725,
  "NZ-1-ACT-0A12054": 410640.7101180776,
  "NZ-1-ACT-0A12084": 73642.39692503407,
  "NZ-1-ACT-0A12306": 712852.1969969325,
  "NZ-1-ACT-0A12320": 201967.22893565302,
  "NZ-1-ACT-0A12665": 147148.38647236166,
  "NZ-1-ACT-0A12707": 218284.232502835,
  "NZ-1-ACT-0A12713": 137377.9830213205
}