{
  "NL-KVK-34308169-026-15-002": 119565.07058823487,
  "NL-KVK-34308169-FG-BBB-NEPAL": 584540.3450980373,
  "NL-KVK-34308169-FG-VfC-NEPAL": 260120.45356862654
}