{
  "ZA-PBO-064-502-1607": 3550994.2582767177,
  "ZA-PBO-064-502-2104": 873404.2416360754,
  "ZA-PBO-064-502-2107": 11306102.567540903
}