{
  "NL-KVK-27195046-11433": {
    "vngi-activities.xml": 988052.5308215652
  },
  "NL-KVK-27195046-IDEAL": {
    "vngi-activities.xml": 10919660.022694865
  }
}