{
  "XI-IATI-EC_INTPA-2003/16346/0": 1870160.5577329309,
  "XI-IATI-EC_INTPA-2004/16582/0": 481007.5778420609,
  "XI-IATI-EC_INTPA-2004/189-861": 135089.85371738477,
  "XI-IATI-EC_INTPA-2005/189-862": 49576.19735160075,
  "XI-IATI-EC_INTPA-2005/191-645": 41835.431834693954,
  "XI-IATI-EC_INTPA-2005/191-646": 160261.04257186878,
  "XI-IATI-EC_INTPA-2006/18394/0": 2745293.3640852766,
  "XI-IATI-EC_INTPA-2006/189-863": 274904.7871824941,
  "XI-IATI-EC_INTPA-2006/189-864": 2511.033825659415,
  "XI-IATI-EC_INTPA-2006/189-865": 1187941.5834596937,
  "XI-IATI-EC_INTPA-2006/189-866": 231540.48774505252,
  "XI-IATI-EC_INTPA-2006/189-867": 474719.0412754821,
  "XI-IATI-EC_INTPA-2006/189-868": 123092.52576723484,
  "XI-IATI-EC_INTPA-2006/189-869": 152699.5558907615,
  "XI-IATI-EC_INTPA-2006/191-647": 21481.684718412376,
  "XI-IATI-EC_INTPA-2006/191-648": 143606.2515417411,
  "XI-IATI-EC_INTPA-2006/191-649": 64499.09465244661,
  "XI-IATI-EC_INTPA-2006/191-650": 55113.102743580646,
  "XI-IATI-EC_INTPA-2007/146-624": 275500.8617922629,
  "XI-IATI-EC_INTPA-2007/191-651": 99166.1374990899,
  "XI-IATI-EC_INTPA-2007/19334/0": 14071753.964166272,
  "XI-IATI-EC_INTPA-2007/20798/1": 2644023.1282810094,
  "XI-IATI-EC_INTPA-2008/169-044": 13733424.453260038,
  "XI-IATI-EC_INTPA-2008/172-309": 482455.3804200623,
  "XI-IATI-EC_INTPA-2008/19969/0": 13199734.734580224,
  "XI-IATI-EC_INTPA-2009/21496/1": 142001.77577520578,
  "XI-IATI-EC_INTPA-2009/215-001": 246798.63072532995,
  "XI-IATI-EC_INTPA-2009/21515/1": 371724.3376067306,
  "XI-IATI-EC_INTPA-2009/21664/0": 14449600.908751769,
  "XI-IATI-EC_INTPA-2009/217-560": 11834838.733655965,
  "XI-IATI-EC_INTPA-2009/222-637": 37716.14923525311,
  "XI-IATI-EC_INTPA-2009/223-317": 49168.07364483317,
  "XI-IATI-EC_INTPA-2010/22231/0": 6477384.661478835,
  "XI-IATI-EC_INTPA-2010/22412/0": 15868156.047013752,
  "XI-IATI-EC_INTPA-2010/245-863": 1679965.45209737,
  "XI-IATI-EC_INTPA-2010/254-369": 52731.617964408586,
  "XI-IATI-EC_INTPA-2010/254-387": 46149.12346845182,
  "XI-IATI-EC_INTPA-2011/260-524": 27840.597057372812,
  "XI-IATI-EC_INTPA-2011/260-601": 14060906.75509579,
  "XI-IATI-EC_INTPA-2011/278-960": 23754.23248768329,
  "XI-IATI-EC_INTPA-2012/23654/0": 16401605.19898612,
  "XI-IATI-EC_INTPA-2012/291-866": 190329.00962161063,
  "XI-IATI-EC_INTPA-2012/291-868": 14793202.779933374,
  "XI-IATI-EC_INTPA-2012/298-033": 76858.64920730761,
  "XI-IATI-EC_INTPA-2012/298-823": 14902.635804438358,
  "XI-IATI-EC_INTPA-2013/24632/0": 16806751.04304374,
  "XI-IATI-EC_INTPA-2013/317-664": 208391.61938719897,
  "XI-IATI-EC_INTPA-2013/325-521": 16365807.048205635,
  "XI-IATI-EC_INTPA-2013/331-650": -23279.291833150735,
  "XI-IATI-EC_INTPA-2014/343-683": 621975.9596122841,
  "XI-IATI-EC_INTPA-2014/344-605": -219.93520854317302,
  "XI-IATI-EC_INTPA-2014/346-642": 5578066.883341345,
  "XI-IATI-EC_INTPA-2018/39262/0": 265622.232540064,
  "XI-IATI-EC_INTPA-2018/39787/0": 6640555.813501601,
  "XI-IATI-EC_INTPA-2019/405-476": 4574014.8443399025,
  "XI-IATI-EC_INTPA-2020/415-912": 77030.44743661858
}