{
  "XI-IATI-EC_INTPA-2003/16346/0": 1873614.3619277694,
  "XI-IATI-EC_INTPA-2004/16582/0": 481332.5814760623,
  "XI-IATI-EC_INTPA-2004/189-861": 135371.62783599997,
  "XI-IATI-EC_INTPA-2005/189-862": 49679.60474252343,
  "XI-IATI-EC_INTPA-2005/191-645": 41922.693324789056,
  "XI-IATI-EC_INTPA-2005/191-646": 160595.31944593746,
  "XI-IATI-EC_INTPA-2006/18394/0": 2746841.5092927115,
  "XI-IATI-EC_INTPA-2006/189-863": 275478.19112053904,
  "XI-IATI-EC_INTPA-2006/189-864": 2516.271408820312,
  "XI-IATI-EC_INTPA-2006/189-865": 1190483.5464195427,
  "XI-IATI-EC_INTPA-2006/189-866": 232023.44123906246,
  "XI-IATI-EC_INTPA-2006/189-867": 475709.22326002334,
  "XI-IATI-EC_INTPA-2006/189-868": 123349.27553046092,
  "XI-IATI-EC_INTPA-2006/189-869": 153018.0608087109,
  "XI-IATI-EC_INTPA-2006/191-647": 21526.49180503906,
  "XI-IATI-EC_INTPA-2006/191-648": 143905.78939630467,
  "XI-IATI-EC_INTPA-2006/191-649": 64633.62863147655,
  "XI-IATI-EC_INTPA-2006/191-650": 55228.05916349217,
  "XI-IATI-EC_INTPA-2007/146-624": 276075.5090390624,
  "XI-IATI-EC_INTPA-2007/191-651": 99378.65087372655,
  "XI-IATI-EC_INTPA-2007/19334/0": 14082234.248580923,
  "XI-IATI-EC_INTPA-2007/20798/1": 2646380.9464013707,
  "XI-IATI-EC_INTPA-2008/169-044": 13753008.59296876,
  "XI-IATI-EC_INTPA-2008/172-309": 483077.47821438056,
  "XI-IATI-EC_INTPA-2008/19969/0": 13228366.203011686,
  "XI-IATI-EC_INTPA-2009/21496/1": 142509.1200006362,
  "XI-IATI-EC_INTPA-2009/215-001": 247491.94731714737,
  "XI-IATI-EC_INTPA-2009/21515/1": 372764.76028462895,
  "XI-IATI-EC_INTPA-2009/21664/0": 14475416.696445286,
  "XI-IATI-EC_INTPA-2009/217-560": 11835575.900971258,
  "XI-IATI-EC_INTPA-2009/222-637": 37768.04874848049,
  "XI-IATI-EC_INTPA-2009/223-317": 49223.46550471888,
  "XI-IATI-EC_INTPA-2010/22231/0": 6480846.138335881,
  "XI-IATI-EC_INTPA-2010/22412/0": 15876597.594629064,
  "XI-IATI-EC_INTPA-2010/245-863": 1680247.8450541857,
  "XI-IATI-EC_INTPA-2010/254-369": 52758.807561607944,
  "XI-IATI-EC_INTPA-2010/254-387": 46177.34311759647,
  "XI-IATI-EC_INTPA-2011/260-524": 27839.10505836581,
  "XI-IATI-EC_INTPA-2011/260-601": 14062639.086137211,
  "XI-IATI-EC_INTPA-2011/278-960": 23739.752494666816,
  "XI-IATI-EC_INTPA-2012/23654/0": 16405708.204169925,
  "XI-IATI-EC_INTPA-2012/291-866": 190378.44502317288,
  "XI-IATI-EC_INTPA-2012/291-868": 14796911.13398438,
  "XI-IATI-EC_INTPA-2012/298-033": 76871.84126481172,
  "XI-IATI-EC_INTPA-2012/298-823": 14904.007110829167,
  "XI-IATI-EC_INTPA-2013/24632/0": 16813181.02953044,
  "XI-IATI-EC_INTPA-2013/317-664": 208471.1956652437,
  "XI-IATI-EC_INTPA-2013/325-521": 16371351.303921565,
  "XI-IATI-EC_INTPA-2013/331-650": -23286.121167545014,
  "XI-IATI-EC_INTPA-2014/343-683": 622158.4257218135,
  "XI-IATI-EC_INTPA-2014/344-605": -219.99972988235217,
  "XI-IATI-EC_INTPA-2014/346-642": 5579703.294117628,
  "XI-IATI-EC_INTPA-2018/39262/0": 265700.1568627442,
  "XI-IATI-EC_INTPA-2018/39787/0": 6642503.921568604,
  "XI-IATI-EC_INTPA-2019/405-476": 4575356.701176454,
  "XI-IATI-EC_INTPA-2020/415-912": 77053.04549019581
}