{
  "XM-DAC-6-4-008529-01-0": 585034.5882491724,
  "XM-DAC-6-4-009609-01-4": 371695.8898453095,
  "XM-DAC-6-4-009652-01-6": 352912.9355849494,
  "XM-DAC-6-4-009682-01-3": 429392.51095624757,
  "XM-DAC-6-4-009890-02-0": 189759.67676800032,
  "XM-DAC-6-4-009930-01-2": 523811.15182821726,
  "XM-DAC-6-4-009930-02-3": 323182.08096094703,
  "XM-DAC-6-4-009930-03-4": 240355.21817472464,
  "XM-DAC-6-4-010054-01-5": 507211.51395689015,
  "XM-DAC-6-4-010095-01-3": 97671.24451173324,
  "XM-DAC-6-4-010102-01-3": 859729.3484354253,
  "XM-DAC-6-4-010102-02-4": 407990.16992348986,
  "XM-DAC-6-4-010102-03-5": 331958.3098099047,
  "XM-DAC-6-4-010102-04-6": 323613.53140835575,
  "XM-DAC-6-4-010138-01-5": 375652.8068860458,
  "XM-DAC-6-4-010178-01-1": 3330805.92619496,
  "XM-DAC-6-4-010178-02-2": 99564.54442042318,
  "XM-DAC-6-4-010224-01-2": 1383530.087925615,
  "XM-DAC-6-4-010244-03-2": 770088.8878112679,
  "XM-DAC-6-4-010345-01-6": 4005278.282766378,
  "XM-DAC-6-4-010345-02-0": 125773.75257868583,
  "XM-DAC-6-4-010388-01-1": 1016461.7894186828,
  "XM-DAC-6-4-010417-01-3": 1714166.6477462254,
  "XM-DAC-6-4-010422-01-6": 1237012.4485762897,
  "XM-DAC-6-4-010441-01-2": 4.300537109375e-23,
  "XM-DAC-6-4-010493-01-1": 129854.70771297993,
  "XM-DAC-6-4-010493-02-2": 1210715.187386043,
  "XM-DAC-6-4-010581-01-2": 2797735.515398253,
  "XM-DAC-6-4-010581-02-3": 33823.005573258706,
  "XM-DAC-6-4-010695-01-6": 528646.6902948177,
  "XM-DAC-6-4-010720-01-0": 1115940.6588235255,
  "XM-DAC-6-4-010725-01-3": 1393179.4029683638,
  "XM-DAC-6-4-010725-02-4": 465913.67432381015,
  "XM-DAC-6-4-010732-01-3": 833891.3336286402,
  "XM-DAC-6-4-010789-01-5": 15942009.41176465,
  "XM-DAC-6-4-010789-02-6": 225948.74310950117,
  "XM-DAC-6-4-010789-03-0": 1156805.5156541176,
  "XM-DAC-6-4-010937-01-0": 2998050.41075417,
  "XM-DAC-6-4-010942-01-3": 2884279.0117963743,
  "XM-DAC-6-4-011087-01-6": 1756500.520889088,
  "XM-DAC-6-4-011092-02-3": 2789851.647058814,
  "XM-DAC-6-4-011092-03-4": 1678946.3516180413,
  "XM-DAC-6-4-011158-01-1": 2657001.568627442,
  "XM-DAC-6-4-011284-01-1": 1062800.6274509768,
  "XM-DAC-6-4-011289-01-4": 1062800.6274509768,
  "XM-DAC-6-4-011292-01-3": 785990.550654213,
  "XM-DAC-6-4-011292-02-4": 1626393.172181955,
  "XM-DAC-6-4-011307-01-5": 230759.17802446196,
  "XM-DAC-6-4-011450-01-4": 2392364.2123921486,
  "XM-DAC-6-4-011486-01-6": 3586736.183129564,
  "XM-DAC-6-4-011682-03-1": -4.10888671875e-23,
  "XM-DAC-6-4-011690-01-1": 2657001.568627442,
  "XM-DAC-6-4-011737-01-4": 1328500.784313721,
  "XM-DAC-6-4-011758-01-4": 6595098.284121498,
  "XM-DAC-6-4-011870-01-4": 4578737.81538258,
  "XM-DAC-6-4-011871-01-6": 2524601.7323968816,
  "XM-DAC-6-4-012127-07-4": 79975.747215686,
  "XM-DAC-6-4-012127-55-5": 132584.37827450933,
  "XM-DAC-6-4-012127-78-0": 32681.119294117532,
  "XM-DAC-6-4-012127-81-3": 105217.2621176467,
  "XM-DAC-6-4-012127-83-5": 169516.7000784308,
  "XM-DAC-6-4-012136-01-4": 1062800.6274509768,
  "XM-DAC-6-4-012185-01-0": -1.875e-22,
  "XM-DAC-6-4-012225-01-0": 2657001.568627442,
  "XM-DAC-6-4-012240-01-1": -9.619140625e-23,
  "XM-DAC-6-4-012430-01-0": 2657001.568627442,
  "XM-DAC-6-4-012680-01-4": 2657001.568627442
}