{
  "XI-IATI-EC_INTPA-2000/14855/0": 258356.16348678272,
  "XI-IATI-EC_INTPA-2001/15378/0": 2488465.98979506,
  "XI-IATI-EC_INTPA-2003/16315/0": 31986.607573479258,
  "XI-IATI-EC_INTPA-2003/189-744": 42068.34223885937,
  "XI-IATI-EC_INTPA-2004/16584/0": 159577.02245032016,
  "XI-IATI-EC_INTPA-2004/17380/0": 1517183.576184979,
  "XI-IATI-EC_INTPA-2004/17398/0": 11089300.23631502,
  "XI-IATI-EC_INTPA-2004/186-336": 289842.8244629452,
  "XI-IATI-EC_INTPA-2004/186-337": 58717.838324632794,
  "XI-IATI-EC_INTPA-2005/191-658": 41922.693324789056,
  "XI-IATI-EC_INTPA-2005/191-659": 7437.742773460936,
  "XI-IATI-EC_INTPA-2005/191-660": 126738.67563085935,
  "XI-IATI-EC_INTPA-2005/192-717": 1195759.8324987576,
  "XI-IATI-EC_INTPA-2005/192-718": 11308724.288958339,
  "XI-IATI-EC_INTPA-2006/18418/0": 2700461.475044185,
  "XI-IATI-EC_INTPA-2006/186-338": 4056028.5764062023,
  "XI-IATI-EC_INTPA-2006/191-661": 21526.47709748437,
  "XI-IATI-EC_INTPA-2006/191-662": 5497.463328867187,
  "XI-IATI-EC_INTPA-2006/192-392": 154582.85638213277,
  "XI-IATI-EC_INTPA-2006/192-393": 1352462.4593228905,
  "XI-IATI-EC_INTPA-2006/192-394": 286691.56908804685,
  "XI-IATI-EC_INTPA-2007/18827/22": 1883288.6220141237,
  "XI-IATI-EC_INTPA-2007/191-663": 775.7176393247173,
  "XI-IATI-EC_INTPA-2007/191-664": 2961.531993030363,
  "XI-IATI-EC_INTPA-2007/19141/0": 15160579.393725537,
  "XI-IATI-EC_INTPA-2008/19930/0": 10756871.584230907,
  "XI-IATI-EC_INTPA-2009/209-719": 211789.2591864813,
  "XI-IATI-EC_INTPA-2009/213-347": 162473.74046580738,
  "XI-IATI-EC_INTPA-2009/21492/1": 389189.6028875807,
  "XI-IATI-EC_INTPA-2009/21516/1": 1010202.5262128664,
  "XI-IATI-EC_INTPA-2009/217-504": 15369970.68642164,
  "XI-IATI-EC_INTPA-2009/217-711": 8736872.919127617,
  "XI-IATI-EC_INTPA-2010/22233/0": 19447985.088235334,
  "XI-IATI-EC_INTPA-2010/231-361": 73312.37723452582,
  "XI-IATI-EC_INTPA-2010/231-380": 14886.567152071832,
  "XI-IATI-EC_INTPA-2011/265-751": 159332.21947475075,
  "XI-IATI-EC_INTPA-2011/265-761": 156969.30802516063,
  "XI-IATI-EC_INTPA-2011/280-536": 19149004.959113974,
  "XI-IATI-EC_INTPA-2012/22232/0": 10702289.636718754,
  "XI-IATI-EC_INTPA-2012/23639/0": 17174337.75603295,
  "XI-IATI-EC_INTPA-2012/309-286": 94291.08778875732,
  "XI-IATI-EC_INTPA-2012/309-297": 488074.2783475294,
  "XI-IATI-EC_INTPA-2013/24153/0": 17435660.459167887,
  "XI-IATI-EC_INTPA-2013/24187/0": 7716365.807843159,
  "XI-IATI-EC_INTPA-2013/331-649": 11066411.533333294,
  "XI-IATI-EC_INTPA-2013/331-651": 15883555.377254847,
  "XI-IATI-EC_INTPA-2013/332-803": 6919494.984313744,
  "XI-IATI-EC_INTPA-2014/346-787": 14953604.828235243,
  "XI-IATI-EC_INTPA-2015/371-605": 196223.15279525422,
  "XI-IATI-EC_INTPA-2016/377-128": 351.01647723137137,
  "XI-IATI-EC_INTPA-2016/377-130": 567.097129799998,
  "XI-IATI-EC_INTPA-2016/38884/0": 464975.2745098023,
  "XI-IATI-EC_INTPA-2016/39761/1": 3868282.4050774295,
  "XI-IATI-EC_INTPA-2017/390-330": 3719802.1960784183,
  "XI-IATI-EC_INTPA-2017/390-882": 7412692.154668523,
  "XI-IATI-EC_INTPA-2017/394-701": 447419.349205222,
  "XI-IATI-EC_INTPA-2017/394-702": 507738.45268111594,
  "XI-IATI-EC_INTPA-2018/394-885": 140037.46694962695,
  "XI-IATI-EC_INTPA-2018/400-117": 659142.3066411742,
  "XI-IATI-EC_INTPA-2018/400-149": 929950.5490196047,
  "XI-IATI-EC_INTPA-2018/404-137": 478260.28235293954,
  "XI-IATI-EC_INTPA-2020/412-340": 5765693.403921548,
  "XI-IATI-EC_INTPA-2020/414-135": 51395.60356268217,
  "XI-IATI-EC_INTPA-2020/42547/0": 4849027.862745081,
  "XI-IATI-EC_INTPA-2021/427-597": 3387676.9999999884
}