{
  "KR-GOV-021-09ED00002": 255980.281904183,
  "KR-GOV-021-10ED00007": 275795.73344477796,
  "KR-GOV-021-10ED00010": 6848103.785950382,
  "KR-GOV-021-10ED00020": 7273370.683104746,
  "KR-GOV-021-10ED00023": 6914883.752517003,
  "KR-GOV-021-11ED00002": 8350877.170320278,
  "KR-GOV-021-11ED00003": 1316576.7922951258,
  "KR-GOV-021-11ED00011": 1035535.2190266328,
  "KR-GOV-021-11ED00013": 6662742.088066564,
  "KR-GOV-021-11ED00017": 1129726.4826564342,
  "KR-GOV-021-12ED00001": 465979.8069982144,
  "KR-GOV-021-12ED00003": 5349239.295619468,
  "KR-GOV-021-12ED00006": 4038901.779947571,
  "KR-GOV-021-12ED00010": 214777.60153489612,
  "KR-GOV-021-12ED00011": 19455830.373086132,
  "KR-GOV-021-12ED00012": 727547.6805592494,
  "KR-GOV-021-12ED00016": 8668334.16283576,
  "KR-GOV-021-12ED00018": 246945.18635310212,
  "KR-GOV-021-13ED00001": 4464929.362486228,
  "KR-GOV-021-13ED00002": 241814.98613274575,
  "KR-GOV-021-13ED00003": 5287140.135253221,
  "KR-GOV-021-13ED00006": 6578576.336385396,
  "KR-GOV-021-13ED00007": 700508.0734014666,
  "KR-GOV-021-13ED00011": 12086251.472208504,
  "KR-GOV-021-13ED00012": 13204917.25238403,
  "KR-GOV-021-13ED00013": 620877.740207439,
  "KR-GOV-021-13ED00015": 3176612.7141825925,
  "KR-GOV-021-13ED00016": 352036.4727783899,
  "KR-GOV-021-13ED00020": 5139340.868508036,
  "KR-GOV-021-14ED00003": 3376756.392234338,
  "KR-GOV-021-14ED00004": 373697.51339234837,
  "KR-GOV-021-14ED00006": 2176921.16560921,
  "KR-GOV-021-14ED00008": 2080418.6106150984,
  "KR-GOV-021-14ED00010": 17502922.780289505,
  "KR-GOV-021-14ED00012": 614862.4292390108,
  "KR-GOV-021-14ED00013": 12733537.925990656,
  "KR-GOV-021-14ED00015": 3211867.6627027853,
  "KR-GOV-021-14ED00016": 2941627.4647619775,
  "KR-GOV-021-14ED00017": 15092930.673226703,
  "KR-GOV-021-14ED00020": 227385.43368413058,
  "KR-GOV-021-14ED00024": 857744.6050681967,
  "KR-GOV-021-14ED00028": 2412875.194711447,
  "KR-GOV-021-15ED00003": 2160467.4594430304,
  "KR-GOV-021-15ED00005": 4049266.279776605,
  "KR-GOV-021-15ED00007": 6530336.508871244,
  "KR-GOV-021-15ED00008": 17510715.008928236,
  "KR-GOV-021-15ED00010": 6953179.580942974,
  "KR-GOV-021-15ED00011": 11580613.056114892,
  "KR-GOV-021-15ED00013": 361996.15326165425,
  "KR-GOV-021-15ED00019": 744771.959651989,
  "KR-GOV-021-15ED00020": 17048042.90300521,
  "KR-GOV-021-16ED00002": 6914010.200980207,
  "KR-GOV-021-16ED00003": 5101982.077048745,
  "KR-GOV-021-16ED00005": 6811495.17495536,
  "KR-GOV-021-16ED00006": 16514279.738611758,
  "KR-GOV-021-16ED00011": 565158.4286311311,
  "KR-GOV-021-16ED00016": 37694183.25671518,
  "KR-GOV-021-16ED00017": 509799.36172637827,
  "KR-GOV-021-16ED00021": 2939323.866874359,
  "KR-GOV-021-16ED00024": 733464.3345617568,
  "KR-GOV-021-16ED00025": 1834473.2817902057,
  "KR-GOV-021-16ED00026": 565000.7978420274,
  "KR-GOV-021-16ED00027": 800888.6440484785,
  "KR-GOV-021-16ED00030": 2053466.908552107,
  "KR-GOV-021-16ED00031": 9324515.985334905,
  "KR-GOV-021-17ED00003": 2401939.9813836864,
  "KR-GOV-021-17ED00004": 2262954.9884122945,
  "KR-GOV-021-17ED00008": 199667.48983701228,
  "KR-GOV-021-17ED00015": 37930472.2939858,
  "KR-GOV-021-17ED00017": 816553.2844496791,
  "KR-GOV-021-17ED00020": 21639830.496561684,
  "KR-GOV-021-17ED00022": 515905.66467839375,
  "KR-GOV-021-17ED00023": 2010232.6564340263,
  "KR-GOV-021-17ED00028": 578220.2518901258,
  "KR-GOV-021-17ED00032": 452171.0801261351,
  "KR-GOV-021-17ED00034": 539264.8170662209,
  "KR-GOV-021-17ED00036": 4567549.209756468,
  "KR-GOV-021-18ED00003": 18779329.869685806,
  "KR-GOV-021-18ED00008": 1371456.8690399302,
  "KR-GOV-021-18ED00031": 362019.5756240265,
  "KR-GOV-021-18ED00035": 2947048.1649633376,
  "KR-GOV-021-18ED00040": 503320.7609893242,
  "KR-GOV-021-19ED00003": 300014.50362828164,
  "KR-GOV-021-19ED00007": 3587376.0305459523,
  "KR-GOV-021-19ED00008": 3225027.838987881,
  "KR-GOV-021-19ED00010": 2081788.7333308007,
  "KR-GOV-021-19ED00011": 939867.4632422782,
  "KR-GOV-021-19ED00019": 775781.3912845257,
  "KR-GOV-021-19ED00025": 20929525.825386576,
  "KR-GOV-021-19ED00035": 2419805.1935716732,
  "KR-GOV-021-19ED00044": 4766156.301052392,
  "KR-GOV-021-20ED00022": 1425270.8768663807,
  "KR-GOV-021-20ED00050": 2305674.8603776456,
  "KR-GOV-021-21ED00026": 38045761.93913606,
  "KR-GOV-021-22ED00011": 54351088.48448008,
  "KR-GOV-021-22ED00014": 137721310.13259375,
  "KR-GOV-021-22ED00020": 65221306.18137609,
  "KR-GOV-021-GRP_0000211054": 1652283.3478971166,
  "KR-GOV-021-GRP_0000211055": 35540537.97348125,
  "KR-GOV-021-GRP_0000211056": 7372663.766574219,
  "KR-GOV-021-GRP_0000211057": 29872243.740739338
}