{
  "XI-IATI-EC_FPI-2007/19663/0": 1251204.5184010738,
  "XI-IATI-EC_FPI-2008/159-416": 733847.056076562,
  "XI-IATI-EC_FPI-2008/171-152": 1862217.844534624,
  "XI-IATI-EC_FPI-2009/217-278": 284030.06768917415,
  "XI-IATI-EC_FPI-2009/217-286": 146470.40745539765,
  "XI-IATI-EC_FPI-2009/21873/0": 5001817.882933142,
  "XI-IATI-EC_FPI-2009/219-462": 467175.5537693568,
  "XI-IATI-EC_FPI-2009/219-463": 95286.17851119359,
  "XI-IATI-EC_FPI-2009/219-485": 681851.1300837552,
  "XI-IATI-EC_FPI-2009/221-500": 500789.0388806303,
  "XI-IATI-EC_FPI-2009/225-473": 2531448.4697429137,
  "XI-IATI-EC_FPI-2010/232-894": 249958.28622110662,
  "XI-IATI-EC_FPI-2011/281-202": 938798.143582238,
  "XI-IATI-EC_FPI-2011/281-390": 516182.4938588494,
  "XI-IATI-EC_FPI-2012/24442/0": 4545557.346395448,
  "XI-IATI-EC_FPI-2012/306-020": 577054.8318042353,
  "XI-IATI-EC_FPI-2012/306-165": 291545.05772591033,
  "XI-IATI-EC_FPI-2012/306-302": 360963.27767179476,
  "XI-IATI-EC_FPI-2012/306-457": 228061.6762143611,
  "XI-IATI-EC_FPI-2012/306-598": 759497.0109973857,
  "XI-IATI-EC_FPI-2012/307-487": 1209333.545335565,
  "XI-IATI-EC_FPI-2012/309-663": 1258372.405968118,
  "XI-IATI-EC_FPI-2020/414-937": 951.6580536329143,
  "XI-IATI-EC_FPI-2020/417-037": 2613390.740403555,
  "XI-IATI-EC_FPI-2020/42743/0": 2656222.3254006403,
  "XI-IATI-EC_FPI-2022/44303/1": 1328111.1627003201
}