{
  "XM-DAC-6-4-000309-20-1": -525.0102249529393,
  "XM-DAC-6-4-000650-04-2": 35698.05177235058,
  "XM-DAC-6-4-000899-02-1": -24133.452252788153,
  "XM-DAC-6-4-001159-01-2": -2674.4846389490103,
  "XM-DAC-6-4-002001-06-4": -46348.110967768465,
  "XM-DAC-6-4-002184-01-1": -8060.173678525462,
  "XM-DAC-6-4-002406-01-4": -61429.66370654096,
  "XM-DAC-6-4-002696-05-0": -11088.291941250942,
  "XM-DAC-6-4-004480-03-3": 287412.17299942346,
  "XM-DAC-6-4-004480-04-4": 1156448.8845056773,
  "XM-DAC-6-4-004773-01-6": 142877.68559828293,
  "XM-DAC-6-4-004798-03-2": 47646.22557217107,
  "XM-DAC-6-4-004799-01-2": -2663.497937462736,
  "XM-DAC-6-4-005258-02-4": 110348.07426189595,
  "XM-DAC-6-4-007240-01-5": 11597020.661378803,
  "XM-DAC-6-4-007240-02-6": 5902898.843345736,
  "XM-DAC-6-4-007240-03-0": 7006255.236395711,
  "XM-DAC-6-4-008392-02-0": 46224.612264372634,
  "XM-DAC-6-4-008462-02-0": 383045.1395351709,
  "XM-DAC-6-4-008748-02-5": 134153.43563859846,
  "XM-DAC-6-4-008896-02-0": 1063260.0116086805,
  "XM-DAC-6-4-009160-01-2": 4640798.517488813,
  "XM-DAC-6-4-009316-03-1": 113643.26660635167,
  "XM-DAC-6-4-009316-04-2": 2389875.080182627,
  "XM-DAC-6-4-009435-01-6": 34411.787873933434,
  "XM-DAC-6-4-009871-01-3": 122548.59107963095,
  "XM-DAC-6-4-009871-03-5": 37195.12582907438,
  "XM-DAC-6-4-009889-02-5": 365053.8111676309,
  "XM-DAC-6-4-010018-01-3": 39828.16055919206,
  "XM-DAC-6-4-010046-01-3": 85386.2818415767,
  "XM-DAC-6-4-010129-01-1": 1107398.1672293644,
  "XM-DAC-6-4-010142-01-6": 2122515.6319554346,
  "XM-DAC-6-4-010142-02-0": 57899.14630221156,
  "XM-DAC-6-4-010148-01-4": 3182728.835278693,
  "XM-DAC-6-4-010148-02-5": 120111.35011074468,
  "XM-DAC-6-4-010157-01-1": 3086079.8526847046,
  "XM-DAC-6-4-010157-02-2": 70914.50834115662,
  "XM-DAC-6-4-010332-01-1": 2400923.0786950896,
  "XM-DAC-6-4-010332-02-2": 57222.36814765863,
  "XM-DAC-6-4-010397-02-6": 9805.956559192124,
  "XM-DAC-6-4-010403-01-3": 666656.1609421663,
  "XM-DAC-6-4-010403-03-5": 355779.5510933713,
  "XM-DAC-6-4-010403-04-6": 390568.8151420849,
  "XM-DAC-6-4-010447-02-1": 35224.86617088223,
  "XM-DAC-6-4-010653-01-6": 43766.02355836847,
  "XM-DAC-6-4-010665-01-2": 1177952.8169839568,
  "XM-DAC-6-4-010706-02-1": 502510.8685198806,
  "XM-DAC-6-4-010859-01-5": 748973.8823354954,
  "XM-DAC-6-4-010859-02-6": 407423.49130766524,
  "XM-DAC-6-4-010869-01-4": 2718569.2104254416,
  "XM-DAC-6-4-010869-02-5": 306451.85199652833,
  "XM-DAC-6-4-010883-01-4": 3958932.3372548884,
  "XM-DAC-6-4-010883-02-5": 13285.00784313721,
  "XM-DAC-6-4-010886-01-3": 147469.60516737596,
  "XM-DAC-6-4-010888-01-0": 929950.5490196046,
  "XM-DAC-6-4-010911-01-4": 3481963.3576643015,
  "XM-DAC-6-4-010944-01-0": 3435811.13413718,
  "XM-DAC-6-4-010978-01-5": 4186371.6715293974,
  "XM-DAC-6-4-010978-02-6": 83642.50237544677,
  "XM-DAC-6-4-010983-01-1": 1505282.590206289,
  "XM-DAC-6-4-010983-02-2": 33078.24803357243,
  "XM-DAC-6-4-010986-01-0": 2344490.3581286194,
  "XM-DAC-6-4-010986-02-1": 15796.644855945044,
  "XM-DAC-6-4-011056-01-0": 2873826.4606204485,
  "XM-DAC-6-4-011056-02-1": 19927.511764705814,
  "XM-DAC-6-4-011100-01-4": 2568944.8832659717,
  "XM-DAC-6-4-011157-01-6": 3985502.3529411624,
  "XM-DAC-6-4-011303-01-4": 1507930.1727043556,
  "XM-DAC-6-4-011314-01-5": 1323961.9082440815,
  "XM-DAC-6-4-011318-01-6": 3572734.6218183916,
  "XM-DAC-6-4-011334-01-3": 1593542.974593018,
  "XM-DAC-6-4-011342-01-5": 397960.6466460378,
  "XM-DAC-6-4-011457-01-4": 3111794.3097457304,
  "XM-DAC-6-4-011468-01-5": 2512895.315610705,
  "XM-DAC-6-4-011477-01-2": 4130564.223142072,
  "XM-DAC-6-4-011483-01-0": 3556821.7198588112,
  "XM-DAC-6-4-011642-02-4": 749069.7868071151,
  "XM-DAC-6-4-011908-01-3": 2307179.041620949,
  "XM-DAC-6-4-012096-01-1": 282306.4166666657,
  "XM-DAC-6-4-012127-02-5": 101763.16007843101,
  "XM-DAC-6-4-012127-07-3": 153353.2827259524,
  "XM-DAC-6-4-012127-12-0": 98840.45835294083,
  "XM-DAC-6-4-012127-16-3": 150120.58862745046,
  "XM-DAC-6-4-012127-20-5": 131521.57764705838,
  "XM-DAC-6-4-012127-21-6": 115251.64110169372,
  "XM-DAC-6-4-012127-24-2": 132956.3584941172,
  "XM-DAC-6-4-012314-03-1": 2603853.566250187,
  "XM-DAC-6-4-012590-04-8": 2756414.8100935393,
  "XM-DAC-6-4-012590-09-0": 4482544.447982416
}