{
  "XM-DAC-41108-1100000143": 2034263.7,
  "XM-DAC-41108-1100000243": 10362807.663340822,
  "XM-DAC-41108-1100000277": 9093827.747161588,
  "XM-DAC-41108-1100000476": 23019699.12403136,
  "XM-DAC-41108-1100001189": 27164561.907874424,
  "XM-DAC-41108-1100001344": 41497217.26647661,
  "XM-DAC-41108-1100001492": 34969572.536992155,
  "XM-DAC-41108-1100001623": 70513234.62837258,
  "XM-DAC-41108-2000000812": 30704709.06935286,
  "XM-DAC-41108-2000001409": 78953666.56464417
}