{
  "XM-DAC-6-4-002418-02-1": 140155.8306294748,
  "XM-DAC-6-4-002493-01-3": 61436.3781415857,
  "XM-DAC-6-4-002736-02-0": 21380.606643056086,
  "XM-DAC-6-4-002968-01-1": 80341.28622984694,
  "XM-DAC-6-4-003578-02-4": 5131.052815127425,
  "XM-DAC-6-4-003619-01-1": 11042.68030067956,
  "XM-DAC-6-4-003819-01-2": 157486.76434691797,
  "XM-DAC-6-4-004183-01-2": 2495713.5757602276,
  "XM-DAC-6-4-006135-01-0": 853053.8334431311,
  "XM-DAC-6-4-008622-01-4": 1811033.8971033904,
  "XM-DAC-6-4-009106-02-0": 2753897.106460832,
  "XM-DAC-6-4-009106-03-1": 3887142.7718502604,
  "XM-DAC-6-4-009939-01-6": 274654.78037808626,
  "XM-DAC-6-4-009939-02-0": 498858.1839428979,
  "XM-DAC-6-4-010386-02-5": 271095.43767798337
}