{
  "XM-DAC-6-4-009106-02-0": 2752530.633494038,
  "XM-DAC-6-4-009106-03-1": 3884619.3890130026,
  "XM-DAC-6-4-009939-01-6": 274560.7105042617,
  "XM-DAC-6-4-009939-02-0": 498717.1063230014,
  "XM-DAC-6-4-010386-02-5": 271015.9310317993
}