{
  "AU-5-INI916-NE": 1074673.163778288,
  "AU-5-INI941-NE": 1848112.1054987253,
  "AU-5-INI978-NE": 882853.9487843999,
  "AU-5-INJ018-NE": 144709.54722336223,
  "AU-5-INJ144-NE": 1424190.6145961287,
  "AU-5-INJ269-NE": 2177.268225884814,
  "AU-5-INJ344-NE": 189808.93713351092,
  "AU-5-INJ447-NE": 2832624.430102494,
  "AU-5-INJ482-NE": 19724345.338934503,
  "AU-5-INJ540-NE": 204760.76055606513,
  "AU-5-INK035-NE": 6188992.00169405,
  "AU-5-INK048-NE": 99440.70276013175,
  "AU-5-INK058-NE": 28806.50543966834,
  "AU-5-INK235-NE": 170848.56803340535,
  "AU-5-INK482-NE": 20455766.118333526,
  "AU-5-INK516-NE": 10354099.532467542,
  "AU-5-INK573-NE": 97294.50540193947,
  "AU-5-INK680-NE": 27963.11474298463,
  "AU-5-INK695-NE": 8854489.916705534,
  "AU-5-INK972-NE": 5792383.055073075,
  "AU-5-INL021-NE": 4175655.732393931,
  "AU-5-INL144-NE": 94056.17217542948,
  "AU-5-INL149-NE": 4959231.753512737,
  "AU-5-INL702-NE": 27042.538899789386,
  "AU-5-INL860-NE": 6475669.464201,
  "AU-5-INL907-NE": 8321.89063742852,
  "AU-5-INM061-NE": 267521.02032005653,
  "AU-5-INM086-NE": 24876.431533916257,
  "AU-5-INM256-NE": 2169092.8621676667,
  "AU-5-INM529-NE": 1559052.8469788043,
  "AU-5-INM608-NE": 168127.07001184393
}