{
  "XI-IATI-EC_INTPA-2001/3872/0": 743973.6501487736,
  "XI-IATI-EC_INTPA-2003/5934/0": 1539767.880437988,
  "XI-IATI-EC_INTPA-2004/086-685": 751857.1763601733,
  "XI-IATI-EC_INTPA-2004/096-306": 1307670.0977693882,
  "XI-IATI-EC_INTPA-2005/101-036": 788577.9915948428,
  "XI-IATI-EC_INTPA-2005/115-455": 791352.0543124533,
  "XI-IATI-EC_INTPA-2006/122-054": 1217840.4267238858,
  "XI-IATI-EC_INTPA-2008/149-507": 659517.5031063147,
  "XI-IATI-EC_INTPA-2009/200-309": 435618.9687845264,
  "XI-IATI-EC_INTPA-2009/200-446": 708486.852198872,
  "XI-IATI-EC_INTPA-2009/200-489": 395571.48870089673,
  "XI-IATI-EC_INTPA-2009/200-559": 202730.32782182927,
  "XI-IATI-EC_INTPA-2011/239-770": 1053505.294621431,
  "XI-IATI-EC_INTPA-2011/240-136": 275724.0576184851,
  "XI-IATI-EC_INTPA-2011/240-247": 277640.3427270938,
  "XI-IATI-EC_INTPA-2012/310-289": 618386.5411422661,
  "XI-IATI-EC_INTPA-2012/310-362": 628296.2341364577,
  "XI-IATI-EC_INTPA-2013/322-231": 602621.2939125783,
  "XI-IATI-EC_INTPA-2013/322-232": 421412.3122963162,
  "XI-IATI-EC_INTPA-2014/353-304": 558370.2081478412,
  "XI-IATI-EC_INTPA-2015/364-822": 10609.407263529374,
  "XI-IATI-EC_INTPA-2016/382-016": 342952.21177043015,
  "XI-IATI-EC_INTPA-2016/382-212": 664250.3921568604,
  "XI-IATI-EC_INTPA-2016/382-250": 481432.4366707003,
  "XI-IATI-EC_INTPA-2016/382-553": 466087.0702461788,
  "XI-IATI-EC_INTPA-2016/382-659": 650994.9434561742,
  "XI-IATI-EC_INTPA-2016/38880/0": 6642503.921568604,
  "XI-IATI-EC_INTPA-2017/40582/0": 13285007.843137208,
  "XI-IATI-EC_INTPA-2018/395-984": 6857220.3366818195,
  "XI-IATI-EC_INTPA-2018/403-302": 9691821.071309378,
  "XI-IATI-EC_INTPA-2018/404-065": 715713.8555396054,
  "XI-IATI-EC_INTPA-2018/404-072": 1354462.984321156,
  "XI-IATI-EC_INTPA-2018/404-104": 335185.33121005766,
  "XI-IATI-EC_INTPA-2018/404-120": 1194878.8602116704,
  "XI-IATI-EC_INTPA-2018/404-129": 1059936.3797599964,
  "XI-IATI-EC_INTPA-2018/404-135": 1076025.9457538745,
  "XI-IATI-EC_INTPA-2018/40958/1": 7971004.705882325,
  "XI-IATI-EC_INTPA-2018/41032/0": 24412530.412548937,
  "XI-IATI-EC_INTPA-2019/404-752": 7669943.152823095,
  "XI-IATI-EC_INTPA-2019/411-077": 4772100.586424136,
  "XI-IATI-EC_INTPA-2019/412-764": 700268.7054211741,
  "XI-IATI-EC_INTPA-2019/412-876": 498347.214211763,
  "XI-IATI-EC_INTPA-2019/412-900": 820688.6662641148,
  "XI-IATI-EC_INTPA-2019/413-502": 426944.62796745735,
  "XI-IATI-EC_INTPA-2019/41802/0": 21256012.549019534,
  "XI-IATI-EC_INTPA-2019/41951/0": 6642503.921568604,
  "XI-IATI-EC_INTPA-2020/412-254": 5711781.460453282,
  "XI-IATI-EC_INTPA-2020/417-530": 2125601.2549019535,
  "XI-IATI-EC_INTPA-2020/418-929": 1062800.6274509768,
  "XI-IATI-EC_INTPA-2020/42505/0": 6642503.921568604,
  "XI-IATI-EC_INTPA-2021/430-583": 7688061.71149484,
  "XI-IATI-EC_INTPA-2021/43336/0": 6642503.921568604,
  "XI-IATI-EC_INTPA-2021/43469/0": 18599010.98039209,
  "XI-IATI-EC_INTPA-2021/43497/0": 9299505.490196045
}