{
  "GB-SC-SC032327-E25-PC-PCEHAI": 536791.5181360069,
  "GB-SC-SC032327-E33-DHMCH1417": 375367.1368167461,
  "GB-SC-SC032327-E35-DCP": 97209.3467015304,
  "GB-SC-SC032327-E90-COVID-India": 277700.7941293089,
  "GB-SC-SC032327-GB-OSCR-SC032327-E22-UNR-MHG": 300719.92742916837,
  "GB-SC-SC032327-GB-OSCR-SC032327-E26-MCH-PJCH": 207694.86424755788,
  "GB-SC-SC032327-GB-OSCR-SC032327-E34-CCHMCH1417": 288763.2793244676
}