{
  "GB-SC-SC032327-E25-PC-PCEHAI": 537336.4912017342,
  "GB-SC-SC032327-E33-DHMCH1417": 375851.5373921254,
  "GB-SC-SC032327-E35-DCP": 97334.79258865252,
  "GB-SC-SC032327-E90-COVID-India": 278059.159077291,
  "GB-SC-SC032327-GB-OSCR-SC032327-E22-UNR-MHG": 301111.9623546057,
  "GB-SC-SC032327-GB-OSCR-SC032327-E26-MCH-PJCH": 208007.4158175031,
  "GB-SC-SC032327-GB-OSCR-SC032327-E34-CCHMCH1417": 289135.9200938205
}