{
  "GB-1-114490-102": 215606.11148426082,
  "GB-1-200928-101": 369122.2630546028,
  "GB-1-201636-101": 803637.6398855936,
  "GB-1-202103-101": 292909.5331927231,
  "GB-1-202212-101": 1267124.477971409,
  "GB-1-202996-101": 839434.7060843643,
  "GB-1-202996-102": 542613.7491310559,
  "GB-1-203136-101": 4399630.708636128,
  "GB-1-203136-102": 609071.4702052794,
  "GB-1-203137-101": 225646.39592183536,
  "GB-1-203137-104": 65851.65216573703,
  "GB-1-204730-101": 8199580.503581829,
  "GB-1-204730-102": 780778.1273349964,
  "GB-1-204928-102": 14161226.669510484,
  "GB-1-205022-101": 91339.96031284514,
  "GB-GOV-1-300584-101": 12075404.382860735,
  "GB-GOV-1-300584-103": 493640.570957549,
  "GB-GOV-1-300584-104": 1158001.7969750566,
  "GB-GOV-1-300584-105": 2228624.2764849174
}