{
  "DE-1-201155696-0": 483690.53083657677,
  "DE-1-201175199-0": 459345.2334630359,
  "DE-1-201334317-0": 573408.322841178,
  "DE-1-201506039-0": 46526.75446823513,
  "DE-1-201515980-0": 49739.06936470571,
  "DE-1-201606003-1349": 708432.3427407818,
  "DE-1-201606003-1398": 66394.48369764682,
  "DE-1-201631233-0": 314854.6858823518,
  "DE-1-201674290-0": 132850.0784313721,
  "DE-1-201706019-2272": 113639.95709019569,
  "DE-1-201775584-0": 199275.11764705813,
  "DE-1-201873702-0": 132850.0784313721,
  "DE-1-201898329-3658": 663825.2719058801,
  "DE-1-201906015-4344": 214416.04108588162,
  "DE-1-201939206-0": 334782.19764705765,
  "DE-1-202106003-6053": 1034387.9811768591,
  "DE-1-202174068-0": 166062.5980392151
}