{
  "XI-IATI-EC_INTPA-2002/4289/0": 18664146.4705882,
  "XI-IATI-EC_INTPA-2002/5544/0": 2679686.809982034,
  "XI-IATI-EC_INTPA-2003/056-070": 212009.21702944647,
  "XI-IATI-EC_INTPA-2003/068-216": 1240558.5173863822,
  "XI-IATI-EC_INTPA-2003/070-550": 10713698.758731605,
  "XI-IATI-EC_INTPA-2003/5795/0": 26360042.109846763,
  "XI-IATI-EC_INTPA-2004/063-844": 349873.9287605458,
  "XI-IATI-EC_INTPA-2004/081-103": 3040890.7972073555,
  "XI-IATI-EC_INTPA-2004/082-039": 18813860.43028264,
  "XI-IATI-EC_INTPA-2004/082-219": 8713932.54296996,
  "XI-IATI-EC_INTPA-2004/16808/1": 7797677.533344063,
  "XI-IATI-EC_INTPA-2005/094-818": 759406.0838456287,
  "XI-IATI-EC_INTPA-2005/095-877": 997832.6227749166,
  "XI-IATI-EC_INTPA-2005/17313/0": 6590069.9942103755,
  "XI-IATI-EC_INTPA-2005/17505/0": 10313075.157195412,
  "XI-IATI-EC_INTPA-2006/129-285": 11120005.882622663,
  "XI-IATI-EC_INTPA-2006/131-850": 1806825.0745338516,
  "XI-IATI-EC_INTPA-2006/131-853": 1335333.743073661,
  "XI-IATI-EC_INTPA-2006/131-870": 1479881.6377560073,
  "XI-IATI-EC_INTPA-2006/131-873": 1033615.7664853783,
  "XI-IATI-EC_INTPA-2006/131-936": 229270.01899540934,
  "XI-IATI-EC_INTPA-2006/131-940": 1741926.6298912289,
  "XI-IATI-EC_INTPA-2007/135-494": 2919293.9785070685,
  "XI-IATI-EC_INTPA-2007/18796/0": 4581715.71881442,
  "XI-IATI-EC_INTPA-2007/196-913": 242215.01184465623,
  "XI-IATI-EC_INTPA-2007/196-914": 541128.441217578,
  "XI-IATI-EC_INTPA-2007/197-092": 2199295.6289062495,
  "XI-IATI-EC_INTPA-2007/197-358": 4678868.818538673,
  "XI-IATI-EC_INTPA-2007/20757/1": 3196484.9145394065,
  "XI-IATI-EC_INTPA-2007/20766/1": 2055717.058823536,
  "XI-IATI-EC_INTPA-2007/20854/1": 13072336.739932952,
  "XI-IATI-EC_INTPA-2008/149-535": 1250235.7480365662,
  "XI-IATI-EC_INTPA-2008/155-898": 114324.541712348,
  "XI-IATI-EC_INTPA-2008/196-915": 303147.42716204276,
  "XI-IATI-EC_INTPA-2008/21007/1": 1997776.8792366239,
  "XI-IATI-EC_INTPA-2009/200-285": 141088.02615161237,
  "XI-IATI-EC_INTPA-2009/200-353": 526982.1556992877,
  "XI-IATI-EC_INTPA-2009/200-361": 331899.09778609284,
  "XI-IATI-EC_INTPA-2009/200-450": 429439.257044544,
  "XI-IATI-EC_INTPA-2009/200-524": 914325.301865349,
  "XI-IATI-EC_INTPA-2009/201-617": -242273.70667968734,
  "XI-IATI-EC_INTPA-2009/214-611": 1427631.0442391888,
  "XI-IATI-EC_INTPA-2009/214-612": 1668932.2773653204,
  "XI-IATI-EC_INTPA-2009/214-613": 1406476.6004003284,
  "XI-IATI-EC_INTPA-2009/214-619": 1598914.9911247992,
  "XI-IATI-EC_INTPA-2009/21443/1": 3824803.326209352,
  "XI-IATI-EC_INTPA-2010/22058/1": 1476838.1053683078,
  "XI-IATI-EC_INTPA-2010/22100/1": 13417126.368671222,
  "XI-IATI-EC_INTPA-2010/22146/1": 27427045.32051564,
  "XI-IATI-EC_INTPA-2010/22179/0": 3233367.495055994,
  "XI-IATI-EC_INTPA-2010/235-999": 227466.416154102,
  "XI-IATI-EC_INTPA-2010/239-069": 2134490.479515464,
  "XI-IATI-EC_INTPA-2010/248-107": 80451.32479293518,
  "XI-IATI-EC_INTPA-2011/22743/1": 9425699.683249293,
  "XI-IATI-EC_INTPA-2011/253-057": 394519.79041579005,
  "XI-IATI-EC_INTPA-2011/253-068": 383970.29570668313,
  "XI-IATI-EC_INTPA-2011/264-608": 393125.6551063995,
  "XI-IATI-EC_INTPA-2011/264-697": 1415759.0502124731,
  "XI-IATI-EC_INTPA-2011/266-148": 1487416.6918883217,
  "XI-IATI-EC_INTPA-2011/266-980": 1943042.8776846447,
  "XI-IATI-EC_INTPA-2011/267-807": 5325285.320084912,
  "XI-IATI-EC_INTPA-2011/268-113": 58028.441491549325,
  "XI-IATI-EC_INTPA-2011/270-630": 2472069.5944722393,
  "XI-IATI-EC_INTPA-2011/270-661": 15398439.285762277,
  "XI-IATI-EC_INTPA-2011/271-147": -148596.55322354945,
  "XI-IATI-EC_INTPA-2011/275-758": 5721901.111940386,
  "XI-IATI-EC_INTPA-2011/276-596": 2029468.5363869467,
  "XI-IATI-EC_INTPA-2011/277-972": 185662.2183166269,
  "XI-IATI-EC_INTPA-2011/278-069": 6050838.061340915,
  "XI-IATI-EC_INTPA-2011/278-104": 4116398.953654105,
  "XI-IATI-EC_INTPA-2011/278-318": 194528.3620788348,
  "XI-IATI-EC_INTPA-2011/278-438": 4858291.278240465,
  "XI-IATI-EC_INTPA-2011/282-350": 1147040.0486277002,
  "XI-IATI-EC_INTPA-2011/282-797": 1295766.7673771817,
  "XI-IATI-EC_INTPA-2012/22733/0": 26338167.773437507,
  "XI-IATI-EC_INTPA-2012/23745/0": 4939879.569852943,
  "XI-IATI-EC_INTPA-2012/24361/1": 11826582.891533608,
  "XI-IATI-EC_INTPA-2012/283-227": 121160.97650353189,
  "XI-IATI-EC_INTPA-2012/284-340": 1401860.3117934137,
  "XI-IATI-EC_INTPA-2012/284-404": 1738451.6294867364,
  "XI-IATI-EC_INTPA-2012/306-218": 406921.19884040084,
  "XI-IATI-EC_INTPA-2012/307-096": 8581287.265529377,
  "XI-IATI-EC_INTPA-2013/23655/1": 4781071.843137272,
  "XI-IATI-EC_INTPA-2013/306-930": 802751.7269345933,
  "XI-IATI-EC_INTPA-2013/306-933": 788716.5468216457,
  "XI-IATI-EC_INTPA-2013/306-935": 620186.8907028685,
  "XI-IATI-EC_INTPA-2013/317-408": 228865.77991340356,
  "XI-IATI-EC_INTPA-2013/336-310": 2496058.720340799,
  "XI-IATI-EC_INTPA-2013/336-311": 2229011.6629578783,
  "XI-IATI-EC_INTPA-2014/339-870": 7224279.483829383,
  "XI-IATI-EC_INTPA-2014/343-986": 4942022.917647041,
  "XI-IATI-EC_INTPA-2014/344-435": 4782602.823529395,
  "XI-IATI-EC_INTPA-2014/350-679": -2324.8763725490116,
  "XI-IATI-EC_INTPA-2014/37442/0": 5186278.135864229,
  "XI-IATI-EC_INTPA-2015/357-316": 912477.8277191459,
  "XI-IATI-EC_INTPA-2015/368-243": 2719813.0857097944,
  "XI-IATI-EC_INTPA-2016/369-178": 1469106.6503239165,
  "XI-IATI-EC_INTPA-2016/375-065": 22632942.50092463,
  "XI-IATI-EC_INTPA-2016/375-900": 1500509.4861633673,
  "XI-IATI-EC_INTPA-2016/37957/1": 39855023.52941163,
  "XI-IATI-EC_INTPA-2016/38767/1": 35869521.176470466,
  "XI-IATI-EC_INTPA-2016/39753/0": 2553052.1080932734,
  "XI-IATI-EC_INTPA-2017/383-164": 2553052.108093274,
  "XI-IATI-EC_INTPA-2017/384-468": 201439.52440986992,
  "XI-IATI-EC_INTPA-2017/385-759": 15460219.940508164,
  "XI-IATI-EC_INTPA-2017/386-962": 15543459.176470533,
  "XI-IATI-EC_INTPA-2017/387-410": 13495176.66721564,
  "XI-IATI-EC_INTPA-2017/387-645": 18864711.137254838,
  "XI-IATI-EC_INTPA-2017/393-936": 525720.6274623433,
  "XI-IATI-EC_INTPA-2018/395-771": 763088.4060683582,
  "XI-IATI-EC_INTPA-2018/396-903": 75943.481635137,
  "XI-IATI-EC_INTPA-2018/39984/0": 19927511.764705814,
  "XI-IATI-EC_INTPA-2018/402-933": 747281.691176468,
  "XI-IATI-EC_INTPA-2018/402-935": 770971.450737311,
  "XI-IATI-EC_INTPA-2018/403-006": 672208.2048499546,
  "XI-IATI-EC_INTPA-2018/403-608": 564922.7991363275,
  "XI-IATI-EC_INTPA-2018/404-566": 7312068.31686272,
  "XI-IATI-EC_INTPA-2018/404-567": 5961910.65817332,
  "XI-IATI-EC_INTPA-2018/41194/0": 3985502.3529411624,
  "XI-IATI-EC_INTPA-2019/404-699": 153842.26400963476,
  "XI-IATI-EC_INTPA-2019/410-591": 592315.1700930999,
  "XI-IATI-EC_INTPA-2019/410-702": 476511.098510265,
  "XI-IATI-EC_INTPA-2019/410-716": 810062.1744804992,
  "XI-IATI-EC_INTPA-2019/410-984": 203608.31522526985,
  "XI-IATI-EC_INTPA-2019/41577/0": 19927511.764705814,
  "XI-IATI-EC_INTPA-2019/42163/0": 6642503.921568604,
  "XI-IATI-EC_INTPA-2020/415-481": 3520527.0784313604,
  "XI-IATI-EC_INTPA-2020/415-783": 3146528.1221717065,
  "XI-IATI-EC_INTPA-2020/416-076": 256880.50585584226,
  "XI-IATI-EC_INTPA-2020/416-278": 2171282.8437412237,
  "XI-IATI-EC_INTPA-2020/416-359": 1561668.6936802377,
  "XI-IATI-EC_INTPA-2020/416-693": 715219.121847527,
  "XI-IATI-EC_INTPA-2020/417-385": 1302637.5310447013,
  "XI-IATI-EC_INTPA-2020/419-122": 200084.46689487773,
  "XI-IATI-EC_INTPA-2020/420-544": 2619272.146352932,
  "XI-IATI-EC_INTPA-2020/42901/1": 2619272.146352932,
  "XI-IATI-EC_INTPA-2021/423-106": 490209.6022225198,
  "XI-IATI-EC_INTPA-2021/427-230": 194775.21979043068
}