{
  "fa": {
    "GB-COH-01926828-ET75": 174419.66840500064,
    "GB-COH-01926828-ET85": 15473960.630002128,
    "GB-COH-01926828-ET92UK05UG07": 1876969.4935878313,
    "GB-COH-01926828-RE12RE13": 7537102.670687477
  }
}