{
  "AU-5-INJ115-BB": 63060.53375961905,
  "AU-5-INJ116-BB": 132570.82338508108,
  "AU-5-INJ117-BB": 66750.10341578418
}