{
  "ES-DIR3-E04585801-009-000119": 566943.3745136198,
  "ES-DIR3-E04585801-009-000121": 3029.2565387159593,
  "ES-DIR3-E04585801-009-000143": 2140.8828571984477,
  "ES-DIR3-E04585801-009-000639": 7794.949416342427,
  "ES-DIR3-E04585801-009-000643": 7794.949416342427,
  "ES-DIR3-E04585801-009-000645": 7794.949416342427,
  "ES-DIR3-E04585801-009-000647": 8504.303732782117,
  "ES-DIR3-E04585801-009-000649": 7794.949416342427,
  "ES-DIR3-E04585801-009-000655": 7794.949416342427,
  "ES-DIR3-E04585801-009-000659": 7098.971789883282,
  "ES-DIR3-E04585801-009-000667": 8221.486264494179,
  "ES-DIR3-E04585801-009-000671": 7794.949416342427,
  "ES-DIR3-E04585801-009-000673": 7794.949416342427,
  "ES-DIR3-E04585801-009-000677": 7794.949416342427,
  "ES-DIR3-E04585801-009-000679": 7655.753891050598,
  "ES-DIR3-E04585801-009-000997": 302838.8036640733,
  "ES-DIR3-E04585801-009-001169": 34409.13385214014,
  "ES-DIR3-E04585801-009-001319": 420470.39115850016,
  "ES-DIR3-E04585801-009-001907": 108462.54526264612,
  "ES-DIR3-E04585801-009-001999": 34734.09972548645,
  "ES-DIR3-E04585801-009-002187": 8602.283463035035,
  "ES-DIR3-E04585801-009-002219": 8351.731517509743,
  "ES-DIR3-E04585801-009-002319": 225496.75097276308,
  "ES-DIR3-E04585801-009-002525": 8351.731517509743,
  "ES-DIR3-E04585801-009-002953": 12527.597276264616,
  "ES-DIR3-E04585801-009-003051": 149565.59192607034,
  "ES-DIR3-E04585801-009-003257": 266665.2195330744,
  "ES-DIR3-E04585801-009-003361": 106737.91270428036,
  "ES-DIR3-E04585801-009-003875": 17625.35499902727,
  "ES-DIR3-E04585801-009-004215": 34434.18904669267,
  "ES-DIR3-E04585801-009-004311": 71850.97629202348,
  "ES-DIR3-E04585801-009-004321": 38974.747081712136,
  "ES-DIR3-E04585801-009-004323": 16759.14124513622,
  "ES-DIR3-E04585801-009-004327": 5347.8920817120725,
  "ES-DIR3-E04585801-009-004329": 15840.450778210146,
  "ES-DIR3-E04585801-009-004365": 190642.3863134245,
  "ES-DIR3-E04585801-009-004807": 82814.73968073945,
  "ES-DIR3-E04585801-009-005617": 800535.7372373556,
  "ES-DIR3-E04585801-009-005779": 49062.9706163425,
  "ES-DIR3-E04585801-009-006589": 31765.038036117196,
  "ES-DIR3-E04585801-009-006787": 3535.9953827343757,
  "ES-DIR3-E04585801-009-006793": 6805.512747035158,
  "ES-DIR3-E04585801-009-006933": 1024.6446615937502,
  "ES-DIR3-E04585801-009-006961": 1341.0881114765627,
  "ES-DIR3-E04585801-009-027307": 417586.5758754872,
  "ES-DIR3-E04585801-009-027309": 567917.7431906626,
  "ES-DIR3-E04585801-009-027311": 278391.0505836581,
  "ES-DIR3-E04585801-009-027313": 194600.91217898868,
  "ES-DIR3-E04585801-009-027315": 417586.5758754872,
  "ES-DIR3-E04585801-009-027317": 556782.1011673162,
  "ES-DIR3-E04585801-009-027319": 695977.6264591453,
  "ES-DIR3-E04585801-009-027321": 139195.52529182905,
  "ES-DIR3-E04585801-009-027375": 139195.52529182905,
  "ES-DIR3-E04585801-009-027377": 104396.6439688718,
  "ES-DIR3-E04585801-009-027379": 139195.52529182905,
  "ES-DIR3-E04585801-009-027381": 287274.5090077827,
  "ES-DIR3-E04585801-009-027383": 104396.6439688718,
  "ES-DIR3-E04585801-009-027719": 79341.44941634257,
  "ES-DIR3-E04585801-009-028077": 222712.8404669265,
  "ES-DIR3-E04585801-009-028241": 386472.26970476727,
  "ES-DIR3-E04585801-009-028243": 82418.3943420235,
  "ES-DIR3-E04585801-009-028331": 34520.49027237361,
  "ES-DIR3-E04585801-009-028381": 17817.02723735412,
  "ES-DIR3-E04585801-009-028769": 255006.20233463083,
  "ES-DIR3-E04585801-009-028809": 4134.288055350203,
  "ES-DIR3-E04585801-009-028975": 44542.5680933853,
  "ES-DIR3-E04585801-009-029509": 13362.77042801559,
  "ES-DIR3-E04585801-009-029581": 91590.65564202351,
  "ES-DIR3-E04585801-009-029675": 10022.077821011691,
  "ES-DIR3-E04585801-009-030057": 65143.505836576,
  "ES-DIR3-E04585801-009-030411": 7634.095067315189,
  "ES-DIR3-E04585801-009-030497": 276356.0120038916,
  "ES-DIR3-E04585801-009-030611": 361908.36575875554,
  "ES-DIR3-E04585801-009-030853": 97436.86770428035,
  "ES-DIR3-E04585801-009-030861": 153115.07782101198,
  "ES-DIR3-E04585801-009-031059": 718109.7149805462,
  "ES-DIR3-E04585801-009-032053": 25055.194552529232,
  "ES-DIR3-E04585801-009-032855": 37861.182879377506,
  "ES-DIR3-E04585801-009-033037": 44542.5680933853,
  "ES-DIR3-E04585801-009-033609": 445425.680933853,
  "ES-DIR3-E04585801-009-033923": 55678.21011673162,
  "ES-DIR3-E04585801-009-034383": 55678.21011673162,
  "ES-DIR3-E04585801-009-034697": 974368.6770428034,
  "ES-DIR3-E04585801-009-035187": 10022.077821011691,
  "ES-DIR3-E04585801-009-035225": 1391955.2529182907,
  "ES-DIR3-E04585801-009-035687": 10022.077821011691,
  "ES-DIR3-E04585801-009-035769": 15033.116731517539,
  "ES-DIR3-E04585801-009-036035": 123605.6264591442,
  "ES-DIR3-E04585801-009-036311": 11692.424124513642,
  "ES-DIR3-E04585801-009-036555": 30066.233463035078,
  "ES-DIR3-E04585801-009-036819": 59018.90272373552,
  "ES-DIR3-E04585801-009-037121": 65364.269939688835,
  "ES-DIR3-E04585801-009-037147": 95766.5214007784,
  "ES-DIR3-E04585801-009-037723": 295.73481303502,
  "ES-DIR3-E04585801-009-038733": 2227.128404669265,
  "ES-DIR3-E04585801-009-038787": 102447.90661478619,
  "ES-DIR3-E04585801-009-038921": 33406.92607003897,
  "ES-DIR3-E04585801-009-039345": 3539.380299805454,
  "ES-DIR3-E04585801-009-039613": 87693.1809338523,
  "ES-DIR3-E04585801-009-039647": 9465.295719844376,
  "ES-DIR3-E04585801-009-039677": 10022.077821011691,
  "ES-DIR3-E04585801-009-039779": 26725.54085603118,
  "ES-DIR3-E04585801-009-039939": 278391.0505836581,
  "ES-DIR3-E04585801-009-040181": 70154.54474708185,
  "ES-DIR3-E04585801-009-040577": 18373.809338521434,
  "ES-DIR3-E04585801-009-040663": 30326.055830544803,
  "ES-DIR3-E04585801-009-041117": 185319.68862179024,
  "ES-DIR3-E04585801-009-042007": 151444.73151751002,
  "ES-DIR3-E04585801-009-042571": 31318.99319066154,
  "ES-DIR3-E04585801-009-042701": 14476.334630350222,
  "ES-DIR3-E04585801-009-042937": 528942.9961089505,
  "ES-DIR3-E04585801-009-042947": 46769.69649805457,
  "ES-DIR3-E04585801-009-043071": 29509.45136186776,
  "ES-DIR3-E04585801-009-043263": 993856.0505836594,
  "ES-DIR3-E04585801-009-043979": 58462.1206225682,
  "ES-DIR3-E04585801-009-044161": 20044.155642023383,
  "ES-DIR3-E04585801-009-046083": 20044.155642023383,
  "ES-DIR3-E04585801-009-046307": 25611.976653696547,
  "ES-DIR3-E04585801-009-046337": 417586.5758754872,
  "ES-DIR3-E04585801-009-046377": 254158.5015856036,
  "ES-DIR3-E04585801-009-046763": 34707.067954474776,
  "ES-DIR3-E04585801-009-047331": 306450.56915915635,
  "ES-DIR3-E04585801-009-047809": 38803.63636029414,
  "ES-DIR3-E04585801-009-048067": 7939.993992187502,
  "ES-DIR3-E04585801-009-048213": 7708.732031250002,
  "ES-DIR3-E04585801-009-048511": 8679.466960171878,
  "ES-DIR3-E04585801-009-049069": 2507.380724144532,
  "ES-DIR3-E04585801-009-049071": 3082.601812560793,
  "ES-DIR3-E04585801-009-049183": 433864.7884802888,
  "ES-DIR3-E04585801-009-049211": 39290.698495588236,
  "ES-DIR3-E04585801-009-049569": 5139.128991726564,
  "ES-DIR3-E04585801-009-049893": 7708.732031250002,
  "ES-DIR3-E04585801-009-050351": 4710.883231617188,
  "ES-DIR3-E04585801-009-050363": 8039.80922410547,
  "ES-DIR3-E04585801-009-050675": 137.2477181725494,
  "ES-DIR3-E04585801-009-051001": 385.43660156250013,
  "ES-DIR3-E04585801-009-051181": 3211.971679687501,
  "ES-DIR3-E04585801-009-051717": 5192.037857428386,
  "ES-DIR3-E04585801-009-051917": 1436.9461942851565,
  "ES-DIR3-E04585801-009-052375": 105409.09901221878,
  "ES-DIR3-E04585801-009-052541": 4029.148666546876,
  "ES-DIR3-E04585801-009-052635": 25695.773437500007,
  "ES-DIR3-E04585801-009-053143": 1871.9370949218755,
  "ES-DIR3-E04585801-009-053397": 46119.18529800001,
  "ES-DIR3-E04585801-009-053399": 88964.1637530469,
  "ES-DIR3-E04585801-009-053401": 37474.58750238283,
  "ES-DIR3-E04585801-009-053403": 119164.66323187502,
  "ES-DIR3-E04585801-009-053713": 47537.18085937501,
  "ES-DIR3-E04585801-009-053719": 64239.433593750015,
  "ES-DIR3-E04585801-009-053801": 128478.86718750003,