{
  "NL-KVK-41201463-PGLNS001": 1034605.8553054866,
  "NL-KVK-41201463-PINSO003": 7668959.424562327,
  "NL-KVK-41201463-PINSO004": 4549962.408684297
}