{
  "NL-KVK-41201463-PGLNS001": 1034302.4269542672,
  "NL-KVK-41201463-PINSO003": 7666710.278472701,
  "NL-KVK-41201463-PINSO004": 4548627.999464886
}