{
  "SE-0-SE-2-90067A0101-ANO-15160": 444167.1337465921,
  "SE-0-SE-29-2011-7367-189-43082": 138305.23452002468,
  "SE-0-SE-29-2012-6132_1-189-43082": 138097.8578625563,
  "SE-0-SE-6-10724A0101-ANO-32110": 1087865.7895709577,
  "SE-0-SE-6-10743A0101-ANO-33150": 165303.03030294253,
  "SE-0-SE-6-11241A0101-ANO-16020": 945946.5070134014,
  "SE-0-SE-6-11781A0101-ANO-72010": 701219.7826956959,
  "SE-0-SE-6-11781A0101-ANO-72040": 467479.85513046395,
  "SE-0-SE-6-11781A0101-ANO-72050": 934959.710260928,
  "SE-0-SE-6-11781A0101-ANO-73010": 233739.92756523198,
  "SE-0-SE-6-12069A0101-ANO-16020": 9047522.611922301,
  "SE-0-SE-6-12069A0102-ANO-16020": 3474926.1589703076,
  "SE-0-SE-6-12069A0103-ANO-16020": 5208582.388523409,
  "SE-0-SE-6-12597A0101-ANO-11220": 3609695.8108407212,
  "SE-0-SE-6-13497A0101-ANO-23111": 1779197.6121904424,
  "SE-0-SE-6-5203010101-ANO-15153": 2769560.027084404,
  "SE-0-SE-6-5203014701-ANO-15151": 2407073.5643135714,
  "SE-0-SE-6-5204017401-ANO-72010": 828208.6029268834,
  "SE-0-SE-6-5204034401-ANO-72010": 904792.7438403821,
  "SE-0-SE-6-5204043001-ANO-72010": 1590923.048578136,
  "SE-0-SE-6-5204047401-ANO-72010": 4134632.500747325,
  "SE-0-SE-6-5204047402-ANO-72010": 1274457.9582285674,
  "SE-0-SE-6-5403001501-ANO-15150": 70681.5186025837,
  "SE-0-SE-6-5403001502-ANO-99820": 2118.2313395236997,
  "SE-0-SE-6-5403006601-ANO-15150": 43329.8372451828,
  "SE-0-SE-6-5403007501-ANO-12220": 1356.663512679,
  "SE-0-SE-6-5403007501-ANO-13040": 5381.4348841247,
  "SE-0-SE-6-5403007501-ANO-15150": 19535.9620461074,
  "SE-0-SE-6-5403007501-ANO-15220": 813.9983541889001,
  "SE-0-SE-6-5403007501-ANO-24040": 2125.4397697898,
  "SE-0-SE-6-5403007501-ANO-43040": 3165.5492245992,
  "SE-0-SE-6-5403007501-ANO-43081": 10129.7587210236,
  "SE-0-SE-6-5403007501-ANO-99810": 2713.3285663802003,
  "SE-0-SE-6-5403015101-ANO-13040": 527.6135297451,
  "SE-0-SE-6-5403015101-ANO-15150": 58960.8119492664,
  "SE-0-SE-6-5403015101-ANO-15220": 1384.985515456,
  "SE-0-SE-6-5403015101-ANO-43081": 5078.2802236718,
  "SE-0-SE-6-5403015201-ANO-13040": 303.99063009969996,
  "SE-0-SE-6-5403015201-ANO-15150": 115055.4894055614,
  "SE-0-SE-6-5403015201-ANO-15220": 445.41914929710003,
  "SE-0-SE-6-5403015201-ANO-16064": 329.8053030699,
  "SE-0-SE-6-5403015201-ANO-24040": 93.427292235,
  "SE-0-SE-6-5403015201-ANO-43081": 4975.7394368269,
  "SE-0-SE-6-5403015202-ANO-15150": 3622.7876499658,
  "SE-0-SE-6-5403030601-ANO-15153": 5610691.846464319,
  "SE-0-SE-6-5403046301-ANO-12220": 70240.393747397,
  "SE-0-SE-6-5403046301-ANO-15150": 438300.0569838434,
  "SE-0-SE-6-5403046301-ANO-15220": 25286.5417481573,
  "SE-0-SE-6-5403046301-ANO-24040": 43080.7748312942,
  "SE-0-SE-6-5403046301-ANO-41010": 29032.6960821672,
  "SE-0-SE-6-5403046301-ANO-43040": 44017.3134143263,
  "SE-0-SE-6-5403046301-ANO-43081": 124559.6315788402,
  "SE-0-SE-6-5403046301-ANO-99820": 162021.17491006,
  "SE-0-SE-6-5403046302-ANO-15150": 23031.6975464687,
  "SE-0-SE-6-5403047301-ANO-15150": 464242.8871200896,
  "SE-0-SE-6-5403047305-ANO-15150": 157664.9020480703,
  "SE-0-SE-6-5403053601-ANO-13040": 222.47690312630002,
  "SE-0-SE-6-5403053601-ANO-15150": 52059.5954485479,
  "SE-0-SE-6-5403053601-ANO-15220": 222.47690312630002,
  "SE-0-SE-6-5403053601-ANO-43081": 3114.6766507679,
  "SE-0-SE-6-5403054501-ANO-15150": 697363.4247651983,
  "SE-0-SE-6-5403058901-ANO-15150": 52100.7421249346,
  "SE-0-SE-6-5403058902-ANO-15150": 138035.1013320766,
  "SE-0-SE-6-7100371801-ANO-12220": 801651.7986705655,
  "SE-0-SE-6-7100494001-ANO-25010": 15270.4052563199,
  "SE-0-SE-6-7400003001-ANO-11110": 5745.2171315326,
  "SE-0-SE-6-7400003001-ANO-12110": 5745.2171315326,
  "SE-0-SE-6-7400003001-ANO-14010": 861.7893038566,
  "SE-0-SE-6-7400003001-ANO-15140": 287.3043645133,
  "SE-0-SE-6-7400003001-ANO-43040": 9766.8568656688,
  "SE-0-SE-6-7400003001-ANO-99820": 6319.7020708759,
  "SE-0-SE-6-7400110601-ANO-72010": 389885.45146175567,
  "SE-0-SE-6-7400116601-ANO-12110": 81385.3897843999,
  "SE-0-SE-6-7400116601-ANO-15162": 254329.4260483992,
  "SE-0-SE-6-7400116601-ANO-16010": 3391.0114903999,
  "SE-0-SE-6-7400132701-ANO-99810": 127531.004094094,
  "SE-0-SE-6-7400163601-ANO-72010": 403289.87077304034,
  "SE-0-SE-6-7400180901-ANO-99810": 334874.4539849466,
  "SE-0-SE-6-7400183701-ANO-72010": 415883.6539450674,
  "SE-0-SE-6-7400256501-ANO-72010": 27475.767487208,
  "SE-0-SE-6-7400258901-ANO-11110": 277270.7993275072,
  "SE-0-SE-6-7400258901-ANO-12110": 103443.33110898061,
  "SE-0-SE-6-7400258901-ANO-13040": 11730.6892913768,
  "SE-0-SE-6-7400258901-ANO-15150": 95978.3924129361,
  "SE-0-SE-6-7400258901-ANO-16010": 29859.8808987225,
  "SE-0-SE-6-7400258901-ANO-25010": 40524.1325721088,
  "SE-0-SE-6-7400258901-ANO-43010": 173827.4682185266,
  "SE-0-SE-6-7400258901-ANO-99810": 333791.37054841034,
  "SE-0-SE-6-7400268501-ANO-12220": 11535.7631173053,
  "SE-0-SE-6-7400268501-ANO-13040": 8936.1164489177,
  "SE-0-SE-6-7400268501-ANO-15150": 36394.341781916,
  "SE-0-SE-6-7400268501-ANO-16030": 162.4325411426,
  "SE-0-SE-6-7400268501-ANO-16061": 487.4419612651,
  "SE-0-SE-6-7400268501-ANO-24010": 3249.5226516326,
  "SE-0-SE-6-7400268501-ANO-43040": 15272.5862304479,
  "SE-0-SE-6-7400268501-ANO-43081": 61415.4958446694,
  "SE-0-SE-6-7400268501-ANO-99810": 14947.7183110806,
  "SE-0-SE-6-7400268501-ANO-99820": 10073.4343954279,
  "SE-0-SE-6-7400311501-ANO-12220": 2509.8854103872,
  "SE-0-SE-6-7400311501-ANO-13040": 6902.4343189615,
  "SE-0-SE-6-7400311501-ANO-15150": 44730.4291463557,
  "SE-0-SE-6-7400311501-ANO-24040": 3316.8230885959,
  "SE-0-SE-6-7400311501-ANO-43040": 6185.2846461346,
  "SE-0-SE-6-7400311501-ANO-43081": 25995.7192054196,
  "SE-0-SE-6-7400328701-ANO-13040": 6621.3687781128,
  "SE-0-SE-6-7400328701-ANO-15150": 113601.9196806705,
  "SE-0-SE-6-7400328701-ANO-15220": 4803.7376963554,
  "SE-0-SE-6-7400328701-ANO-24040": 908.8148857596,
  "SE-0-SE-6-7400328701-ANO-43081": 3894.9228105958,
  "SE-0-SE-6-7400328702-ANO-99820": 4929.9488226964,
  "SE-0-SE-6-7400331001-ANO-72010": 230601.25629057648,
  "SE-0-SE-6-7400331001-ANO-72040": 230601.25629057648,
  "SE-0-SE-6-7400331001-ANO-72050": 237589.1731483213,
  "SE-0-SE-6-7400389001-ANO-15150": 58810.045089697494,
  "SE-0-SE-6-7400389001-ANO-15220": 1818.8680521579,
  "SE-0-SE-6-7430003001-ANO-12220": 4161.7708711189,
  "SE-0-SE-6-7430003001-ANO-13040": 7641.3209330279,
  "SE-0-SE-6-7430003001-ANO-15150": 33226.001837838,
  "SE-0-SE-6-7430003001-ANO-15220": 5662.6837594218,
  "SE-0-SE-6-7430003001-ANO-16030": 887.0003153909,
  "SE-0-SE-6-7430003001-ANO-24040": 1296.2748646412,
  "SE-0-SE-6-7430003001-ANO-43040": 4025.2984901756,
  "SE-0-SE-6-7430003001-ANO-43081": 11325.5103758435,
  "SE-0-SE-6-8889998802-ANO-15160": 1756640.2444749034
}