{
  "XM-DAC-41108-1100000005": 30549114.38,
  "XM-DAC-41108-1100000045": 23010510.179660607,
  "XM-DAC-41108-1100000125": 39235658.94742717,
  "XM-DAC-41108-1100000201": 17629718.589324914
}