{
  "XM-DAC-6-4-002492-03-3": 222583.52624591568,
  "XM-DAC-6-4-004446-01-3": 42360.15377825501,
  "XM-DAC-6-4-004795-01-1": 28540.851913205686,
  "XM-DAC-6-4-004795-02-2": 30658.662018176405,
  "XM-DAC-6-4-006274-02-6": 491258.9414261664,
  "XM-DAC-6-4-007031-02-1": 31814.3930948236,
  "XM-DAC-6-4-007608-01-6": 3869559.4374951096,
  "XM-DAC-6-4-008325-01-5": 2672826.641296599,
  "XM-DAC-6-4-008850-02-6": 35349.13603545891,
  "XM-DAC-6-4-008865-01-0": 1515394.0102945548,
  "XM-DAC-6-4-009140-02-5": 424418.47321461927,
  "XM-DAC-6-4-009442-01-6": 169702.56490643686,
  "XM-DAC-6-4-009490-01-4": 2954140.1820612447,
  "XM-DAC-6-4-009627-02-6": 586905.0764941156,
  "XM-DAC-6-4-009627-03-0": 103792.72204003828,
  "XM-DAC-6-4-009906-01-3": 375774.1516497539,
  "XM-DAC-6-4-009914-01-5": 91647.81164096265,
  "XM-DAC-6-4-009922-01-0": 929352.9016092983,
  "XM-DAC-6-4-010012-01-5": 568465.0939984736,
  "XM-DAC-6-4-010012-02-6": 54789.9762066351,
  "XM-DAC-6-4-010016-01-6": 5616.582321835484,
  "XM-DAC-6-4-010166-01-5": 1337149.7625251994,
  "XM-DAC-6-4-010166-02-6": 51026.17406458021,
  "XM-DAC-6-4-010408-01-6": 161397.1689848622,
  "XM-DAC-6-4-010408-02-0": 103863.65266850944,
  "XM-DAC-6-4-010519-02-5": 13947.052923992109,
  "XM-DAC-6-4-010543-01-3": 82069.6105868507,
  "XM-DAC-6-4-010570-01-1": 1855819.9436297975,
  "XM-DAC-6-4-010722-01-4": 1992751.1764705812,
  "XM-DAC-6-4-011027-01-5": 79710.04705882326,
  "XM-DAC-6-4-011121-01-4": 7011882.152825298,
  "XM-DAC-6-4-011182-02-1": -2.73681640625e-23,
  "XM-DAC-6-4-011376-01-3": 464975.2745098023,
  "XM-DAC-6-4-011379-01-2": 425120.2509803907,
  "XM-DAC-6-4-011432-01-3": 1234853.7012268193,
  "XM-DAC-6-4-011432-02-4": 308105.90189803817,
  "XM-DAC-6-4-011505-01-2": 398550.23529411625
}