{
  "XM-DAC-41108-1100000177": 28316254.12554886,
  "XM-DAC-41108-1100000236": 17170218.162446797,
  "XM-DAC-41108-1100000273": 22310421.964665983,
  "XM-DAC-41108-1100000307": 18009323.993723575,
  "XM-DAC-41108-1100001016": 28760540.259069882,
  "XM-DAC-41108-1100001196": 91395493.00961733,
  "XM-DAC-41108-1100001212": 53401775.48284579,
  "XM-DAC-41108-1100001260": 32037986.837655682,
  "XM-DAC-41108-1100001594": 328915621.18497515,
  "XM-DAC-41108-1100001692": 131687144.99280049,
  "XM-DAC-41108-2000001043": 96359397.76253752,
  "XM-DAC-41108-2000003342": 49970000.0
}