{
  "GB-CHC-202918-HUMB29": 2028854.2816745902,
  "GB-CHC-202918-INDC58": 5492004.895966593,
  "GB-CHC-202918-INDC60": 49592.51920237049,
  "GB-CHC-202918-INDC61": 168639.27916806084,
  "GB-CHC-202918-INDC63": 524501.9503245908,
  "GB-CHC-202918-INDC64": 99405.81573275152,
  "GB-CHC-202918-INDC65": 301227.89434895845,
  "GB-CHC-202918-INDC66": 95621.29690857063,
  "GB-CHC-202918-INDC67": 19771.104000945044,
  "GB-CHC-202918-INDC68": 33192.38843358657,
  "GB-CHC-202918-SASC17": 1820603.0834983601
}