{
  "GB-CHC-202918-HUMB29": 2026921.2601131352,
  "GB-CHC-202918-INDC58": 5484926.754554559,
  "GB-CHC-202918-INDC60": 49528.60395274074,
  "GB-CHC-202918-INDC61": 168421.93546786642,
  "GB-CHC-202918-INDC63": 523825.9678654323,
  "GB-CHC-202918-INDC64": 99277.70069384253,
  "GB-CHC-202918-INDC65": 300839.6693430016,
  "GB-CHC-202918-INDC66": 95498.05938887756,
  "GB-CHC-202918-INDC67": 19745.62283830196,
  "GB-CHC-202918-INDC68": 33149.60980836927,
  "GB-CHC-202918-SASC17": 1819395.7050823753
}