{
  "GB-COH-04105827-AMPLIFYCHANGE_Afghanistan": 1307194.2887348975,
  "GB-COH-04105827-AMPLIFYCHANGE_Angola": 184271.02978901897,
  "GB-COH-04105827-AMPLIFYCHANGE_Bangladesh": 2285522.1938152863,
  "GB-COH-04105827-AMPLIFYCHANGE_Benin": 479482.50307450816,
  "GB-COH-04105827-AMPLIFYCHANGE_Bhutan": 251631.33355686185,
  "GB-COH-04105827-AMPLIFYCHANGE_Bolivia": 25953.59132235285,
  "GB-COH-04105827-AMPLIFYCHANGE_Botswana": 680189.7445670564,
  "GB-COH-04105827-AMPLIFYCHANGE_Burkina Faso": 2390303.7076756777,
  "GB-COH-04105827-AMPLIFYCHANGE_Burundi": 504579.21139097866,
  "GB-COH-04105827-AMPLIFYCHANGE_Cameroon": 3473015.9048819486,
  "GB-COH-04105827-AMPLIFYCHANGE_Central African Republic": 132848.74993058777,
  "GB-COH-04105827-AMPLIFYCHANGE_Comoros": 13285.00784313721,
  "GB-COH-04105827-AMPLIFYCHANGE_Congo": 1068187.698131369,
  "GB-COH-04105827-AMPLIFYCHANGE_Cote DIvoire": 488050.0046325473,
  "GB-COH-04105827-AMPLIFYCHANGE_DRC": 3089973.2592431265,
  "GB-COH-04105827-AMPLIFYCHANGE_Egypt": 26570.01568627442,
  "GB-COH-04105827-AMPLIFYCHANGE_Eswatini": 66425.03921568605,
  "GB-COH-04105827-AMPLIFYCHANGE_Ethiopia": 2068297.7020713654,
  "GB-COH-04105827-AMPLIFYCHANGE_Funds": 128583288.37210767,
  "GB-COH-04105827-AMPLIFYCHANGE_Gabon": 205917.62156862675,
  "GB-COH-04105827-AMPLIFYCHANGE_Gambia": 1632587.97133921,
  "GB-COH-04105827-AMPLIFYCHANGE_Ghana": 3477959.25630038,
  "GB-COH-04105827-AMPLIFYCHANGE_Guatemala": 203741.53728392086,
  "GB-COH-04105827-AMPLIFYCHANGE_Guinea": 839932.6643752912,
  "GB-COH-04105827-AMPLIFYCHANGE_Guinea Bissau": 84949.65415215657,
  "GB-COH-04105827-AMPLIFYCHANGE_Haiti": 51147.28019607826,
  "GB-COH-04105827-AMPLIFYCHANGE_Honduras": 12390.926815294075,
  "GB-COH-04105827-AMPLIFYCHANGE_India": 12423294.408403095,
  "GB-COH-04105827-AMPLIFYCHANGE_Indonesia": 119522.55856313684,
  "GB-COH-04105827-AMPLIFYCHANGE_Jordan": 413894.41935293976,
  "GB-COH-04105827-AMPLIFYCHANGE_Kenya": 15155798.662105437,
  "GB-COH-04105827-AMPLIFYCHANGE_Lesotho": 2159719.8120446983,
  "GB-COH-04105827-AMPLIFYCHANGE_Liberia": 634029.6563152919,
  "GB-COH-04105827-AMPLIFYCHANGE_Madagascar": 1767526.4530035234,
  "GB-COH-04105827-AMPLIFYCHANGE_Malawi": 3168580.6506509692,
  "GB-COH-04105827-AMPLIFYCHANGE_Mali": 3182854.0630776356,
  "GB-COH-04105827-AMPLIFYCHANGE_Mauritania": 380505.209140783,
  "GB-COH-04105827-AMPLIFYCHANGE_Mozambique": 1081019.687207055,
  "GB-COH-04105827-AMPLIFYCHANGE_Namibia": 751567.4347066641,
  "GB-COH-04105827-AMPLIFYCHANGE_Nepal": 3593258.510870184,
  "GB-COH-04105827-AMPLIFYCHANGE_Nicaragua": 227232.08815215607,
  "GB-COH-04105827-AMPLIFYCHANGE_Niger": 295979.34673882247,
  "GB-COH-04105827-AMPLIFYCHANGE_Nigeria": 5582065.368512138,
  "GB-COH-04105827-AMPLIFYCHANGE_Pakistan": 5764265.2655784115,
  "GB-COH-04105827-AMPLIFYCHANGE_Palestine": 699956.5077368603,
  "GB-COH-04105827-AMPLIFYCHANGE_Rwanda": 3668664.2153878305,
  "GB-COH-04105827-AMPLIFYCHANGE_Senegal": 1505300.3256917594,
  "GB-COH-04105827-AMPLIFYCHANGE_Sierra Leone": 1503480.2796172495,
  "GB-COH-04105827-AMPLIFYCHANGE_Somalia": 1719110.570419994,
  "GB-COH-04105827-AMPLIFYCHANGE_South Africa": 11131424.376215255,
  "GB-COH-04105827-AMPLIFYCHANGE_South Sudan": 674377.553635684,
  "GB-COH-04105827-AMPLIFYCHANGE_Sri Lanka": 699790.4451388211,
  "GB-COH-04105827-AMPLIFYCHANGE_Strategic Grants": 19401425.45411758,
  "GB-COH-04105827-AMPLIFYCHANGE_Sudan": 806721.4732682325,
  "GB-COH-04105827-AMPLIFYCHANGE_Tanzania": 1977276.799334895,
  "GB-COH-04105827-AMPLIFYCHANGE_Togo": 732935.2112066641,
  "GB-COH-04105827-AMPLIFYCHANGE_Uganda": 8053707.865208208,
  "GB-COH-04105827-AMPLIFYCHANGE_Zambia": 2150789.6297725416,
  "GB-COH-04105827-AMPLIFYCHANGE_Zimbabwe": 5026955.301289002
}