{
  "12921047": {
    "DK-CVR-12921047-DK-CVR-12921047-BGD": 349950.0516706853,
    "DK-CVR-12921047-GHA": 1409993.1955052435,
    "DK-CVR-12921047-LAO": 1287896.552318053,
    "DK-CVR-12921047-MAL": 1321739.4437383437,
    "DK-CVR-12921047-MOZ": 1250811.4518868702,
    "DK-CVR-12921047-NEP": 1697849.3852970162,
    "DK-CVR-12921047-NIG": 2264912.9152957094,
    "DK-CVR-12921047-TAN": 2006412.5399408445,
    "DK-CVR-12921047-UGA": 1974198.8109803163,
    "DK-CVR-12921047-VIE": 174347.6261180466
  }
}