{
  "ES-DIR3-E04585801-009-000029": 61246.031128404786,
  "ES-DIR3-E04585801-009-000039": 61246.031128404786,
  "ES-DIR3-E04585801-009-000089": 1238.2833929961114,
  "ES-DIR3-E04585801-009-000137": 27839.10505836581,
  "ES-DIR3-E04585801-009-000301": 27839.10505836581,
  "ES-DIR3-E04585801-009-000305": 27839.10505836581,
  "ES-DIR3-E04585801-009-000309": 12527.597276264616,
  "ES-DIR3-E04585801-009-000313": 27839.10505836581,
  "ES-DIR3-E04585801-009-000315": 27839.10505836581,
  "ES-DIR3-E04585801-009-000317": 27839.10505836581,
  "ES-DIR3-E04585801-009-000719": 27570.736085603166,
  "ES-DIR3-E04585801-009-000721": 27839.10505836581,
  "ES-DIR3-E04585801-009-000725": 27839.10505836581,
  "ES-DIR3-E04585801-009-000729": 27839.10505836581,
  "ES-DIR3-E04585801-009-000731": 27839.10505836581,
  "ES-DIR3-E04585801-009-000901": 194628.75128404706,
  "ES-DIR3-E04585801-009-001299": 35433.34844678995,
  "ES-DIR3-E04585801-009-002103": 8631.751155739315,
  "ES-DIR3-E04585801-009-002511": 8631.751155739315,
  "ES-DIR3-E04585801-009-002813": 8631.514523346319,
  "ES-DIR3-E04585801-009-003697": 245267.63795953352,
  "ES-DIR3-E04585801-009-003831": 44891.614792607084,
  "ES-DIR3-E04585801-009-004207": 1020.303200389107,
  "ES-DIR3-E04585801-009-004217": 28855.42726673157,
  "ES-DIR3-E04585801-009-004377": 29231.0603112841,
  "ES-DIR3-E04585801-009-005779": 19009.62665894945,
  "ES-DIR3-E04585801-009-006635": 8160.849164882814,
  "ES-DIR3-E04585801-009-006793": 27280.920005085944,
  "ES-DIR3-E04585801-009-006933": 2055.893136960938,
  "ES-DIR3-E04585801-009-007353": 12847.886718750004,
  "ES-DIR3-E04585801-009-007367": 19842.880099113285,
  "ES-DIR3-E04585801-009-027419": 2161428.1167315217,
  "ES-DIR3-E04585801-009-027421": 1440952.0778210144,
  "ES-DIR3-E04585801-009-027423": 417586.5758754872,
  "ES-DIR3-E04585801-009-027425": 16703.463035019486,
  "ES-DIR3-E04585801-009-027681": 66813.85214007794,
  "ES-DIR3-E04585801-009-027687": 5567.8210116731625,
  "ES-DIR3-E04585801-009-027703": 96218.43359319084,
  "ES-DIR3-E04585801-009-027713": 389747.4708171214,
  "ES-DIR3-E04585801-009-027749": 417586.5758754872,
  "ES-DIR3-E04585801-009-027753": 556782.1011673162,
  "ES-DIR3-E04585801-009-028243": 82418.3943420235,
  "ES-DIR3-E04585801-009-028245": 149138.05287013648,
  "ES-DIR3-E04585801-009-028473": 528942.9961089505,
  "ES-DIR3-E04585801-009-028867": 156265.15607568124,
  "ES-DIR3-E04585801-009-028913": 89920.30933852158,
  "ES-DIR3-E04585801-009-029159": 63097.33161478611,
  "ES-DIR3-E04585801-009-029477": 94480.96720739317,
  "ES-DIR3-E04585801-009-029533": 153115.07782101198,
  "ES-DIR3-E04585801-009-029735": 373840.20618677116,
  "ES-DIR3-E04585801-009-030077": 26168.758754863862,
  "ES-DIR3-E04585801-009-030121": 16703.463035019486,
  "ES-DIR3-E04585801-009-030151": 43736.65384105067,
  "ES-DIR3-E04585801-009-030393": 20044.155642023383,
  "ES-DIR3-E04585801-009-030505": 12931.264299610919,
  "ES-DIR3-E04585801-009-031059": 886063.0357976671,
  "ES-DIR3-E04585801-009-031127": 23384.848249027284,
  "ES-DIR3-E04585801-009-032359": 139195.52529182905,
  "ES-DIR3-E04585801-009-032415": 30066.233463035078,
  "ES-DIR3-E04585801-009-033039": 14476.334630350222,
  "ES-DIR3-E04585801-009-033283": 30373.883413035077,
  "ES-DIR3-E04585801-009-034249": 119858.48291828817,
  "ES-DIR3-E04585801-009-034267": 70154.54474708185,
  "ES-DIR3-E04585801-009-034625": 28952.669260700444,
  "ES-DIR3-E04585801-009-035041": 33406.89823093391,
  "ES-DIR3-E04585801-009-035561": 20044.155642023383,
  "ES-DIR3-E04585801-009-035567": 5567.8210116731625,
  "ES-DIR3-E04585801-009-035777": 10022.077821011691,
  "ES-DIR3-E04585801-009-035945": 22828.066147859965,
  "ES-DIR3-E04585801-009-036189": 12805.988326848274,
  "ES-DIR3-E04585801-009-037317": 1156193.7886190445,
  "ES-DIR3-E04585801-009-037501": 70154.54474708185,
  "ES-DIR3-E04585801-009-037851": 2366.323929961094,
  "ES-DIR3-E04585801-009-037943": 37125.11694163431,
  "ES-DIR3-E04585801-009-038091": 48924.498907782196,
  "ES-DIR3-E04585801-009-038129": 44542.5680933853,
  "ES-DIR3-E04585801-009-038617": 17817.02723735412,
  "ES-DIR3-E04585801-009-038809": 45407.000144552614,
  "ES-DIR3-E04585801-009-038985": 97436.86770428035,
  "ES-DIR3-E04585801-009-039251": 40395.96123404677,
  "ES-DIR3-E04585801-009-039655": 38510.75271770435,
  "ES-DIR3-E04585801-009-039879": 63473.15953307405,
  "ES-DIR3-E04585801-009-039977": 57905.33852140089,
  "ES-DIR3-E04585801-009-040173": 14476.334630350222,
  "ES-DIR3-E04585801-009-040703": 21191.126770428054,
  "ES-DIR3-E04585801-009-040823": 584621.206225682,
  "ES-DIR3-E04585801-009-041287": 24498.412451361914,
  "ES-DIR3-E04585801-009-041421": 10317.812634046712,
  "ES-DIR3-E04585801-009-041527": 225775.14202334674,
  "ES-DIR3-E04585801-009-041683": 20057.128664980584,
  "ES-DIR3-E04585801-009-041727": 29509.45136186776,
  "ES-DIR3-E04585801-009-041957": 35077.27237354092,
  "ES-DIR3-E04585801-009-042147": 9353.80010408562,
  "ES-DIR3-E04585801-009-042345": 10022.077821011691,
  "ES-DIR3-E04585801-009-043009": 35077.27237354092,
  "ES-DIR3-E04585801-009-043187": 30066.233463035078,
  "ES-DIR3-E04585801-009-043413": 25055.194552529232,
  "ES-DIR3-E04585801-009-043479": 48718.43385214017,
  "ES-DIR3-E04585801-009-044085": 278391.0505836581,
  "ES-DIR3-E04585801-009-044275": 13362.77042801559,
  "ES-DIR3-E04585801-009-044305": 126667.92801556444,
  "ES-DIR3-E04585801-009-044467": 14476.334630350222,
  "ES-DIR3-E04585801-009-044545": 7794.949416342427,
  "ES-DIR3-E04585801-009-045077": 10022.077821011691,
  "ES-DIR3-E04585801-009-045503": 29509.45136186776,
  "ES-DIR3-E04585801-009-045629": 160255.8082684828,
  "ES-DIR3-E04585801-009-045715": 14476.334630350222,
  "ES-DIR3-E04585801-009-045815": 27491.11624513624,
  "ES-DIR3-E04585801-009-046369": 34520.49027237361,
  "ES-DIR3-E04585801-009-046645": 30066.233463035078,
  "ES-DIR3-E04585801-009-046765": 55678.21011673162,
  "ES-DIR3-E04585801-009-046857": 10317.812634046712,
  "ES-DIR3-E04585801-009-047217": 816.0977643750002,
  "ES-DIR3-E04585801-009-047299": 9635.915039062502,
  "ES-DIR3-E04585801-009-047301": 10278.309375000003,
  "ES-DIR3-E04585801-009-047305": 12847.886718750004,
  "ES-DIR3-E04585801-009-047309": 12847.886718750004,
  "ES-DIR3-E04585801-009-047311": 9507.436171875002,
  "ES-DIR3-E04585801-009-047449": 48258.94943946095,
  "ES-DIR3-E04585801-009-047851": 49335.88500000002,
  "ES-DIR3-E04585801-009-048159": 7939.993992187502,
  "ES-DIR3-E04585801-009-048511": 9624.73737761719,
  "ES-DIR3-E04585801-009-049061": 11539.496478972658,
  "ES-DIR3-E04585801-009-049065": 6271.599161243154,
  "ES-DIR3-E04585801-009-049069": 12592.316556140628,
  "ES-DIR3-E04585801-009-049071": 1541.2544221490239,
  "ES-DIR3-E04585801-009-049091": 14713.280114105812,
  "ES-DIR3-E04585801-009-049707": 146.26034240625003,
  "ES-DIR3-E04585801-009-049851": 2184.1407421875006,
  "ES-DIR3-E04585801-009-050201": 1284.7886718750003,
  "ES-DIR3-E04585801-009-050273": 166.50861187500004,
  "ES-DIR3-E04585801-009-050363": 9379.766721550784,
  "ES-DIR3-E04585801-009-050409": 6034.678087570313,
  "ES-DIR3-E04585801-009-050469": 30101.673534187506,
  "ES-DIR3-E04585801-009-050635": 336.8073503320313,
  "ES-DIR3-E04585801-009-050675": 395.9783933921579,
  "ES-DIR3-E04585801-009-050767": 10423.36201605469,
  "ES-DIR3-E04585801-009-051081": 2511.6333746484383,
  "ES-DIR3-E04585801-009-051235": 5566.989315234377,
  "ES-DIR3-E04585801-009-051247": 9937.686202312503,
  "ES-DIR3-E04585801-009-051479": 8222.647500000003,
  "ES-DIR3-E04585801-009-051917": 768.5991271757814,
  "ES-DIR3-E04585801-009-051931": 719.4045689296878,
  "ES-DIR3-E04585801-009-052031": 2421.3127310156256,
  "ES-DIR3-E04585801-009-052077": 128.47886718750004,
  "ES-DIR3-E04585801-009-052079": 128.47886718750004,
  "ES-DIR3-E04585801-009-052301": 3881.316144922555,
  "ES-DIR3-E04585801-009-052375": 109061.65042326564,
  "ES-DIR3-E04585801-009-052629": 7065.412647468752,