{
  "NL-KVK-41209946-FlexFundMainline": {
    "mainline-289.xml": 424995.5720641024
  },
  "NL-KVK-41209946-Indonesia": {
    "mainline-798.xml": 1303179.8599541096
  },
  "NL-KVK-41209946-Innovation": {
    "mainline-798.xml": 2056468.574103779
  },
  "NL-KVK-41209946-Kenya": {
    "mainline-298.xml": 1521974.2210085231
  },
  "NL-KVK-41209946-MainlineBtG2": {
    "mainline-998.xml": 72828.30371783476
  },
  "NL-KVK-41209946-Nepal": {
    "mainline-798.xml": 1000553.7941988894
  },
  "NL-KVK-41209946-PWUDCommunityResearch": {
    "mainline-998.xml": 731679.0174213722
  },
  "NL-KVK-41209946-South-Africa": {
    "mainline-298.xml": 2128889.1476946645
  },
  "NL-KVK-41209946-Tanzania": {
    "mainline-298.xml": 269133.75845424365
  },
  "NL-KVK-41209946-VIETNAM": {
    "mainline-798.xml": 310778.0120718749
  },
  "NL-KVK-41209946-Vietnam": {
    "mainline-789.xml": 19921.667440504803
  }
}