{
  "DE-1-199665514": 22259900.439474527,
  "DE-1-199965286": 29598275.43747445,
  "DE-1-200135061": 3649599.7408327367,
  "DE-1-200165266": 60094783.97203455,
  "DE-1-200166033": 9108347.856794992,
  "DE-1-200170324": 1290043.4953965966,
  "DE-1-200265470": 5677010.20141909,
  "DE-1-200365411": 5659700.324711975,
  "DE-1-200366054": 11560407.529411733,
  "DE-1-200366120": 15832108.430863913,
  "DE-1-200370163": 4673356.235294105,
  "DE-1-200470153": 3858030.5337270144,
  "DE-1-200765909": 76972306.07843131,
  "DE-1-200766196": 2755544.140625,
  "DE-1-200766253": 39759934.81035531,
  "DE-1-200766352": 15058399.215268234,
  "DE-1-200770214": 12420659.447339185,
  "DE-1-200774687-0": 616715.1176470608,
  "DE-1-200966291": 53076694.117647186,
  "DE-1-200966499": 58392783.92156859,
  "DE-1-200966507": 47769024.70588247,
  "DE-1-200966515": 79626523.5294117,
  "DE-1-200966572": 18079662.698053557,
  "DE-1-200970285": 3981326.176470585,
  "DE-1-200975011-0": 808973.8046874995,
  "DE-1-201067073": 104531578.24754885,
  "DE-1-201075076-0": 808687.1666666683,
  "DE-1-201075787-0": 709897.1789883282,
  "DE-1-201166321": 39199341.842830814,
  "DE-1-201170216": 653322.3640471803,
  "DE-1-201174226-0": 292310.603112841,
  "DE-1-201175181-0": 264471.49805447523,
  "DE-1-201175538-0": 139195.52529182905,
  "DE-1-201175975-0": 473264.7859922188,
  "DE-1-201210095-0": 779866.7238281252,
  "DE-1-201226059-0": 828688.6933593752,
  "DE-1-201266949": 99637558.82352906,
  "DE-1-201266956": 24577264.509803835,
  "DE-1-201266964": 39855023.52941163,
  "DE-1-201270289": 1992751.1764705812,
  "DE-1-201270297": 7519577.09752011,
  "DE-1-201275486-0": 642394.3359375001,
  "DE-1-201316744-0": 43509.146964706,
  "DE-1-201334481-0": 251748.7586874517,
  "DE-1-201366343": 54054682.36075392,
  "DE-1-201370170": 6596554.1647908455,
  "DE-1-201375252-0": 883198.4960784338,
  "DE-1-201375260-0": 410388.4741176482,
  "DE-1-201455302-0": 591364.8536270568,
  "DE-1-201467927": 53140031.37254883,
  "DE-1-201467950": 71804443.38375206,
  "DE-1-201467968": 53140031.37254883,
  "DE-1-201468735": 110265565.09803884,
  "DE-1-201470194": 6309951.732053087,
  "DE-1-201470202": 2657001.568627442,
  "DE-1-201470210": 1328500.784313721,
  "DE-1-201474394-0": 929950.5490196046,
  "DE-1-201475995-0": 511472.80196078256,
  "DE-1-201526102-0": 959576.1165098005,
  "DE-1-201570258": 1005349.4117582121,
  "DE-1-201575372-0": 743960.4392156837,
  "DE-1-201576131-0": 544685.3215686255,
  "DE-1-201606003-2127": 61137.60609411744,
  "DE-1-201668417": 39855023.52941163,
  "DE-1-201668433": 50097681.86401158,
  "DE-1-201668458": 8470596.04779359,
  "DE-1-201670314": 771275.7438419581,
  "DE-1-201670330": 1695167.000784308,
  "DE-1-201670355": 3586952.117647046,
  "DE-1-201674209-0": 163405.59647058765,
  "DE-1-201674217-0": 159420.0941176465,
  "DE-1-201675032-0": 836955.4941176441,
  "DE-1-201675685-0": 850240.5019607814,
  "DE-1-201706019-2230": 460052.0897332768,
  "DE-1-201739580-0": 274999.66235294024,
  "DE-1-201774249-0": 147463.587058823,
  "DE-1-201774421-0": 471617.7784313709,
  "DE-1-201776228-0": 531400.3137254884,
  "DE-1-201867001": 34817990.39387792,
  "DE-1-201868041": 46830169.30101368,
  "DE-1-201868058": 53140031.37254883,
  "DE-1-201868066": 61775286.47058802,
  "DE-1-201870294": 821372.1799176441,
  "DE-1-201870302": 531400.3137254884,
  "DE-1-201870310": 3773795.4570796927,
  "DE-1-201875038-0": 757245.4470588209,
  "DE-1-201875863-0": 215217.12705882278,
  "DE-1-201906015-3376": 388967.75913686136,
  "DE-1-201933142-0": 398550.23529411625,
  "DE-1-201939008-0": 358695.2117647046,
  "DE-1-201940469-4307": 1461350.862745093,
  "DE-1-201974690-0": 199275.11764705813,
  "DE-1-201975150-0": 298912.6764705872,
  "DE-1-201976547-0": 969805.5725490162,
  "DE-1-201976943-0": 850240.5019607814,
  "DE-1-202001600-4924": 369272.3763141987,
  "DE-1-202067890": 180676106.66666606,
  "DE-1-202068112": 77207485.42013828,
  "DE-1-202070100": 531400.3137254884,
  "DE-1-202070191": 4818904.107460767,
  "DE-1-202074284-0": 491545.29019607673,
  "DE-1-202076156-0": 212560.12549019535,
  "DE-1-202106003-5178": 656592.9136360761,
  "DE-1-202106003-5943": 530791.5149560687,
  "DE-1-202106003-5977": 730675.4313725465,
  "DE-1-202106003-6069": 393581.64236078295,
  "DE-1-202133007-0": 688163.4062745074,
  "DE-1-202175115-0": 584540.3450980372,
  "DE-1-202175123-0": 856883.0058823499,
  "DE-1-202176501-0": 247101.14588235208
}