{
  "US-GOV-1-720201650753": 546423.04,
  "US-GOV-1-720201650754": 556342.42,
  "US-GOV-1-720201650755": 3957414.27,
  "US-GOV-1-720201650756": 2640818.67,
  "US-GOV-1-720201650757": 4505358.7,
  "US-GOV-1-720201650762": 3795.15,
  "US-GOV-1-720201650763": 315341.46,
  "US-GOV-1-720201650770": 5739981.68,
  "US-GOV-1-720201650776": 464924.77,
  "US-GOV-1-720201650777": 6967459.41,
  "US-GOV-1-720201650779": 161763.99,
  "US-GOV-1-720201650781": 434906.14,
  "US-GOV-1-720201650784": 191528.94999999998,
  "US-GOV-1-720201650793": 984.94,
  "US-GOV-1-720201650795": 5456.58,
  "US-GOV-1-720201650796": -2963.13,
  "US-GOV-1-720201650797": 4429554.1,
  "US-GOV-1-720201650798": -3536.72,
  "US-GOV-1-720201650802": 13163.43,
  "US-GOV-1-720201650804": 42917.26,
  "US-GOV-1-720201650808": 84254.21,
  "US-GOV-1-720201650809": 115068.01,
  "US-GOV-1-720201650819": 270396.64,
  "US-GOV-1-720201650821": 4959.24,
  "US-GOV-1-720201650831": 3339788.03,
  "US-GOV-1-720201650840": 708941.0,
  "US-GOV-1-720201650842": 4662628.55,
  "US-GOV-1-720201650845": 176486.03,
  "US-GOV-1-720201650846": 6840812.49,
  "US-GOV-1-720201650850": 31058.11,
  "US-GOV-1-720201650851": 8324673.67,
  "US-GOV-1-720201650854": 8925.289999999999,
  "US-GOV-1-720201650855": 226954.25,
  "US-GOV-1-720201650857": 90615.59,
  "US-GOV-1-720201650864": 1626875.17,
  "US-GOV-1-720201650866": 12666197.49,
  "US-GOV-1-720201650867": 1270038.76,
  "US-GOV-1-720201650868": 26742862.3,
  "US-GOV-1-720201650874": 32191.52,
  "US-GOV-1-720201650884": 11367.18,
  "US-GOV-1-720201650889": -3280.37,
  "US-GOV-1-720201650895": 19408.99,
  "US-GOV-1-720201650896": 6581.78,
  "US-GOV-1-720201650897": 756464.81,
  "US-GOV-1-720201650899": 712420.9199999999,
  "US-GOV-1-720201650914": 94440.64,
  "US-GOV-1-720201650915": 367734.83999999997,
  "US-GOV-1-720201650916": 291189.84,
  "US-GOV-1-720201650917": 264119.4,
  "US-GOV-1-720201650930": 201670.46000000002,
  "US-GOV-1-720201650931": 1121619.83,
  "US-GOV-1-720201650935": -3580.9100000000003,
  "US-GOV-1-720201650938": 4805.58,
  "US-GOV-1-720201650939": 1408500.79,
  "US-GOV-1-720201650940": 53003.97,
  "US-GOV-1-720201650950": 2355236.44,
  "US-GOV-1-720201650953": -169952.73000000004,
  "US-GOV-1-720201650960": 39223.4,
  "US-GOV-1-720201650961": -40001.60999999999,
  "US-GOV-1-720201650962": 76639.01999999999,
  "US-GOV-1-720201650963": 644544.66,
  "US-GOV-1-720201650964": 124547.69,
  "US-GOV-1-720201650965": 875767.8999999999,
  "US-GOV-1-720201650968": 765.6999999999999,
  "US-GOV-1-720201650982": 23359.95,
  "US-GOV-1-720201650994": 330730.77999999997,
  "US-GOV-1-720201650995": 2138872.52,
  "US-GOV-1-720201651000": 2835101.3,
  "US-GOV-1-720201651007": 61639.42,
  "US-GOV-1-720201651008": 193117.71000000002,
  "US-GOV-1-720201651009": 1308382.99,
  "US-GOV-1-720201651016": 9712922.22,
  "US-GOV-1-720201651017": 4995.97,
  "US-GOV-1-720201651019": 30984031.63,
  "US-GOV-1-720201651021": 8813308.370000001,
  "US-GOV-1-720201651022": -712714.24,
  "US-GOV-1-720201651023": -7471804.67,
  "US-GOV-1-720201651024": 16412774.92,
  "US-GOV-1-720201651025": 91884538.36,
  "US-GOV-1-720201651029": 2087072.3599999999,
  "US-GOV-1-720201651038": -2208.500000000001,
  "US-GOV-1-720201651039": 11453710.37,
  "US-GOV-1-720201651042": 2393.7000000000003,
  "US-GOV-1-720201651049": 70177.4,
  "US-GOV-1-720201651050": 1185133.27,
  "US-GOV-1-720201651052": 1439319.25,
  "US-GOV-1-720201651053": 7578308.62,
  "US-GOV-1-720201651080": 97461.49,
  "US-GOV-1-720201651082": 3669.82,
  "US-GOV-1-720201651084": 6176926.140000001,
  "US-GOV-1-720201651085": 149524.66,
  "US-GOV-1-720201651086": 24309711.08,
  "US-GOV-1-720201651089": 1237622.8800000001,
  "US-GOV-1-720201651090": 16911597.09,
  "US-GOV-1-720201651093": 9504.89,
  "US-GOV-1-720201651095": 1588850.32,
  "US-GOV-1-720201651101": 186992.91,
  "US-GOV-1-720201651103": 85258.23,
  "US-GOV-1-720201651108": 5645761.550000001,
  "US-GOV-1-720201651112": 1027482.2,
  "US-GOV-1-720201651114": 118249.43000000001,
  "US-GOV-1-720201651119": 141630.42,
  "US-GOV-1-720201651120": 1059616.2,
  "US-GOV-1-720201651121": 204809.71000000002,
  "US-GOV-1-720201651122": 321306.62,
  "US-GOV-1-720201651124": 1010873.64,
  "US-GOV-1-720201651125": 522371.55,
  "US-GOV-1-720201651128": 2644446.38,
  "US-GOV-1-720201651132": 1336332.44,
  "US-GOV-1-720201651133": 21812.7,
  "US-GOV-1-720201651135": 1251896.4200000002,
  "US-GOV-1-720201651136": -6095.98,
  "US-GOV-1-720201651137": 2407731.72,
  "US-GOV-1-720201651138": 215900.71999999997,
  "US-GOV-1-720201651155": 325162.31,
  "US-GOV-1-720201651156": 36249.409999999996,
  "US-GOV-1-720201651157": 797065.46,
  "US-GOV-1-720201651158": 545359.68,
  "US-GOV-1-720201651159": 1375653.1600000001,
  "US-GOV-1-720201651160": 1706306.66,
  "US-GOV-1-720201651161": 1236394.96,
  "US-GOV-1-720201651166": 20657.19,
  "US-GOV-1-720201651167": 553690.76,
  "US-GOV-1-720201651177": 183776.16,
  "US-GOV-1-720201651181": 4249664.51,
  "US-GOV-1-720201651182": 8632897.75,
  "US-GOV-1-720201651190": -11648.81,
  "US-GOV-1-720201651195": 12826.589999999998,
  "US-GOV-1-720201651214": 6076.06,
  "US-GOV-1-720201651215": -2253.26,
  "US-GOV-1-720201651216": 331650.60000000003,
  "US-GOV-1-720201651225": 14232.8,
  "US-GOV-1-720201651226": 36306.0,
  "US-GOV-1-720201651237": -1408.67,
  "US-GOV-1-720201651238": 29138.699999999997,
  "US-GOV-1-720201651243": 412.95,
  "US-GOV-1-720201651245": -519.06,
  "US-GOV-1-720201651250": 487.93,
  "US-GOV-1-720201651259": 58301.35,
  "US-GOV-1-720201651262": 43502.42,
  "US-GOV-1-720201651276": 40635.85,
  "US-GOV-1-720201651279": 66243.69,
  "US-GOV-1-720201651283": 124947.77,
  "US-GOV-1-720201651287": 5120.42,
  "US-GOV-1-720201651288": 73334.56999999999,
  "US-GOV-1-720201651290": 4696.849999999999,
  "US-GOV-1-720201651293": 81344.51,
  "US-GOV-1-720201651297": 2500.0,
  "US-GOV-1-720201651299": -2324.77,
  "US-GOV-1-720201651300": 167135.93,
  "US-GOV-1-720201651301": 279250.33999999997,
  "US-GOV-1-720201651302": 540078.8099999999,
  "US-GOV-1-720201651305": 7747.830000000001,
  "US-GOV-1-720201651329": 11268.0,
  "US-GOV-1-720201651330": 47105.5,
  "US-GOV-1-720201651332": 65855.04,
  "US-GOV-1-720201651334": 7845.31,
  "US-GOV-1-720201651343": 210743.09999999998,
  "US-GOV-1-720201651353": 9873.33,
  "US-GOV-1-720201651354": 176287.48,
  "US-GOV-1-720201651362": 86.11,
  "US-GOV-1-720201651371": 8768.710000000001,
  "US-GOV-1-720201651372": 178123.35,
  "US-GOV-1-720201651378": 118960591.77,
  "US-GOV-1-720201651380": 29413261.78,
  "US-GOV-1-720201651382": 1597900179.6200001,
  "US-GOV-1-720201651383": 295112.0,
  "US-GOV-1-720201651384": 1010962.11,
  "US-GOV-1-720201651386": 120650.42,
  "US-GOV-1-720201651387": 666489.32,
  "US-GOV-1-720201651406": 14542454.08,
  "US-GOV-1-720201651408": 49625790.699999996,
  "US-GOV-1-720201651409": 1762734.4200000002,
  "US-GOV-1-720201651412": 8930003.47,
  "US-GOV-1-720201651415": 490226.99,
  "US-GOV-1-720201651418": 2174073.88,
  "US-GOV-1-720201651427": 745232.53,
  "US-GOV-1-720201651430": 36255.8,
  "US-GOV-1-720201651435": 103547.8,
  "US-GOV-1-720201651444": 295551.86,
  "US-GOV-1-720201651448": 854087.05,
  "US-GOV-1-720201651449": 1007912.62,
  "US-GOV-1-720201651450": 6453247.19,
  "US-GOV-1-720201651451": 516511.4,
  "US-GOV-1-720201651452": 2410898.1,
  "US-GOV-1-720201651453": 66225.72,
  "US-GOV-1-720201651470": 1533331.94,
  "US-GOV-1-720201651471": 102911.13,
  "US-GOV-1-720201651472": 611170.87,
  "US-GOV-1-720201651473": -39268.51,
  "US-GOV-1-720201651474": -909.9600000000019,
  "US-GOV-1-720201651480": 264780.91,
  "US-GOV-1-720201651490": 710060.37,
  "US-GOV-1-720201651491": 9820441.0,
  "US-GOV-1-720201651500": 2555853.42,
  "US-GOV-1-720201651502": 14238556.459999999,
  "US-GOV-1-720201651504": 73155933.12,
  "US-GOV-1-720201651506": 748781.41,
  "US-GOV-1-720201651509": 2778037.45,
  "US-GOV-1-720201651524": 19182.24,
  "US-GOV-1-720201651529": 30770982.240000002,