{
  "DE-1-199070079": 2363777.7965631103,
  "DE-1-199665696": 10880794.919131111,
  "DE-1-199965112": 15345589.40471582,
  "DE-1-199965963": 9076401.890237562,
  "DE-1-199970229": 1002066.640440912,
  "DE-1-200065656": 7651782.954387833,
  "DE-1-200065755": 11944118.225370526,
  "DE-1-200065763": 11695196.33184322,
  "DE-1-200165035": 9085026.885081261,
  "DE-1-200170118": 2202863.082573304,
  "DE-1-200265017": 17420020.92393742,
  "DE-1-200266924": 25704746.967471536,
  "DE-1-200466466": 84661.92901631426,
  "DE-1-200565952": 53078710.30792002,
  "DE-1-200565960": 8579171.895065295,
  "DE-1-200716738-0": 319308.0920646726,
  "DE-1-200721100": 2935388.224306248,
  "DE-1-200821264": 9746129.773648134,
  "DE-1-200855288-0": 1840052.2455376638,
  "DE-1-200866749": 13062889.22495136,
  "DE-1-200866756": 13602077.080393124,
  "DE-1-200931220-0": 389845.1909459253,
  "DE-1-200933150-0": 178214.944432423,
  "DE-1-201034222-0": 958412.5537000591,
  "DE-1-201119189-0": 974420.8970080484,
  "DE-1-201120997": 9975586.618306855,
  "DE-1-201121003": 19815104.55593667,
  "DE-1-201121011": 5974249.85359948,
  "DE-1-201130004-0": 247781.313810618,
  "DE-1-201165729": 13062889.22495136,
  "DE-1-201166727": 23434481.312619373,
  "DE-1-201166909": 39835833.619169734,
  "DE-1-201206366-0": 187022.20234146385,
  "DE-1-201216746-0": 1531699.5448304394,
  "DE-1-201218254-0": 2456825.1125496365,
  "DE-1-201218510-0": 1220243.3481754542,
  "DE-1-201218544-0": 1990923.3575494252,
  "DE-1-201218858-0": 1149334.3649796373,
  "DE-1-201219930": 3210047.408613265,
  "DE-1-201222785": 8629472.010754805,
  "DE-1-201234004-0": 640909.055995535,
  "DE-1-201255264-0": 780754.7992007374,
  "DE-1-201266923": 73852637.47688079,
  "DE-1-201315696-0": 23896.99941439792,
  "DE-1-201318039": 4646280.572276707,
  "DE-1-201318187-0": 3451788.8043019217,
  "DE-1-201324672": 12660552.841688188,
  "DE-1-201331560-0": 225693.88335820258,
  "DE-1-201339019-0": 394300.4903375657,
  "DE-1-201362920-0": 1467225.580345262,
  "DE-1-201366913": 13281111.627003202,
  "DE-1-201420678": 3320277.9067508006,
  "DE-1-201420694": 20917750.81253004,
  "DE-1-201467208": 20766463.79735011,
  "DE-1-201467216": 60459447.54327281,
  "DE-1-201467224": 58324695.116822615,
  "DE-1-201468529": 13276131.210143076,
  "DE-1-201516665-0": 20086.353224679642,
  "DE-1-201518018": 6610415.8845541775,
  "DE-1-201520287": 5312444.6508012805,
  "DE-1-201566702-0": 101901.98518050746,
  "DE-1-201606003-1225": 49804.168601262005,
  "DE-1-201606003-1452": 203851.78236287215,
  "DE-1-201606003-1584": 182932.8362502957,
  "DE-1-201621390": 63018874.67013019,
  "DE-1-201622406": 27890334.416706722,
  "DE-1-201630839-0": 367886.79206798866,
  "DE-1-201668789": 94132596.96790746,
  "DE-1-201706019-1850": 88053.77008703123,
  "DE-1-201706019-2487": 165946.1616682423,
  "DE-1-201720788": 15521513.530058362,
  "DE-1-201720929": 5976500.23215144,
  "DE-1-201720937": 38515223.71830928,
  "DE-1-201720945": 8632722.55755208,
  "DE-1-201720960": 3640735.0203219843,
  "DE-1-201721000": 3984333.4881009604,
  "DE-1-201767722": 32902317.544044644,
  "DE-1-201768142": 31868189.31215047,
  "DE-1-201769033": 47877186.53587912,
  "DE-1-201769041": 25710418.81314554,
  "DE-1-201769058": 25095824.654748883,
  "DE-1-201769066": 27561923.484442133,
  "DE-1-201806009-3052": 553016.1913702744,
  "DE-1-201818442-0": 159506150.64030844,
  "DE-1-201839471-0": 414370.6827624999,
  "DE-1-201906015-3029": 128748.95546779681,
  "DE-1-201906015-4347": 3003673.471008159,
  "DE-1-201907021-0": 2921844.5579407043,
  "DE-1-201923705": 20399787.45907692,
  "DE-1-201923713": 3917927.9299659445,
  "DE-1-201932722-0": 847334.9218028042,
  "DE-1-201933191-0": 640149.5804215543,
  "DE-1-201940469-4357": 1135535.0441087738,
  "DE-1-201969153": 6640555.813501601,
  "DE-1-201969427": 18593556.277804483,
  "DE-1-201969435": 20421257.783819802,
  "DE-1-202006005-5103": 276580.384775723,
  "DE-1-202006005-5180": 233998.5776450067,
  "DE-1-202006005-5697": 277064.48129452724,
  "DE-1-202018380-0": 1859355.6277804482,
  "DE-1-202018489-0": 13281111.627003202,
  "DE-1-202018497-0": 13281111.627003202,
  "DE-1-202018596": 8632722.55755208,
  "DE-1-202020816": 11288944.882952722,
  "DE-1-202020840": 4327931.955879937,
  "DE-1-202052579-0": 1328111.1627003201,
  "DE-1-202075034-0": 225778.89765905443,
  "DE-1-202100709-5887": 221536.31295536636,
  "DE-1-202100709-5900": 973875.6534026024,
  "DE-1-202100709-5954": 180173.68530978577,
  "DE-1-202118354-0": 4648389.069451121,
  "DE-1-202118362-0": 2390600.092860576,
  "DE-1-202118701-0": 3718711.2555608964,
  "DE-1-202120996": 25234112.091306083,
  "DE-1-202122166": 1859355.6277804482,
  "DE-1-202122190": 7968666.976201921,
  "DE-1-202175909-0": 2656222.3254006403
}