{
  "GB-1-114211-102": 3238.669488417945,
  "GB-1-114477-101": 309033.3481314833,
  "GB-1-200890-101": 125054.82576453897,
  "GB-1-200935-102": 449043.9968359331,
  "GB-1-201225-102": 88793.00675187845,
  "GB-1-201225-103": 108934.25521634787,
  "GB-1-201225-104": 14016.207504503425,
  "GB-1-201225-105": 54956.94546496234,
  "GB-1-201354-102": 18338.03887812222,
  "GB-1-204948-103": 572725.081362088,
  "GB-1-204948-104": 2685302.686957735,
  "GB-GOV-1-300470-101": 799697.7249512293,
  "GB-GOV-1-300494-101": 8461769.465503084,
  "GB-GOV-1-300532-101": 4026991.4313232354,
  "GB-GOV-1-300953-102": 1324299.4325192356,
  "GB-GOV-1-300953-103": 1186001.090159769,
  "GB-GOV-1-300953-104": 2120479.1456681076,
  "GB-GOV-1-300953-105": 1174094.4795882727,
  "GB-GOV-1-300953-108": 13163.748558867972,
  "GB-GOV-1-300953-109": 988567.8983367273
}