{
  "XM-DAC-41108-1100000323": 5822281.074365796,
  "XM-DAC-41108-1100001159": 34186847.40749263,
  "XM-DAC-41108-1100001373": 11173311.226962792,
  "XM-DAC-41108-1100001665": 31930943.346452378,
  "XM-DAC-41108-2000001804": 12410182.9
}