{
  "ES-DIR3-E04585801-009-002705": 2994882.9888819987,
  "ES-DIR3-E04585801-009-003175": 94248.0076019051,
  "ES-DIR3-E04585801-009-003371": 632786.6893489634,
  "ES-DIR3-E04585801-009-003879": 3307.46293041589,
  "ES-DIR3-E04585801-009-003923": 139202.98528686404,
  "ES-DIR3-E04585801-009-003925": 13363.48658753895,
  "ES-DIR3-E04585801-009-003929": 21576.46271946393,
  "ES-DIR3-E04585801-009-003933": 15451.53136684191,
  "ES-DIR3-E04585801-009-003937": 139202.98528686404,
  "ES-DIR3-E04585801-009-003941": 139202.98528686404,
  "ES-DIR3-E04585801-009-003943": 128066.74646391493,
  "ES-DIR3-E04585801-009-003945": 139133.38379422063,
  "ES-DIR3-E04585801-009-003949": 21994.07167532452,
  "ES-DIR3-E04585801-009-003951": 27840.597057372812,
  "ES-DIR3-E04585801-009-003953": 16147.546293276231,
  "ES-DIR3-E04585801-009-003955": 26726.9731750779,
  "ES-DIR3-E04585801-009-003959": 17539.57614614487,
  "ES-DIR3-E04585801-009-003965": 278403.18651402235,
  "ES-DIR3-E04585801-009-003967": 278405.9705737281,
  "ES-DIR3-E04585801-009-003969": 278405.9705737281,
  "ES-DIR3-E04585801-009-003975": 260381.96803878495,
  "ES-DIR3-E04585801-009-003979": 250843.77948692904,
  "ES-DIR3-E04585801-009-003981": 273531.0820289821,
  "ES-DIR3-E04585801-009-005779": 172001.24098403443,
  "ES-DIR3-E04585801-009-007307": 7706.800093739711,
  "ES-DIR3-E04585801-009-007321": 50672.2106163386,
  "ES-DIR3-E04585801-009-007325": 21707.486930700183,
  "ES-DIR3-E04585801-009-028317": 60135.689643925274,
  "ES-DIR3-E04585801-009-028741": 9465.802999506755,
  "ES-DIR3-E04585801-009-029337": 133634.86587538949,
  "ES-DIR3-E04585801-009-030083": 195.357469551585,
  "ES-DIR3-E04585801-009-030119": 30067.844821962637,
  "ES-DIR3-E04585801-009-030123": 14477.110469833862,
  "ES-DIR3-E04585801-009-030283": 2078963.1765428458,
  "ES-DIR3-E04585801-009-030365": 165442.74801343793,
  "ES-DIR3-E04585801-009-030369": 46215.39111523887,
  "ES-DIR3-E04585801-009-030551": 6108.2269943875945,
  "ES-DIR3-E04585801-009-030887": 13310.366728353481,
  "ES-DIR3-E04585801-009-031867": 10022.614940654212,
  "ES-DIR3-E04585801-009-031889": 111362.38822949125,
  "ES-DIR3-E04585801-009-032045": 7795.367176064387,
  "ES-DIR3-E04585801-009-033505": 19227.356661553982,
  "ES-DIR3-E04585801-009-033663": 226050.3914586798,
  "ES-DIR3-E04585801-009-034281": 6767603.695094412,
  "ES-DIR3-E04585801-009-034337": 64590.185173104925,
  "ES-DIR3-E04585801-009-034531": 351679.9720561923,
  "ES-DIR3-E04585801-009-034989": 30318.41019547899,
  "ES-DIR3-E04585801-009-035053": 26726.9731750779,
  "ES-DIR3-E04585801-009-035267": 50057.39350915632,
  "ES-DIR3-E04585801-009-035707": 789128.1373798683,
  "ES-DIR3-E04585801-009-035975": 20549.144688046872,
  "ES-DIR3-E04585801-009-036857": 30067.844821962637,
  "ES-DIR3-E04585801-009-037213": 30067.844821962637,
  "ES-DIR3-E04585801-009-037381": 60135.689643925274,
  "ES-DIR3-E04585801-009-037597": 11414.644793522853,
  "ES-DIR3-E04585801-009-037793": 26726.9731750779,
  "ES-DIR3-E04585801-009-038153": 7770.310638712752,
  "ES-DIR3-E04585801-009-038347": 38976.83588032194,
  "ES-DIR3-E04585801-009-038585": 34522.34035114229,
  "ES-DIR3-E04585801-009-038695": 37802.65869942724,
  "ES-DIR3-E04585801-009-038727": 121398.92346867414,
  "ES-DIR3-E04585801-009-038797": 10022.614940654212,
  "ES-DIR3-E04585801-009-039219": 29511.03288081518,
  "ES-DIR3-E04585801-009-039627": 14477.110469833862,
  "ES-DIR3-E04585801-009-040185": 3228121.404891936,
  "ES-DIR3-E04585801-009-040731": 32665.873658162553,
  "ES-DIR3-E04585801-009-040981": 10022.614940654212,
  "ES-DIR3-E04585801-009-040993": 10022.614940654212,
  "ES-DIR3-E04585801-009-041429": 70682.59870836393,
  "ES-DIR3-E04585801-009-041583": 27044.13325675549,
  "ES-DIR3-E04585801-009-042133": 21082.904614830823,
  "ES-DIR3-E04585801-009-042997": 30067.844821962637,
  "ES-DIR3-E04585801-009-043091": 19878.18629896419,
  "ES-DIR3-E04585801-009-043139": 15033.922410981319,
  "ES-DIR3-E04585801-009-043867": 30067.844821962637,
  "ES-DIR3-E04585801-009-046159": 10273.180314170568,
  "ES-DIR3-E04585801-009-046233": 196768.98782239383,
  "ES-DIR3-E04585801-009-046363": 64562.34457604755,
  "ES-DIR3-E04585801-009-046371": 150.97955784213275,
  "ES-DIR3-E04585801-009-047079": 124336.37484566733,
  "ES-DIR3-E04585801-009-047083": 23787.038489327617,
  "ES-DIR3-E04585801-009-047091": 139878.42170137574,
  "ES-DIR3-E04585801-009-047187": 11174.86013592258,
  "ES-DIR3-E04585801-009-047191": 16184.280196853391,
  "ES-DIR3-E04585801-009-047197": 18496.320224975305,
  "ES-DIR3-E04585801-009-047203": 16184.280196853391,
  "ES-DIR3-E04585801-009-047207": 15413.60018747942,
  "ES-DIR3-E04585801-009-047255": 31449.524482528323,
  "ES-DIR3-E04585801-009-047259": 31405.21038198932,
  "ES-DIR3-E04585801-009-047263": 27359.140332775973,
  "ES-DIR3-E04585801-009-047265": 22478.166940074156,
  "ES-DIR3-E04585801-009-047269": 35580.36933277281,
  "ES-DIR3-E04585801-009-047281": 5394.760065617797,
  "ES-DIR3-E04585801-009-047287": 6165.440074991769,
  "ES-DIR3-E04585801-009-047289": 3724.95337864086,
  "ES-DIR3-E04585801-009-047293": 6422.333411449758,
  "ES-DIR3-E04585801-009-047295": 3724.95337864086,
  "ES-DIR3-E04585801-009-047765": 17814.26841667934,
  "ES-DIR3-E04585801-009-047769": 31854.773720790803,
  "ES-DIR3-E04585801-009-047777": 44635.21720957582,
  "ES-DIR3-E04585801-009-047783": 27035.454728838904,
  "ES-DIR3-E04585801-009-047789": 10917.96679946459,
  "ES-DIR3-E04585801-009-048755": 1871156.7555086743,
  "ES-DIR3-E04585801-009-048785": 160314.58204394582,
  "ES-DIR3-E04585801-009-048787": 3560964.0915548843,
  "ES-DIR3-E04585801-009-050009": 360655.5908914496,
  "ES-DIR3-E04585801-009-051007": 834.9033434884686,
  "ES-DIR3-E04585801-009-051807": 6098.031263505192,
  "ES-DIR3-E04585801-009-051815": 17501.24388620528,
  "ES-DIR3-E04585801-009-052375": 185301.06836586262,
  "ES-DIR3-E04585801-009-058035": 126334.51435747376,
  "ES-DIR3-E04585801-009-058191": 119495.4737527986,
  "ES-DIR3-E04585801-009-058353": 1204529.013673782,
  "ES-DIR3-E04585801-009-058391": 328353.7310830247,
  "ES-DIR3-E04585801-009-062147": 8991.266776029663,
  "ES-DIR3-E04585801-009-062397": 9400.112521002555,
  "ES-DIR3-E04585801-009-062541": 21647.373889969014,
  "ES-DIR3-E04585801-009-064075": 4671.3854455265055,
  "ES-DIR3-E04585801-009-065251": 3151.7221483217986,
  "ES-DIR3-E04585801-009-066055": 4753.511466847321,
  "ES-DIR3-E04585801-009-066057": 22507.813733995827,
  "ES-DIR3-E04585801-009-066133": 2672.1093700748324,
  "ES-DIR3-E04585801-009-066169": 6834.541832517805,
  "ES-DIR3-E04585801-009-066745": 5678.551038067878,
  "ES-DIR3-E04585801-009-066775": 3850.0721278752203,
  "ES-DIR3-E04585801-009-066783": 5690.831440544722,
  "ES-DIR3-E04585801-009-066799": 5217.046874932711,
  "ES-DIR3-E04585801-009-066835": 8486.806924250848,
  "ES-DIR3-E04585801-009-066837": 1991.4166178664934,
  "ES-DIR3-E04585801-009-066841": 2186.3364764232656,
  "ES-DIR3-E04585801-009-066843": 2721.602711084208,
  "ES-DIR3-E04585801-009-066845": 31198.860346575064,
  "ES-DIR3-E04585801-009-066849": 2971.445839961738,
  "ES-DIR3-E04585801-009-066851": 27216.027110842075,
  "ES-DIR3-E04585801-009-067021": 7567.383147892675,
  "ES-DIR3-E04585801-009-067023": 8316.062863434976,
  "ES-DIR3-E04585801-009-067027": 59742.498535994804,
  "ES-DIR3-E04585801-009-067643": 161.30474604718597,
  "ES-DIR3-E04585801-009-067979": 376139.8063192646,
  "ES-DIR3-E04585801-009-072993": 20757.73025799318,
  "ES-DIR3-E04585801-009-074219": 10622.88896511193,
  "ES-DIR3-E04585801-009-074365": 2655.2221571553246,
  "ES-DIR3-E04585801-009-077387": 7965.666471465974,
  "ES-DIR3-E04585801-009-077597": 18565.1540095006,
  "ES-DIR3-E04585801-009-077609": 106208.88628621298,
  "ES-DIR3-E04585801-009-077619": 66376.2790212101,
  "ES-DIR3-E04585801-009-077715": 19914.166178664935,
  "ES-DIR3-E04585801-009-079657": 977677.5183828736,
  "ES-DIR3-E04585801-009-079659": 92068.07585273715,