{
  "ES-DIR3-E04585801-009-002705": 2994722.490799422,
  "ES-DIR3-E04585801-009-003175": 94242.95677869668,
  "ES-DIR3-E04585801-009-003371": 632752.7778236395,
  "ES-DIR3-E04585801-009-003879": 3307.2856809338587,
  "ES-DIR3-E04585801-009-003923": 139195.52529182905,
  "ES-DIR3-E04585801-009-003925": 13362.77042801559,
  "ES-DIR3-E04585801-009-003929": 21575.306420233504,
  "ES-DIR3-E04585801-009-003933": 15450.703307393025,
  "ES-DIR3-E04585801-009-003937": 139195.52529182905,
  "ES-DIR3-E04585801-009-003941": 139195.52529182905,
  "ES-DIR3-E04585801-009-003943": 128059.88326848274,
  "ES-DIR3-E04585801-009-003945": 139125.92752918316,
  "ES-DIR3-E04585801-009-003949": 21992.892996108993,
  "ES-DIR3-E04585801-009-003951": 27839.10505836581,
  "ES-DIR3-E04585801-009-003953": 16146.68093385217,
  "ES-DIR3-E04585801-009-003955": 26725.54085603118,
  "ES-DIR3-E04585801-009-003959": 17538.63618677046,
  "ES-DIR3-E04585801-009-003965": 278388.2666731523,
  "ES-DIR3-E04585801-009-003967": 278391.0505836581,
  "ES-DIR3-E04585801-009-003969": 278391.0505836581,
  "ES-DIR3-E04585801-009-003975": 260368.01396887208,
  "ES-DIR3-E04585801-009-003979": 250830.33657587596,
  "ES-DIR3-E04585801-009-003981": 273516.4232879383,
  "ES-DIR3-E04585801-009-005779": 171992.02330525324,
  "ES-DIR3-E04585801-009-007307": 7708.732031250002,
  "ES-DIR3-E04585801-009-007321": 50684.91310546876,
  "ES-DIR3-E04585801-009-007325": 21712.928554687503,
  "ES-DIR3-E04585801-009-028317": 60132.466926070156,
  "ES-DIR3-E04585801-009-028741": 9465.295719844376,
  "ES-DIR3-E04585801-009-029337": 133627.7042801559,
  "ES-DIR3-E04585801-009-030083": 195.34700019455292,
  "ES-DIR3-E04585801-009-030119": 30066.233463035078,
  "ES-DIR3-E04585801-009-030123": 14476.334630350222,
  "ES-DIR3-E04585801-009-030283": 2078851.763307397,
  "ES-DIR3-E04585801-009-030365": 165433.88180933884,
  "ES-DIR3-E04585801-009-030369": 46212.914396887245,
  "ES-DIR3-E04585801-009-030551": 6107.899649805459,
  "ES-DIR3-E04585801-009-030887": 13309.653415564228,
  "ES-DIR3-E04585801-009-031867": 10022.077821011691,
  "ES-DIR3-E04585801-009-031889": 111356.42023346324,
  "ES-DIR3-E04585801-009-032045": 7794.949416342427,
  "ES-DIR3-E04585801-009-033505": 19226.32625272377,
  "ES-DIR3-E04585801-009-033663": 226038.2772443584,
  "ES-DIR3-E04585801-009-034281": 6767241.014007795,
  "ES-DIR3-E04585801-009-034337": 64586.72373540868,
  "ES-DIR3-E04585801-009-034531": 351661.1252560318,
  "ES-DIR3-E04585801-009-034989": 30316.78540856037,
  "ES-DIR3-E04585801-009-035053": 26725.54085603118,
  "ES-DIR3-E04585801-009-035267": 50054.71089494173,
  "ES-DIR3-E04585801-009-035707": 789085.8473961104,
  "ES-DIR3-E04585801-009-035975": 20548.043443579805,
  "ES-DIR3-E04585801-009-036857": 30066.233463035078,
  "ES-DIR3-E04585801-009-037213": 30066.233463035078,
  "ES-DIR3-E04585801-009-037381": 60132.466926070156,
  "ES-DIR3-E04585801-009-037597": 11414.033073929982,
  "ES-DIR3-E04585801-009-037793": 26725.54085603118,
  "ES-DIR3-E04585801-009-038153": 7769.894221789898,
  "ES-DIR3-E04585801-009-038347": 38974.747081712136,
  "ES-DIR3-E04585801-009-038585": 34520.49027237361,
  "ES-DIR3-E04585801-009-038695": 37800.63282587556,
  "ES-DIR3-E04585801-009-038727": 121392.41760700413,
  "ES-DIR3-E04585801-009-038797": 10022.077821011691,
  "ES-DIR3-E04585801-009-039219": 29509.45136186776,
  "ES-DIR3-E04585801-009-039627": 14476.334630350222,
  "ES-DIR3-E04585801-009-040185": 3227948.4073832748,
  "ES-DIR3-E04585801-009-040731": 32664.123068871657,
  "ES-DIR3-E04585801-009-040981": 10022.077821011691,
  "ES-DIR3-E04585801-009-040993": 10022.077821011691,
  "ES-DIR3-E04585801-009-041429": 70678.81077354099,
  "ES-DIR3-E04585801-009-041583": 27042.683940856085,
  "ES-DIR3-E04585801-009-042133": 21081.774765758797,
  "ES-DIR3-E04585801-009-042997": 30066.233463035078,
  "ES-DIR3-E04585801-009-043091": 19877.12101167319,
  "ES-DIR3-E04585801-009-043139": 15033.116731517539,
  "ES-DIR3-E04585801-009-043867": 30066.233463035078,
  "ES-DIR3-E04585801-009-046159": 10272.629766536984,
  "ES-DIR3-E04585801-009-046233": 196758.44282101205,
  "ES-DIR3-E04585801-009-046363": 64558.884630350316,
  "ES-DIR3-E04585801-009-046371": 150.97146673151778,
  "ES-DIR3-E04585801-009-047079": 124367.54343750003,
  "ES-DIR3-E04585801-009-047083": 23793.00141445313,
  "ES-DIR3-E04585801-009-047091": 139913.48636718755,
  "ES-DIR3-E04585801-009-047187": 11177.661445312502,
  "ES-DIR3-E04585801-009-047191": 16188.337265625003,
  "ES-DIR3-E04585801-009-047197": 18500.956875000007,
  "ES-DIR3-E04585801-009-047203": 16188.337265625003,
  "ES-DIR3-E04585801-009-047207": 15417.464062500003,
  "ES-DIR3-E04585801-009-047255": 31457.408236523446,
  "ES-DIR3-E04585801-009-047259": 31413.083027343757,
  "ES-DIR3-E04585801-009-047263": 27365.998710937507,
  "ES-DIR3-E04585801-009-047265": 22483.801757812507,
  "ES-DIR3-E04585801-009-047269": 35589.28860527345,
  "ES-DIR3-E04585801-009-047281": 5396.112421875001,
  "ES-DIR3-E04585801-009-047287": 6166.985625000002,
  "ES-DIR3-E04585801-009-047289": 3725.887148437501,
  "ES-DIR3-E04585801-009-047293": 6423.943359375002,
  "ES-DIR3-E04585801-009-047295": 3725.887148437501,
  "ES-DIR3-E04585801-009-047765": 17818.73409023438,
  "ES-DIR3-E04585801-009-047769": 31862.75906250001,
  "ES-DIR3-E04585801-009-047777": 44646.40634765626,
  "ES-DIR3-E04585801-009-047783": 27042.231965625007,
  "ES-DIR3-E04585801-009-047789": 10920.703710937503,
  "ES-DIR3-E04585801-009-048755": 1871625.8163224536,
  "ES-DIR3-E04585801-009-048785": 160354.76963811336,
  "ES-DIR3-E04585801-009-048787": 3561856.752583794,
  "ES-DIR3-E04585801-009-050009": 360764.98195710394,
  "ES-DIR3-E04585801-009-051007": 835.1126367187502,
  "ES-DIR3-E04585801-009-051807": 6099.559915500002,
  "ES-DIR3-E04585801-009-051815": 17505.63109089844,
  "ES-DIR3-E04585801-009-052375": 185347.51956225006,
  "ES-DIR3-E04585801-009-058035": 126382.75636677681,
  "ES-DIR3-E04585801-009-058191": 119530.52956784272,
  "ES-DIR3-E04585801-009-058353": 1204904.7434128467,
  "ES-DIR3-E04585801-009-058391": 328470.1863970412,
  "ES-DIR3-E04585801-009-062147": 8993.520703125003,
  "ES-DIR3-E04585801-009-062397": 9402.468937382815,
  "ES-DIR3-E04585801-009-062541": 21652.800444843757,
  "ES-DIR3-E04585801-009-064075": 4673.169257505895,
  "ES-DIR3-E04585801-009-065251": 3152.925662737264,
  "ES-DIR3-E04585801-009-066055": 4755.326639411778,
  "ES-DIR3-E04585801-009-066057": 22516.408552007902,
  "ES-DIR3-E04585801-009-066133": 2673.1297398902034,
  "ES-DIR3-E04585801-009-066169": 6837.151665882372,
  "ES-DIR3-E04585801-009-066745": 5680.719445596094,
  "ES-DIR3-E04585801-009-066775": 3851.5423137255007,
  "ES-DIR3-E04585801-009-066783": 5693.00453745884,
  "ES-DIR3-E04585801-009-066799": 5219.039052803936,
  "ES-DIR3-E04585801-009-066835": 8490.047690407866,
  "ES-DIR3-E04585801-009-066837": 1992.177058823535,
  "ES-DIR3-E04585801-009-066841": 2187.1713493411826,
  "ES-DIR3-E04585801-009-066843": 2722.6419803921644,
  "ES-DIR3-E04585801-009-066845": 31210.773921568714,
  "ES-DIR3-E04585801-009-066849": 2972.580514192165,
  "ES-DIR3-E04585801-009-066851": 27226.419803921643,
  "ES-DIR3-E04585801-009-067021": 7570.272823529433,
  "ES-DIR3-E04585801-009-067023": 8319.238429384337,
  "ES-DIR3-E04585801-009-067027": 59765.31176470604,
  "ES-DIR3-E04585801-009-067643": 161.36634176470633,
  "ES-DIR3-E04585801-009-067979": 376283.4388026599,
  "ES-DIR3-E04585801-009-072993": 20765.656790352998,
  "ES-DIR3-E04585801-009-074219": 10626.475294117645,
  "ES-DIR3-E04585801-009-074365": 2656.23607843138,
  "ES-DIR3-E04585801-009-077387": 7968.70823529414,
  "ES-DIR3-E04585801-009-077597": 18572.2432862275,
  "ES-DIR3-E04585801-009-077609": 106249.44313725519,
  "ES-DIR3-E04585801-009-077619": 66401.62542069823,
  "ES-DIR3-E04585801-009-077715": 19921.770588235348,
  "ES-DIR3-E04585801-009-079657": 978050.8536363243,
  "ES-DIR3-E04585801-009-079659": 92103.23290379632,