{
  "BE-BCE_KBO-0451516390-PCIC-2017-2021_OS_MAROC": 5332642.299741395,
  "BE-BCE_KBO-0451516390-PCIC-2017-2021_OS_SENEGAL": 1016706.3751274322,
  "BE-BCE_KBO-0451516390-PROG-2017-2021_OS_RDC": 4184609.331158262
}