{
  "XI-IATI-EC_INTPA-2005/17692/1": 4631300.597503443,
  "XI-IATI-EC_INTPA-2006/18646/0": 853131.7530484159,
  "XI-IATI-EC_INTPA-2006/192-938": 42466.35808381249,
  "XI-IATI-EC_INTPA-2007/19181/0": 1917258.3870690255,
  "XI-IATI-EC_INTPA-2007/192-939": 77003.42141498046,
  "XI-IATI-EC_INTPA-2007/192-940": 242817.29926072812,
  "XI-IATI-EC_INTPA-2007/196-825": 58830.21874999999,
  "XI-IATI-EC_INTPA-2007/196-826": 504630.2925036326,
  "XI-IATI-EC_INTPA-2008/192-941": 331551.9935087812,
  "XI-IATI-EC_INTPA-2008/192-942": 1708478.0874304685,
  "XI-IATI-EC_INTPA-2008/192-943": 21881.238227083362,
  "XI-IATI-EC_INTPA-2008/192-944": 1327946.214926235,
  "XI-IATI-EC_INTPA-2008/20911/1": 463040.0349774623,
  "XI-IATI-EC_INTPA-2009/205-542": 170782.0205558536,
  "XI-IATI-EC_INTPA-2009/21435/1": 9467720.98986027,
  "XI-IATI-EC_INTPA-2009/229-113": 237414.62940347075,
  "XI-IATI-EC_INTPA-2011/266-256": 1665606.0384312358,
  "XI-IATI-EC_INTPA-2011/272-231": 137127.32828584712,
  "XI-IATI-EC_INTPA-2013/24378/0": 137948.65107702863,
  "XI-IATI-EC_INTPA-2013/333-559": 7818.678805952906,
  "XI-IATI-EC_INTPA-2015/367-642": 31444.152213843023,
  "XI-IATI-EC_INTPA-2016/378-570": 13166.824413364659,
  "XI-IATI-EC_INTPA-2016/39693/0": 2391301.4117646976,
  "XI-IATI-EC_INTPA-2017/386-901": 2386453.805397792,
  "XI-IATI-EC_INTPA-2019/41174/0": 18864711.137254838,
  "XI-IATI-EC_INTPA-2020/416-326": 1608114.3298905827,
  "XI-IATI-EC_INTPA-2021/429-029": 340825.1491646655
}