{
  "bond": {
    "GB-CHC-1068839-DFID2013-16Effectiveness": 231518.82413202294,
    "GB-CHC-1068839-Gates-2015-2018": 1228115.0,
    "GB-CHC-1068839-dfid_ag_11-13": 81079.49070154974,
    "GB-CHC-1068839-gates_2011-14": 1711437.4494222752,
    "GB-CHC-1068839-gates_jointcampaign_2012-14": 2084321.923517892
  }
}