{
  "bond": {
    "GB-CHC-1068839-DFID2013-16Effectiveness": 231645.60920508023,
    "GB-CHC-1068839-Gates-2015-2018": 1228115.0,
    "GB-CHC-1068839-dfid_ag_11-13": 81161.77719800112,
    "GB-CHC-1068839-gates_2011-14": 1713319.92591871,
    "GB-CHC-1068839-gates_jointcampaign_2012-14": 2089316.8030754451
  }
}