{
  "XI-IATI-EC_FPI-2012/24460/0": 4778292.784075834,
  "XI-IATI-EC_FPI-2013/24696/5": -750.1261839868966,
  "XI-IATI-EC_FPI-2020/42962/0": 1328111.1627003201,
  "XI-IATI-EC_FPI-2021/43452/0": 1328111.1627003201,
  "XI-IATI-EC_FPI-2022/44248/1": 3585900.1392908646,
  "XI-IATI-EC_FPI-2022/44476/1": 664055.5813501601
}