{
  "46002-P-DJ-AA0-001": 786138.2124849737,
  "46002-P-DJ-AA0-007": 908876.2529378578,
  "46002-P-DJ-AAF-001": 4393738.55885382,
  "46002-P-DJ-AAF-003": 18148754.609816507,
  "46002-P-DJ-AAF-004": 1293997.1977382065,
  "46002-P-DJ-AAZ-001": 993925.9050974756,
  "46002-P-DJ-AAZ-002": 1988574.3855284709,
  "46002-P-DJ-AZ0-001": 997546.5387450942,
  "46002-P-DJ-DB0-001": 6199669.361582156,
  "46002-P-DJ-DB0-002": 2188183.4347784673,
  "46002-P-DJ-E00-001": 21195071.301342692,
  "46002-P-DJ-E00-003": 17541031.658101242,
  "46002-P-DJ-EA0-001": 1175429.1257092496,
  "46002-P-DJ-EAB-001": 9128478.73465606,
  "46002-P-DJ-EAB-002": 19830367.379151788,
  "46002-P-DJ-EAZ-001": 5351405.871912328,
  "46002-P-DJ-EAZ-002": 1093930.9073032567,
  "46002-P-DJ-EB0-001": 397664.11590897077,
  "46002-P-DJ-EB0-002": 1600853.426107522,
  "46002-P-DJ-EBD-001": 761431.0805056321,
  "46002-P-DJ-EBZ-001": 10279681.647446292,
  "46002-P-DJ-FA0-001": 12429819.368633099,
  "46002-P-DJ-FA0-003": 35253825.240722455,
  "46002-P-DJ-FA0-004": 7134327.215565421,
  "46002-P-DJ-FG0-001": 3143653.954096622,
  "46002-P-DJ-HAB-001": 4505577.811956819,
  "46002-P-DJ-I00-001": 16701049.248548029,
  "46002-P-DJ-IA0-001": 16797359.415626135,
  "46002-P-DJ-IA0-002": 13695856.7057915,
  "46002-P-DJ-IA0-004": 2185136.649271842,
  "46002-P-DJ-IAE-001": 15348715.167180918,
  "46002-P-DJ-IAE-002": 1143692.9823147124,
  "46002-P-DJ-IBE-001": 11716186.23870301,
  "46002-P-DJ-IC0-001": 963874.4608897234,
  "46002-P-DJ-IC0-002": 960660.7800291505,
  "46002-P-DJ-ID0-001": 2190525.3391985614,
  "46002-P-DJ-IE0-001": 20616827.98320743,
  "46002-P-DJ-IE0-002": 18190481.809786256,
  "46002-P-DJ-IE0-003": 2514975.5252507124,
  "46002-P-DJ-IZ0-001": 2193115.6872032844,
  "46002-P-DJ-K00-001": 7174688.63996118,
  "46002-P-DJ-KE0-001": 14992656.68913272,
  "46002-P-DJ-KF0-001": 2147591.4131102404,
  "46002-P-DJ-KF0-002": 2920587.1127909226,
  "46002-P-DJ-KF0-006": 3054483.917478769,
  "46002-P-DJ-KF0-007": 2988500.0452079987,
  "46002-P-DJ-KF0-009": 375922.06560272974
}