{
  "46002-P-DJ-AA0-001": 1596387.5367718602,
  "46002-P-DJ-AA0-007": 908756.3598061536,
  "46002-P-DJ-AAF-001": 4394376.325173847,
  "46002-P-DJ-AAF-003": 36761898.56882214,
  "46002-P-DJ-AAF-004": 1294190.0909697183,
  "46002-P-DJ-AAZ-001": 994543.8326464973,
  "46002-P-DJ-AAZ-002": 1989046.3016716635,
  "46002-P-DJ-AZ0-001": 997727.6096152778,
  "46002-P-DJ-DB0-001": 13176656.250422021,
  "46002-P-DJ-DB0-002": 4358296.310845896,
  "46002-P-DJ-E00-001": 21199940.217609163,
  "46002-P-DJ-E00-003": 17542333.21715791,
  "46002-P-DJ-EA0-001": 2391999.9580936236,
  "46002-P-DJ-EAB-001": 15606122.237587636,
  "46002-P-DJ-EAB-002": 38247718.53385296,
  "46002-P-DJ-EAZ-001": 5352551.981709478,
  "46002-P-DJ-EAZ-002": 1094005.229530728,
  "46002-P-DJ-EB0-001": 1012115.313457875,
  "46002-P-DJ-EB0-002": 1601096.8565287248,
  "46002-P-DJ-EBD-001": 1501500.1131785244,
  "46002-P-DJ-EBZ-001": 17579778.476086557,
  "46002-P-DJ-FA0-001": 12430632.97707814,
  "46002-P-DJ-FA0-003": 35249174.781983994,
  "46002-P-DJ-FA0-004": 7133386.100832022,
  "46002-P-DJ-FG0-001": 5551115.485653703,
  "46002-P-DJ-HAB-001": 8162847.516248168,
  "46002-P-DJ-I00-001": 16698846.153142378,
  "46002-P-DJ-IA0-001": 34037094.100777626,
  "46002-P-DJ-IA0-002": 13695517.356389323,
  "46002-P-DJ-IA0-004": 2184848.400046234,
  "46002-P-DJ-IAE-001": 28335643.983455338,
  "46002-P-DJ-IAE-002": 2047363.3075765108,
  "46002-P-DJ-IBE-001": 11716652.932576787,
  "46002-P-DJ-IC0-001": 964075.9748769611,
  "46002-P-DJ-IC0-002": 960904.2370335017,
  "46002-P-DJ-ID0-001": 2190842.5110474727,
  "46002-P-DJ-IE0-001": 20619953.577448055,
  "46002-P-DJ-IE0-002": 18193522.981813364,
  "46002-P-DJ-IE0-003": 2514827.4748349274,
  "46002-P-DJ-IZ0-001": 2192826.3854341176,
  "46002-P-DJ-K00-001": 7175718.52156062,
  "46002-P-DJ-KE0-001": 14990678.953927059,
  "46002-P-DJ-KF0-001": 4385364.688588428,
  "46002-P-DJ-KF0-002": 2921010.4519973965,
  "46002-P-DJ-KF0-006": 3054803.9781509195,
  "46002-P-DJ-KF0-007": 2988698.8784275423,
  "46002-P-DJ-KF0-009": 375872.476372539
}