{
  "BE-BCE_KBO-0423588904-PROG2017-2021_SIA_Outcome-BF": {
    "a-t-activities.xml": 2913893.1962529523
  },
  "BE-BCE_KBO-0423588904-PROG2017-2021_SIA_Outcome-ML": {
    "a-t-activities.xml": 1124285.942560702
  },
  "BE-BCE_KBO-0423588904-PROG2017-2021_SIA_Outcome-PE": {
    "a-t-activities.xml": 2176176.1472092606
  },
  "BE-BCE_KBO-0423588904-PROG2017-2021_SIA_Outcome-SN": {
    "a-t-activities.xml": 1712798.7203498075
  }
}