{
  "KR-GOV-240-1390000_2019_001": 2180456.0047110673,
  "KR-GOV-240-1390000_2019_004": 621177.0069526235,
  "KR-GOV-240-1390000_2019_005": 1439980.02545496,
  "KR-GOV-240-1390000_2019_007": 1515952.2529539154,
  "KR-GOV-240-1390000_2019_013": 1847015.1115079217,
  "KR-GOV-240-1390000_2019_014": 885368.4890391703,
  "KR-GOV-240-1390000_2019_015": 2054277.9909577908,
  "KR-GOV-240-1390000_2019_016": 935496.9416055622,
  "KR-GOV-240-1390000_2019_020": 803190.3613084609,
  "KR-GOV-240-1390000_2019_021": 3759355.647581779,
  "KR-GOV-240-1390000_2019_022": 3643045.385813609,
  "KR-GOV-240-1390000_2019_023": 2195697.3614224386,
  "KR-GOV-240-1390000_2019_026": 54139.28042247635,
  "KR-GOV-240-1390000_2019_027": 10447.9313096007,
  "KR-GOV-240-1390000_2020_001": 1041933.9025872877,
  "KR-GOV-240-1390000_2020_002": 1147124.168914555,
  "KR-GOV-240-1390000_2020_003": 1996080.7435127848,
  "KR-GOV-240-1390000_2020_004": 2091029.909577904,
  "KR-GOV-240-1390000_2020_005": 592393.1651532997,
  "KR-GOV-240-1390000_2020_006": 1941060.0756050306,
  "KR-GOV-240-1390000_2021_001": 915072.79358687,
  "KR-GOV-240-1390000_2021_002": 1757851.791345314,
  "KR-GOV-240-1390000_2021_003": 1351645.9670985145,
  "KR-GOV-240-1390000_2021_004": 843362.3342578171,
  "KR-GOV-240-1390000_2021_005": 466220.24239200645,
  "KR-GOV-240-1390000_2022_001": 858704.646479997,
  "KR-GOV-240-1390000_2022_002": 1189702.1389764827,
  "KR-GOV-240-1390000_2022_003": 1113521.4562516622
}