{
  "KR-GOV-240-1390000_2019_001": 2182455.5201425785,
  "KR-GOV-240-1390000_2019_004": 621746.6368871043,
  "KR-GOV-240-1390000_2019_005": 1441300.511754956,
  "KR-GOV-240-1390000_2019_007": 1517342.4070852834,
  "KR-GOV-240-1390000_2019_013": 1848708.8559401482,
  "KR-GOV-240-1390000_2019_014": 886180.3870791137,
  "KR-GOV-240-1390000_2019_015": 2056161.79899366,
  "KR-GOV-240-1390000_2019_016": 936354.8082934617,
  "KR-GOV-240-1390000_2019_020": 803926.900600429,
  "KR-GOV-240-1390000_2019_021": 3762803.0409773067,
  "KR-GOV-240-1390000_2019_022": 3646386.1207107557,
  "KR-GOV-240-1390000_2019_023": 2197710.8534386074,
  "KR-GOV-240-1390000_2019_026": 54188.92706814211,
  "KR-GOV-240-1390000_2019_027": 10457.512241220407,
  "KR-GOV-240-1390000_2020_001": 1042889.3737879618,
  "KR-GOV-240-1390000_2020_002": 1148176.1013876928,
  "KR-GOV-240-1390000_2020_003": 1997911.1836778568,
  "KR-GOV-240-1390000_2020_004": 2092947.4197514267,
  "KR-GOV-240-1390000_2020_005": 592936.3998127868,
  "KR-GOV-240-1390000_2020_006": 1942840.0608770456,
  "KR-GOV-240-1390000_2021_001": 915911.9309818826,
  "KR-GOV-240-1390000_2021_002": 1759463.7714886924,
  "KR-GOV-240-1390000_2021_003": 1352885.449556915,
  "KR-GOV-240-1390000_2021_004": 844135.7119357251,
  "KR-GOV-240-1390000_2021_005": 466647.7743243782,
  "KR-GOV-240-1390000_2022_001": 859492.0933204916,
  "KR-GOV-240-1390000_2022_002": 1190793.1161760436,
  "KR-GOV-240-1390000_2022_003": 1114542.5744628455
}