{
  "FR-3-CTG112401": 13285007.843137208,
  "FR-3-CTG112701": 15941932.546205973,
  "FR-3-CTG115801": 101967453.79694211,
  "FR-3-CTG115802": 4928496.122661159,
  "FR-3-CTG115901": 15941925.411918942,
  "FR-3-CTG117701": 21256012.549019534,
  "FR-3-CTG118201": 21256012.549019534,
  "FR-3-CTG119201": 1397086.9488952814,
  "FR-3-CTG120601": 18273191.234301243,
  "FR-3-CTG120701": 12309778.559856169,
  "FR-3-CTG121402": 14214317.324103342,
  "FR-3-CTG122501": 9953805.159063248,
  "FR-3-CTG122502": 11563708.355114931,
  "FR-3-CTG122701": 23058608.16790202,
  "FR-3-CTG123601": 55475269.12126494,
  "FR-3-CTG123901": 20481640.587964647,
  "FR-3-CTG124101": 53687137.44839161,
  "FR-3-CTG124102": 19308961.799529344,
  "FR-3-CTG124301": 7971004.705882325,
  "FR-3-CTG125001": 442833.1519376455,
  "FR-3-CTG125701": 498187.79411764536,
  "FR-3-CTG126301": 398550.23529411625,
  "FR-3-CTG126401": 929950.5490196046
}