{
  "FR-3-CTG112401": 13281111.627003202,
  "FR-3-CTG112701": 15937233.664683027,
  "FR-3-CTG115801": 101937520.99883671,
  "FR-3-CTG115802": 4927050.697386576,
  "FR-3-CTG115901": 15937224.200536711,
  "FR-3-CTG117701": 21249778.603205122,
  "FR-3-CTG118201": 21249778.603205122,
  "FR-3-CTG119201": 1396677.2123881471,
  "FR-3-CTG120601": 18267832.087859817,
  "FR-3-CTG120701": 12306168.35816135,
  "FR-3-CTG121402": 14210148.560851865,
  "FR-3-CTG122501": 9950885.915302655,
  "FR-3-CTG122502": 11560316.96027391,
  "FR-3-CTG122701": 23051845.558332466,
  "FR-3-CTG123601": 55458999.38012962,
  "FR-3-CTG123901": 20475633.749319762,
  "FR-3-CTG124101": 53671392.129037276,
  "FR-3-CTG124102": 19303298.883151535,
  "FR-3-CTG124301": 7968666.976201921,
  "FR-3-CTG125001": 442703.27819638577,
  "FR-3-CTG125701": 498041.68601262005,
  "FR-3-CTG126301": 398433.34881009604,
  "FR-3-CTG126401": 929677.8138902241
}