{
  "FR-RCS-519655997-20170161": {
    "hi_fed-activities.xml": 134595.89842057673
  },
  "FR-RCS-519655997-20170242": {
    "hi_fed-activities.xml": 420188.5182048847
  }
}