{
  "NZ-1-ACT-0003215": 29101.567900893257,
  "NZ-1-ACT-0100025": 198188.28913530457,
  "NZ-1-ACT-0100090": 1215959.588529716,
  "NZ-1-ACT-0100260": 8295.771921577325,
  "NZ-1-ACT-0100395": 6636617.53726186,
  "NZ-1-ACT-0100429": 2878414.6779857944,
  "NZ-1-ACT-0100461": 14741661.96388578,
  "NZ-1-ACT-0100463": 1659154.384315465,
  "NZ-1-ACT-0100479": 471689.12147775484,
  "NZ-1-ACT-0100498": 337375.77081547526,
  "NZ-1-ACT-0100508": 1629049.028012061,
  "NZ-1-ACT-0100514": 1296595.1386776573,
  "NZ-1-ACT-0100522": 368690.0616652389,
  "NZ-1-ACT-0100630": 6176396.3166772835,
  "NZ-1-ACT-0100818": 124436.57882365987,
  "NZ-1-ACT-0100822": 10262114.758178275,
  "NZ-1-ACT-0100834": 2183874.6011116393,
  "NZ-1-ACT-0100862": 1003665.625086417,
  "NZ-1-ACT-0100967": 1624622.4041147071,
  "NZ-1-ACT-0101074": 718250.6871664427,
  "NZ-1-ACT-0101114": 4977463.152946395,
  "NZ-1-ACT-0101148": 549853.4275364338,
  "NZ-1-ACT-0101149": 135102.9754168629,
  "NZ-1-ACT-0101197": 270791.9060918626,
  "NZ-1-ACT-0101206": 1671279.426485639,
  "NZ-1-ACT-0101543": 3124872.1068495507,
  "NZ-1-ACT-0101823": 8091671.87456795,
  "NZ-1-ACT-0101840": 3616956.5578077137,
  "NZ-1-ACT-0101915": 65866.83626911503,
  "NZ-1-ACT-0102085": 4541935.127063585,
  "NZ-1-ACT-0102099": 256339.35237673935,
  "NZ-1-ACT-0102101": 547285.3551973026,
  "NZ-1-ACT-0102109": 4619.06091861849,
  "NZ-1-ACT-0102178": 2712717.4183557853,
  "NZ-1-ACT-0102214": 758683.922794018,
  "NZ-1-ACT-0102240": 64259.04930453796,
  "NZ-1-ACT-0102254": 1659154.384315465,
  "NZ-1-ACT-0102324": 663661.753726186,
  "NZ-1-ACT-0102331": 497746.3152946395,
  "NZ-1-ACT-0102359": 10452672.62118743,
  "NZ-1-ACT-0102730": 242651.32870613676,
  "NZ-1-ACT-0102949": 3650139.645494023,
  "NZ-1-ACT-0102999": 485193.9828001009,
  "NZ-1-ACT-0103224": 19080.275419627847,
  "NZ-1-ACT-0103244": 124838.92376185638,
  "NZ-1-ACT-0A12417": 367417.0339850133,
  "NZ-1-ACT-0A12420": 1831262.616486469,
  "NZ-1-ACT-0A12534": 115042.84489671796,
  "NZ-1-ACT-0A12681": 328122.2686170957,
  "NZ-1-ACT-0A12706": 121335.61927937427
}