{
  "GB-CHC-222655-300342-104": 1625338.02436145,
  "GB-CHC-222655-IMPALA": 3753763.652689347,
  "GB-CHC-222655-LIGHT": 2322237.131115641,
  "GB-CHC-222655-PO5242": 5032030.480344261,
  "GB-CHC-222655-PO5247ReBUILD": 4679764.93264095,
  "GB-CHC-222655-PO6407": 9049235.026173025,
  "GB-CHC-222655-R4R": 545478.2349217535
}