{
  "XM-DAC-41108-1100000347": 10302011.93490074,
  "XM-DAC-41108-1100000372": 8274469.193384375,
  "XM-DAC-41108-1100001129": 27546469.682357904,
  "XM-DAC-41108-1100001339": 16293703.27145646,
  "XM-DAC-41108-1100001452": 17434693.55909492
}