{
  "ES-DIR3-E04585801-009-004125": 82561.29057363907,
  "ES-DIR3-E04585801-009-006849": 85172.9857026467,
  "ES-DIR3-E04585801-009-033851": 24764.211082533115,
  "ES-DIR3-E04585801-009-038003": 8352.179117211843,
  "ES-DIR3-E04585801-009-051821": 688.9879283803301,
  "ES-DIR3-E04585801-009-066055": 3168.994368454094,
  "ES-DIR3-E04585801-009-066057": 22507.813733995827,
  "ES-DIR3-E04585801-009-066169": 497.05758781947674,
  "ES-DIR3-E04585801-009-089676": 1827.1622131965923,
  "ES-DIR3-E04585801-009-089991": 312.98267660195745,
  "ES-DIR3-E04585801-009-090005": 2390.6000928605763
}