{
  "ES-DIR3-E04585801-009-004125": 82556.86605058382,
  "ES-DIR3-E04585801-009-006849": 85194.33683203127,
  "ES-DIR3-E04585801-009-033851": 24762.88394941639,
  "ES-DIR3-E04585801-009-038003": 8351.731517509743,
  "ES-DIR3-E04585801-009-051821": 689.1606435937501,
  "ES-DIR3-E04585801-009-066055": 3170.20447842746,
  "ES-DIR3-E04585801-009-066057": 22516.408552007902,
  "ES-DIR3-E04585801-009-066169": 497.2473938823543,
  "ES-DIR3-E04585801-009-089676": 1827.6982390274445,
  "ES-DIR3-E04585801-009-089991": 313.07449483137145,
  "ES-DIR3-E04585801-009-090005": 2391.3014117646976
}