{
  "FR-3-CMU101803": 2522002.7870858996,
  "FR-3-CMU102202": 7960868.148081205,
  "FR-3-CMU104801": 1039547.4978011653,
  "FR-3-CMU107001": 21924335.094679847,
  "FR-3-CMU107104": 5268874.662559957,
  "FR-3-CMU107107": 376128.70463480457,
  "FR-3-CMU107113": 245381.81842051115,
  "FR-3-CMU108401": 17265445.11510416,
  "FR-3-CMU108902": 2427631.1921979026,
  "FR-3-CMU108903": 796866697.620192
}