{
  "GB-COH-03054929-878": {
    "healthpartners-international-ng.xml": 4248404.036614825
  },
  "GB-COH-03054929-879": {
    "healthpartners-international-ss.xml": 851403.2838218929
  },
  "GB-COH-03054929-889": {
    "healthpartners-international-ng.xml": 282554.92641039146
  }
}