{
  "KR-GOV-250-1400000_2021_004": 1804642.680749212,
  "KR-GOV-250-1400000_2021_005": 1709661.4870255692,
  "KR-GOV-250-1400000_2022_001": 3288248.9267125116,
  "KR-GOV-250-1400000_2022_002": 569887.1623418564,
  "KR-GOV-250-1400000_2022_003": 461798.56388435094,
  "KR-GOV-250-1400000_2022_004": 801641.2750275447,
  "KR-GOV-250-1400000_2022_005": 189962.38744728547,
  "KR-GOV-250-1400000_2022_006": 122167.660803161,
  "KR-GOV-250-1400000_2022_007": 1884426.8834770718,
  "KR-GOV-250-201911511232": 731355.191672049,
  "KR-GOV-250-201911511255": 2849435.811709282,
  "KR-GOV-250-201911511257": 881425.4777554045,
  "KR-GOV-250-201911511258": 284943.5811709282,
  "KR-GOV-250-201911511260": 9498119.372364273,
  "KR-GOV-250-201911511261": 778845.7885338704,
  "KR-GOV-250-201911511263": 20895.8626192014,
  "KR-GOV-250-201911511265": 253970.1094183352,
  "KR-GOV-250-201911511268": 1139774.3246837128,
  "KR-GOV-250-GRP_0000151530": 1614680.2933019265,
  "KR-GOV-250-GRP_0000151531": 949811.9372364273,
  "KR-GOV-250-GRP_0000151557": 569887.1623418564
}