{
  "XI-IATI-CABI-AOI": 559472.8154667424,
  "XI-IATI-CABI-CF10014": 342315.2470803624,
  "XI-IATI-CABI-DF10026": 148215.7287350846,
  "XI-IATI-CABI-GODAN": 11640.237480556394,
  "XI-IATI-CABI-KH10100": 52545.00406651161,
  "XI-IATI-CABI-KR10023": 3333663.5113193467,
  "XI-IATI-CABI-PLANTWISE": 8330307.531998183
}