{
  "AU-5-INI251-NA": 172870.88411918518,
  "AU-5-INI916-NA": 87135.6619279693,
  "AU-5-INI978-NA": 3185282.376625633,
  "AU-5-INJ018-NA": 313632.52009957517,
  "AU-5-INJ269-NA": 330028.38556393236,
  "AU-5-INJ344-NA": 327844.6860447937,
  "AU-5-INJ429-NA": 5186.39710116145,
  "AU-5-INJ522-NA": 52905.90410929366,
  "AU-5-INJ535-NA": 442908.6321140231,
  "AU-5-INJ540-NA": 888449.9200642429,
  "AU-5-INJ678-NA": 673.6838905204133,
  "AU-5-INJ748-NA": 243823.17167671662,
  "AU-5-INK048-NA": 855463.0919976935,
  "AU-5-INK058-NA": 58212.414379193455,
  "AU-5-INK124-NA": 1457408.7302254033,
  "AU-5-INK134-NA": 892811.6353299875,
  "AU-5-INK135-NA": 303510.7786638341,
  "AU-5-INK194-NA": 2780.5644577450253,
  "AU-5-INK213-NA": 417081.41358919756,
  "AU-5-INK235-NA": 292127.4890834001,
  "AU-5-INK407-NA": 28688.29510028027,
  "AU-5-INK573-NA": 1097931.6480288664,
  "AU-5-INK624-NA": 14754.591833766248,
  "AU-5-INK680-NA": 63655.15216902826,
  "AU-5-INL062-NA": 110177.61111683694,
  "AU-5-INL144-NA": 78651.47527282171,
  "AU-5-INL420-NA": 4133810.8351822114,
  "AU-5-INL471-NA": 62083.35938817314,
  "AU-5-INL495-NA": 990413.156009593,
  "AU-5-INL832-NA": 3103.582047732495,
  "AU-5-INL860-NA": 540850.7779957877,
  "AU-5-INL966-NA": 301.9750177143148,
  "AU-5-INM056-NA": 54956.74897011532,
  "AU-5-INM061-NA": 128169.91595147844,
  "AU-5-INM343-NA": 182770.60482607986,
  "AU-5-INM371-NA": 18968.538202275602,
  "AU-5-INM588-NA": 87455.57080191888,
  "AU-5-O16988-NA": 106087.88010387376
}