{
  "NL-KVK-41207989-274": {
    "nl-kvk-41207989-activitiespc01.xml": 58710116.32098804
  },
  "NL-KVK-41207989-275": {
    "nl-kvk-41207989-activitiespc01.xml": 26570.01568627442
  },
  "NL-KVK-41207989-275.1": {
    "nl-kvk-41207989-activitiespc01.xml": 3817840.239957634
  },
  "NL-KVK-41207989-276 MZ": {
    "nl-kvk-41207989-activitiespc01.xml": 712999.7284372525
  },
  "NL-KVK-41207989-276 SA": {
    "nl-kvk-41207989-activitiespc01.xml": 2227510.550066659
  },
  "NL-KVK-41207989-276 SRG": {
    "nl-kvk-41207989-activitiespc01.xml": 882695.7761215655
  },
  "NL-KVK-41207989-276 ZW": {
    "nl-kvk-41207989-activitiespc01.xml": 1432755.2819129755
  },
  "NL-KVK-41207989-P-52303": {
    "nl-kvk-41207989-activitiespc01.xml": 919605.5134121537
  },
  "NL-KVK-41207989-P-52304": {
    "nl-kvk-41207989-activitiespc01.xml": 798698.657031762
  },
  "NL-KVK-41207989-P-52305": {
    "nl-kvk-41207989-activitiespc01.xml": 823794.0368474481
  },
  "NL-KVK-41207989-P-52306": {
    "nl-kvk-41207989-activitiespc01.xml": 985590.818868232
  },
  "NL-KVK-41207989-P-52601": {
    "nl-kvk-41207989-activitiespc01.xml": 717359.8680113701
  },
  "NL-KVK-41207989-P-53701": {
    "nl-kvk-41207989-activitiespc01.xml": 446333.7515043122
  },
  "NL-KVK-41207989-P-54302": {
    "nl-kvk-41207989-activitiespc01.xml": 692240.5751815663
  },
  "NL-KVK-41207989-P-59001": {
    "nl-kvk-41207989-activitiespc01.xml": 86139.99085490165
  }
}