{
  "DE-1-199270018": 4744797.18118851,
  "DE-1-199865049": 14542972.741833303,
  "DE-1-199870106": 5449266.38422093,
  "DE-1-199870122": 591879.8056406463,
  "DE-1-199965831": 33212949.89206079,
  "DE-1-200065896": 44975906.75291,
  "DE-1-200066357": 96620025.99006271,
  "DE-1-200165134": 22340899.238532227,
  "DE-1-200265223": 33571883.573293015,
  "DE-1-200266353": 25827384.452364914,
  "DE-1-200266973": 124760384.40038183,
  "DE-1-200270413": 3752457.647058827,
  "DE-1-200366070": 192743733.34388664,
  "DE-1-200366401": 22783702.788371515,
  "DE-1-200366419": 15504597.647058785,
  "DE-1-200366427": 28026227.136488505,
  "DE-1-200366781": 23151627.908244368,
  "DE-1-200370502": 2617988.4522126983,
  "DE-1-200466383": 22794715.06121974,
  "DE-1-200470609": 2633336.7110571763,
  "DE-1-200522011": 8193609.995568391,
  "DE-1-200565044": 79271116.89046945,
  "DE-1-200565648": 30533952.518253125,
  "DE-1-200565655": 94894959.68655492,
  "DE-1-200565663": 10859382.964494161,
  "DE-1-200565671": 37017591.99871839,
  "DE-1-200566281": 10325261.960784318,
  "DE-1-200566612": 84115115.94380066,
  "DE-1-200615807-0": 141499.11659294163,
  "DE-1-200620062": 9341655.24705881,
  "DE-1-200620393-9": 1458288.3333333363,
  "DE-1-200620419": 2712036.8127438477,
  "DE-1-200665133": 13132509.748008858,
  "DE-1-200665364": 26260768.627451006,
  "DE-1-200665372": 12839091.616244175,
  "DE-1-200720698": 18029244.97389086,
  "DE-1-200721332": 18085681.991471473,
  "DE-1-200721340": 13036305.326962855,
  "DE-1-200721357": 13901675.052757414,
  "DE-1-200721365": 4228392.723134134,
  "DE-1-200721399": 9463502.525898436,
  "DE-1-200732024-0": 479667.3137254917,
  "DE-1-200732453-0": 123343.02352941215,
  "DE-1-200734228-0": 455382.4428705897,
  "DE-1-200766071": 51192809.38907132,
  "DE-1-200766089": 52649483.03300878,
  "DE-1-200766105": 8169849.61856616,
  "DE-1-200820969": 4802667.620669437,
  "DE-1-200821488": 9554259.589843744,
  "DE-1-200830208-0": 367688.86718749994,
  "DE-1-200832147-0": 216201.05390624996,
  "DE-1-200832162-0": 136780.25859374998,
  "DE-1-200832196-0": 264735.98437499994,
  "DE-1-200832204-0": 201493.49921874996,
  "DE-1-200832881-0": 250028.42968749994,
  "DE-1-200833764-0": 1132481.7109374998,
  "DE-1-200866871": 2946384.633439418,
  "DE-1-200875120-0": 507410.6367187499,
  "DE-1-200875823-0": 264735.98437499994,
  "DE-1-200875831-0": 1249406.7707031248,
  "DE-1-200915900-0": 498927.6201289059,
  "DE-1-200921627": 17377464.786227513,
  "DE-1-200921684": 8875667.170637017,
  "DE-1-200930289-0": 306852.1328124998,
  "DE-1-200930305-0": 230139.09960937485,
  "DE-1-200931725-0": 285930.3964843748,
  "DE-1-200931774-0": 864765.1015624994,
  "DE-1-200931972-0": 320799.9570312498,
  "DE-1-200932806-0": 348695.60546874977,
  "DE-1-200933309-0": 223165.18749999985,
  "DE-1-200960294-0": 557912.9687499997,
  "DE-1-200966358": 282536601.6002261,
  "DE-1-200970442": 4656955.320122354,
  "DE-1-200974972-0": 299878.2207031248,
  "DE-1-200975086-0": 195269.53906249988,
  "DE-1-200975250-0": 488173.8476562497,
  "DE-1-200975268-0": 202243.45117187488,
  "DE-1-200975276-0": 599756.4414062497,
  "DE-1-200975953-0": 502121.6718749997,
  "DE-1-201010065-0": 5864970.533333345,
  "DE-1-201015312-0": 921139.7572000019,
  "DE-1-201015478-0": 369159.0630000007,
  "DE-1-201016856-0": 328830.7620000007,
  "DE-1-201030386-0": 331429.1666666673,
  "DE-1-201030832-0": 304914.83333333395,
  "DE-1-201032366-0": 318172.00000000064,
  "DE-1-201032549-0": 311543.41666666727,
  "DE-1-201032606-0": 1047316.1666666687,
  "DE-1-201066471": 194709762.18267107,
  "DE-1-201074467-0": 145828.83333333363,
  "DE-1-201074582-0": 145828.83333333363,
  "DE-1-201075001-0": 410626.79961089574,
  "DE-1-201075019-0": 596572.5000000012,
  "DE-1-201075167-0": 331429.1666666673,
  "DE-1-201075621-0": 662858.3333333347,
  "DE-1-201075639-0": 464000.83333333425,
  "DE-1-201075647-0": 1325716.6666666693,
  "DE-1-201115500-0": 510938.05491245235,
  "DE-1-201130905-0": 167034.63035019487,
  "DE-1-201131473-0": 222712.8404669265,
  "DE-1-201132588-0": 194873.7354085607,
  "DE-1-201132653-0": 347988.81322957267,
  "DE-1-201132661-0": 375827.91828793846,
  "DE-1-201132893-0": 341029.0369649812,
  "DE-1-201133792-0": 122492.06225680957,
  "DE-1-201135078": 16675623.92996112,
  "DE-1-201139336-0": 320149.7081712068,
  "DE-1-201166255": 56276313.72469169,
  "DE-1-201174465-0": 208793.2879377436,
  "DE-1-201174713-0": 389747.4708171214,
  "DE-1-201175116-0": 835173.1517509744,
  "DE-1-201175355-0": 723816.7315175111,
  "DE-1-201175363-0": 324325.5739299617,
  "DE-1-201175371-0": 542862.5486381333,
  "DE-1-201175785-0": 495536.0700389114,
  "DE-1-201176072-0": 431506.1284046701,
  "DE-1-201210012-0": 2953729.1566406256,
  "DE-1-201222942": 18257638.68509809,
  "DE-1-201224856": 19067423.15544364,
  "DE-1-201226067-0": 895883.1408984377,
  "DE-1-201230200-0": 444536.88046875014,
  "DE-1-201231364-0": 501067.5820312501,
  "DE-1-201231752-0": 110491.82578125002,
  "DE-1-201232131-0": 228692.38359375007,
  "DE-1-201232784-0": 213274.91953125005,
  "DE-1-201233691-0": 199142.24414062506,
  "DE-1-201233709-0": 128478.86718750003,
  "DE-1-201233774-0": 209420.55351562507,
  "DE-1-201233923-0": 244109.84765625006,
  "DE-1-201233972-0": 268520.8324218751,
  "DE-1-201234392-0": 259979.1061764713,
  "DE-1-201255496-0": 306422.0982421876,
  "DE-1-201267004": 30681082.738910846,
  "DE-1-201274620-0": 700209.8261718752,
  "DE-1-201274851-0": 359740.8281250001,
  "DE-1-201275114-0": 439397.7257812501,
  "DE-1-201275700-0": 321197.16796875006,
  "DE-1-201276104-0": 539611.2421875001,
  "DE-1-201276112-0": 578154.9023437501,
  "DE-1-201276260-0": 629546.4492187501,
  "DE-1-201276278-0": 301282.9435546876,
  "DE-1-201276286-0": 346892.9414062501,
  "DE-1-201315357-0": 104525.54592235322,
  "DE-1-201315365-0": 521073.8315058838,
  "DE-1-201321207": 7979370.647301368,
  "DE-1-201321223": 5881671.163696925,
  "DE-1-201321231": 5184194.189335203,
  "DE-1-201322429": 7047038.70748585,
  "DE-1-201322437": 3729654.464174952,
  "DE-1-201326149-0": 302810.9129411773,
  "DE-1-201330000-0": 92968.2627450983,
  "DE-1-201330984-0": 637496.6588235311,
  "DE-1-201331198-0": 155389.81058823573,
  "DE-1-201331271-0": 391794.82156862854,
  "DE-1-201332097-0": 166014.75490196125,
  "DE-1-201332428-0": 318748.32941176556,
  "DE-1-201332444-0": 531247.215686276,
  "DE-1-201332501-0": 74374.61019607863,
  "DE-1-201332634-0": 104921.32509803951,
  "DE-1-201332758-0": 418357.18235294236,
  "DE-1-201332899-0": 776949.0529411787,
  "DE-1-201333699-0": 419685.30039215804,
  "DE-1-201333731-0": 509997.32705882494,
  "DE-1-201333939-0": 531247.215686276,
  "DE-1-201339159-0": 415700.94627451093,
  "DE-1-201373752-0": 478122.4941176484,
  "DE-1-201374156-0": 305467.1490196087,
  "DE-1-201374263-0": 398435.411764707,
  "DE-1-201374701-0": 424997.77254902077,
  "DE-1-201374842-0": 132811.803921569,
  "DE-1-201375948-0": 664059.019607845,
  "DE-1-201375955-0": 464841.31372549146,
  "DE-1-201375963-0": 358591.87058823626,
  "DE-1-201375971-0": 223123.8305882359,
  "DE-1-201401454-0": 741836.6978618798,
  "DE-1-201415413-0": 290144.5712941166,
  "DE-1-201416536-0": 267347.4978352932,
  "DE-1-201418458": 65799.58104643114,
  "DE-1-201430438-0": 159420.0941176465,
  "DE-1-201430792-0": 211231.6247058816,
  "DE-1-201431642-0": 236473.1396078423,
  "DE-1-201431782-0": 310869.1835294107,
  "DE-1-201432202-0": 781158.4611764678,
  "DE-1-201432244-0": 531400.3137254884,
  "DE-1-201432368-0": 232487.63725490114,
  "DE-1-201433044-0": 126207.57450980348,
  "DE-1-201433143-0": 102294.5603921565,
  "DE-1-201433945-0": 318840.188235293,
  "DE-1-201433952-0": 248429.6466666658,
  "DE-1-201433960-0": 474274.77999999834,
  "DE-1-201439355-0": 341424.7015686263,
  "DE-1-201455336-0": 287500.85473333235,
  "DE-1-201468040": 114511843.04142539,
  "DE-1-201474386-0": 365337.71568627324,
  "DE-1-201474410-0": 114251.06745098,
  "DE-1-201475045-0": 730675.4313725465,