{
  "a-t": {
    "BE-BCE_KBO-0423588904-PROG2017-2021_SIA_Outcome-BF": 2913893.1962529523,
    "BE-BCE_KBO-0423588904-PROG2017-2021_SIA_Outcome-ML": 1124285.942560702,
    "BE-BCE_KBO-0423588904-PROG2017-2021_SIA_Outcome-PE": 2176176.1472092606,
    "BE-BCE_KBO-0423588904-PROG2017-2021_SIA_Outcome-SN": 1712798.7203498075
  }
}