{
  "XM-DAC-41108-1100000179": 1908954.9000090703,
  "XM-DAC-41108-1100000219": 2916125.4096335634,
  "XM-DAC-41108-1100000283": 11227279.835867165,
  "XM-DAC-41108-1100000309": 5801441.419292758,
  "XM-DAC-41108-1100000473": 15427902.448844817,
  "XM-DAC-41108-1100001113": 21840653.947971027,
  "XM-DAC-41108-1100001254": 45901771.45155153,
  "XM-DAC-41108-1100001316": 41729950.83752587,
  "XM-DAC-41108-1100001346": 60711889.876781575,
  "XM-DAC-41108-1100001351": 9555600.686176108,
  "XM-DAC-41108-1100001457": 42365785.363552764,
  "XM-DAC-41108-1100001600": 44458142.80071255,
  "XM-DAC-41108-1100001731": 50942439.25944497,
  "XM-DAC-41108-2000000929": 77420311.1,
  "XM-DAC-41108-2000002583": 42700000.0
}