{
  "XM-DAC-41108-1100000316": 6928495.929017786,
  "XM-DAC-41108-1100000360": 11195023.021798499,
  "XM-DAC-41108-1100000442": 2288195.423128102,
  "XM-DAC-41108-1100001021": 41243620.19078448,
  "XM-DAC-41108-1100001060": 27511341.53058459,
  "XM-DAC-41108-1100001122": 27018819.07211386,
  "XM-DAC-41108-1100001158": 38369484.93403571,
  "XM-DAC-41108-1100001197": 39229982.579065315,
  "XM-DAC-41108-1100001369": 95655782.71650639,
  "XM-DAC-41108-1100001419": 62678240.10664817,
  "XM-DAC-41108-1100001465": 27353098.213290628,
  "XM-DAC-41108-1100001468": 101701442.84626271,
  "XM-DAC-41108-1100001630": 62885914.37517183,
  "XM-DAC-41108-1100001681": 113852628.81749186,
  "XM-DAC-41108-2000001484": 90775232.18,
  "XM-DAC-41108-2000002260": 141498600.51609057
}