{
  "XM-DAC-6-4-000293-30-0": -447.00065889803767,
  "XM-DAC-6-4-000735-01-1": -5280.259217333315,
  "XM-DAC-6-4-000735-02-2": -103.78248127058788,
  "XM-DAC-6-4-001117-01-2": -7193.2206366980145,
  "XM-DAC-6-4-001157-07-4": -534.4160105058804,
  "XM-DAC-6-4-001569-03-5": -438939.48884392396,
  "XM-DAC-6-4-003956-01-3": 18226.310406541226,
  "XM-DAC-6-4-003956-02-4": 23646.352634933235,
  "XM-DAC-6-4-004855-02-3": 5977.6360482279815,
  "XM-DAC-6-4-008253-01-1": 2261754.2040013373,
  "XM-DAC-6-4-008253-02-2": 1363419.6025533723,
  "XM-DAC-6-4-008710-01-5": 4064058.8095625993,
  "XM-DAC-6-4-008710-02-6": 972414.6222111891,
  "XM-DAC-6-4-008710-03-0": 169360.96529549052,
  "XM-DAC-6-4-009245-02-5": 274615.098072142,
  "XM-DAC-6-4-009431-03-0": 19389.175628767305,
  "XM-DAC-6-4-009487-01-5": 3058877.729111521,
  "XM-DAC-6-4-009487-02-6": 72244.5123674832,
  "XM-DAC-6-4-009542-01-3": 8841112.499898255,
  "XM-DAC-6-4-009593-02-1": 127715.53068200673,
  "XM-DAC-6-4-009696-02-4": 69827.58667707763,
  "XM-DAC-6-4-009696-04-6": 345205.6148007831,
  "XM-DAC-6-4-009929-02-1": 29258.17010447833,
  "XM-DAC-6-4-009961-01-1": 2656697.195812748,
  "XM-DAC-6-4-009962-02-4": 1238105.3192156833,
  "XM-DAC-6-4-009962-03-5": 74955.8210120468,
  "XM-DAC-6-4-010121-01-6": 1328500.784313721,
  "XM-DAC-6-4-010121-02-0": 21328.017291529337,
  "XM-DAC-6-4-010151-01-3": 2557646.276729317,
  "XM-DAC-6-4-010151-02-4": 45578.63002848611,
  "XM-DAC-6-4-010307-01-0": 2369313.5679886234,
  "XM-DAC-6-4-010307-02-1": 21466.314223176396,
  "XM-DAC-6-4-010310-01-6": 2937221.3356822017,
  "XM-DAC-6-4-010310-02-0": 55145.722146658634,
  "XM-DAC-6-4-010411-02-6": 3985502.3529411624,
  "XM-DAC-6-4-010557-01-3": 2760758.9146631905,
  "XM-DAC-6-4-011023-01-4": -1.6943359375e-22,
  "XM-DAC-6-4-011071-01-2": 2391301.4117646976,
  "XM-DAC-6-4-011254-01-4": 9605060.670588203,
  "XM-DAC-6-4-011256-01-1": 797100.4705882325,
  "XM-DAC-6-4-011300-01-5": 2231881.317647051,
  "XM-DAC-6-4-011397-01-3": 1824562.9771764642,
  "XM-DAC-6-4-011426-01-5": 4256578.97904804,
  "XM-DAC-6-4-011621-01-3": 9864118.323529378,
  "XM-DAC-6-4-011726-01-3": 2949935.9915686175,
  "XM-DAC-6-4-012041-01-3": 4649752.745098023,
  "XM-DAC-6-4-012127-04-5": 147448.28272978772,
  "XM-DAC-6-4-012210-01-0": 3249512.918431361,
  "XM-DAC-6-4-012314-02-7": 1333591.599319211,
  "XM-DAC-6-4-012570-01-0": 2066482.9699999928,
  "XM-DAC-6-4-012590-02-8": 3824490.0772035317,
  "XM-DAC-6-4-012590-04-7": 3631605.2210341245
}