{
  "XM-DAC-6-4-003956-01-3": 20058.472408203965,
  "XM-DAC-6-4-003956-02-4": 11919.43720071555,
  "XM-DAC-6-4-003985-01-5": 125840.21857671518,
  "XM-DAC-6-4-004855-02-3": 3040.276526270277,
  "XM-DAC-6-4-005889-01-5": 555624.3082162035,
  "XM-DAC-6-4-006446-01-6": 872253.07127426,
  "XM-DAC-6-4-007252-01-1": 3142892.2208908787,
  "XM-DAC-6-4-008253-01-1": 1169499.519958125,
  "XM-DAC-6-4-008253-02-2": 682786.6539016637,
  "XM-DAC-6-4-008253-03-3": 524331.6783867186,
  "XM-DAC-6-4-008710-01-5": 1966551.100141013,
  "XM-DAC-6-4-008710-02-6": 474602.5610230316,
  "XM-DAC-6-4-008710-03-0": 84680.56291704722,
  "XM-DAC-6-4-009245-02-5": 137366.3417224392,
  "XM-DAC-6-4-009431-03-0": 9699.460020265993,
  "XM-DAC-6-4-009487-01-5": 1508512.9229331668,
  "XM-DAC-6-4-009487-02-6": 72244.5123674832,
  "XM-DAC-6-4-009542-01-3": 8841112.499898255,
  "XM-DAC-6-4-009593-02-1": 127715.53068200673,
  "XM-DAC-6-4-009696-02-4": 34913.80386594273,
  "XM-DAC-6-4-009696-04-6": 345205.6148007831,
  "XM-DAC-6-4-009929-02-1": 29258.17010447833,
  "XM-DAC-6-4-009961-01-1": 2656697.195812748,
  "XM-DAC-6-4-009962-02-4": 1238105.3192156833,
  "XM-DAC-6-4-009962-03-5": 74955.8210120468,
  "XM-DAC-6-4-010121-01-6": 1328500.784313721,
  "XM-DAC-6-4-010121-02-0": 21328.017291529337,
  "XM-DAC-6-4-010151-01-3": 2557646.276729317,
  "XM-DAC-6-4-010151-02-4": 45578.63002848611,
  "XM-DAC-6-4-010307-01-0": 2369313.5679886234,
  "XM-DAC-6-4-010307-02-1": 21466.314223176396,
  "XM-DAC-6-4-010310-01-6": 2937221.3356822017,
  "XM-DAC-6-4-010310-02-0": 55145.722146658634,
  "XM-DAC-6-4-010411-02-6": 3985502.3529411624,
  "XM-DAC-6-4-010557-01-3": 2760758.9146631905,
  "XM-DAC-6-4-011023-01-4": -1.6943359375e-22,
  "XM-DAC-6-4-011071-01-2": 2391301.4117646976,
  "XM-DAC-6-4-011254-01-4": 9605060.670588203,
  "XM-DAC-6-4-011256-01-1": 797100.4705882325,
  "XM-DAC-6-4-011300-01-5": 2231881.317647051,
  "XM-DAC-6-4-011397-01-3": 1824562.9771764642,
  "XM-DAC-6-4-011426-01-5": 4256578.97904804,
  "XM-DAC-6-4-011621-01-3": 6642590.274119585,
  "XM-DAC-6-4-011726-01-3": 2949935.9915686175,
  "XM-DAC-6-4-012041-01-3": 4649752.745098023,
  "XM-DAC-6-4-012127-04-5": 147448.28272978772,
  "XM-DAC-6-4-012210-01-0": 3249512.918431361,
  "XM-DAC-6-4-012314-02-7": 1333591.599319211,
  "XM-DAC-6-4-012570-01-0": 2066482.9699999928,
  "XM-DAC-6-4-012590-02-8": 3824490.0772035317,
  "XM-DAC-6-4-012590-04-7": 3631605.2210341245
}