{
  "GB-CHC-288701-SZ999": 852958.5176156036,
  "GB-CHC-288701-SZJ51": 420052.36985285114
}