{
  "FR-6-BR-1172": 13710.1280941176,
  "FR-6-BR-1173": 6855.0640470588,
  "FR-6-BR-1176": 6855.0640470588,
  "FR-6-BR-1177": 6855.0640470588,
  "FR-6-BR-1178": 31979.67087999989,
  "FR-6-BR-1179": 13338.147874509757,
  "FR-6-BR-1180": 6855.0640470588,
  "FR-6-BR-1181": 11398.536729411726,
  "FR-6-BR-1182": 5707.2393694117445,
  "FR-6-BR-1183": 3985.502352941163,
  "FR-6-BR-1184": 6855.0640470588,
  "FR-6-BR-1185": 22690.793396078352,
  "FR-6-BR-1219": 10628.006274509768,
  "FR-6-BR-1220": 10628.006274509768,
  "FR-6-BR-1221": 10628.006274509768,
  "FR-6-BR-1222": 10628.006274509768,
  "FR-6-BR-1223": 10628.006274509768,
  "FR-6-BR-1224": 10628.006274509768,
  "FR-6-BR-1225": 10628.006274509768,
  "FR-6-BR-1376": 2654.3445670588144,
  "FR-6-BR-1377": 22318.81317647051,
  "FR-6-BR-1378": 7599.024486274483,
  "FR-6-BR-1382": 8034.772743529384,
  "FR-6-BR-1383": 16239.593587450923,
  "FR-6-BR-1384": 5707.2393694117445,
  "FR-6-BR-185BRA0875": 7599.024486274483,
  "FR-6-BR-185BRA0875-1": 19741.52165490189,
  "FR-6-BR-185BRA0875-2": 16563.747778823472,
  "FR-6-BR-185BRA0875-3": 7599.024486274483,
  "FR-6-BR-185BRA0875-4": 11398.536729411726,
  "FR-6-BR-185BRA0875-5": 12190.323196862702,
  "FR-6-BR-185BRA0880": 22084.997038431295,
  "FR-6-BR-185BRA0881": 11042.498519215647,
  "FR-6-BR-185BRA0881-1": 33265.65963921557,
  "FR-6-BR-185BRA0881-2": 12190.323196862702,
  "FR-6-BR-185BRA0881-3": 18285.484795294054,
  "FR-6-BR-185BRA0882": 11042.498519215647,
  "FR-6-BR-185BRA0968": 41959.36877176456,
  "FR-6-BR-185BRA0968-1": 2869.561694117637,
  "FR-6-BR-185BRA0975": 18285.484795294054,
  "FR-6-BR-185BRA1088": 5521.249259607824,
  "FR-6-BR-185BRAB190014": 39881.5935450979,
  "FR-6-BR-185BRAI190002": 4378.738585098024,
  "FR-6-BR-185BRAI190040": 22451.663254901883,
  "FR-6-BR-185BRAM190011": 6105.789604705861,
  "FR-6-BR-185BRAM190012 - BRA": 5308.689134117629,
  "FR-6-BR-185BRAM190022": 20535.965123921498,
  "FR-6-BR-185BRAM190072": 14624.136633725439,
  "FR-6-BR-185BRAM190079": 11725.347922352901,
  "FR-6-BR-185BRAM190101": 14895.15079372544,
  "FR-6-BR-185BRAM190106": 7253.614282352916,
  "FR-6-BR-185BRAM190123": 6456.513811764684,
  "FR-6-BR-185BRAM190124 -/25": 34761.55152235282,
  "FR-6-BR-185BRAM190129": 24550.69449411756,
  "FR-6-BR-209BRA0272": 11956.507058823488,
  "FR-6-BR-209BRA0276": 3985.502352941163,
  "FR-6-BR-209BRAB190007": 26782.57581176461,
  "FR-6-BR-209BRAB190016": 6695.643952941153,
  "FR-6-BR-209BRAI190005": 7413.034376470562,
  "FR-6-BR-209BRAI190007 /-8 /-9": 22664.22338039208,
  "FR-6-BR-209BRAI190011 - 209BRAI190012": 14613.50862745093,
  "FR-6-BR-209BRAI190014": 5818.833435294097,
  "FR-6-BR-209BRAI190015": 5579.703294117628,
  "FR-6-BR-209BRAI190017": 4059.898396862731,
  "FR-6-BR-209BRAM190005 ": 17700.944450196017,
  "FR-6-BR-209BRAM190009": 6953.373105098015,
  "FR-6-BR-209BRAM190010": 29370.49533960774,
  "FR-6-BR-209BRAM190017": 7604.338489411738,
  "FR-6-BR-209BRAM190020": 24231.85430588227,
  "FR-6-BR-660": 3799.5122431372415,
  "FR-6-BR-661": 20007.221811764637,
  "FR-6-BR-662": 9538.635631372515,
  "FR-6-BR-665": 12190.323196862702,
  "FR-6-BR-679": 7599.024486274483,
  "FR-6-BR-684": 24927.98871686266,
  "FR-6-BR-701": 3799.5122431372415,
  "FR-6-BR-703": 9535.978629803889,
  "FR-6-BR-818": 11398.536729411726,
  "FR-6-BR-819": 7599.024486274483,
  "FR-6-BR-820": 11042.498519215647,
  "FR-6-BR-821": 7599.024486274483,
  "FR-6-BR-822": 23541.033898039135,
  "FR-6-BR-823": 20007.221811764637,
  "FR-6-BR-824": 15198.048972548966,
  "FR-6-BR-825": 6669.073937254879,
  "FR-6-BR-827": 28464.457804705784,
  "FR-6-BR-828": 10628.006274509768,
  "FR-6-BR-829": 10628.006274509768,
  "FR-6-BR-830": 3985.502352941163,
  "FR-6-BR-835": 15995.1494431372,
  "FR-6-BR-836": 13338.147874509757,
  "FR-6-BR-837": 1344.4427937254854,
  "FR-6-BR-988": 18281.499292941113,
  "FR-6-BR-BRA-16-02": 9299.505490196047,
  "FR-6-BR-BRA-16-02-1": 7971.004705882326,
  "FR-6-BR-pas de code prisme - billet et per diem pris sur cr\u00e9dits SCAC": 8847.815223529382,
  "FR-6-BR-pas de code prisme - fonds de la coop\u00e9ration r\u00e9gionale": 35269.03882196066,
  "FR-6-BR-pas de code prisme - subvention": 1475887.3183270537
}