{
  "idh": {
    "NL-KVK-53521129-CoreMYP2016/2020": 233561146.96812624,
    "NL-KVK-53521129-Otherfunding": 76196.39362644276,
    "NL-KVK-53521129-SNV-HORTINVEST": 6640555.813501601,
    "NL-KVK-53521129-landscapes": 38927608.87488355,
    "NL-KVK-53521129-privatefunding": 2733772.0643018745
  }
}