{
  "DE-1-199865510": 9343402.428756746,
  "DE-1-200065268": 12228404.349445412,
  "DE-1-200070045": 2138051.275850483,
  "DE-1-200266320": 12988760.182356143,
  "DE-1-200266783": 9223087.550417287,
  "DE-1-200370015": 1249763.378712077,
  "DE-1-200466250": 26469994.323194418,
  "DE-1-200730762-0": 342367.2082765123,
  "DE-1-200731216-0": 239657.04579355862,
  "DE-1-200733469-0": 616260.9748977221,
  "DE-1-200765065": 13472596.1137252,
  "DE-1-200830539-0": 179058.6816826811,
  "DE-1-200830752-0": 293538.8224306248,
  "DE-1-200831206-0": 660462.3504689058,
  "DE-1-200832840-0": 73384.7056076562,
  "DE-1-200833384-0": 167317.12878545612,
  "DE-1-200833400-0": 127689.38775732179,
  "DE-1-200833475-0": 237766.44616880608,
  "DE-1-200839233-0": 300877.2929913904,
  "DE-1-200866590": 13921670.531234728,
  "DE-1-200930685-0": 167076.51040539658,
  "DE-1-200930859-0": 696152.1266891523,
  "DE-1-200939033-0": 584767.786418888,
  "DE-1-201018159": 3998446.3232960524,
  "DE-1-201031053-0": 90103.42649545138,
  "DE-1-201031111-0": 331262.5974097477,
  "DE-1-201031160-0": 87453.3257161734,
  "DE-1-201031350-0": 78177.97298870047,
  "DE-1-201032598-0": 172256.5506530688,
  "DE-1-201033265-0": 834781.7454725642,
  "DE-1-201033653-0": 331262.5974097477,
  "DE-1-201118314-0": 835217.9117211844,
  "DE-1-201130715-0": 348007.46321716014,
  "DE-1-201131317-0": 682094.6279056339,
  "DE-1-201132133-0": 260309.58248643577,
  "DE-1-201132141-0": 375848.06027453294,
  "DE-1-201139005-0": 194884.17940160967,
  "DE-1-201218023": 2509428.794841846,
  "DE-1-201218429-0": 867062.5358129622,
  "DE-1-201218726-0": 642233.3411449759,
  "DE-1-201230846-0": 286436.07015065924,
  "DE-1-201231596-0": 422589.5384733941,
  "DE-1-201232552-0": 102757.33458319613,
  "DE-1-201233543-0": 616544.0074991769,
  "DE-1-201239029-0": 141291.33505189468,
  "DE-1-201318047": 4215527.160920762,
  "DE-1-201318203-0": 1858655.5100087272,
  "DE-1-201331073-0": 92932.77550043636,
  "DE-1-201331388-0": 260211.7714012218,
  "DE-1-201333194-0": 318626.65885863896,
  "DE-1-201333913-0": 531044.4314310648,
  "DE-1-201339183-0": 180555.10668656207,
  "DE-1-201339340-0": 201796.88394380466,
  "DE-1-201375112-0": 146037.21864354284,
  "DE-1-201418037": 13973930.284458414,
  "DE-1-201418045-0": 3054655.6742107365,
  "DE-1-201430461-0": 531244.465080128,
  "DE-1-201430883-0": 239060.00928605764,
  "DE-1-201432988-0": 305465.5674210736,
  "DE-1-201433846-0": 302809.345095673,
  "DE-1-201440494-0": 996083.3720252401,
  "DE-1-201440619-0": 3585900.1392908646,
  "DE-1-201475755-0": 409058.2381116986,
  "DE-1-201476183-0": 332027.79067508003,
  "DE-1-201531086-0": 464838.90694511204,
  "DE-1-201531094-0": 332027.79067508003,
  "DE-1-201531359-0": 378511.6813695912,
  "DE-1-201532217-0": 471479.46275861363,
  "DE-1-201532324-0": 159373.33952403843,
  "DE-1-201533306-0": 966864.926445833,
  "DE-1-201574821-0": 130154.89394463137,
  "DE-1-201618313-0": 2945550.014083742,
  "DE-1-201618321-0": 4183550.1625060085,
  "DE-1-201618495": 45487807.32248597,
  "DE-1-201633874-0": 239060.00928605764,
  "DE-1-201633882-0": 332027.79067508003,
  "DE-1-201633932-0": 185935.5627780448,
  "DE-1-201633957-0": 491401.13019911846,
  "DE-1-201673656-0": 464838.90694511204,
  "DE-1-201675222-0": 192576.11859154643,
  "DE-1-201675230-0": 332027.79067508003,
  "DE-1-201676261-0": 398433.34881009604,
  "DE-1-201718071-0": 3152935.90025056,
  "DE-1-201718089-0": 3320277.9067508006,
  "DE-1-201718113": 18593556.277804483,
  "DE-1-201718139": 9562400.371442305,
  "DE-1-201718436-0": 11103009.320174677,
  "DE-1-201718634-0": 2656222.3254006403,
  "DE-1-201730167-0": 225778.89765905443,
  "DE-1-201731116-0": 531244.465080128,
  "DE-1-201733039-0": 332027.79067508003,
  "DE-1-201733799-0": 239060.00928605764,
  "DE-1-201806009-3240": 494616.3545128997,
  "DE-1-201818137-0": 2959031.6704963134,
  "DE-1-201818145-0": 4840423.318688286,
  "DE-1-201818293": 39843334.8810096,
  "DE-1-201818475-0": 68862563.7860116,
  "DE-1-201818665": 32332866.255939294,
  "DE-1-201830082-0": 398433.34881009604,
  "DE-1-201833193-0": 557806.6883341344,
  "DE-1-201833292-0": 626868.4687945511,
  "DE-1-201833318-0": 201872.89673044867,
  "DE-1-201839570-0": 557806.6883341344,
  "DE-1-201873520-0": 411714.4604370992,
  "DE-1-201873538-0": 418355.01625060086,
  "DE-1-201874858-0": 308121.7897464743,
  "DE-1-201876697-0": 743742.2511121792,
  "DE-1-201918192-0": 5312444.6508012805,
  "DE-1-201918713": 37718357.020689085,
  "DE-1-201931914-0": 369214.903230689,
  "DE-1-201932755-0": 70389.89162311697,
  "DE-1-201933340-0": 197888.5632423477,
  "DE-1-201933431-0": 343980.7911393829,
  "DE-1-201939081-0": 243044.34277415858,
  "DE-1-201940600": 15273278.37105368,
  "DE-1-201974377-0": 225778.89765905443,
  "DE-1-201975549-0": 431636.12787760404,
  "DE-1-201975556-0": 444917.2395046073,
  "DE-1-201976828-0": 511322.7976396233,
  "DE-1-202030195-0": 557806.6883341344,
  "DE-1-202030963-0": 349293.2357901842,
  "DE-1-202031664-0": 460854.5734570111,
  "DE-1-202031789-0": 205857.2302185496,
  "DE-1-202032399-0": 349293.2357901842,
  "DE-1-202032449-0": 351949.45811558486,
  "DE-1-202033033-0": 269606.566028165,
  "DE-1-202033207-0": 152732.7837105368,
  "DE-1-202033330-0": 369214.903230689,
  "DE-1-202033892-0": 448901.5729927082,
  "DE-1-202074672-0": 394449.0153219951,
  "DE-1-202076248-0": 239060.00928605764,
  "DE-1-202076776-0": 531244.465080128,
  "DE-1-202076875-0": 96952.11487712337,
  "DE-1-202077063-0": 464838.90694511204,
  "DE-1-202100709-6014": 1699458.8265227433,
  "DE-1-202130615-0": 525932.0204293268,
  "DE-1-202131670-0": 628196.5799572514,
  "DE-1-202131936-0": 285543.89998056885,
  "DE-1-202132678-0": 780929.3636677882,
  "DE-1-202133734-0": 780929.3636677882,
  "DE-1-202133759-0": 139451.6720835336,
  "DE-1-202133809-0": 557806.6883341344,
  "DE-1-202174647-0": 650774.4697231569,
  "DE-1-202174969-0": 232419.45347255602,
  "DE-1-202176212-0": 796866.6976201921
}