{
  "GB-COH-FC012665-Ethiopia Investment Advisory Facility": 49364057.0957549,
  "GB-COH-FC012665-Punjab Education Reform Roadmap Phase II": 8227342.849292483,
  "GB-COH-FC012665-Support to Sierra Leone President's Delivery Team Phase II": 13697903.856952578
}