{
  "GB-CHC-285776-NIC229": 87051.77049167972,
  "GB-CHC-285776-NIC237": 49758.96955252094,
  "GB-CHC-285776-NIC239": 58944.5839328419
}