{
  "DE-1-200135145": 3581529.3553057592,
  "DE-1-200265058": 3042462.991574756,
  "DE-1-200322941": 1159800.685922141,
  "DE-1-200366625": 14662697.675221432,
  "DE-1-200521377": 23870771.857083708,
  "DE-1-200565085": 544656.641237744,
  "DE-1-200721829": 6110124.580252155,
  "DE-1-200721837": 6030097.421874999,
  "DE-1-200830075-0": 1323679.9218749998,
  "DE-1-200831636-0": 277972.78359375,
  "DE-1-200832253-0": 211788.78749999998,
  "DE-1-200930321-0": 101819.11679687494,
  "DE-1-200931857-0": 160399.9785156249,
  "DE-1-201010073-0": 1604647.4533333366,
  "DE-1-201030824-0": 413623.60000000085,
  "DE-1-201032721-0": 218743.25000000044,
  "DE-1-201032739-0": 225371.83333333378,
  "DE-1-201033513-0": 835201.5000000016,
  "DE-1-201034438-0": 571634.2637159544,
  "DE-1-201121755": 6877585.331595142,
  "DE-1-201122480": 4761680.602275106,
  "DE-1-201122498": 5110647.355269426,
  "DE-1-201130913-0": 171210.49610894974,
  "DE-1-201131986-0": 249159.990272374,
  "DE-1-201132570-0": 515023.44357976754,
  "DE-1-201132927-0": 180954.18287937777,
  "DE-1-201222900": 6678976.778484721,
  "DE-1-201239342-0": 345608.1527343751,
  "DE-1-201322320": 8499023.002021154,
  "DE-1-201331172-0": 385154.2313725501,
  "DE-1-201331644-0": 252342.42745098108,
  "DE-1-201332741-0": 280232.9062745106,
  "DE-1-201333855-0": 166014.75490196125,
  "DE-1-201333863-0": 517966.0352941191,
  "DE-1-201366608": 19926016.45256089,
  "DE-1-201422849": 7971004.705882325,
  "DE-1-201431600-0": 516786.8050980374,
  "DE-1-201431691-0": 189975.61215686207,
  "DE-1-201432939-0": 252415.14901960696,
  "DE-1-201439454-0": 265700.1568627442,
  "DE-1-201439462-0": 225845.13333333255,
  "DE-1-201521541": 6665512.665057393,
  "DE-1-201521905": 25507215.05882344,
  "DE-1-201531300-0": 823670.4862745069,
  "DE-1-201532167-0": 371980.21960784186,
  "DE-1-201533231-0": 704105.4156862721,
  "DE-1-201533835-0": 325482.6921568616,
  "DE-1-201534189-0": 817490.3006258796,
  "DE-1-201631779-0": 494202.29176470416,
  "DE-1-201721604": 7227044.266666641,
  "DE-1-201731553-0": 664250.3921568604,
  "DE-1-201733559-0": 387922.2290196065,
  "DE-1-201733674-0": 216545.6278431365,
  "DE-1-201733948-0": 232487.63725490114,
  "DE-1-201739481-0": 358695.2117647046,
  "DE-1-201830405-0": 613767.3623529391,
  "DE-1-201831767-0": 354709.70941176347,
  "DE-1-201832294-0": 348067.20549019484,
  "DE-1-201832377-0": 251086.64823529325,
  "DE-1-201833573-0": 557970.3294117628,
  "DE-1-201835008": 5679718.691849223,
  "DE-1-201931336-0": 450361.7658823514,
  "DE-1-201932052-0": 390579.2305882339,
  "DE-1-201932375-0": 439733.7596078416,
  "DE-1-201933548-0": 585868.8458823509,
  "DE-1-201933589-0": 496859.2933333316,
  "DE-1-202032746-0": 781158.4611764678,
  "DE-1-202032753-0": 1289974.261568623,
  "DE-1-202039816-0": 613767.3623529391,
  "DE-1-202130268-0": 390579.2305882339,
  "DE-1-202130482-0": 585868.8458823509,
  "DE-1-202132157-0": 386593.7282352928,
  "DE-1-202132165-0": 362680.7141176458,
  "DE-1-202139590-0": 875482.016862742,
  "DE-1-202139798-0": 313526.1850980381
}