{
  "GB-CHC-1138287-FGMC/REG/2018/001": 1936985.9330797864,
  "GB-CHC-1138287-FGMC/REG/2021/001": 553294.6255570871
}