{
  "GB-1-200188-104": 387748.0344113497,
  "GB-1-204972-101": 10548689.279688926
}