{
  "lboro": {
    "GB-HESA-10004113-300123-101": 17865029.529933933,
    "GB-HESA-10004113-J16579": 86536.47462013637
  }
}