{
  "XM-DAC-701-2-2013010626": 11718037.905195553,
  "XM-DAC-701-2-2016001501": 593898678.7197919,
  "XM-DAC-701-2-2016001504": 129934477.32798892,
  "XM-DAC-701-2-2016001806": 11708557.292003646,
  "XM-DAC-701-2-2016003000": 171551695.7075352,
  "XM-DAC-701-2-2016003002": 112316824.48450786,
  "XM-DAC-701-2-2016003003": 47403065.95952894,
  "XM-DAC-701-2-2016003004": 224178579.53580424,
  "XM-DAC-701-2-2016003005": 10580364.322166858,
  "XM-DAC-701-2-2016003006": 152931771.39863226,
  "XM-DAC-701-2-2016003007": 19615388.694053072,
  "XM-DAC-701-2-2016003008": 96199782.05826803,
  "XM-DAC-701-2-2016003009": 10115814.275763474,
  "XM-DAC-701-2-2016003010": 167816334.10992435,
  "XM-DAC-701-2-2016003011": 21615798.077545196,
  "XM-DAC-701-2-2016003012": 781524867.8615617,
  "XM-DAC-701-2-2016003014": 154979583.8480839,
  "XM-DAC-701-2-2016003015": 38112065.03146126,
  "XM-DAC-701-2-2016003017": 433169216.7381754,
  "XM-DAC-701-2-2016003018": 474030659.59528935,
  "XM-DAC-701-2-2016003019": 85221231.98204112,
  "XM-DAC-701-2-2016003020": 12154146.11202322,
  "XM-DAC-701-2-2016003021": 407903382.58174646,
  "XM-DAC-701-2-2016003022": 22781913.500149608,
  "XM-DAC-701-2-2016003023": 163995646.9935863,
  "XM-DAC-701-2-2016003024": 41544047.006931156,
  "XM-DAC-701-2-2016003026": 146541838.10728773,
  "XM-DAC-701-2-2016003027": 230483187.30842158,
  "XM-DAC-701-2-2016003028": 11623231.773276495,
  "XM-DAC-701-2-2016003029": 238911452.43602583,
  "XM-DAC-701-2-2016003031": 935603793.4564145,
  "XM-DAC-701-2-2016003032": 47194492.469307005,
  "XM-DAC-701-2-2016003033": 237015329.79764467,
  "XM-DAC-701-2-2016003034": 94806131.91905788,
  "XM-DAC-701-2-2016003035": 277763005.29645574,
  "XM-DAC-701-2-2016003037": 298421261.44161844,
  "XM-DAC-701-2-2016003039": 212963014.1297797,
  "XM-DAC-701-2-2016003041": 56883679.15143472,
  "XM-DAC-701-2-2016003042": 280142639.2076241,
  "XM-DAC-701-2-2016003044": 59633056.9770874,
  "XM-DAC-701-2-2016003045": 47403065.95952894,
  "XM-DAC-701-2-2016003046": 791972503.5990418,
  "XM-DAC-701-2-2016003047": 62941790.98106252,
  "XM-DAC-701-2-2016003048": 192124626.3339708,
  "XM-DAC-701-2-2016003050": 518978246.7381147,
  "XM-DAC-701-2-2016003052": 716459419.5255122,
  "XM-DAC-701-2-2016003053": 358566271.53106874,
  "XM-DAC-701-2-2016003054": 272074637.38131225,
  "XM-DAC-701-2-2016003055": 113653590.94456658,
  "XM-DAC-701-2-2016003056": 161132501.80963075,
  "XM-DAC-701-2-2016003057": 23360230.90485586,
  "XM-DAC-701-2-2016003058": 65311944.279038966,
  "XM-DAC-701-2-2016003059": 1567467701.4705515,
  "XM-DAC-701-2-2016003060": 14467415.73084823,
  "XM-DAC-701-2-2016003061": 94806131.91905788,
  "XM-DAC-701-2-2016003062": 383964834.2721844,
  "XM-DAC-701-2-2016003064": 444413223.9837757,
  "XM-DAC-701-2-2016003065": 24014393.215097357,
  "XM-DAC-701-2-2016003066": 151357989.60877588,
  "XM-DAC-701-2-2016003068": 80016375.33968484,
  "XM-DAC-701-2-2016003069": 244704107.09628028,
  "XM-DAC-701-2-2016003070": 15661972.99302836,
  "XM-DAC-701-2-2016003071": 213664579.50598073,
  "XM-DAC-701-2-2016003073": 97792525.07450819,
  "XM-DAC-701-2-2016003075": 284418395.7571736,
  "XM-DAC-701-2-2016003076": 157719481.06054467,
  "XM-DAC-701-2-2016010008": 13434028.8929305,
  "XM-DAC-701-2-2016010014": 21625278.6907371,
  "XM-DAC-701-2-2016010027": 11310371.537943603,
  "XM-DAC-701-2-2016010031": 36073733.195201516,
  "XM-DAC-701-2-2016010033": 21151248.03114181,
  "XM-DAC-701-2-2016010034": 20828907.182617012,
  "XM-DAC-701-2-2016010037": 23966990.14913783,
  "XM-DAC-701-2-2016010040": 13007401.29929474,
  "XM-DAC-701-2-2016010041": 31693689.900541045,
  "XM-DAC-701-2-2016010044": 13234936.015900478,
  "XM-DAC-701-2-2016010304": 13765850.354647202,
  "XM-DAC-701-2-2016010309": 20440202.041748878,
  "XM-DAC-701-2-2016010312": 17349522.14118759,
  "XM-DAC-701-2-2016010313": 15804182.190906947,
  "XM-DAC-701-2-2016010314": 26469872.031800956,
  "XM-DAC-701-2-2016010326": 18885381.478276327,
  "XM-DAC-701-2-2016010335": 19814481.571083095,
  "XM-DAC-701-2-2016010351": 12068820.593296066,
  "XM-DAC-701-2-2016010601": 20250589.77791076,
  "XM-DAC-701-2-2016010603": 12485967.573739922,
  "XM-DAC-701-2-2016010605": 13841695.26018245,
  "XM-DAC-701-2-2016010606": 10153736.728531098,
  "XM-DAC-701-2-2016010608": 21037480.67283894,
  "XM-DAC-701-2-2016010610": 11376735.830286944,
  "XM-DAC-701-2-2016010612": 11746479.74477127,
  "XM-DAC-701-2-2016010616": 20250589.77791076,
  "XM-DAC-701-2-2016010617": 11206084.79283264,
  "XM-DAC-701-2-2016010618": 22753471.66057389,
  "XM-DAC-701-2-2016010621": 26488833.25818477,
  "XM-DAC-701-2-2016010623": 21663201.143504724,
  "XM-DAC-701-2-2016010634": 25208950.477277488,
  "XM-DAC-701-2-2016010651": 37647514.98505788,
  "XM-DAC-701-2-2016010657": 29873412.167695135,
  "XM-DAC-701-2-2016010673": 18961226.383811574
}