{
  "XM-DAC-41108-1100000066": 9841161.90190644,
  "XM-DAC-41108-1100000104": 28139413.580471177,
  "XM-DAC-41108-1100000206": 42577491.07669716,
  "XM-DAC-41108-1100000293": 29916367.75088731,
  "XM-DAC-41108-1100000368": 26176442.287931502,
  "XM-DAC-41108-1100000430": 8111332.834025145,
  "XM-DAC-41108-1100001039": 22126222.322351787,
  "XM-DAC-41108-1100001108": 32323347.227369137,
  "XM-DAC-41108-1100001280": 24532140.221154526,
  "XM-DAC-41108-1100001319": 20699188.695493247,
  "XM-DAC-41108-1100001474": 41111290.89281879,
  "XM-DAC-41108-1100001567": 62055070.408596985,
  "XM-DAC-41108-1100001650": 39645193.14988104,
  "XM-DAC-41108-2000000822": 55870147.481525645,
  "XM-DAC-41108-2000001405": 43029054.10272908
}