{
  "XI-IATI-EC_NEAR-2003/4378/1": 10983582.919378594,
  "XI-IATI-EC_NEAR-2003/4380/1": 12928285.850947034,
  "XI-IATI-EC_NEAR-2004/6125/0": 15794821.361714922,
  "XI-IATI-EC_NEAR-2004/6195/0": 8719759.013885628,
  "XI-IATI-EC_NEAR-2005/17127/0": 10041337.500948355,
  "XI-IATI-EC_NEAR-2005/17564/0": 3524897.568931759,
  "XI-IATI-EC_NEAR-2006/17986/1": 303628.7952464477,
  "XI-IATI-EC_NEAR-2006/18028/0": 6685002.394751551,
  "XI-IATI-EC_NEAR-2007/18773/1": 336914.0697753391,
  "XI-IATI-EC_NEAR-2007/19097/0": 3712809.620387635,
  "XI-IATI-EC_NEAR-2007/19472/0": 3712809.8456462016,
  "XI-IATI-EC_NEAR-2008/19947/0": 975561.493454118,
  "XI-IATI-EC_NEAR-2008/20339/0": 2643284.3522988902,
  "XI-IATI-EC_NEAR-2008/20339/1": 1953806.623375516,
  "XI-IATI-EC_NEAR-2008/20339/10": 1700135.3435665548,
  "XI-IATI-EC_NEAR-2008/20339/11": 1394156.039267719,
  "XI-IATI-EC_NEAR-2008/20339/12": 1928755.0128257223,
  "XI-IATI-EC_NEAR-2008/20339/13": 867235.7580411152,
  "XI-IATI-EC_NEAR-2008/20339/14": 2728851.744914647,
  "XI-IATI-EC_NEAR-2008/20339/15": 3549362.7958443975,
  "XI-IATI-EC_NEAR-2008/20339/16": 1357517.7455188474,
  "XI-IATI-EC_NEAR-2008/20339/17": 2627471.425697838,
  "XI-IATI-EC_NEAR-2008/20339/18": 5185776.887538175,
  "XI-IATI-EC_NEAR-2008/20339/19": 5485481.847107231,
  "XI-IATI-EC_NEAR-2008/20339/2": 5108062.785285124,
  "XI-IATI-EC_NEAR-2008/20339/20": 1682313.9619150646,
  "XI-IATI-EC_NEAR-2008/20339/3": 2963970.160299766,
  "XI-IATI-EC_NEAR-2008/20339/4": 274841.1447947584,
  "XI-IATI-EC_NEAR-2008/20339/5": 11295054.531888185,
  "XI-IATI-EC_NEAR-2008/20339/6": 4118531.9410050963,
  "XI-IATI-EC_NEAR-2008/20339/7": 4042065.008869133,
  "XI-IATI-EC_NEAR-2008/20339/8": 6930273.248015212,
  "XI-IATI-EC_NEAR-2008/20339/9": 3490977.830713715,
  "XI-IATI-EC_NEAR-2009/21151/0": 888121.9691207083,
  "XI-IATI-EC_NEAR-2010/22259/1": 5305322.936433307,
  "XI-IATI-EC_NEAR-2010/22259/10": 3701570.9264174523,
  "XI-IATI-EC_NEAR-2010/22259/11": 53001984.57416399,
  "XI-IATI-EC_NEAR-2010/22259/12": 2820786.768450285,
  "XI-IATI-EC_NEAR-2010/22259/13": 2713399.2132720905,
  "XI-IATI-EC_NEAR-2010/22259/14": 4054654.1922953124,
  "XI-IATI-EC_NEAR-2010/22259/15": 1499830.3325758216,
  "XI-IATI-EC_NEAR-2010/22259/16": 6396060.433280442,
  "XI-IATI-EC_NEAR-2010/22259/2": 2514673.1309168255,
  "XI-IATI-EC_NEAR-2010/22259/3": 3302909.737846494,
  "XI-IATI-EC_NEAR-2010/22259/4": 10288794.291821113,
  "XI-IATI-EC_NEAR-2010/22259/5": 2457699.001838763,
  "XI-IATI-EC_NEAR-2010/22259/6": 6824009.506640803,
  "XI-IATI-EC_NEAR-2010/22259/7": 5060537.046193091,
  "XI-IATI-EC_NEAR-2010/22259/8": 3799334.684304216,
  "XI-IATI-EC_NEAR-2010/22259/9": 1374907.6931413529,
  "XI-IATI-EC_NEAR-2010/22674/0": 7618274.547158865,
  "XI-IATI-EC_NEAR-2011/22965/4": 4129603.715588001,
  "XI-IATI-EC_NEAR-2011/23436/1": 5002514.606568457,
  "XI-IATI-EC_NEAR-2011/23436/10": 9241453.283118594,
  "XI-IATI-EC_NEAR-2011/23436/11": 159796.72542080097,
  "XI-IATI-EC_NEAR-2011/23436/12": 11861444.497468347,
  "XI-IATI-EC_NEAR-2011/23436/13": 3853716.87770756,
  "XI-IATI-EC_NEAR-2011/23436/14": 3338237.577453531,
  "XI-IATI-EC_NEAR-2011/23436/15": 8699128.115687096,
  "XI-IATI-EC_NEAR-2011/23436/2": 3393126.345689035,
  "XI-IATI-EC_NEAR-2011/23436/3": 6895216.505838044,
  "XI-IATI-EC_NEAR-2011/23436/4": 12115165.698533904,
  "XI-IATI-EC_NEAR-2011/23436/5": 9468081.20558901,
  "XI-IATI-EC_NEAR-2011/23436/6": 6499678.607452407,
  "XI-IATI-EC_NEAR-2011/23436/7": 5543249.403696444,
  "XI-IATI-EC_NEAR-2011/23436/8": 15309982.774565335,
  "XI-IATI-EC_NEAR-2011/23436/9": 4524401.131122926,
  "XI-IATI-EC_NEAR-2012/22931/3": 225231.96320591233,
  "XI-IATI-EC_NEAR-2012/23324/4": 4282891.747492197,
  "XI-IATI-EC_NEAR-2012/23589/1": 4336396.628947423,
  "XI-IATI-EC_NEAR-2012/23589/10": 6834650.152315054,
  "XI-IATI-EC_NEAR-2012/23589/11": 1883039.8431645453,
  "XI-IATI-EC_NEAR-2012/23589/12": 6627422.347695629,
  "XI-IATI-EC_NEAR-2012/23589/13": 21767741.956658248,
  "XI-IATI-EC_NEAR-2012/23589/2": 1754043.9387071559,
  "XI-IATI-EC_NEAR-2012/23589/3": 1214299.9414904625,
  "XI-IATI-EC_NEAR-2012/23589/4": 23514775.294419337,
  "XI-IATI-EC_NEAR-2012/23589/5": 8598878.754772017,
  "XI-IATI-EC_NEAR-2012/23589/6": 2772429.1541792047,
  "XI-IATI-EC_NEAR-2012/23589/7": 6286544.071117842,
  "XI-IATI-EC_NEAR-2012/23589/8": 4174742.407089017,
  "XI-IATI-EC_NEAR-2012/23589/9": 8841040.78885761,
  "XI-IATI-EC_NEAR-2012/23592/0": 1161609.3341887866,
  "XI-IATI-EC_NEAR-2012/23595/0": 682254.4478480535,
  "XI-IATI-EC_NEAR-2012/23867/2": 1375602.6780528603,
  "XI-IATI-EC_NEAR-2012/308-560": 249146.72154430885,
  "XI-IATI-EC_NEAR-2013/23590/1": 12917202.560554529,
  "XI-IATI-EC_NEAR-2013/23590/2": 3105316.003528285,
  "XI-IATI-EC_NEAR-2013/23590/3": 2602097.710647312,
  "XI-IATI-EC_NEAR-2013/23590/4": -1750.294429303147,
  "XI-IATI-EC_NEAR-2013/23590/5": -3500.588858606294,
  "XI-IATI-EC_NEAR-2013/23590/6": 3319027.6964441556,
  "XI-IATI-EC_NEAR-2013/23590/7": 908339.0695568048,
  "XI-IATI-EC_NEAR-2013/23590/8": 3276745.6534912246,
  "XI-IATI-EC_NEAR-2013/23676/3": 345913.57623349037,
  "XI-IATI-EC_NEAR-2013/23686/0": 989581.5137150047,
  "XI-IATI-EC_NEAR-2013/23699/2": 927335.5882603131,
  "XI-IATI-EC_NEAR-2013/24081/4": 2598446.440876593,
  "XI-IATI-EC_NEAR-2013/335-342": 9146552.15173019,
  "XI-IATI-EC_NEAR-2013/336-857": 410978.87278852606,
  "XI-IATI-EC_NEAR-2014/31605/3": 2706154.8957891124,
  "XI-IATI-EC_NEAR-2014/31906/0": 4691523.463793302,
  "XI-IATI-EC_NEAR-2014/346-700": 8699128.115687098,
  "XI-IATI-EC_NEAR-2014/346-701": 21767741.956658248,
  "XI-IATI-EC_NEAR-2014/346-702": 25632545.440116182,
  "XI-IATI-EC_NEAR-2014/354-677": 4691523.463793301,
  "XI-IATI-EC_NEAR-2014/355-052": 189997.97592140094,
  "XI-IATI-EC_NEAR-2014/37662/1": 4021724.585250049,
  "XI-IATI-EC_NEAR-2014/37662/2": 2404732.0854661865,
  "XI-IATI-EC_NEAR-2014/37662/3": 852688.4050885331,
  "XI-IATI-EC_NEAR-2014/37662/4": 873239.7831557204,
  "XI-IATI-EC_NEAR-2014/37662/5": 1328064.1475651606,
  "XI-IATI-EC_NEAR-2014/37663/6": 12960189.953428417,
  "XI-IATI-EC_NEAR-2014/37663/7": 5312444.6508012805,
  "XI-IATI-EC_NEAR-2014/37663/8": 1328111.1627003201,
  "XI-IATI-EC_NEAR-2014/37703/1": 15020621.451868352,
  "XI-IATI-EC_NEAR-2014/37703/2": 16601389.533754002,
  "XI-IATI-EC_NEAR-2014/37703/3": 11886594.906167865,
  "XI-IATI-EC_NEAR-2014/37703/4": 3144521.0410481375,
  "XI-IATI-EC_NEAR-2014/37703/5": 2394199.6592637314,
  "XI-IATI-EC_NEAR-2014/37703/8": 13223187.45315875,
  "XI-IATI-EC_NEAR-2015/364-767": 3320277.9067508006,
  "XI-IATI-EC_NEAR-2015/368-919": 11886594.906167865,
  "XI-IATI-EC_NEAR-2015/369-672": 5312444.6508012805,
  "XI-IATI-EC_NEAR-2015/370-594": 4991522.977226496,
  "XI-IATI-EC_NEAR-2015/37653/3": 2975935.3514118097,
  "XI-IATI-EC_NEAR-2015/37888/1": 2656222.3254006403,
  "XI-IATI-EC_NEAR-2015/37888/2": 4190777.7567345356,
  "XI-IATI-EC_NEAR-2015/37888/3": 3764698.631897232,
  "XI-IATI-EC_NEAR-2015/37888/4": 5894704.800766397,
  "XI-IATI-EC_NEAR-2015/37888/5": 22048497.311998364,
  "XI-IATI-EC_NEAR-2015/37888/6": 7954139.525216505,
  "XI-IATI-EC_NEAR-2016/376-427": 196868.746523845,
  "XI-IATI-EC_NEAR-2016/377-748": 317882.4372711728,
  "XI-IATI-EC_NEAR-2016/377-928": 489983.0129429219,
  "XI-IATI-EC_NEAR-2016/37889/7": 19921667.4405048,
  "XI-IATI-EC_NEAR-2016/37889/8": 4580655.400153405,
  "XI-IATI-EC_NEAR-2016/37889/9": 5979605.98026208,
  "XI-IATI-EC_NEAR-2016/379-132": 282872.3512523506,
  "XI-IATI-EC_NEAR-2016/379-434": 658364.8640779984,
  "XI-IATI-EC_NEAR-2016/39653/1": 2575871.600057271,
  "XI-IATI-EC_NEAR-2016/39653/2": 4117144.6043709926,
  "XI-IATI-EC_NEAR-2016/39653/3": 5090927.861080006,
  "XI-IATI-EC_NEAR-2016/39653/4": 7907794.063548481,
  "XI-IATI-EC_NEAR-2016/39653/5": 4372129.26414785,
  "XI-IATI-EC_NEAR-2016/39653/6": 3973831.1967407865,
  "XI-IATI-EC_NEAR-2017/387-186": 502340.52950516006,
  "XI-IATI-EC_NEAR-2017/388-193": 9031155.906362178,
  "XI-IATI-EC_NEAR-2017/388-195": 7570233.6273918245,