{
  "XM-DAC-6-4-000236-01-4": -36673.68182300284,
  "XM-DAC-6-4-000236-03-6": -886573.9413351837,
  "XM-DAC-6-4-000363-02-0": -3242.995118193269,
  "XM-DAC-6-4-000363-03-1": -70981.98603372558,
  "XM-DAC-6-4-000710-01-0": -5530.17519481437,
  "XM-DAC-6-4-000811-02-0": -907155.0308294382,
  "XM-DAC-6-4-000871-01-0": -64473.19623662192,
  "XM-DAC-6-4-000871-02-1": -421834.2557824153,
  "XM-DAC-6-4-000958-09-0": 62729.5697704815,
  "XM-DAC-6-4-001119-01-6": -52.61976426618668,
  "XM-DAC-6-4-001192-01-5": -49158.75970063616,
  "XM-DAC-6-4-001431-02-1": 943705.4807925365,
  "XM-DAC-6-4-002420-02-5": -53159.55935772715,
  "XM-DAC-6-4-005191-02-3": 222339.6861259731,
  "XM-DAC-6-4-005928-02-0": 1507167.9825556776,
  "XM-DAC-6-4-008714-02-0": 2176120.431841716,
  "XM-DAC-6-4-009317-02-2": 334224.1863623929,
  "XM-DAC-6-4-009446-02-1": 420329.90775463183,
  "XM-DAC-6-4-010462-02-3": 311595.71683363785,
  "XM-DAC-6-4-010462-03-4": 1593733.3952403842,
  "XM-DAC-6-4-011309-01-2": 1017333.1506284452,
  "XM-DAC-6-4-011336-01-0": 2656222.3254006403,
  "XM-DAC-6-4-011370-01-5": 664055.5813501601,
  "XM-DAC-6-4-011651-01-0": 664055.5813501601,
  "XM-DAC-6-4-011769-01-5": 1328111.1627003201,
  "XM-DAC-6-4-011771-01-2": 1306735.2400988818,
  "XM-DAC-6-4-011982-01-4": 66405.558135016,
  "XM-DAC-6-4-012271-01-0": 2656222.3254006403
}