{
  "GB-CH-4161656-30302198": 1930624.8275062824,
  "GB-CH-4161656-382250001": 691980.006650996
}