{
  "NZ-1-ACT-0100005": 415377.09338090126,
  "NZ-1-ACT-0100190": 216666.83948846013,
  "NZ-1-ACT-0100198": -1.807861328125e-23,
  "NZ-1-ACT-0100276": 1054690.6238369406,
  "NZ-1-ACT-0100478": 1661508.373523605,
  "NZ-1-ACT-0100962": 635618.3358333227,
  "NZ-1-ACT-0101238": 3.623046875e-23,
  "NZ-1-ACT-0101254": -2.197265625e-23,
  "NZ-1-ACT-0101305": 170714.28640582922,
  "NZ-1-ACT-0101639": 37383.938404281114,
  "NZ-1-ACT-0101649": 1526263.635574083,
  "NZ-1-ACT-0101654": 1275471.3331356198,
  "NZ-1-ACT-0101871": 389416.02504459495,
  "NZ-1-ACT-0102291": 2858673.074548855,
  "NZ-1-ACT-0102503": 76448.49252838136,
  "NZ-1-ACT-0102672": 20768.854669045064,
  "NZ-1-ACT-0102753": 56504.576766790764,
  "NZ-1-ACT-0A11630": 7026995.698074193,
  "NZ-1-ACT-0A12569": 10725.867305281634
}