{
  "GB-CHC-202918-BKGA25": 528163.4723796365,
  "GB-CHC-202918-BKGA26": 1255080.345379969
}