{
  "imcw_admin": {
    "GB-COH-02651349 - 11089-01": 572458.515453771,
    "GB-COH-02651349-10725": 13204.720726257448,
    "GB-COH-02651349-11089": 1974.5622838301958,
    "GB-COH-02651349-11116": 954008.2536014749,
    "GB-COH-02651349-11271(1)": 25816.57912679488,
    "GB-COH-02651349-20186-316": 486735.6747431661,
    "GB-COH-02651349-20186-337": 145660.6294722134,
    "GB-COH-02651349-20186-347": 23608.179304502093,
    "GB-COH-02651349-20186-348": 69005.19267987084,
    "GB-COH-02651349-20188-006": 11606.72392463937,
    "GB-COH-02651349-20377": 12079158.157399783,
    "GB-COH-02651349-20597": 39056.67742730429,
    "GB-COH-02651349-20706-002": 14381.39530056326,
    "GB-COH-02651349-20718-006": 58923.145076554465,
    "GB-COH-02651349-20722": 23402072.852348957,
    "GB-COH-02651349-21108": 7128893.538158716,
    "GB-COH-02651349-EACDS-11144-035": 22924.668115268574,
    "GB-COH-02651349-EACDS11144-003": 28577.67538701744,
    "GB-COH-02651349-EACDS11144-007": 26816.20128298392,
    "GB-COH-02651349-EACDS11144-011": 292467.0809830478,
    "GB-COH-02651349-EACDS11144-016": 43684.722326888295,
    "GB-COH-02651349-EACDS11144-022": 2416.86423540816,
    "GB-COH-02651349-EACDS11144-028": 82758.84172103308,
    "GB-COH-02651349-EACDS11144-029": 99403.5790394367,
    "GB-COH-02651349-EACDS11144-031": 13129.851906328886,
    "GB-COH-02651349-EACDS11144-032": 11238.879425847503,
    "GB-COH-02651349-EACDS11144-036": 50993.07097991481,
    "GB-COH-02651349-EACDS11144-037": 23747.40240019782,
    "GB-COH-02651349-EACDS11144-038": 11847.373702981175,
    "GB-COH-02651349-EACDS11144-039": 8885.530277235881,
    "GB-COH-02651349-EACDS11144-041": 18782.76044996356,
    "GB-COH-02651349-EACDS11144-042": 20238.029307832112,
    "GB-COH-02651349-EACDS11144-044": 199486.3910498253,
    "GB-COH-02651349-EACDS11144-045": 12505.561130924574,
    "GB-COH-02651349-EACDS11144-047": 123974.6371869629,
    "GB-COH-02651349-EACDS11144-125": 88007.06372459675,
    "GB-COH-02651349-EACDS11144-127": 84678.93899520097,
    "GB-COH-02651349-EACDS11144-128": 105972.28957031183,
    "GB-COH-02651349-EACDS11144-134": 18885.33896060854,
    "GB-COH-02651349-EACDS11144-135": 201275.36093366117,
    "GB-COH-02651349-EACDS11144-138": 29730.326120203317,
    "GB-COH-02651349-EACDS11144-142": 36252.9635311224,
    "GB-COH-02651349-EACDS11144-143": 163049.31604042143,
    "GB-COH-02651349-EACDS11144-146": 19406.7385863396,
    "GB-COH-02651349-EACDS11144-147": 39277.68031092198,
    "GB-COH-02651349-EACDS11144-149": 78802.31254480833,
    "GB-COH-02651349-EACDS11144-150": 163653.449825845,
    "GB-COH-02651349-EACDS11144-159": 13146.471138884459,
    "GB-COH-02651349-EACDS11144-162": 65938.86199993953,
    "GB-COH-02651349-EACDS11144-165": 164020.30704349495,
    "GB-COH-02651349-EACDS11144-169": 24706.710576425325,
    "GB-COH-02651349-EACDS11144-174": 24844.12365669421,
    "GB-COH-02651349-EACDS11144-175": 61819.678255584266,
    "GB-COH-02651349-EACDS11144-177": 30098.54907676625,
    "GB-COH-02651349-EACDS11144-181": 123844.54644182988,
    "GB-COH-02651349-EACDS11144-182": 33850.661692557485,
    "GB-COH-02651349-EACDS11144-186": 7613.583072735263,
    "GB-COH-02651349-EACDS11144-191": 26499.613130143145,
    "GB-COH-02651349-EACDS11144-195": 32954.75342032663,
    "GB-COH-02651349-EACDS11144-197": 13170.330433147406,
    "GB-COH-02651349-EACDS11144-202": 121653.27594734934,
    "GB-COH-02651349-EACDS11144-208": 26547.167171812052,
    "GB-COH-02651349-EACDS11144-210": 27648.397012189853,
    "GB-COH-02651349-EACDS11144-213": 29925.972333159494,
    "GB-COH-02651349-EACDS11144-216": 38909.67126527313,
    "GB-COH-02651349-EACDS11144-220": 19311.219135859315,
    "GB-COH-02651349-EACDS11144-223": 8984.258391427391,
    "GB-COH-02651349-EACDS11144-225": 62477.61886324218,
    "GB-COH-02651349-EACDS11144-232": 57591.39994504738,
    "GB-COH-02651349 - 11222-01": 176762.81564847913
  }
}