{
  "FR-6-GT-1297": 34541.020392156744,
  "FR-6-GT-380": 37198.02196078419,
  "FR-6-GT-381": 79710.04705882326,
  "FR-6-GT-382": 23913.014117646977,
  "FR-6-GT-394": 84405.31424079186,
  "FR-6-GT-395": 602475.9866564703,
  "FR-6-GT-396": 721928.5822086249,
  "FR-6-GT-418": 13656.988062745051
}