{
  "ES-DIR3-E04585801-009-028649": 3340.6926070038976,
  "ES-DIR3-E04585801-009-029841": 2783.9105058365813,
  "ES-DIR3-E04585801-009-032117": 27839.10505836581,
  "ES-DIR3-E04585801-009-034173": 1739.9440661478632,
  "ES-DIR3-E04585801-009-034723": 2783.9105058365813,
  "ES-DIR3-E04585801-009-035817": 6263.798638132308,
  "ES-DIR3-E04585801-009-039459": 2087.9328793774357,
  "ES-DIR3-E04585801-009-041871": 7307.765077821025,
  "ES-DIR3-E04585801-009-045127": 5914.417869649817,
  "ES-DIR3-E04585801-009-045647": 2575.1172178988377,
  "ES-DIR3-E04585801-009-064529": 1302.060363286278,
  "ES-DIR3-E04585801-009-066055": 109372.73848653755,
  "ES-DIR3-E04585801-009-066057": 201998.22724689465,
  "ES-DIR3-E04585801-009-066169": 19516.960209882407,
  "ES-DIR3-E04585801-009-089676": 73107.71700097229,
  "ES-DIR3-E04585801-009-089991": 12522.740663113682,
  "ES-DIR3-E04585801-009-089992": 17429.930290196018,
  "ES-DIR3-E04585801-009-089993": 184931.37438886994
}