{
  "46002-P-CV-AA0-001": 3075668.0203572637,
  "46002-P-CV-AA0-003": 1307759.8872536109,
  "46002-P-CV-AA0-006": 2802698.0457382035,
  "46002-P-CV-AA0-007": 17852475.691982806,
  "46002-P-CV-AA0-009": 937608.9109664189,
  "46002-P-CV-AAF-001": 8376516.715011733,
  "46002-P-CV-AAF-002": 360742.93100005394,
  "46002-P-CV-AAF-003": 9522542.660156213,
  "46002-P-CV-AAF-004": 1079506.7885539103,
  "46002-P-CV-AAF-009": 2947868.736603834,
  "46002-P-CV-AAZ-001": 2223799.19367617,
  "46002-P-CV-AB0-001": 2543196.3381317677,
  "46002-P-CV-DA0-002": 18945115.35692188,
  "46002-P-CV-DA0-003": 75688295.39567749,
  "46002-P-CV-DB0-001": 19772198.946092717,
  "46002-P-CV-DB0-002": 10034098.964058995,
  "46002-P-CV-DD0-002": 810730.6154074407,
  "46002-P-CV-DD0-003": 5605372.369318773,
  "46002-P-CV-DD0-004": 844128.4657409661,
  "46002-P-CV-DD0-005": 63535665.57838313,
  "46002-P-CV-E00-001": 11986921.168560874,
  "46002-P-CV-E00-002": 1255949.8637583822,
  "46002-P-CV-E00-003": 105561.39476190248,
  "46002-P-CV-EAZ-001": 3036069.1234943415,
  "46002-P-CV-EBC-001": 8174032.45645081,
  "46002-P-CV-FA0-001": 66315593.17984158,
  "46002-P-CV-FA0-002": 90103726.22360528,
  "46002-P-CV-G00-001": 674802.4741266828,
  "46002-P-CV-G00-002": 79154201.51156226,
  "46002-P-CV-GB0-002": 4767660.703118599,
  "46002-P-CV-GB0-003": 1671563.5301355955,
  "46002-P-CV-I00-001": 592141.2325058205,
  "46002-P-CV-IA0-001": 14472080.304815065,
  "46002-P-CV-IA0-002": 1311624.272635075,
  "46002-P-CV-IA0-003": 12253142.50335371,
  "46002-P-CV-IAH-001": 3072674.9833070254,
  "46002-P-CV-IAZ-004": 2242447.6028973265,
  "46002-P-CV-IB0-003": 1598205.3791338117,
  "46002-P-CV-IB0-004": 2260654.891658779,
  "46002-P-CV-IBD-001": 10390205.636315363,
  "46002-P-CV-IE0-001": 14856350.455061793,
  "46002-P-CV-K00-002": 6799720.170833596,
  "46002-P-CV-K00-003": 7482654.471431287,
  "46002-P-CV-K00-004": 13546743.201273767,
  "46002-P-CV-K00-005": 15408906.2723909,
  "46002-P-CV-K00-006": 51869960.48515259,
  "46002-P-CV-K00-007": 30915794.46449143,
  "46002-P-CV-K00-009": 21009167.543676537,
  "46002-P-CV-K00-010": 66027824.843150385,
  "46002-P-CV-K00-011": 38264947.01526853,
  "46002-P-CV-K00-013": 48695299.12559197,
  "46002-P-CV-K00-014": 759766.5513334963,
  "46002-P-CV-K00-016": 73442200.0849346,
  "46002-P-CV-KA0-001": 1523011.1731935146,
  "46002-P-CV-KA0-002": 4969046.0526899565,
  "46002-P-CV-KA0-003": 9328341.339035328,
  "46002-P-CV-KA0-005": 37249689.30258603,
  "46002-P-CV-KA0-006": 35822314.89489927,
  "46002-P-CV-KA0-007": 49161364.3014909,
  "46002-P-CV-KA0-008": 48895680.958732516,
  "46002-P-CV-KA0-009": 48325731.76261993,
  "46002-P-CV-KB0-002": 2202986.207763254,
  "46002-P-CV-KF0-002": 2147768.124062414,
  "46002-P-CV-KF0-003": 1279949.1465407966,
  "46002-P-CV-KF0-004": 2422523.2162017045,
  "46002-P-CV-KF0-005": 2029215.4278001415
}