{
  "XM-DAC-41108-1100000292": 5814951.460494924,
  "XM-DAC-41108-1100000434": 23605768.679486375,
  "XM-DAC-41108-1100000441": 1819338.3318130656,
  "XM-DAC-41108-1100001139": 6689705.683083044,
  "XM-DAC-41108-1100001221": 30580918.355477773,
  "XM-DAC-41108-1100001329": 5504852.126508921,
  "XM-DAC-41108-1100001443": 31392238.373455357,
  "XM-DAC-41108-1100001591": 24529328.930975635,
  "XM-DAC-41108-1100001625": 44210696.23145645,
  "XM-DAC-41108-1100001646": 42080496.087265246,
  "XM-DAC-41108-1100001688": 269562202.21244305,
  "XM-DAC-41108-2000001810": 41267102.38872562,
  "XM-DAC-41108-2000002678": 121044171.20132115,
  "XM-DAC-41108-2000003361": 17717242.368864905
}