{
  "NL-KVK-41201463-PYENO-006": 1803012.037453327,
  "NL-KVK-41201463-PYENO-007": 1000476.6701564671,
  "NL-KVK-41201463-PYENO002": 2064100.9680937182,
  "NL-KVK-41201463-PYENO003": 2440882.38953607,
  "NL-KVK-41201463-PYENO004": 1462679.3635294067,
  "NL-KVK-41201463-PYENO008": 2464924.268229795
}