{
  "SE-0-SE-20-35003-689-15230": 5881780.16251688,
  "SE-0-SE-22-315461-689-24030": 9777304.263680486,
  "SE-0-SE-6-11630A0102-REG2-72050": 1028578.1443291163,
  "SE-0-SE-6-6105019001-REG2-13040": 7948609.410005934,
  "SE-0-SE-6-6107003402-REG2-15170": 51161.557530683,
  "SE-0-SE-6-6107009803-REG2-15170": 135270.8312871144
}