{
  "DE-1-200820738": 4618172.171874999,
  "DE-1-201022276": 6096158.131419175,
  "DE-1-201022284": 3879792.047680841,
  "DE-1-201022326": 3571757.178988334,
  "DE-1-201026061-0": 6064411.348666679,
  "DE-1-201225317": 4495646.654117632,
  "DE-1-201322759": 9299505.490196045,
  "DE-1-201326164-0": 6205711.225317664,
  "DE-1-201328269-0": 2284363.0274509867,
  "DE-1-201626092-0": 7106017.845215661,
  "DE-1-201674845-0": 929950.5490196046,
  "DE-1-201726298-0": 3383775.1931964587,
  "DE-1-201728369-0": 3280599.8367843023,
  "DE-1-201774397-0": 438405.2588235279,
  "DE-1-201906015-3417": 2550720.1773815597,
  "DE-1-201928332-0": 3207197.511449401,
  "DE-1-201998301-4362": 996375.5882352906,
  "DE-1-202122414": 5915210.507782717
}