{
  "GB-COH-294860-SUP": 3255422.451105479,
  "GB-COH-294860-TZP": 2991819.373841692,
  "GB-COH-294860-UGP": 1956069.5925264994
}