{
  "GB-CHC-220949-P0125": 431669.10402063344,
  "GB-CHC-220949-P2046": 14828328.000708783,
  "GB-CHC-220949-P6458": 741416.4000354392,
  "GB-CHC-220949-P6490": 156598.6768314853,
  "GB-CHC-220949-P6517": 1256776.1199999999,
  "GB-CHC-220949-P6692": 231834.3179230815,
  "GB-CHC-220949-P6784": 284677.6698904619,
  "GB-CHC-220949-P6830": 6757.104310722984,
  "GB-CHC-220949-P6831": 467289.1368867361,
  "GB-CHC-220949-P7032": 995952.5865209256,
  "GB-CHC-220949-P7036": 1433072.8262400758,
  "GB-CHC-220949-P7037": 709166.4048494959,
  "GB-CHC-220949-P7093": 1089453.734132075,
  "GB-CHC-220949-P7314": 1979203.38709558,
  "GB-CHC-220949-P7375": 659033.39,
  "GB-CHC-220949-P7431": 3164892.0541352197,
  "GB-CHC-220949-P7447": 140045.32000669406,
  "GB-CHC-220949-P7524": 1430327.3382123685,
  "GB-CHC-220949-P7543": 302585.2959700633,
  "GB-CHC-220949-P7556": 93537.093028471,
  "GB-CHC-220949-P7618": 2270974.9092285507,
  "GB-CHC-220949-P7646": 3758020.401970686,
  "GB-CHC-220949-P7666": 6458560.6403087145,
  "GB-CHC-220949-P7670": 2182626.083408328,
  "GB-CHC-220949-P7777": 1648251.0368787851,
  "GB-CHC-220949-P7795": 131807.3600063003,
  "GB-CHC-220949-P7803": 6624629.6759566525,
  "GB-CHC-220949-P7807": 166044.53516621553,
  "GB-CHC-220949-P7848": 337067.28761395154,
  "GB-CHC-220949-P7866": 23066.28800110255,
  "GB-CHC-220949-P7877": 603842.4680288632,
  "GB-CHC-220949-P7915": 191007.05406480998,
  "GB-CHC-220949-P7933": 2437797.250701275,
  "GB-CHC-220949-P7948": 43740.490482480986,
  "GB-CHC-220949-P7951": 198781.47144744295,
  "GB-CHC-220949-P7957": 5992291.1111659305,
  "GB-CHC-220949-P7958": 1169780.3686002346,
  "GB-CHC-220949-P7961": 804547.4592168907,
  "GB-CHC-220949-P7961-X": 33315.62831519246,
  "GB-CHC-220949-P7962": 107093.48000511898,
  "GB-CHC-220949-P7975": 601640.296561558,
  "GB-CHC-220949-P7987": 382460.4737542813,
  "GB-CHC-220949-P7993": 164759.20000787536,
  "GB-CHC-220949-P8026": 82379.60000393768,
  "GB-CHC-220949-P8040": 741545.6572966449,
  "GB-CHC-220949-P8060": 351473.9943193381,
  "GB-CHC-220949-P8061": 329518.4000157507,
  "GB-CHC-220949-P8078": 389296.4780276257,
  "GB-CHC-220949-P8085": 1603268.480092635,
  "GB-CHC-220949-P8091": 1295753.209912176,
  "GB-CHC-220949-P8092": 71157354.68876807,
  "GB-CHC-220949-P8120": 660804.3652238697,
  "GB-CHC-220949-P8124": 931642.4295885318,
  "GB-CHC-220949-P8132": 518915.69079280377,
  "GB-CHC-220949-P8136": 559113.6404107251,
  "GB-CHC-220949-P8149": 276899.17499934585,
  "GB-CHC-220949-P8212": 80289.0,
  "GB-CHC-220949-P8220": 2108917.7601008047,
  "GB-CHC-220949-P8221": 2104190.8186525786,
  "GB-CHC-220949-P8222": 1176549.2568555293,
  "GB-CHC-220949-P8241": 96384.13200460709,
  "GB-CHC-220949-P8244": 238900.84001141926,
  "GB-CHC-220949-P8246": 238900.84001141926,
  "GB-CHC-220949-P8290": 741416.4000354392,
  "GB-CHC-220949-P8297": 819114.3516537843,
  "GB-CHC-220949-P8298": 649752.6191110577,
  "GB-CHC-220949-P8299": 164759.20000787536,
  "GB-CHC-220949-P8303": 325017.8820289274,
  "GB-CHC-220949-P8336": 916311.618979639,
  "GB-CHC-220949-P8356": 676514.5877756969,
  "GB-CHC-220949-P8382": 23916.445473143187,
  "GB-CHC-220949-P8384": 3787342.78,
  "GB-CHC-220949-P8397": 307774.49371866713,
  "GB-CHC-220949-P8409": 291170.0701289577,
  "GB-CHC-220949-P8411": 813549.625390887,
  "GB-CHC-220949-P8416": 247138.80001181303,
  "GB-CHC-220949-P8417": 164759.20000787536,
  "GB-CHC-220949-P8423": 14828328.000708783,
  "GB-CHC-220949-P8425": 462871.1122022757,
  "GB-CHC-220949-P8459": 1169847.9857759178,
  "GB-CHC-220949-P8479": 1220345.0329863315,
  "GB-CHC-220949-P8484": 134123808.37193951,
  "GB-CHC-220949-P8485": 113370.80552541904,
  "GB-CHC-220949-P8486": 164759.20000787536,
  "GB-CHC-220949-P8487": 3668923.868310892,
  "GB-CHC-220949-P8492": 26904.0,
  "GB-CHC-220949-P8493": 482090.3619990435,
  "GB-CHC-220949-P8501": 143195.51591084464,
  "GB-CHC-220949-P8525": 422339.3497387018,
  "GB-CHC-220949-P8532": 164759.20000787536,
  "GB-CHC-220949-P8542": 164759.20000787536,
  "GB-CHC-220949-P8551": 158561.96393469913,
  "GB-CHC-220949-P8554": 24713.880001181304,
  "GB-CHC-220949-P8555": 823796.0000393768,
  "GB-CHC-220949-P8568": 6491512.480310289,
  "GB-CHC-220949-P8569": 230662.8800110255,
  "GB-CHC-220949-P8570": 109065.26868305325,
  "GB-CHC-220949-P8572": 1614640.1600771786,
  "GB-CHC-220949-P8583": 440576.0903847897,
  "GB-CHC-220949-P8584": 176292.34400842665,
  "GB-CHC-220949-P8588": 199216.67440504802,
  "GB-CHC-220949-P8600": 366847.8107812545,
  "GB-CHC-220949-P8605": 1093262.0,
  "GB-CHC-220949-P8641": 545780.1067280078,
  "GB-CHC-220949-P8657": 988555.2000472521,
  "GB-CHC-220949-P8658": 464913.1774152625,
  "GB-CHC-220949-P8682": 1466356.8800700908,
  "GB-CHC-220949-P8703": 144129.70057488928,
  "GB-CHC-220949-P8705": 754241.5711151555,
  "GB-CHC-220949-P8710": 82610.2628839487,
  "GB-CHC-220949-P8713": 247138.80001181303,
  "GB-CHC-220949-P8720": 317402.86918612325,
  "GB-CHC-220949-P8730": 154500.0,
  "GB-CHC-220949-P8731": 690000.0,
  "GB-CHC-220949-P8742": 452989.76829765254,
  "GB-CHC-220949-P8744": 12469933.507548053,
  "GB-CHC-220949-P8888": 230662.8800110255,
  "GB-CHC-220949-P8901": 1481405.4579386916,
  "GB-CHC-220949-P8919": 57956.1498892873,
  "GB-CHC-220949-P8920": 181791.8907732495,
  "GB-CHC-220949-P8921": 172095.92718422605,
  "GB-CHC-220949-P9005": 23890.084001141928
}