{
  "BE-BCE_KBO-0264814354-2478MRT": 20221.110438039144,
  "BE-BCE_KBO-0264814354-2508MOZ": 2289447.913632933,
  "BE-BCE_KBO-0264814354-2562NER": 18293.60193508621,
  "BE-BCE_KBO-0264814354-2854BFA": 170069.3564047053,
  "BE-BCE_KBO-0264814354-BDI1006811": 288980.8046070578,
  "BE-BCE_KBO-0264814354-BDI1088811": 687714.3730094094,
  "BE-BCE_KBO-0264814354-BDI1307811": 587935.993102743,
  "BE-BCE_KBO-0264814354-BDI1307911": 2340111.832103647,
  "BE-BCE_KBO-0264814354-BDI1308211": 416249.2667031829,
  "BE-BCE_KBO-0264814354-BDI180971T": 1392234.1613753168,
  "BE-BCE_KBO-0264814354-BDI180981T": 415833.39281766134,
  "BE-BCE_KBO-0264814354-BEL1707111": 1689620.510009798,
  "BE-BCE_KBO-0264814354-BEL1806811": 3011934.46617097,
  "BE-BCE_KBO-0264814354-BEL2000611SP3": 226213.12805058746,
  "BE-BCE_KBO-0264814354-BEN1302811": 359363.5539392772,
  "BE-BCE_KBO-0264814354-BEN170311T": 286100.7477567441,
  "BE-BCE_KBO-0264814354-BEN170321T": 141485.33352941126,
  "BE-BCE_KBO-0264814354-BEN1803811": 1687677.2189175275,
  "BE-BCE_KBO-0264814354-BKF1602611": 19847.80171764699,
  "BE-BCE_KBO-0264814354-BKF1803011": 2057956.492546173,
  "BE-BCE_KBO-0264814354-BKF1803111": 1605211.4892518178,
  "BE-BCE_KBO-0264814354-BKF1803211": 4781504.737921113,
  "BE-BCE_KBO-0264814354-BKF1803311": 351512.51285421837,
  "BE-BCE_KBO-0264814354-GIN170091T": 2198976.9703661455,
  "BE-BCE_KBO-0264814354-GIN170111T": 16539835.65480135,
  "BE-BCE_KBO-0264814354-GIN1701311": 254840.69918159128,
  "BE-BCE_KBO-0264814354-GIN1701411": 5254457.619785695,
  "BE-BCE_KBO-0264814354-GIN1701511": 2450250.1135415407,
  "BE-BCE_KBO-0264814354-GNB180011T": 680810.9249637859,
  "BE-BCE_KBO-0264814354-JOR180011T": 3038143.3422040367,
  "BE-BCE_KBO-0264814354-MIE160021T": 751694.7980768562,
  "BE-BCE_KBO-0264814354-MIE170031T": 7953678.916768611,
  "BE-BCE_KBO-0264814354-MLI150441T": 14448622.62941635,
  "BE-BCE_KBO-0264814354-MLI1604711": 180269.58542666605,
  "BE-BCE_KBO-0264814354-MLI1604811": 1816129.5744875937,
  "BE-BCE_KBO-0264814354-MLI1604911": 571016.2071137235,
  "BE-BCE_KBO-0264814354-MLI170521T": 1543500.7014943084,
  "BE-BCE_KBO-0264814354-MLI1805311": 142133443.4341392,
  "BE-BCE_KBO-0264814354-MOR1404711": 123674.15008413291,
  "BE-BCE_KBO-0264814354-MOR1605211": 455565.5034545082,
  "BE-BCE_KBO-0264814354-MOR1688811": 192626.1040716464,
  "BE-BCE_KBO-0264814354-MOR170571T": 463115.25384669245,
  "BE-BCE_KBO-0264814354-MOR180601T": 402302.89131459076,
  "BE-BCE_KBO-0264814354-MOZ1302611": 33278.944647058706,
  "BE-BCE_KBO-0264814354-MOZ1403011": 9181054.194810357,
  "BE-BCE_KBO-0264814354-MOZ1503411": 13072974.082942767,
  "BE-BCE_KBO-0264814354-MOZ170571T": 4095648.12712348,
  "BE-BCE_KBO-0264814354-NER1606811": 1534835.209718418,
  "BE-BCE_KBO-0264814354-NER1606911": 1686919.3490751,
  "BE-BCE_KBO-0264814354-NER1607011": 168081.6535312151,
  "BE-BCE_KBO-0264814354-NER170721T": 564435.3456285471,
  "BE-BCE_KBO-0264814354-NER2000411": 1073467.6650785296,
  "BE-BCE_KBO-0264814354-PZA1203211": 3492896.6667040545,
  "BE-BCE_KBO-0264814354-PZA1303311": 53100.17634901942,
  "BE-BCE_KBO-0264814354-PZA170371T": 134862.75711960738,
  "BE-BCE_KBO-0264814354-PZA170421T": 919141.959633483,
  "BE-BCE_KBO-0264814354-PZA1804411": 5413138.522781942,
  "BE-BCE_KBO-0264814354-RDC1015211": 16292.733618823473,
  "BE-BCE_KBO-0264814354-RDC1015311": 1425559.7762549284,
  "BE-BCE_KBO-0264814354-RDC1088811": 463490.1301980102,
  "BE-BCE_KBO-0264814354-RDC1216911": 909469.8893833341,
  "BE-BCE_KBO-0264814354-RDC1217111": 864735.3488981775,
  "BE-BCE_KBO-0264814354-RDC1217211": 323542.4964714185,
  "BE-BCE_KBO-0264814354-RDC1217511": 374758.46015804575,
  "BE-BCE_KBO-0264814354-RDC1217711": 884413.2752205343,
  "BE-BCE_KBO-0264814354-RDC1217911": 2126225.2118653217,
  "BE-BCE_KBO-0264814354-RDC1418811": 266457.0834696148,
  "BE-BCE_KBO-0264814354-RDC1419111": 386074.4438487202,
  "BE-BCE_KBO-0264814354-RDC1419311": 298394.25560952444,
  "BE-BCE_KBO-0264814354-RDC1419411": 1105469.5352066352,
  "BE-BCE_KBO-0264814354-RDC1620211": 1003559.3233763888,
  "BE-BCE_KBO-0264814354-RDC172071T": 23833.304070588154,
  "BE-BCE_KBO-0264814354-RDC182081T": 344715.7567065831,
  "BE-BCE_KBO-0264814354-SEN160331T": 1261977.4360399956,
  "BE-BCE_KBO-0264814354-SEN170341T": 4154928.71496626,
  "BE-BCE_KBO-0264814354-SEN1803611": 41437.267963529266,
  "BE-BCE_KBO-0264814354-SEN1803711": 658713.2008878408,
  "BE-BCE_KBO-0264814354-SEN1803811": 36006.795162513605,
  "BE-BCE_KBO-0264814354-TAN1403211": 1680063.275367445,
  "BE-BCE_KBO-0264814354-UGA1188811": 33166.02208039204,
  "BE-BCE_KBO-0264814354-UGA1402711": 2849353.8819724484,
  "BE-BCE_KBO-0264814354-UGA1502911": 197348.79150980324,
  "BE-BCE_KBO-0264814354-UGA1503011": 282306.4166666657,
  "BE-BCE_KBO-0264814354-UGA1503111": 1164341.2370780194,
  "BE-BCE_KBO-0264814354-UGA180371T": 1209565.2503921487
}