{
  "XI-IATI-EC_NEAR-1999/5746/0": 19586308.452640552,
  "XI-IATI-EC_NEAR-2001/052-580": 1218254.1475651932,
  "XI-IATI-EC_NEAR-2001/3290/0": 19404748.14232332,
  "XI-IATI-EC_NEAR-2003/071-471": 1346111.0813183496,
  "XI-IATI-EC_NEAR-2004/077-819": 36656.495486683976,
  "XI-IATI-EC_NEAR-2004/077-879": 33238.41777176484,
  "XI-IATI-EC_NEAR-2004/077-882": 33568.21931015016,
  "XI-IATI-EC_NEAR-2004/079-854": 49123.98079195012,
  "XI-IATI-EC_NEAR-2004/079-912": 54554.5727159033,
  "XI-IATI-EC_NEAR-2004/079-920": 146394.7342137104,
  "XI-IATI-EC_NEAR-2004/080-385": 47658.16854874023,
  "XI-IATI-EC_NEAR-2004/082-143": 46398.73869091867,
  "XI-IATI-EC_NEAR-2004/084-303": 7174653.6235596705,
  "XI-IATI-EC_NEAR-2004/084-540": 3248698.495660868,
  "XI-IATI-EC_NEAR-2004/096-617": 2042583.0513418084,
  "XI-IATI-EC_NEAR-2005/099-502": 2042583.0513418084,
  "XI-IATI-EC_NEAR-2005/101-057": 2042583.0513418084,
  "XI-IATI-EC_NEAR-2005/101-179": 2042583.0513418084,
  "XI-IATI-EC_NEAR-2005/101-365": 2042583.0513418084,
  "XI-IATI-EC_NEAR-2005/101-367": 2042583.0513418084,
  "XI-IATI-EC_NEAR-2005/101-477": 2042583.0513418084,
  "XI-IATI-EC_NEAR-2005/101-487": 2042583.0513418084,
  "XI-IATI-EC_NEAR-2005/101-495": 2042583.0513418084,
  "XI-IATI-EC_NEAR-2005/101-683": 2042583.0513418084,
  "XI-IATI-EC_NEAR-2005/102-535": 2042583.0513418084,
  "XI-IATI-EC_NEAR-2005/103-311": 2042583.0513418084,
  "XI-IATI-EC_NEAR-2005/111-013": 2042583.0513418084,
  "XI-IATI-EC_NEAR-2005/17546/0": 6214318.090847457,
  "XI-IATI-EC_NEAR-2006/113-664": 2042583.0513418084,
  "XI-IATI-EC_NEAR-2006/114-975": 2042583.0513418084,
  "XI-IATI-EC_NEAR-2006/114-983": 2042583.0513418084,
  "XI-IATI-EC_NEAR-2006/115-236": 2042583.0513418084,
  "XI-IATI-EC_NEAR-2006/116-832": 3980768.1096022613,
  "XI-IATI-EC_NEAR-2006/126-612": 3094982.934488064,
  "XI-IATI-EC_NEAR-2006/127-193": 54961.43668642001,
  "XI-IATI-EC_NEAR-2006/127-202": 50750.13953560084,
  "XI-IATI-EC_NEAR-2006/127-254": 50849.88357921535,
  "XI-IATI-EC_NEAR-2006/129-638": 970082.0901061344,
  "XI-IATI-EC_NEAR-2006/132-437": 6961521.266891524,
  "XI-IATI-EC_NEAR-2006/132-607": 83346.83333492784,
  "XI-IATI-EC_NEAR-2006/18365/0": 10142061.440842424,
  "XI-IATI-EC_NEAR-2007/136-443": 1515.6143249149236,
  "XI-IATI-EC_NEAR-2008/164-207": 70986.66193380818,
  "XI-IATI-EC_NEAR-2008/171-487": 13923.042533783047,
  "XI-IATI-EC_NEAR-2009/216-310": 2309580.13429885,
  "XI-IATI-EC_NEAR-2009/227-250": 83604.31934435005,
  "XI-IATI-EC_NEAR-2009/227-252": 84803.22493689542,
  "XI-IATI-EC_NEAR-2010/257-469": 63602.418702671566,
  "XI-IATI-EC_NEAR-2010/257-757": 71759.43721322072,
  "XI-IATI-EC_NEAR-2010/257-786": 63602.418702671566,
  "XI-IATI-EC_NEAR-2010/257-817": 62012.35823510477,
  "XI-IATI-EC_NEAR-2010/258-457": 52669.908864676865,
  "XI-IATI-EC_NEAR-2010/258-893": 42401.61246844771,
  "XI-IATI-EC_NEAR-2010/258-956": 529438.946753769,
  "XI-IATI-EC_NEAR-2011/276-769": 7346399.982555581,
  "XI-IATI-EC_NEAR-2011/276-813": 19444981.71166966,
  "XI-IATI-EC_NEAR-2011/280-393": 77179.67493298213,
  "XI-IATI-EC_NEAR-2011/280-534": 61654.40074991769,
  "XI-IATI-EC_NEAR-2012/24069/0": 15182536.667393845,
  "XI-IATI-EC_NEAR-2012/296-679": 178724.33100920348,
  "XI-IATI-EC_NEAR-2013/24892/0": 60476440.737378635,
  "XI-IATI-EC_NEAR-2013/313-751": 2101297.2713572797,
  "XI-IATI-EC_NEAR-2013/315-864": 1641372.8493475805,
  "XI-IATI-EC_NEAR-2013/315-917": 1025194.7444312967,
  "XI-IATI-EC_NEAR-2013/318-335": 20710609.230195776,
  "XI-IATI-EC_NEAR-2013/321-100": 106208.88628621298,
  "XI-IATI-EC_NEAR-2013/325-614": 621976.2650778515,
  "XI-IATI-EC_NEAR-2013/329-280": 2153711.766494646,
  "XI-IATI-EC_NEAR-2013/330-713": 967083.8522898926,
  "XI-IATI-EC_NEAR-2013/330-844": 30753215.457794104,
  "XI-IATI-EC_NEAR-2013/333-748": 1593705.9299015396,
  "XI-IATI-EC_NEAR-2013/333-756": 833443.6493454332,
  "XI-IATI-EC_NEAR-2013/335-391": 3221146.573953472,
  "XI-IATI-EC_NEAR-2013/335-626": 6638959.284188224,
  "XI-IATI-EC_NEAR-2014/351-055": 13281111.627003202,
  "XI-IATI-EC_NEAR-2014/351-068": 10261005.808450077,
  "XI-IATI-EC_NEAR-2014/355-507": 1901452.8337101184,
  "XI-IATI-EC_NEAR-2014/355-656": 1298394.7816837935,
  "XI-IATI-EC_NEAR-2014/355-661": 842138.2884453904,
  "XI-IATI-EC_NEAR-2014/37726/0": 13683538.181083962,
  "XI-IATI-EC_NEAR-2014/37727/0": 2874144.1174211595,
  "XI-IATI-EC_NEAR-2014/37730/0": -1.9354047253728124e-09,
  "XI-IATI-EC_NEAR-2015/357-275": 411714.4604370992,
  "XI-IATI-EC_NEAR-2015/357-837": 2214313.5233017816,
  "XI-IATI-EC_NEAR-2015/357-962": 1679466.6629417222,
  "XI-IATI-EC_NEAR-2015/358-493": 1483351.9780927235,
  "XI-IATI-EC_NEAR-2015/359-554": 2462429.65698406,
  "XI-IATI-EC_NEAR-2015/361-127": 3984333.4881009604,
  "XI-IATI-EC_NEAR-2015/361-240": 2655467.0684257476,
  "XI-IATI-EC_NEAR-2015/363-178": 1220156.4702691454,
  "XI-IATI-EC_NEAR-2015/363-374": 1774685.8849359774,
  "XI-IATI-EC_NEAR-2015/363-838": 1221581.706201174,
  "XI-IATI-EC_NEAR-2015/364-196": 2366698.7934454866,
  "XI-IATI-EC_NEAR-2015/364-374": 1790169.3767418633,
  "XI-IATI-EC_NEAR-2015/364-623": 26522379.919125393,
  "XI-IATI-EC_NEAR-2015/366-410": 26559115.473885685,
  "XI-IATI-EC_NEAR-2015/368-311": 18593556.277804483,
  "XI-IATI-EC_NEAR-2015/38709/0": 26417370.153824165,
  "XI-IATI-EC_NEAR-2016/372-304": 7690624.646501632,
  "XI-IATI-EC_NEAR-2016/374-372": 3086.2381576597504,
  "XI-IATI-EC_NEAR-2016/375-197": 19661979.59379192,
  "XI-IATI-EC_NEAR-2016/375-451": 6056532.941276901,
  "XI-IATI-EC_NEAR-2016/39594/1": 95309484.77179587,
  "XI-IATI-EC_NEAR-2017/381-600": 466994.8430766351,
  "XI-IATI-EC_NEAR-2017/381-946": 5330016.889594968,
  "XI-IATI-EC_NEAR-2017/383-670": 3884412.6330607417,
  "XI-IATI-EC_NEAR-2017/383-673": 5972790.817674018,
  "XI-IATI-EC_NEAR-2017/389-660": 4656023.809437685,
  "XI-IATI-EC_NEAR-2017/389-778": 5975232.563327755,
  "XI-IATI-EC_NEAR-2017/390-360": 15772264.74253633,
  "XI-IATI-EC_NEAR-2017/391-187": 1713068.167542496,
  "XI-IATI-EC_NEAR-2017/391-407": 3569940.227448695,
  "XI-IATI-EC_NEAR-2017/391-454": 5749948.865196825,
  "XI-IATI-EC_NEAR-2017/391-575": 3579266.2240331764,
  "XI-IATI-EC_NEAR-2017/391-621": 3175156.886703713,
  "XI-IATI-EC_NEAR-2017/392-973": 3187770.9279370266,
  "XI-IATI-EC_NEAR-2017/393-380": 5960527.25169543,
  "XI-IATI-EC_NEAR-2017/393-385": 11209258.213190703,
  "XI-IATI-EC_NEAR-2017/394-133": 1982200.597885577,
  "XI-IATI-EC_NEAR-2017/40696/0": 46483890.694511205,
  "XI-IATI-EC_NEAR-2018/396-332": 132740.7263784089,
  "XI-IATI-EC_NEAR-2018/398-731": 18691934.784070347,
  "XI-IATI-EC_NEAR-2018/399-409": 2634151.614725547,
  "XI-IATI-EC_NEAR-2018/402-446": 14343600.557163458,
  "XI-IATI-EC_NEAR-2018/404-020": 2988250.11607572,
  "XI-IATI-EC_NEAR-2018/41403/0": 41171446.04370993,
  "XI-IATI-EC_NEAR-2019/402-326": 1325244.6472534176,
  "XI-IATI-EC_NEAR-2019/403-495": 515.2407255695891,
  "XI-IATI-EC_NEAR-2019/404-858": 219457088.5246009,
  "XI-IATI-EC_NEAR-2019/405-413": 441002.9240370039,
  "XI-IATI-EC_NEAR-2019/407-627": 9296778.138902241,
  "XI-IATI-EC_NEAR-2019/408-094": 2533468.9949657377,
  "XI-IATI-EC_NEAR-2019/410-255": 45846694.19582214,
  "XI-IATI-EC_NEAR-2019/411-654": 2238182.0714955996,
  "XI-IATI-EC_NEAR-2019/411-656": 531244.465080128,
  "XI-IATI-EC_NEAR-2019/411-671": 3320277.9067508006,
  "XI-IATI-EC_NEAR-2019/412-168": 3574958.9470347534,
  "XI-IATI-EC_NEAR-2019/412-720": 977893.5615408965,
  "XI-IATI-EC_NEAR-2019/41986/0": 19921667.4405048,
  "XI-IATI-EC_NEAR-2019/42346/0": 6640555.813501601,
  "XI-IATI-EC_NEAR-2020/407-024": 664055.5813501601,
  "XI-IATI-EC_NEAR-2020/410-570": 106248893.01602562,
  "XI-IATI-EC_NEAR-2020/418-029": 3320277.9067508,
  "XI-IATI-EC_NEAR-2020/418-859": 1257472.9806953364,
  "XI-IATI-EC_NEAR-2020/420-437": 1363181.0934081338,
  "XI-IATI-EC_NEAR-2020/420-576": 1808562.1757363142,
  "XI-IATI-EC_NEAR-2020/42586/0": 47944812.97348156,
  "XI-IATI-EC_NEAR-2021/425-232": 3984333.4881009604,
  "XI-IATI-EC_NEAR-2021/428-744": 2523411.2091306085,