{
  "US-18-LKA-2750BX69GD-LAND PRJ-0005": 65690.58000000003,
  "US-18-LKA-2750BX69GD-PGM ASSMT-0408": 746440.7999999999,
  "US-18-LKA-2750BX69GD-TRANSPORTN-0019": 28296.359999999695,
  "US-18-LKA-2750BXDILD-AGRI-NA": 899902.91,
  "US-18-LKA-2750BXDILD-ASSMT-NA": 14359.16,
  "US-18-LKA-2750BXDILD-ECON ANLS-NA": 133707.94,
  "US-18-LKA-2750BXDILD-ENVML ASMT-NA": 25681.2,
  "US-18-LKA-2750BXDILD-FIN ACCY-NA": 192421.00000000003,
  "US-18-LKA-2750BXDILD-FIN SECTOR-NA": 782308.54,
  "US-18-LKA-2750BXDILD-GENDER-NA": 468229.66,
  "US-18-LKA-2750BXDILD-HEALTH PRJ-NA": 3366.320000000004,
  "US-18-LKA-2750BXDILD-INFRSTRE-NA": 7059016.28,
  "US-18-LKA-2750BXDILD-LAND PRJ-NA": 74330.78,
  "US-18-LKA-2750BXDILD-LAND-NA": 100064.76,
  "US-18-LKA-2750BXDILD-LEGAL REG-NA": 9304.04,
  "US-18-LKA-2750BXDILD-MON & EVAL-0016": 457693.66000000003,
  "US-18-LKA-2750BXDILD-NA-NA": 424949.26,
  "US-18-LKA-2750BXDILD-PGM DEVEL-NA": 166777.26,
  "US-18-LKA-2750BXDILD-PS DEVEL-NA": 15113.899999999996,
  "US-18-LKA-2750BXDILD-STRAT PART-NA": 22071.859999999993,
  "US-18-LKA-2750BXDILD-TRANSPORTI-NA": 5646635.42
}