{
  "XI-IATI-EC_FPI-2008/161-416": 2080279.6195929334,
  "XI-IATI-EC_FPI-2020/417-614": 2931571.298787419,
  "XI-IATI-EC_FPI-2020/42897/0": 3320277.9067508006
}