{
  "FR-3-CZA112104": 118182959.90161586,
  "FR-3-CZA116004": 214417989.29787365,
  "FR-3-CZA116101": 1594200.941176465,
  "FR-3-CZA120501": 38583541.50269846
}