{
  "ageintl": {
    "GB-CHC-1128267-8-ADCAP-HUT001": 3443893.6769742155,
    "GB-CHC-1128267-8-AFR633": 1692447.6922808976,
    "GB-CHC-1128267-8-AFR636": 128325.99811013388,
    "GB-CHC-1128267-8-AFR645_Phase1": 1119845.2161655277,
    "GB-CHC-1128267-8-AFR645_Phase2": 271030.53160495503,
    "GB-CHC-1128267-8-BAN141": 370708.2000177196,
    "GB-CHC-1128267-8-BAN150": 531348.420025398,
    "GB-CHC-1128267-8-BLF-0010106921": 1019182.2877367161,
    "GB-CHC-1128267-8-DECPhase2": 3224153.013850112,
    "GB-CHC-1128267-8-DECUDB_AIUAZ": 481050.7314469939,
    "GB-CHC-1128267-8-DEC_COVID-19": 642560.8800307139,
    "GB-CHC-1128267-8-DEC_NEP100": 1472093.795414365,
    "GB-CHC-1128267-8-DEC_OPT036+OPT037": 1386560.7043222764,
    "GB-CHC-1128267-8-DEC_UDC_Phase2": 1146671.30911081,
    "GB-CHC-1128267-8-DEC_UDD_Phase1": 598906.2823966272,
    "GB-CHC-1128267-8-DEC_UDG_IDS035": 420865.84327611706,
    "GB-CHC-1128267-8-DFID Aid Match- 203559-109": 12801839.268371917,
    "GB-CHC-1128267-8-DRC035": 461326.74857725104,
    "GB-CHC-1128267-8-DRC037": 296569.52567977575,
    "GB-CHC-1128267-8-DRC039": 659036.8000315015,
    "GB-CHC-1128267-8-DRC040": 197711.04000945043,
    "GB-CHC-1128267-8-DRC041": 384385.0259695733,
    "GB-CHC-1128267-8-EbolaDECPh2": 815750.8906825923,
    "GB-CHC-1128267-8-Elrha-WASH-2021": 122089.8623898358,
    "GB-CHC-1128267-8-HSNP2-103548": 21099698.13217515,
    "GB-CHC-1128267-8-HUT002": 3272933.2701964434,
    "GB-CHC-1128267-8-HUT647": 361020.3590572565,
    "GB-CHC-1128267-8-HUT675": 378781.40081810544,
    "GB-CHC-1128267-8-HUT683": 2111576.973588932,
    "GB-CHC-1128267-8-HUT683(2)": 1165827.8612957257,
    "GB-CHC-1128267-8-HUT691": 29656656.001417566,
    "GB-CHC-1128267-8-IDS038": 614331.0387013645,
    "GB-CHC-1128267-8-JOR019": 1220838.3491022992,
    "GB-CHC-1128267-8-MOZ176": 2034931.5868783882,
    "GB-CHC-1128267-8-MOZ182": 114903.06608549228,
    "GB-CHC-1128267-8-MOZ185": 283814.1979335661,
    "GB-CHC-1128267-8-MOZ186": 243942.47153166027,
    "GB-CHC-1128267-8-OPT100": 73451.29895551091,
    "GB-CHC-1128267-8-SC99": 164759.20000787536,
    "GB-CHC-1128267-8-STARTColombia2020": 313327.51343097683,
    "GB-CHC-1128267-8-START_INDONESIA_2021EQ": 158517.067052697,
    "GB-CHC-1128267-8-START_Syria_2020": 134511.05847842954,
    "GB-CHC-1128267-8-UGA077": 348855.85780227504,
    "GB-CHC-1128267-8-VEN672": 328233.2782556893,
    "GB-CHC-1128267-8-YEM002": 359596.8395691885
  }
}