{
  "GB-CHC-1081247-CN090402": 238883.81928221017,
  "GB-CHC-1081247-CN204800": 1042262.9058591893,
  "GB-CHC-1081247-CN209000": 30032.063038735385,
  "GB-CHC-1081247-F02FGMC": 2479290.2852864224,
  "GB-CHC-1081247-F02FGMCA": 202603.25406953695
}