{
  "BE-BCE_KBO-0460162753-PROG17-21_OS5_Maroc": {
    "medecins-ma.xml": 374173.5744027438
  },
  "BE-BCE_KBO-0460162753-PROG17-21_OS6_BurkinaFaso": {
    "medecins-bf.xml": 313645.7501686264
  },
  "BE-BCE_KBO-0460162753-PROG17-21_OS7_B\u00e9nin": {
    "medecins-bj.xml": 183976.10261490132
  }
}