{
  "ES-DIR3-E04585801-009-066055": 1585.0955986235338,
  "ES-DIR3-E04585801-009-066169": 94477.00483764731,
  "ES-DIR3-E04585801-009-075593": 187264.64352941228,
  "ES-DIR3-E04585801-009-075609": 398464.1176470593,
  "ES-DIR3-E04585801-009-082370": 26567.35868470579
}