{
  "ES-DIR3-E04585801-009-004815": 255606.2755413544,
  "ES-DIR3-E04585801-009-004821": 103638.43218487903,
  "ES-DIR3-E04585801-009-028749": 58032.22117385252
}