{
  "GB-CHC-1177110-HIF": {
    "elrha-activities.xml": 34105633.87615162
  },
  "GB-CHC-1177110-R2HC": {
    "elrha-activities.xml": 24153960.381037377
  },
  "GB-CHC-1177110-UKHIH": {
    "elrha-activities.xml": 3868333.7063489095
  }
}