{
  "GB-1-106173-101": 10083508.837541072,
  "GB-1-106173-103": 131454.3053454574,
  "GB-1-106177-102": 9251381.370790359,
  "GB-1-106178-102": 2218379.7846964872,
  "GB-1-106178-103": -12598.118164582449,
  "GB-1-106178-106": 12909195.819844423,
  "GB-1-106178-122": 1862809.0970109212,
  "GB-1-106178-125": 531174.9865023134,
  "GB-1-106216-102": 12284075.588226462,
  "GB-1-113871-128": 47952920.94095582,
  "GB-1-113871-132": 601333.6959665107,
  "GB-1-113871-134": 166638.49896895222,
  "GB-1-113871-136": 6606141.728576732,
  "GB-1-200271-103": 33430000.78208502,
  "GB-1-200291-101": 1585008.230780343,
  "GB-1-200602-101": 2515990.278464288,
  "GB-1-200841-101": 17419632.940817032,
  "GB-1-200869-101": 3654496.63394244,
  "GB-1-201633-101": 338563.11455563066,
  "GB-1-201854-101": 12445096.978335148,
  "GB-1-201854-102": 4107.089550366807,
  "GB-1-201854-104": 1992980.013532622,
  "GB-1-201854-106": 3213254.568533974,
  "GB-1-201854-107": 5265494.48714148,
  "GB-1-201854-108": 267363.9605734578,
  "GB-1-202107-101": 46536625.889658324,
  "GB-1-202164-101": 9442107.686521066,
  "GB-1-202217-101": 6137369.996238694,
  "GB-1-202293-101": 123555857.70231852,
  "GB-1-202293-102": 325778.0948034344,
  "GB-1-202351-101": 15938069.663977021,
  "GB-1-202351-102": 16991957.427335884,
  "GB-1-202351-103": 6324059.271777418,
  "GB-1-202351-104": 4541256.0088954065,
  "GB-1-202351-105": 518661.30923368025,
  "GB-1-202351-107": 9162392.1352906,
  "GB-1-202637-101": 225583209.54979607,
  "GB-1-202637-102": 56959887.66150227,
  "GB-1-202637-103": 128029.33727046476,
  "GB-1-202637-104": 6368869.248481514,
  "GB-1-202637-105": 6345534.208920855,
  "GB-1-202637-106": 3901139.4132261784,
  "GB-1-202637-107": 14644670.27174062,
  "GB-1-202637-108": 1185880.970954169,
  "GB-1-202640-101": 70542408.78090061,
  "GB-1-202640-102": 47175569.5357462,
  "GB-1-202640-103": 7371805.8046700405,
  "GB-1-202640-104": 8606256.105730392,
  "GB-1-202640-105": 41146612.435653806,
  "GB-1-202640-106": 546439.6218570856,
  "GB-1-202640-107": 1200081.667429414,
  "GB-1-202640-108": 1522167.02804472,
  "GB-1-202640-109": 65539154.72403727,
  "GB-1-202640-110": 20579871.48214523,
  "GB-1-202641-101": 190761937.65092713,
  "GB-1-202691-101": 135475172.340273,
  "GB-1-202691-102": 444204.1132447203,
  "GB-1-202691-103": 7093728.541991298,
  "GB-1-202691-105": 19257761.632807296,
  "GB-1-202756-101": 1922642.9858195267,
  "GB-1-203204-101": 87331639.31256214,
  "GB-1-203292-101": 49807373.555027746,
  "GB-1-203292-103": 75557203.35023047,
  "GB-1-203429-101": 163198874.44992363,
  "GB-1-203429-103": 27953261.201470386,
  "GB-1-203429-105": 13591265.975345757,
  "GB-1-203429-107": 3290937.139716993,
  "GB-1-203429-108": 9715832.07211791,
  "GB-1-203429-109": 10975048.28629353,
  "GB-1-203430-101": 15796615.695227247,
  "GB-1-203464-101": 6002713.964186354,
  "GB-1-203464-102": 19137790.81796648,
  "GB-1-203666-101": 2027217.2780656677,
  "GB-1-203666-102": 9383653.24870455,
  "GB-1-203666-105": 2902287.3363278355,
  "GB-1-203681-101": 17376277.26474997,
  "GB-1-203681-102": 17240426.36977102,
  "GB-1-203701-101": 23576984.848615758,
  "GB-1-203701-102": 23737424.732491232,
  "GB-1-203803-101": 11023140.11221269,
  "GB-1-204584-136": 186283.4967936804,
  "GB-1-204668-101": 18264701.12542931,
  "GB-1-204668-102": 1480921.712872647,
  "GB-1-204694-102": 24254206.71971424,
  "GB-1-204694-103": 688166.2198176506,
  "GB-1-204739-101": 4263780.9404001525,
  "GB-1-204831-101": 85643348.12399502,
  "GB-1-204831-102": 136106.5782244154,
  "GB-1-204911-101": 7619635.1061352035,
  "GB-1-204911-102": 2073290.3980217057,
  "GB-1-205040-101": 106650699.80697878,
  "GB-1-205045-102": 48705869.6678115,
  "GB-1-205045-103": 23859294.2629482,
  "GB-1-205045-104": 39129242.59123505,
  "GB-GOV-1-300024-101": 13582194.507120127,
  "GB-GOV-1-300024-102": 2881572.5325018866,
  "GB-GOV-1-300024-104": 773370.2278334934,
  "GB-GOV-1-300024-105": 493612.5979918614,
  "GB-GOV-1-300163-101": 330520695.57938343,
  "GB-GOV-1-300163-103": 72400617.07377385,
  "GB-GOV-1-300163-105": 128083.27347778538,
  "GB-GOV-1-300163-107": 439488.48409347906,
  "GB-GOV-1-300163-108": 4413599.208217199,
  "GB-GOV-1-300163-109": 16454685.698584966,
  "GB-GOV-1-300164-101": 8229587.26842177,
  "GB-GOV-1-300164-102": 2905881.0396844065,
  "GB-GOV-1-300164-103": 22707568.283098582,
  "GB-GOV-1-300252-103": 136820.711583734,
  "GB-GOV-1-300816-101": 21720185.122132156,
  "GB-GOV-1-300816-102": 22954286.54952603,
  "GB-GOV-1-300816-103": 80131.02841496907,
  "GB-GOV-1-300972-101": 169812356.40939686,
  "GB-GOV-1-300972-103": 1140786.904797197,
  "GB-GOV-1-301049-104": 1316374.8558867972,
  "GB-GOV-1-301049-105": 4113671.424646241,
  "GB-GOV-1-301095-103": 9485593.173417598,
  "GB-GOV-1-301201-101": 98728.1141915098
}