{
  "GB-CHC-1075920-IND0": 32044.04976365878,
  "GB-CHC-1075920-IND100": 32044.04976365878,
  "GB-CHC-1075920-IND103": 33761.61083099089,
  "GB-CHC-1075920-IND104": 52392.0213635821,
  "GB-CHC-1075920-IND105": 64088.09952731756,
  "GB-CHC-1075920-IND106": 32069.685003469705,
  "GB-CHC-1075920-IND107": 32044.04976365878,
  "GB-CHC-1075920-IND108": 80110.12440914694,
  "GB-CHC-1075920-IND109": 128176.19905463512,
  "GB-CHC-1075920-IND111": 41657.26469275641,
  "GB-CHC-1075920-IND112": 36273.86433246174,
  "GB-CHC-1075920-IND113": 32044.04976365878,
  "GB-CHC-1075920-IND114": 32044.04976365878,
  "GB-CHC-1075920-IND115": 32044.04976365878,
  "GB-CHC-1075920-IND116": 32044.04976365878,
  "GB-CHC-1075920-IND117": 32028.02773877695,
  "GB-CHC-1075920-IND118": 32044.04976365878,
  "GB-CHC-1075920-IND119": 22430.834834561145,
  "GB-CHC-1075920-IND120": 32044.04976365878,
  "GB-CHC-1075920-IND122": 64088.09952731756,
  "GB-CHC-1075920-IND124": 12817.61990546351,
  "GB-CHC-1075920-IND125": 12817.61990546351,
  "GB-CHC-1075920-IND127": 48066.07464548817,
  "GB-CHC-1075920-IND128": 16022.02488182939,
  "GB-CHC-1075920-IND129": 98535.45302325074,
  "GB-CHC-1075920-IND131": 39200.0,
  "GB-CHC-1075920-IND132": 16022.02488182939,
  "GB-CHC-1075920-IND133": 47389.847085681744,
  "GB-CHC-1075920-IND134": 31593.231390454494,
  "GB-CHC-1075920-IND135": 56867.81650281809,
  "GB-CHC-1075920-IND136": 69505.1090589999,
  "GB-CHC-1075920-IND139": 50549.17022472719,
  "GB-CHC-1075920-IND140": 94779.69417136349,
  "GB-CHC-1075920-IND141": 47389.847085681744,
  "GB-CHC-1075920-IND142": 47137.101234558104,
  "GB-CHC-1075920-IND143": 29435.413686486452,
  "GB-CHC-1075920-IND144": 15796.615695227247,
  "GB-CHC-1075920-IND145": 37911.87766854539,
  "GB-CHC-1075920-IND146": 31593.231390454494,
  "GB-CHC-1075920-IND147": 48931.596777535924,
  "GB-CHC-1075920-IND148": 36316.0,
  "GB-CHC-1075920-IND149": 34006.954268685215,
  "GB-CHC-1075920-IND150": 37911.87766854539,
  "GB-CHC-1075920-IND151": 31593.231390454494,
  "GB-CHC-1075920-IND152": 3535.282592591858,
  "GB-CHC-1075920-IND153": 47636.27429052729,
  "GB-CHC-1075920-IND154": 44230.52394663629,
  "GB-CHC-1075920-IND155": 35991.00920000576,
  "GB-CHC-1075920-IND156": 31593.231390454494,
  "GB-CHC-1075920-IND157": 63660.361251765804,
  "GB-CHC-1075920-IND158": 18008.141892559062,
  "GB-CHC-1075920-IND159": 49890.0,
  "GB-CHC-1075920-IND160": 15638.649538274974,
  "GB-CHC-1075920-IND161": 47028.1943282176,
  "GB-CHC-1075920-IND162": 47386.68776254269,
  "GB-CHC-1075920-IND163": 29670.0,
  "GB-CHC-1075920-IND164": 31593.231390454494,
  "GB-CHC-1075920-IND165": 16428.480323036336,
  "GB-CHC-1075920-IND166": 126372.92556181797,
  "GB-CHC-1075920-IND167": 48369.23725878583,
  "GB-CHC-1075920-IND169": 18600.0,
  "GB-CHC-1075920-IND170": 72000.0,
  "GB-CHC-1075920-IND171": 45336.544121878986,
  "GB-CHC-1075920-IND172": 93799.74645905997,
  "GB-CHC-1075920-IND173": 67823.47000633096,
  "GB-CHC-1075920-IND175": 35859.18705882363,
  "GB-CHC-1075920-IND176": 14679.660320842884,
  "GB-CHC-1075920-IND177": 234499.3661476499,
  "GB-CHC-1075920-IND178": 115061.02232311356,
  "GB-CHC-1075920-IND179": 15633.291076509995,
  "GB-CHC-1075920-IND180": 46899.873229529985,
  "GB-CHC-1075920-IND181": 24222.221193944584,
  "GB-CHC-1075920-IND182": 39261.4472095472,
  "GB-CHC-1075920-IND183": 62433.11124315031,
  "GB-CHC-1075920-IND184": 46899.873229529985,
  "GB-CHC-1075920-IND185": 28337.484323330766,
  "GB-CHC-1075920-IND187": 94956.6099987217,
  "GB-CHC-1075920-IND188": 52262.09206877291,
  "GB-CHC-1075920-IND190": 15633.291076509995,
  "GB-CHC-1075920-IND191": 43338.609522301005,
  "GB-CHC-1075920-IND194": 15691.260507984689,
  "GB-CHC-1075920-IND195": 124503.53013332559,
  "GB-CHC-1075920-IND196": 70518.64938792128,
  "GB-CHC-1075920-IND197": 46899.873229529985,
  "GB-CHC-1075920-IND198": 68895.91377417954,
  "GB-CHC-1075920-IND200": 48732.0,
  "GB-CHC-1075920-IND201": 46734.16034411898,
  "GB-CHC-1075920-IND204": 93799.74645905997,
  "GB-CHC-1075920-IND205": 36425.56820826828,
  "GB-CHC-1075920-IND206": 30165.998461233685,
  "GB-CHC-1075920-IND207": 62533.16430603998,
  "GB-CHC-1075920-IND209": 93799.74645905997,
  "GB-CHC-1075920-IND213": 40646.55679892599,
  "GB-CHC-1075920-IND216": 15817.763911212813,
  "GB-CHC-1075920-IND222": 65818.74279433987,
  "GB-CHC-1075920-IND223": 59236.86851490587,
  "GB-CHC-1075920-IND224": 33170.209644148694,
  "GB-CHC-1075920-IND225": 131637.48558867973,
  "GB-CHC-1075920-IND227": 47761.37070871272,
  "GB-CHC-1075920-IND229": 53398.74602904793,
  "GB-CHC-1075920-IND230": 82273.42849292482,
  "GB-CHC-1075920-IND231": 39573.51910509684,
  "GB-CHC-1075920-IND232": 96207.30570654367,
  "GB-CHC-1075920-IND234": 197456.2283830196,
  "GB-CHC-1075920-IND235": 121271.0335985712,
  "GB-CHC-1075920-IND236": 13575.115701332597,
  "GB-CHC-1075920-IND237": 16454.685698584966,
  "GB-CHC-1075920-IND238": 49364.0570957549,
  "GB-CHC-1075920-IND239": 137975.83051977464,
  "GB-CHC-1075920-IND242": 119461.01817172684,
  "GB-CHC-1075920-IND243": 49771.260216709365,
  "GB-CHC-1075920-IND244": 32909.37139716993,
  "GB-CHC-1075920-IND245": 49364.0570957549,
  "GB-CHC-1075920-IND246": 148092.17128726467,
  "GB-CHC-1075920-IND247": 18817.578564901767,
  "GB-CHC-1075920-IND250": 48423.342714366794,
  "GB-CHC-1075920-IND251": 35749.450148745695,
  "GB-CHC-1075920-IND252": 16454.685698584966,
  "GB-CHC-1075920-IND253": 49538.476764159896,
  "GB-CHC-1075920-IND254": 49364.0570957549,
  "GB-CHC-1075920-IND255": 26189.629577685395,
  "GB-CHC-1075920-IND256": 38385.227522687834,
  "GB-CHC-1075920-IND257": 48672.96029641433,
  "GB-CHC-1075920-IND258": 21391.091408160453,
  "GB-CHC-1075920-IND259": 55971.83105047846,
  "GB-CHC-1075920-IND260": 49364.0570957549,
  "GB-CHC-1075920-IND261": 49007.84605975193,
  "GB-CHC-1075920-IND262": 54304.09929086977,
  "GB-CHC-1075920-IND266": 34312.01817017441,
  "GB-CHC-1075920-IND267": 64743.26453708035,
  "GB-CHC-1075920-IND268": 60802.33440289785,
  "GB-CHC-1075920-IND269": 49364.0570957549,
  "GB-CHC-1075920-IND270": 85564.36563264181,
  "GB-CHC-1075920-IND271": 32909.37139716993,
  "GB-CHC-1075920-IND275": 26327.497117735944,
  "GB-CHC-1075920-IND276": 1316.3748558867971,
  "GB-CHC-1075920-IND277": 65818.74279433987,
  "GB-CHC-1075920-IND278": 47392.176925693566,
  "GB-CHC-1075920-IND280": 24602.273453513695,
  "GB-CHC-1075920-IND283": 329093.7139716993,
  "GB-CHC-1075920-IND284": 66493.38490798185,
  "GB-CHC-1075920-IND285": 16454.685698584966,
  "GB-CHC-1075920-IND286": 50416.432974293595,
  "GB-CHC-1075920-IND288": 98728.1141915098,
  "GB-CHC-1075920-IND289": 54580.66964809159,
  "GB-CHC-1075920-IND290": 98728.1141915098,
  "GB-CHC-1075920-IND291": 39070.49936329109,
  "GB-CHC-1075920-IND292": 70643.25664116498,
  "GB-CHC-1075920-IND293": 65818.74279433987,
  "GB-CHC-1075920-IND294": 65818.74279433987,
  "GB-CHC-1075920-IND295": 32909.37139716993,
  "GB-CHC-1075920-IND296": 16454.685698584966,
  "GB-CHC-1075920-IND297": 85564.36563264181,
  "GB-CHC-1075920-IND298": 16454.685698584966,
  "GB-CHC-1075920-IND299": 51865.16932193981,
  "GB-CHC-1075920-IND300": 65818.74279433987,
  "GB-CHC-1075920-IND301": 38174.87082071712,
  "GB-CHC-1075920-IND302": 32909.37139716993,
  "GB-CHC-1075920-IND303": 98728.1141915098,
  "GB-CHC-1075920-IND304": 9872.81141915098,
  "GB-CHC-1075920-IND305": 131637.48558867973,
  "GB-CHC-1075920-IND307": 32909.37139716993,
  "GB-CHC-1075920-IND309": 32909.37139716993,
  "GB-CHC-1075920-IND310": 72400.61707377384,
  "GB-CHC-1075920-IND311": 32606.605180315968,
  "GB-CHC-1075920-IND312": 46073.1199560379,
  "GB-CHC-1075920-IND314": 32909.37139716993,
  "GB-CHC-1075920-IND315": 32909.37139716993,
  "GB-CHC-1075920-IND316": 32909.37139716993,
  "GB-CHC-1075920-IND317": 35113.90436832355,
  "GB-CHC-1075920-IND321": 123383.8152422695,
  "GB-CHC-1075920-IND322": 6581.874279433986,
  "GB-CHC-1075920-IND323": 52368.847251173494,
  "GB-CHC-1075920-IND324": 56429.69913472728,