{
  "GB-CHC-202918-RWAA47": 3821.869734822682,
  "GB-CHC-202918-RWAA50": 563302.6764927955,
  "GB-CHC-202918-RWAA52": 184459.05637953186,
  "GB-CHC-202918-RWAA61": 407897.8278786172,
  "GB-CHC-202918-RWAA62": 493038.5614118069,
  "GB-CHC-202918-RWAA64": -7458.830219476527,
  "GB-CHC-202918-RWAA65": 345322.39904706617,
  "GB-CHC-202918-RWAA67": 84321.5507907505,
  "GB-CHC-202918-RWAA69": 97496.84973778027,
  "GB-CHC-202918-RWAA79": 32137.138709376133,
  "GB-CHC-202918-RWAA82": 818979.7920565866,
  "GB-CHC-202918-RWAA83": 121768.58194982044,
  "GB-CHC-202918-RWAA84": 1753745.5782755876,
  "GB-CHC-202918-RWAA85": 1016522.7941579489,
  "GB-CHC-202918-RWAA89": 114859.19071053018,
  "GB-CHC-202918-RWAA90": 244377.27106048106,
  "GB-CHC-202918-RWAA93": 8146.222077829382,
  "GB-CHC-202918-RWAA94": 90273.90526495501,
  "GB-CHC-202918-RWAA95": 2777612.4149183678,
  "GB-CHC-202918-RWAA97": 112784.378104831,
  "GB-CHC-202918-RWAA99": 194000.10264399307,
  "GB-CHC-202918-RWAB01": 155946.6258215341,
  "GB-CHC-202918-RWAB02": 198108.1755851494
}