{
  "GB-CHC-1047501-GB-CHC-1047501-REFANI": 4470579.42819769,
  "GB-CHC-1047501-PNJ1A": 420135.9600200822,
  "GB-CHC-1047501-Start-DRF-Pakistan1": 74479.39636356005
}