{
  "GB-CHC-1047501-GB-CHC-1047501-REFANI": 4464817.708391184,
  "GB-CHC-1047501-PNJ1A": 419594.48531391664,
  "GB-CHC-1047501-Start-DRF-Pakistan1": 74383.40670045334
}