{
  "GB-CHC-1017255-AN001": 1402016.012883959,
  "GB-CHC-1017255-KE011": 1283527.8845704095,
  "GB-CHC-1017255-SL002": 1335790.8949777347,
  "GB-CHC-1017255-TA012": 4469992.285168903
}