{
  "DE-1-199465394": 1604139.3890505235,
  "DE-1-199470154": 1163666.1878013148,
  "DE-1-199566522": 3500991.4850956793,
  "DE-1-199765272": 1983627.8108635715,
  "DE-1-199770199": 641655.7556202095,
  "DE-1-200166207": 640806.8480890297,
  "DE-1-200815894-0": 55038.52920574215,
  "DE-1-200816629-0": 25746.2901153901,
  "DE-1-200816850-0": 101028.72421006029,
  "DE-1-200834192-0": 481089.5822462239,
  "DE-1-201115443-0": 85758.78314567835,
  "DE-1-201315530-0": 86146.02766674735,
  "DE-1-201506476-0": 96952.11487712337,
  "DE-1-201516889-0": 384141.5445882779,
  "DE-1-201534155-0": 49804.168601262005,
  "DE-1-201606003-1292": 68723.77616950942,
  "DE-1-201606003-1302": 130981.76267341696,
  "DE-1-201606003-1358": 89926.40682643867,
  "DE-1-201606003-1360": 614358.7241308442,
  "DE-1-201618438": 3285147.0024595074,
  "DE-1-201631621-0": 289528.2334686698,
  "DE-1-201701242-0": 13281111.627003202,
  "DE-1-201706019-1359": 305120.25851877156,
  "DE-1-201706019-2166": 59542.38432842257,
  "DE-1-201906015-4317": 203714.986913114,
  "DE-1-201929249-0": 278903.3441670672
}