{
  "GB-CHC-1127366-DWEE-2225": {
    "b_a_t-pk.xml": 624661.7971830312
  },
  "GB-CHC-1127366-GB-CHC-1127366-PWEE-1819": {
    "b_a_t-pk.xml": 1815373.796513976
  },
  "GB-CHC-1127366-QEIDIB-1819": {
    "b_a_t-gb.xml": 358387.5137350049
  }
}