{
  "GB-CHC-294329-DR-Haiti-2014-16": 1073929.8713352766,
  "GB-CHC-294329-Malawi-2014-16": 314460.5619799477,
  "GB-CHC-294329-Somaliland-2014-16": 864989.9178032145,
  "GB-CHC-294329-Yemen2014-16": 985877.5572250086,
  "GB-CHC-294329-Zimbabwe-2014-16": 1139896.7063009036
}