{
  "DK-CVR-88136411-2018-SP-N10839N10840": {
    "ibis_denmark-activities.xml": 1117607.0271024809
  },
  "DK-CVR-88136411-2018-SP-N10841N10842N10843": {
    "ibis_denmark-activities.xml": 722403.6679648828
  },
  "DK-CVR-88136411-2018-SP-N10844N10845": {
    "ibis_denmark-activities.xml": 1193104.5970051892
  },
  "DK-CVR-88136411-2018-SP-N10854": {
    "ibis_denmark-activities.xml": 1593850.5863260427
  },
  "DK-CVR-88136411-2018-SP-N10857N10858": {
    "ibis_denmark-activities.xml": 1515519.85781676
  },
  "DK-CVR-88136411-2018-SP-N10859N10860": {
    "ibis_denmark-activities.xml": 1444049.8303497226
  },
  "DK-CVR-88136411-2018-SP-N10861N10862": {
    "ibis_denmark-activities.xml": 1589613.395407744
  },
  "DK-CVR-88136411-2018-SP-N10863": {
    "ibis_denmark-activities.xml": 1025226.2381769436
  },
  "DK-CVR-88136411-2018-SP-N10864": {
    "ibis_denmark-activities.xml": 979691.0729230766
  },
  "DK-CVR-88136411-2018-SP-N10865N10866": {
    "ibis_denmark-activities.xml": 2358526.6032873327
  },
  "DK-CVR-88136411-2018-SP-N10867N10868": {
    "ibis_denmark-activities.xml": 1515057.5222392364
  },
  "DK-CVR-88136411-2018-SP-N10870": {
    "ibis_denmark-activities.xml": 344260.5019683127
  },
  "DK-CVR-88136411-2018-SP-N10872": {
    "ibis_denmark-activities.xml": 904995.778446379
  },
  "DK-CVR-88136411-2018-SP-N10877": {
    "ibis_denmark-activities.xml": 1823199.61434424
  },
  "DK-CVR-88136411-2018-SP-N10878": {
    "ibis_denmark-activities.xml": 475577.582829326
  },
  "DK-CVR-88136411-2018-SP-Nav10837Nav10838": {
    "ibis_denmark-activities.xml": 1556798.1723194276
  },
  "DK-CVR-88136411-2018-SP-Nav10871": {
    "ibis_denmark-activities.xml": 405048.2742700479
  }
}