{
  "DK-CVR-88136411-2018-SP-N10839N10840": {
    "ibis_denmark-activities.xml": 1118010.5883331147
  },
  "DK-CVR-88136411-2018-SP-N10841N10842N10843": {
    "ibis_denmark-activities.xml": 722664.5236200358
  },
  "DK-CVR-88136411-2018-SP-N10844N10845": {
    "ibis_denmark-activities.xml": 1193535.41995795
  },
  "DK-CVR-88136411-2018-SP-N10854": {
    "ibis_denmark-activities.xml": 1594426.1162649805
  },
  "DK-CVR-88136411-2018-SP-N10857N10858": {
    "ibis_denmark-activities.xml": 1516067.1029968988
  },
  "DK-CVR-88136411-2018-SP-N10859N10860": {
    "ibis_denmark-activities.xml": 1444571.2681292826
  },
  "DK-CVR-88136411-2018-SP-N10861N10862": {
    "ibis_denmark-activities.xml": 1590187.395322317
  },
  "DK-CVR-88136411-2018-SP-N10863": {
    "ibis_denmark-activities.xml": 1025596.4412557752
  },
  "DK-CVR-88136411-2018-SP-N10864": {
    "ibis_denmark-activities.xml": 980044.8335253655
  },
  "DK-CVR-88136411-2018-SP-N10865N10866": {
    "ibis_denmark-activities.xml": 2359378.253174479
  },
  "DK-CVR-88136411-2018-SP-N10867N10868": {
    "ibis_denmark-activities.xml": 1515604.6004727562
  },
  "DK-CVR-88136411-2018-SP-N10870": {
    "ibis_denmark-activities.xml": 344384.812381959
  },
  "DK-CVR-88136411-2018-SP-N10872": {
    "ibis_denmark-activities.xml": 905322.5670234116
  },
  "DK-CVR-88136411-2018-SP-N10877": {
    "ibis_denmark-activities.xml": 1823857.9608490611
  },
  "DK-CVR-88136411-2018-SP-N10878": {
    "ibis_denmark-activities.xml": 475749.3110575264
  },
  "DK-CVR-88136411-2018-SP-Nav10837Nav10838": {
    "ibis_denmark-activities.xml": 1557360.322852696
  },
  "DK-CVR-88136411-2018-SP-Nav10871": {
    "ibis_denmark-activities.xml": 405194.5347856555
  }
}