{
  "XI-IATI-EC_INTPA-/21681/0": 1950.7465801289072,
  "XI-IATI-EC_INTPA-2000/2385/0": 728186.6489136778,
  "XI-IATI-EC_INTPA-2001/011-901": 544323.0731552687,
  "XI-IATI-EC_INTPA-2001/048-036": 299207.11790644703,
  "XI-IATI-EC_INTPA-2003/020-472": 468633.7573648331,
  "XI-IATI-EC_INTPA-2003/5751/0": 4903525.651055564,
  "XI-IATI-EC_INTPA-2003/5752/0": 2440257.5788813895,
  "XI-IATI-EC_INTPA-2004/063-366": 464195.0231302115,
  "XI-IATI-EC_INTPA-2004/063-597": 906784.6082969811,
  "XI-IATI-EC_INTPA-2004/079-338": 1818027.9186347537,
  "XI-IATI-EC_INTPA-2004/091-477": 2171023.074393987,
  "XI-IATI-EC_INTPA-2004/5906/0": 3600407.1359387925,
  "XI-IATI-EC_INTPA-2005/085-948": 3587995.1476944066,
  "XI-IATI-EC_INTPA-2005/095-265": 808921.651621349,
  "XI-IATI-EC_INTPA-2005/103-209": 3575491.406977493,
  "XI-IATI-EC_INTPA-2005/16868/0": 6141166.737353717,
  "XI-IATI-EC_INTPA-2005/16896/0": 6315019.110459802,
  "XI-IATI-EC_INTPA-2006/118-860": 903154.3664604435,
  "XI-IATI-EC_INTPA-2006/118-938": 687993.4231819992,
  "XI-IATI-EC_INTPA-2006/125-446": 4725956.642682365,
  "XI-IATI-EC_INTPA-2007/19009/1": 15991066.257097336,
  "XI-IATI-EC_INTPA-2007/19040/0": 10854160.1909299,
  "XI-IATI-EC_INTPA-2008/156-268": 1781865.8340629078,
  "XI-IATI-EC_INTPA-2008/157-885": 11178106.174002921,
  "XI-IATI-EC_INTPA-2008/161-083": 2451758.0658036363,
  "XI-IATI-EC_INTPA-2008/168-441": 129280.44259505853,
  "XI-IATI-EC_INTPA-2008/168-451": 81410.1460957031,
  "XI-IATI-EC_INTPA-2008/168-454": 119338.19960562885,
  "XI-IATI-EC_INTPA-2008/168-463": 105469.89233142429,
  "XI-IATI-EC_INTPA-2008/168-524": 88710.24543820828,
  "XI-IATI-EC_INTPA-2008/171-313": 127037.40099531243,
  "XI-IATI-EC_INTPA-2008/171-995": 2319910.474072456,
  "XI-IATI-EC_INTPA-2009/172-113": 2405217.8306361255,
  "XI-IATI-EC_INTPA-2009/172-388": 1905632.9267250237,
  "XI-IATI-EC_INTPA-2009/172-425": 747226.4438444017,
  "XI-IATI-EC_INTPA-2009/200-376": 460649.2150121059,
  "XI-IATI-EC_INTPA-2009/200-418": 673622.3868495444,
  "XI-IATI-EC_INTPA-2009/200-471": 556620.6847898444,
  "XI-IATI-EC_INTPA-2009/200-473": 600420.8861645156,
  "XI-IATI-EC_INTPA-2009/202-809": 649704.7656404309,
  "XI-IATI-EC_INTPA-2009/214-086": 191901.57435590302,
  "XI-IATI-EC_INTPA-2009/214-087": 131710.8041642346,
  "XI-IATI-EC_INTPA-2009/214-093": 176092.2609264325,
  "XI-IATI-EC_INTPA-2009/214-105": 121875.22237453194,
  "XI-IATI-EC_INTPA-2009/214-106": 178250.63761007146,
  "XI-IATI-EC_INTPA-2009/214-107": 152612.0570827265,
  "XI-IATI-EC_INTPA-2009/214-291": 146151.2952766592,
  "XI-IATI-EC_INTPA-2009/215-659": 533648.971285991,
  "XI-IATI-EC_INTPA-2009/215-672": 436345.57665598014,
  "XI-IATI-EC_INTPA-2009/215-783": 453473.04800959694,
  "XI-IATI-EC_INTPA-2009/215-787": 296709.0714620367,
  "XI-IATI-EC_INTPA-2009/215-790": 124694.28000681494,
  "XI-IATI-EC_INTPA-2009/216-983": 663230.1563201961,
  "XI-IATI-EC_INTPA-2009/216-992": 564443.5005842565,
  "XI-IATI-EC_INTPA-2009/216-993": 417959.78832789266,
  "XI-IATI-EC_INTPA-2009/216-995": 678107.5860623012,
  "XI-IATI-EC_INTPA-2009/216-996": 515029.0606594922,
  "XI-IATI-EC_INTPA-2009/217-035": 434612.20628597075,
  "XI-IATI-EC_INTPA-2009/217-049": 519669.76178961375,
  "XI-IATI-EC_INTPA-2010/247-577": 86932.23978516685,
  "XI-IATI-EC_INTPA-2011/22498/0": 5337669.1680648895,
  "XI-IATI-EC_INTPA-2011/255-676": 229523.71425659713,
  "XI-IATI-EC_INTPA-2011/257-311": 319284.0557547794,
  "XI-IATI-EC_INTPA-2011/257-361": 322530.3723687379,
  "XI-IATI-EC_INTPA-2011/259-751": 326166.5548176688,
  "XI-IATI-EC_INTPA-2011/260-132": 251509.78495414607,
  "XI-IATI-EC_INTPA-2011/260-201": 167673.15280624627,
  "XI-IATI-EC_INTPA-2011/260-208": 173997.83212985686,
  "XI-IATI-EC_INTPA-2011/260-246": 243126.12345644197,
  "XI-IATI-EC_INTPA-2011/260-251": 140879.0196291882,
  "XI-IATI-EC_INTPA-2011/279-243": 189006.77309537347,
  "XI-IATI-EC_INTPA-2011/280-310": 189577.55079200416,
  "XI-IATI-EC_INTPA-2011/281-258": 237425.77671955657,
  "XI-IATI-EC_INTPA-2011/281-391": 144657.1765053468,
  "XI-IATI-EC_INTPA-2012/23502/0": 14062427.98895269,
  "XI-IATI-EC_INTPA-2012/283-036": 1262197.9762764885,
  "XI-IATI-EC_INTPA-2012/299-875": 1008430.6285546877,
  "XI-IATI-EC_INTPA-2012/306-018": 13947815.28627449,
  "XI-IATI-EC_INTPA-2012/309-017": 265239.8880973919,
  "XI-IATI-EC_INTPA-2012/309-021": 255918.5151754663,
  "XI-IATI-EC_INTPA-2012/309-023": 229535.07004040768,
  "XI-IATI-EC_INTPA-2012/309-435": 210896.3111807721,
  "XI-IATI-EC_INTPA-2013/333-785": 398550.23529411625,
  "XI-IATI-EC_INTPA-2013/333-813": 840626.141784703,
  "XI-IATI-EC_INTPA-2013/334-273": 208959.88836470517,
  "XI-IATI-EC_INTPA-2014/344-952": 3955888.7419580254,
  "XI-IATI-EC_INTPA-2014/348-604": 919106.0635422909,
  "XI-IATI-EC_INTPA-2016/381-538": 2064921.9815784243,
  "XI-IATI-EC_INTPA-2017/387-794": 622165.3472108998,
  "XI-IATI-EC_INTPA-2017/387-800": 622619.78747419,
  "XI-IATI-EC_INTPA-2017/387-802": 704436.2123815662,
  "XI-IATI-EC_INTPA-2017/387-804": 535244.7824351668,
  "XI-IATI-EC_INTPA-2017/387-808": 474787.1030424611,
  "XI-IATI-EC_INTPA-2018/403-827": 917475.5546746792,
  "XI-IATI-EC_INTPA-2019/407-450": 435703.1280832573,
  "XI-IATI-EC_INTPA-2019/412-271": 531175.6243878374,
  "XI-IATI-EC_INTPA-2020/421-385": 328457.9892284028,
  "XI-IATI-EC_INTPA-2021/421-380": 359382.6444955478,
  "XI-IATI-EC_INTPA-2021/424-271": 208633.87427223456,
  "XI-IATI-EC_INTPA-2021/424-274": 235919.1547807835,
  "XI-IATI-EC_INTPA-2021/427-974": 149007.30497019555,
  "XI-IATI-EC_INTPA-2021/429-797": 59782.53529411744
}