{
  "GB-COH-03580586-GEC-Fund-A1": 285239935.2161168,
  "GB-COH-03580586-GEC-Recipient-5063": 4870480.571172879,
  "GB-COH-03580586-GEC-Recipient-5096": 13436325.767414223,
  "GB-COH-03580586-GEC-Recipient-5097": 46714461.33373881,
  "GB-COH-03580586-GEC-Recipient-5098": 16431858.224494142,
  "GB-COH-03580586-GEC-Recipient-5099": 10251457.428534452,
  "GB-COH-03580586-GEC-Recipient-5101 - Tanzania": 19162359.460591123,
  "GB-COH-03580586-GEC-Recipient-5101 - Zimbabwe": 29383577.06964435,
  "GB-COH-03580586-GEC-Recipient-5136": 24477872.97494484,
  "GB-COH-03580586-GEC-Recipient-5170": 6227869.80918768,
  "GB-COH-03580586-GEC-Recipient-5243": 23684405.604858615,
  "GB-COH-03580586-GEC-Recipient-5252": 28185210.22763707,
  "GB-COH-03580586-GEC-Recipient-5275": 5736745.642298211,
  "GB-COH-03580586-GEC-Recipient-6317": 2237997.366393412,
  "GB-COH-03580586-GEC-Recipient-6473": 4823864.093283216,
  "GB-COH-03580586-GEC-Recipient-6595": 4481564.060800619,
  "GB-COH-03580586-GEC-Recipient-6616": 2514906.606338149,
  "GB-COH-03580586-GEC-Recipient-6627": 4676341.248813312,
  "GB-COH-03580586-GEC-Recipient-6803": 6138799.883752328,
  "GB-COH-03580586-GEC-Recipient-6957": 4236733.092924995,
  "GB-COH-03580586-GEC-Recipient-7038": 1494967.3151514584,
  "GB-COH-03580586-GEC-Recipient-7042": 3060833.3394066836,
  "GB-COH-03580586-GEC-Recipient-7045": 6777976.028757115,
  "GB-COH-03580586-GEC-Recipient-7156": 4577942.68400211,
  "GB-COH-03580586-GEC-Recipient-7374": 4914918.600695344,
  "GB-COH-03580586-GEC-Recipient-8329": 4568395.096076917,
  "GB-COH-03580586-GEC-Recipient-8980": 2172071.6852047415
}