{
  "XM-DAC-46004-29466-023-LN2293": 162197454.67000002,
  "XM-DAC-46004-32254-023-LN2456": 123427457.44,
  "XM-DAC-46004-32298-023-LN2323": 207783560.16,
  "XM-DAC-46004-32298-033-LN2324": 87294268.00999999,
  "XM-DAC-46004-32298-043-LN2346": 292063634.78,
  "XM-DAC-46004-32298-053-LN2347": 166379958.65,
  "XM-DAC-46004-32298-063-LN2520": 301853533.19,
  "XM-DAC-46004-32298-073-LN2732": 124655067.62,
  "XM-DAC-46004-32300-013-LN2226": 343428592.09,
  "XM-DAC-46004-34420-023-LN2527": 201920214.41,
  "XM-DAC-46004-35290-023-LN2528": 55220676.64,
  "XM-DAC-46004-35290-033-LN2834": 128643010.19,
  "XM-DAC-46004-35290-043-LN3337": 136382048.8,
  "XM-DAC-46004-36308-023-LN2442": 202781680.79000002,
  "XM-DAC-46004-36330-023-LN2793": 300220356.09,
  "XM-DAC-46004-36330-033-LN3108": 246740718.05,
  "XM-DAC-46004-36330-043-LN3623": 238687227.01,
  "XM-DAC-46004-36343-013-LN2281": 1856657035.27,
  "XM-DAC-46004-36915-014-LN1991": 62244999.935,
  "XM-DAC-46004-37056-013-LN2159": 80750144.44,
  "XM-DAC-46004-37066-023-LN2248": 369824470.8,
  "XM-DAC-46004-37066-033-LN2414": 116994873.17,
  "XM-DAC-46004-37066-043-LN2445": 254354852.43,
  "XM-DAC-46004-37066-053-LN2535": 373038844.88,
  "XM-DAC-46004-37066-063-LN2651": 416866996.94,
  "XM-DAC-46004-37091-023-LN2669": 67686753.33,
  "XM-DAC-46004-37091-033-LN2837": 24888888.89,
  "XM-DAC-46004-37139-023-LN2309": 66345689.54,
  "XM-DAC-46004-37139-033-LN2498": 72162925.98,
  "XM-DAC-46004-37139-043-LN2502": 56292110.46,
  "XM-DAC-46004-37139-053-LN2924": 157281325.61,
  "XM-DAC-46004-37143-023-LN2770": 148554968.26,
  "XM-DAC-46004-37143-033-LN3073": 250400000.0,
  "XM-DAC-46004-37328-013-LN2330": 650351480.69,
  "XM-DAC-46004-37900-024-LN2057": 19999999.96506,
  "XM-DAC-46004-38254-033-LN2312": 57445492.589999996,
  "XM-DAC-46004-38254-043-LN2638": 239859087.1,
  "XM-DAC-46004-38254-053-LN2882": 103367930.98,
  "XM-DAC-46004-38254-063-LN3088": 105858945.09,
  "XM-DAC-46004-38255-023-LN2308": 92138889.49000001,
  "XM-DAC-46004-38255-033-LN2458": 248848144.54,
  "XM-DAC-46004-38255-043-LN3040": 274873029.4,
  "XM-DAC-46004-38272-023-LN2410": 117515583.49,
  "XM-DAC-46004-38272-033-LN2797": 150271821.54,
  "XM-DAC-46004-38272-044-LN4148": 130267791.6,
  "XM-DAC-46004-38411-023-LN2444": 33180889.779999997,
  "XM-DAC-46004-38411-043-LN3265": 185743706.44,
  "XM-DAC-46004-38412-023-LN2684": 99133435.48,
  "XM-DAC-46004-38412-033-LN3755": 97417223.2,
  "XM-DAC-46004-38926-014-LN2169": 50000000.0,
  "XM-DAC-46004-39399-013-LN2578": 30488429.87,
  "XM-DAC-46004-39630-023-LN2415": 806503539.5699999,
  "XM-DAC-46004-39630-033-LN2510": 325777450.18,
  "XM-DAC-46004-39630-034-LN2823": 127296731.71,
  "XM-DAC-46004-39916-014-LN2249": 75000000.0,
  "XM-DAC-46004-39921-014-LN2256": 149999999.85,
  "XM-DAC-46004-40005-013-LN2594": 367348129.49,
  "XM-DAC-46004-40031-023-LN2366": 111636333.04,
  "XM-DAC-46004-40031-033-LN2506": 268874243.29,
  "XM-DAC-46004-40031-053-LN2725": 115971528.36,
  "XM-DAC-46004-40156-023-LN2679": 88199257.05,
  "XM-DAC-46004-40156-033-LN3549": 111746201.14,
  "XM-DAC-46004-40423-023-LN2881": 477537177.16,
  "XM-DAC-46004-40423-033-LN3065": 495927627.05,
  "XM-DAC-46004-40423-053-LN3306": 501964605.35,
  "XM-DAC-46004-40648-023-LN2676": 86999630.48,
  "XM-DAC-46004-40648-033-LN2833": 74790808.72,
  "XM-DAC-46004-40648-034-LN3223": 214860441.38,
  "XM-DAC-46004-40648-037-LN3717": 49313262.76,
  "XM-DAC-46004-40655-033-LN2404": 611364307.4499999,
  "XM-DAC-46004-40655-043-LN2509": 404097194.15,
  "XM-DAC-46004-41036-023-LN2586": 423663461.51,
  "XM-DAC-46004-41036-033-LN2717": 503515393.61,
  "XM-DAC-46004-41036-043-LN2822": 481280798.59,
  "XM-DAC-46004-41116-023-LN2331": 80125284.88,
  "XM-DAC-46004-41116-033-LN2925": 188355416.88,
  "XM-DAC-46004-41116-043-LN3132": 105082163.82,
  "XM-DAC-46004-41127-013-LN2443": 778812983.96,
  "XM-DAC-46004-41598-023-LN2660": 138339127.37,
  "XM-DAC-46004-41603-023-LN2861": 89485212.12,
  "XM-DAC-46004-41603-024-LN3612": 108801424.96,
  "XM-DAC-46004-41607-013-LN2536": 189556683.41,
  "XM-DAC-46004-41607-013-LN2537": 7293965.85,
  "XM-DAC-46004-41614-023-LN2592": 104945294.98,
  "XM-DAC-46004-41614-033-LN2677": 153243452.52,
  "XM-DAC-46004-41614-035-LN2800": 80092315.85,
  "XM-DAC-46004-41614-036-LN3200": 87280362.72,
  "XM-DAC-46004-41626-013-LN2681": 248888130.93,
  "XM-DAC-46004-41627-023-LN2461": 294061449.23,
  "XM-DAC-46004-41627-033-LN2596": 110564062.78,
  "XM-DAC-46004-41627-043-LN2687": 387400362.3,
  "XM-DAC-46004-41627-053-LN2914": 366151886.0,
  "XM-DAC-46004-41629-013-LN2663": 547756778.91,
  "XM-DAC-46004-41900-014-LN2326": 79299999.94,
  "XM-DAC-46004-41930-014-LN2559": 100000000.0,
  "XM-DAC-46004-41946-014-LN2419": 250000000.0,
  "XM-DAC-46004-42151-013-LN2452": 256133096.04,
  "XM-DAC-46004-42265-023-LN2806": 125047227.37,
  "XM-DAC-46004-42265-025-LN3624": 48381108.65,
  "XM-DAC-46004-42266-023-LN3053": 169498851.32,
  "XM-DAC-46004-42266-025-LN3413": 318378040.69,
  "XM-DAC-46004-42266-026-LN3689": 132414442.16,
  "XM-DAC-46004-42267-026-LN3182": 500000000.0,
  "XM-DAC-46004-42267-026-LN3183": 359570403.46,
  "XM-DAC-46004-42267-031-LN3972": 371723719.46,
  "XM-DAC-46004-42486-016-LN3528": 422865317.8,
  "XM-DAC-46004-42486-018-LN3974": 290147767.71,
  "XM-DAC-46004-42513-013-LN2705": 579377962.48,
  "XM-DAC-46004-42513-014-LN3619": 476571349.46,
  "XM-DAC-46004-42902-014-LN2417": 45000000.0,
  "XM-DAC-46004-43063-013-LN2736": 523791646.24,
  "XM-DAC-46004-43158-013-LN2617": 86083433.73,
  "XM-DAC-46004-43253-023-LN3172": 55789460.93,
  "XM-DAC-46004-43253-025-LN3148": 150000000.0,
  "XM-DAC-46004-43253-026-LN3836": 109094798.4,
  "XM-DAC-46004-43253-027-LN3726": 118023607.0,
  "XM-DAC-46004-43464-023-LN2794": 224557552.9,
  "XM-DAC-46004-43464-026-LN3001": 188350000.0,
  "XM-DAC-46004-43464-027-LN3733": 170084603.99,
  "XM-DAC-46004-43467-015-LN2764": 346904487.02,
  "XM-DAC-46004-43467-016-LN2830": 349614692.92,
  "XM-DAC-46004-43574-025-LN3386": 494999999.99,
  "XM-DAC-46004-44425-013-LN2894": 481588472.3,
  "XM-DAC-46004-44426-014-LN2787": 1001028951.11,
  "XM-DAC-46004-44426-016-LN3365": 1000000000.0,
  "XM-DAC-46004-44426-018-LN3375": 500000000.0,
  "XM-DAC-46004-44427-013-LN2981": 546954445.71,
  "XM-DAC-46004-44429-013-LN3394": 182217321.63,
  "XM-DAC-46004-44431-013-LN2778": 165862986.44,
  "XM-DAC-46004-44453-014-LN2926": 801672754.44,
  "XM-DAC-46004-44917-014-LN2788": 250000000.0,
  "XM-DAC-46004-45224-003-LN3052": 112215036.01,
  "XM-DAC-46004-45288-002-LN3187": 400000000.0,
  "XM-DAC-46004-45371-007-LN3662": 568798842.88,
  "XM-DAC-46004-45915-014-LN2798": 48000000.0,
  "XM-DAC-46004-46166-001-LN3033": 180536236.87,
  "XM-DAC-46004-46268-002-LN3186": 400000000.0,
  "XM-DAC-46004-46417-001-LN3062": 292435921.28,
  "XM-DAC-46004-46462-003-LN3539": 101131432.27,
  "XM-DAC-46004-46900-014-LN2854": 103000000.0,
  "XM-DAC-46004-47083-002-LN3048": 800000000.0,
  "XM-DAC-46004-47083-004-LN3728": 558940412.88,
  "XM-DAC-46004-47100-004-LN3066": 603669026.88,
  "XM-DAC-46004-47101-002-LN3140": 89114601.16,
  "XM-DAC-46004-47101-003-LN3327": 72895044.07,
  "XM-DAC-46004-47101-004-LN4029": 283395930.48,
  "XM-DAC-46004-47229-001-LN3055": 368343860.49,
  "XM-DAC-46004-47270-001-LN3189": 648904948.04,
  "XM-DAC-46004-47334-002-LN3188": 200000000.0,
  "XM-DAC-46004-47341-002-LN3118": 525194802.21,
  "XM-DAC-46004-47341-003-LN3690": 231320813.85,
  "XM-DAC-46004-47354-003-LN3257": 600000000.0,
  "XM-DAC-46004-47941-001-LN3174": 35300000.0,
  "XM-DAC-46004-48209-002-LN3176": 9810127.0,
  "XM-DAC-46004-48209-003-LN3177": 9793471.0,
  "XM-DAC-46004-48209-004-LN3178": 9810127.0,
  "XM-DAC-46004-48209-005-LN3179": 10792804.0,
  "XM-DAC-46004-48209-006-LN3175": 9793471.0,
  "XM-DAC-46004-48224-002-LN3436": 342106369.27,
  "XM-DAC-46004-48226-003-LN3611": 435597094.7,
  "XM-DAC-46004-48226-004-LN3703": 194482388.28,
  "XM-DAC-46004-48234-001-LN3192": 125000000.0,
  "XM-DAC-46004-48278-001-LN3195": 200000000.0,