{
  "FR-6-TD-1001": 19390.422975424673,
  "FR-6-TD-1005": 374527.34788149025,
  "FR-6-TD-1006": 107930.28174800421,
  "FR-6-TD-1007": 78709.17994627178,
  "FR-6-TD-1152": 53279.83551404875,
  "FR-6-TD-1153": 47652.62851768749,
  "FR-6-TD-1154": 59632.19120524438,
  "FR-6-TD-1199": 36848.44420912038,
  "FR-6-TD-1200": 68453.5055478999,
  "FR-6-TD-1202": 34509.64045160512,
  "FR-6-TD-1203": 53274.52306939794,
  "FR-6-TD-1204": 64705.5758467596,
  "FR-6-TD-1205": 40135.51933680368,
  "FR-6-TD-1206": 1328111.1627003201,
  "FR-6-TD-1207": 1992166.7440504802,
  "FR-6-TD-1208": 53124.44650801281,
  "FR-6-TD-1209": 29218.44557940704,
  "FR-6-TD-1210": 5748.065112166985,
  "FR-6-TD-1211": 39840.678658684206,
  "FR-6-TD-1212": 1328111.1627003201,
  "FR-6-TD-1478": 79686.66976201921,
  "FR-6-TD-1481": 26562.223254006403,
  "FR-6-TD-1485": 172654.4511510416,
  "FR-6-TD-1493": 146092.22789703522,
  "FR-6-TD-1494": 53124.44650801281,
  "FR-6-TD-1496": 664055.5813501601,
  "FR-6-TD-1498": 398433.34881009604,
  "FR-6-TD-1500": 796866.6976201921,
  "FR-6-TD-1501": 531244.465080128,
  "FR-6-TD-1504": 29218.44557940704,
  "FR-6-TD-1509": 424995.57206410245,
  "FR-6-TD-1511": 193904.22975424674,
  "FR-6-TD-1513": 1301548.9394463138,
  "FR-6-TD-17": 629631.2606426554,
  "FR-6-TD-209-TCD-09-23": 32597.160377316657,
  "FR-6-TD-209TCD-16-01-10": 50919.78197793027,
  "FR-6-TD-209TCD-16-01-11": 62022.79129810495,
  "FR-6-TD-209TCD-16-01-12": 47908.953972088646,
  "FR-6-TD-209TCD-16-01-13": 64483.78128258865,
  "FR-6-TD-209TCD-16-01-5": 52735.30993734161,
  "FR-6-TD-209TCD-16-01-6": 62046.69729903356,
  "FR-6-TD-209TCD-16-01-7": 74244.0702172733,
  "FR-6-TD-209TCD-16-01-8": 61519.43716744153,
  "FR-6-TD-209TCD-16-01-9": 64483.78128258865,
  "FR-6-TD-502": 25810.96446298071,
  "FR-6-TD-503": 61681.80477592242,
  "FR-6-TD-504": 70841.44941843508,
  "FR-6-TD-505": 52368.18687576054,
  "FR-6-TD-506": 89657.18286554469,
  "FR-6-TD-507": 86637.62667721162,
  "FR-6-TD-508": 60901.02243698669,
  "FR-6-TD-509": 83357.5690157229,
  "FR-6-TD-510": 54017.39038759416,
  "FR-6-TD-511": 28142.675537619783,
  "FR-6-TD-512": 129872.78476521718,
  "FR-6-TD-513": 44124.825038833675,
  "FR-6-TD-831": 531244.465080128,
  "FR-6-TD-CIAA": 4648389.069451121,
  "FR-6-TD-CIAA-1": 796866.6976201921,
  "FR-6-TD-CIAA-2": 1992166.7440504802,
  "FR-6-TD-CIAA-3": 1328111.1627003201,
  "FR-6-TD-CIAA-4": 531244.465080128,
  "FR-6-TD-CIAA-5": 796866.6976201921,
  "FR-6-TD-DPR-15-01": 1062488.930160256,
  "FR-6-TD-DPR-15-01-2": 1328111.1627003201,
  "FR-6-TD-DPR-15-03-1": 929677.8138902241,
  "FR-6-TD-DPR-15-03-2": 1195300.046430288,
  "FR-6-TD-DPR-15-03-3": 1328111.1627003201,
  "FR-6-TD-DPR-15-03-4": 398433.34881009604,
  "FR-6-TD-DPR-15-03-5": 929677.8138902241,
  "FR-6-TD-TCD-09-17": 1069955.5711169573,
  "FR-6-TD-TCD-09-22-1": 1393248.3746749572,
  "FR-6-TD-TCD-09-22-2": 744269.5112437713,
  "FR-6-TD-TCD-09-23": 256766.3873071783,
  "FR-6-TD-TCD-11-04": 627897.7549456438,
  "FR-6-TD-TCD-12-01": 411481.0105859678,
  "FR-6-TD-TCD-12-02": 411481.0105859678,
  "FR-6-TD-TCD-12-03": 162446.58875452695,
  "FR-6-TD-TCD-13-01": 154892.34400029705,
  "FR-6-TD-TCD-13-01-2": 960229.9018990448,
  "FR-6-TD-TCD-13-01-3": 37217.29148926965,
  "FR-6-TD-TCD-13-02": 66405.558135016,
  "FR-6-TD-TCD-16-01": 43652.35769563412,
  "FR-6-TD-TCD-16-01-1": 65411.121620832506,
  "FR-6-TD-TCD-16-01-2": 30727.179860234606,
  "FR-6-TD-TCD-16-01-3": 74360.94399959092,
  "FR-6-TD-TCD-16-01-4": 94789.94990424725
}