{
  "FR-6-TD-1001": 19396.111450980326,
  "FR-6-TD-1005": 374637.2211764693,
  "FR-6-TD-1006": 107961.94473803883,
  "FR-6-TD-1007": 78732.27048156835,
  "FR-6-TD-1152": 53295.46596431354,
  "FR-6-TD-1153": 47666.60814117631,
  "FR-6-TD-1154": 59649.68521568606,
  "FR-6-TD-1199": 36859.25426078418,
  "FR-6-TD-1200": 68473.5874250978,
  "FR-6-TD-1202": 34519.764379607725,
  "FR-6-TD-1203": 53290.151961176285,
  "FR-6-TD-1204": 64724.55821176448,
  "FR-6-TD-1205": 40147.29370196065,
  "FR-6-TD-1206": 1328500.784313721,
  "FR-6-TD-1207": 1992751.1764705812,
  "FR-6-TD-1208": 53140.03137254884,
  "FR-6-TD-1209": 29227.01725490186,
  "FR-6-TD-1210": 5749.7513945097835,
  "FR-6-TD-1211": 39852.366527843,
  "FR-6-TD-1212": 1328500.784313721,
  "FR-6-TD-1478": 79710.04705882326,
  "FR-6-TD-1481": 26570.01568627442,
  "FR-6-TD-1485": 172705.1019607837,
  "FR-6-TD-1493": 146135.0862745093,
  "FR-6-TD-1494": 53140.03137254884,
  "FR-6-TD-1496": 664250.3921568604,
  "FR-6-TD-1498": 398550.23529411625,
  "FR-6-TD-1500": 797100.4705882325,
  "FR-6-TD-1501": 531400.3137254884,
  "FR-6-TD-1504": 29227.01725490186,
  "FR-6-TD-1509": 425120.2509803907,
  "FR-6-TD-1511": 193961.11450980324,
  "FR-6-TD-1513": 1301930.7686274464,
  "FR-6-TD-17": 629802.7589414818,
  "FR-6-TD-209-TCD-09-23": 32606.723250195966,
  "FR-6-TD-209TCD-16-01-10": 50934.72007058806,
  "FR-6-TD-209TCD-16-01-11": 62040.98662745076,
  "FR-6-TD-209TCD-16-01-12": 47923.008792548855,
  "FR-6-TD-209TCD-16-01-13": 64502.69858078408,
  "FR-6-TD-209TCD-16-01-5": 52750.78064274492,
  "FR-6-TD-209TCD-16-01-6": 62064.899641568416,
  "FR-6-TD-209TCD-16-01-7": 74265.85084470562,
  "FR-6-TD-209TCD-16-01-8": 61537.48483019586,
  "FR-6-TD-209TCD-16-01-9": 64502.69858078408,
  "FR-6-TD-502": 25819.67834588234,
  "FR-6-TD-503": 61702.62879529409,
  "FR-6-TD-504": 70862.23183529387,
  "FR-6-TD-505": 52385.86658117645,
  "FR-6-TD-506": 89687.4514823529,
  "FR-6-TD-507": 86666.87587999998,
  "FR-6-TD-508": 60921.58286117645,
  "FR-6-TD-509": 83382.02322666638,
  "FR-6-TD-510": 54035.62687058822,
  "FR-6-TD-511": 28150.931619607745,
  "FR-6-TD-512": 129916.63032705877,
  "FR-6-TD-513": 44139.72175294116,
  "FR-6-TD-831": 531400.3137254884,
  "FR-6-TD-CIAA": 4649752.745098023,
  "FR-6-TD-CIAA-1": 797100.4705882325,
  "FR-6-TD-CIAA-2": 1992751.1764705812,
  "FR-6-TD-CIAA-3": 1328500.784313721,
  "FR-6-TD-CIAA-4": 531400.3137254884,
  "FR-6-TD-CIAA-5": 797100.4705882325,
  "FR-6-TD-DPR-15-01": 1062800.6274509768,
  "FR-6-TD-DPR-15-01-2": 1328500.784313721,
  "FR-6-TD-DPR-15-03-1": 929950.5490196046,
  "FR-6-TD-DPR-15-03-2": 1195650.7058823488,
  "FR-6-TD-DPR-15-03-3": 1328500.784313721,
  "FR-6-TD-DPR-15-03-4": 398550.23529411625,
  "FR-6-TD-DPR-15-03-5": 929950.5490196046,
  "FR-6-TD-TCD-09-17": 1070269.4588603883,
  "FR-6-TD-TCD-09-22-1": 1393657.1052803872,
  "FR-6-TD-TCD-09-22-2": 744487.8540270563,
  "FR-6-TD-TCD-09-23": 256841.7136329403,
  "FR-6-TD-TCD-11-04": 628081.9583039194,
  "FR-6-TD-TCD-12-01": 411593.0893497236,
  "FR-6-TD-TCD-12-02": 411593.0893497236,
  "FR-6-TD-TCD-12-03": 162494.24493254846,
  "FR-6-TD-TCD-13-01": 154944.63626352936,
  "FR-6-TD-TCD-13-01-2": 960555.2307419605,
  "FR-6-TD-TCD-13-01-3": 37229.856192941166,
  "FR-6-TD-TCD-13-02": 66425.03921568605,
  "FR-6-TD-TCD-16-01": 43665.16377882338,
  "FR-6-TD-TCD-16-01-1": 65430.3109684233,
  "FR-6-TD-TCD-16-01-2": 30736.194145882248,
  "FR-6-TD-TCD-16-01-3": 74382.75891372524,
  "FR-6-TD-TCD-16-01-4": 94817.75797803889
}