{
  "XM-DAC-6-4-004750-02-3": -17152.844881611705,
  "XM-DAC-6-4-004875-01-0": -10853.474573598764,
  "XM-DAC-6-4-005001-02-1": 14975.370741622562,
  "XM-DAC-6-4-005029-02-1": 118482.08532976528,
  "XM-DAC-6-4-005071-01-0": 3243091.6395122856,
  "XM-DAC-6-4-005215-02-2": 30904.562755021627,
  "XM-DAC-6-4-005303-02-3": -12608.411889619774,
  "XM-DAC-6-4-005697-02-0": 14319.350672918059,
  "XM-DAC-6-4-008290-02-6": 56815.00408124372,
  "XM-DAC-6-4-009081-02-6": 17768.905662295045,
  "XM-DAC-6-4-009112-02-5": 709938.3117170327,
  "XM-DAC-6-4-009193-02-6": 116576.13862160816,
  "XM-DAC-6-4-009318-01-3": 1075580.7517778208,
  "XM-DAC-6-4-009945-01-4": 13282520.000000007,
  "XM-DAC-6-4-009945-03-6": 46442.907537733256,
  "XM-DAC-6-4-010938-01-2": 2788859.4828180647,
  "XM-DAC-6-4-011025-01-1": 690249.15250588,
  "XM-DAC-6-4-011054-01-3": 697728.6119215662,
  "XM-DAC-6-4-011122-01-6": 169849.011264619,
  "XM-DAC-6-4-011122-02-0": 229350.74134795606,
  "XM-DAC-6-4-011224-01-0": 797100.4705882325,
  "XM-DAC-6-4-011295-01-2": 393649.67488594766,
  "XM-DAC-6-4-011325-01-6": 948147.1571124281,
  "XM-DAC-6-4-011522-01-1": 3530813.5005842075,
  "XM-DAC-6-4-011576-01-4": 2657001.568627442,
  "XM-DAC-6-4-011636-01-5": 2958974.2473795777,
  "XM-DAC-6-4-011681-01-4": 3184150.6798431263,
  "XM-DAC-6-4-011861-01-0": 1479422.4589141125,
  "XM-DAC-6-4-011949-01-1": 1326601.0281921523,
  "XM-DAC-6-4-012003-01-4": 3281396.9372548903,
  "XM-DAC-6-4-012005-01-1": 398550.23529411625,
  "XM-DAC-6-4-012127-11-2": 130724.47717647013,
  "XM-DAC-6-4-012127-89-4": 166992.54858823473,
  "XM-DAC-6-4-012189-01-0": 3861364.58265332,
  "XM-DAC-6-4-012313-01-5": 66425.03921568605
}