{
  "US-EIN-06-1597-668-CMI-2": {
    "jass-activities.xml": 2458106.655149471
  },
  "US-EIN-06-1597-668-PU1": {
    "jass-jass-pu-activitydataset.xml": 11231991.309417065
  },
  "US-EIN-06-1597-668-PU1-GL": {
    "jass-jass-pu-activitydataset.xml": 66562.2232540064
  },
  "US-EIN-06-1597-668-PU1-ID": {
    "jass-jass-pu-activitydataset.xml": 37989.306049712046
  },
  "US-EIN-06-1597-668-PU1-KH": {
    "jass-jass-pu-activitydataset.xml": 43750.0
  },
  "US-EIN-06-1597-668-PU1-MM": {
    "jass-jass-pu-activitydataset.xml": 24247.0
  },
  "US-EIN-06-1597-668-PU1-MW": {
    "jass-jass-pu-activitydataset.xml": 30000.0
  },
  "US-EIN-06-1597-668-PU1-SA": {
    "jass-jass-pu-activitydataset.xml": 23250.0
  }
}