{
  "NL-KVK-41217595-FGG": 10620602.539638786,
  "NL-KVK-41217595-FGG3": 555375.7673799981
}