{
  "DE-1-200140616": 93048045.19846985,
  "DE-1-200235143": 1244276.4313725466,
  "DE-1-200266593": 8397768.759191161,
  "DE-1-200266601": 59915881.952863656,
  "DE-1-200270439": 2136830.6470588176,
  "DE-1-200270488": 2654217.4509803904,
  "DE-1-200466326": 52622623.52941192,
  "DE-1-200470567": 3614271.019917125,
  "DE-1-200521989": 3327336.8823529365,
  "DE-1-201028208-0": 1175910.6833333357,
  "DE-1-201328194-0": 1100080.171882356
}