{
  "AU-5-INI127-UG": 1509824.3070705882,
  "AU-5-INI251-UG": 190712.383110352,
  "AU-5-INI384-UG": 4026588.316088826,
  "AU-5-INI473-UG": 163932.17468973578,
  "AU-5-INI592-UG": 48106.71827490674,
  "AU-5-INI595-UG": 65918.88051015703,
  "AU-5-INI648-UG": 1174814.9440687797,
  "AU-5-INI882-UG": 428028.71140071296,
  "AU-5-INI941-UG": 7871718.313340443,
  "AU-5-INI955-UG": 149724.0204366039,
  "AU-5-INI978-UG": 11818128.235139694,
  "AU-5-INJ018-UG": 546601.6366967004,
  "AU-5-INJ024-UG": 2661977.3033757512,
  "AU-5-INJ084-UG": 1604369.0602803642,
  "AU-5-INJ144-UG": 1424190.6145961287,
  "AU-5-INJ211-UG": 447481.55830925785,
  "AU-5-INJ218-UG": 366918.79031916877,
  "AU-5-INJ269-UG": 1498395.6622902942,
  "AU-5-INJ318-UG": 13911279.06238311,
  "AU-5-INJ344-UG": 632317.8004789745,
  "AU-5-INJ429-UG": 31116.548013017105,
  "AU-5-INJ482-UG": 41672.71857274244,
  "AU-5-INJ522-UG": 99211.23737660347,
  "AU-5-INJ540-UG": 3678001.7619594233,
  "AU-5-INJ678-UG": 236.2775384144058,
  "AU-5-INJ931-UG": 3160104.0500373524,
  "AU-5-INJ968-UG": 3919694.9344062316,
  "AU-5-INK001-UG": 4708215.838366065,
  "AU-5-INK048-UG": 3004704.6501506306,
  "AU-5-INK058-UG": 48795.57870558156,
  "AU-5-INK124-UG": 402884.20910594903,
  "AU-5-INK134-UG": 647370.3897464987,
  "AU-5-INK135-UG": 1281087.8519444305,
  "AU-5-INK194-UG": 975.1461861947611,
  "AU-5-INK213-UG": 146348.3548385558,
  "AU-5-INK235-UG": 581121.720309124,
  "AU-5-INK246-UG": 8935.677113884596,
  "AU-5-INK267-UG": 501640.7890301317,
  "AU-5-INK277-UG": 14678.24575419068,
  "AU-5-INK347-UG": 212179.6832595532,
  "AU-5-INK373-UG": 34375.86728493423,
  "AU-5-INK547-UG": 50020.178227306664,
  "AU-5-INK573-UG": 4048786.0850679204,
  "AU-5-INK594-UG": 1035409.9532467542,
  "AU-5-INK624-UG": 5177.049766233771,
  "AU-5-INK680-UG": 72264.50000166526,
  "AU-5-INK757-UG": 204208.378016544,
  "AU-5-INK770-UG": 572968.9489906345,
  "AU-5-INK785-UG": 1000403.5645461334,
  "AU-5-INL021-UG": 20715162.72901378,
  "AU-5-INL062-UG": 4084877.852226013,
  "AU-5-INL144-UG": 227471.29793000576,
  "AU-5-INL149-UG": 4527993.722733767,
  "AU-5-INL400-UG": 78673.95700319394,
  "AU-5-INL406-UG": 395064.4507870231,
  "AU-5-INL420-UG": 4189540.099346897,
  "AU-5-INL471-UG": 225631.2261463194,
  "AU-5-INL495-UG": 3113692.351609163,
  "AU-5-INL630-UG": 172193.36644440892,
  "AU-5-INL673-UG": 468246.9695576332,
  "AU-5-INL689-UG": 90141.79633263129,
  "AU-5-INL832-UG": 74435.4897396336,
  "AU-5-INL860-UG": 17031347.731025115,
  "AU-5-INL889-UG": 1213.3085786372171,
  "AU-5-INL966-UG": 1468.4098622585636,
  "AU-5-INM061-UG": 234301.06411759186,
  "AU-5-INM079-UG": 15958.703622729043,
  "AU-5-INM098-UG": 208563.77842869898,
  "AU-5-INM256-UG": 2915169.467873956,
  "AU-5-INM290-UG": 539.047942069135,
  "AU-5-INM295-UG": 406616.1219870498,
  "AU-5-INM339-UG": 225203.9540317027,
  "AU-5-INM343-UG": 731080.6164683928,
  "AU-5-INM529-UG": 3808009.5378612555,
  "AU-5-INM588-UG": 435791.41578806925,
  "AU-5-INM608-UG": 99633.72748645736,
  "AU-5-O14827-UG": 6041380.712157794,
  "AU-5-O14959-UG": 20708.199064935085,
  "AU-5-O14968-UG": 136674.11382857157,
  "AU-5-O14973-UG": 144957.39345454558,
  "AU-5-O14982-UG": 82389.64079975073,
  "AU-5-O14992-UG": 2145427.394252541,
  "AU-5-O15020-UG": 29432.563330992234,
  "AU-5-O15263-UG": 1453009.0433768525,
  "AU-5-O15601-UG": 122592.84301237855,
  "AU-5-O15904-UG": 147215.9760986001,
  "AU-5-O15919-UG": 162255.2333987363,
  "AU-5-O15924-UG": 559557.0035707353,
  "AU-5-O16831-UG": 43251.836716323145,
  "AU-5-O16832-UG": 90284.22037083685,
  "AU-5-O16833-UG": 31399.99333450878,
  "AU-5-O16840-UG": 54065.24660438559,
  "AU-5-O18836-UG": 368207.60398767894
}