{
  "GB-CHC-1001813-GMAP2LOT1AO": 6707609.469262583,
  "GB-CHC-1001813-GMAP2LOT1KH": 9106694.416773422,
  "GB-CHC-1001813-GMAP2LOT1SO": 3919970.155539639,
  "GB-CHC-1001813-GMAP2LOT1ZW": 13415218.938525166,
  "GB-CHC-1001813-NLAfghanistan2020-2024": 5181153.058823512,
  "GB-CHC-1001813-NLUkraine2020-2024": 5314003.137254884,
  "GB-CHC-1001813-NLWestBank2021-2022": 830312.9901960755,
  "GB-CHC-1001813-RNGAfghanistan": 6166401.97,
  "GB-CHC-1001813-RNGColombia": 1449689.0,
  "GB-CHC-1001813-RNGKosovo": 381604.0,
  "GB-CHC-1001813-RNGMainContract": 39100.0,
  "GB-CHC-1001813-RNGSomalia": 2413661.0,
  "GB-CHC-1001813-RNGSyriaNorth": 1175990.39,
  "GB-CHC-1001813-RNGSyriaSouth": 558087.0,
  "GB-CHC-1001813-RNGUkraine": 781769.0,
  "GB-CHC-1001813-RNGWestBank": 383066.0
}