{
  "DE-1-198865461": 6720087.976941415,
  "DE-1-198966426": 27151870.63737258,
  "DE-1-199065020": 14531722.536224209,
  "DE-1-199070012": 1954812.0105850268,
  "DE-1-199070194": 1500840.1637354032,
  "DE-1-199465626": 18600463.5714639,
  "DE-1-199570151": 1425798.1526132447,
  "DE-1-199666363": 15963118.880824268,
  "DE-1-199765579": 1230939.8127222625,
  "DE-1-199866252": 40143267.74715772,
  "DE-1-199966417": 21653447.9407408,
  "DE-1-200066472": 11615904.164571023,
  "DE-1-200265256": 8281747.017818343,
  "DE-1-200465955": 41789608.92585748,
  "DE-1-200721159": 1050220.8881125266,
  "DE-1-200760132-0": 3960503.8653426943,
  "DE-1-200831677-0": 117415.52897224991,
  "DE-1-200866640": 8161246.248235875,
  "DE-1-200924688": 12703702.70612725,
  "DE-1-201055292-0": 104402.23896514805,
  "DE-1-201167014": 31868495.82133692,
  "DE-1-201198316": 7258696.445256595,
  "DE-1-201198514-0": 768681.668813769,
  "DE-1-201225135": 15303188.072750352,
  "DE-1-201266618": 13281111.627003202,
  "DE-1-201367002": 14659463.960001757,
  "DE-1-201379346-0": 796566.6471465974,
  "DE-1-201415488-0": 31077.80120718749,
  "DE-1-201415587-0": 225778.89765905443,
  "DE-1-201415942-0": 246326.43748498175,
  "DE-1-201424928": 21913834.18455528,
  "DE-1-201430891-0": 265622.232540064,
  "DE-1-201439637-0": 143436.00557163457,
  "DE-1-201465228": 39980790.4020156,
  "DE-1-201468222": 19082397.062023036,
  "DE-1-201532225-0": 86327.2255755208,
  "DE-1-201566876-0": 361341.8602582015,
  "DE-1-201569078": 13274205.44895716,
  "DE-1-201606003-1409": 664054.2532389974,
  "DE-1-201630714-0": 488744.90787371784,
  "DE-1-201668102": 43282820.23404535,
  "DE-1-201706019-2132": 132811.116270032,
  "DE-1-201721893": 21116967.48693509,
  "DE-1-201733062-0": 265622.232540064,
  "DE-1-201765262": 19921667.4405048,
  "DE-1-201765270": 38861280.75891043,
  "DE-1-201765288": 54265324.277706884,
  "DE-1-201768951": 13179114.50922011,
  "DE-1-201806009-3125": 346243.8925606243,
  "DE-1-201822428": 31210612.323457524,
  "DE-1-201830066-0": 332027.79067508003,
  "DE-1-201870013": 13281111.627003202,
  "DE-1-201901628-4242": 77379.35552017156,
  "DE-1-201902113-0": 1705294.7329072112,
  "DE-1-201906015-4112": 425120.4145133963,
  "DE-1-201910041-0": 980544.4714216464,
  "DE-1-201910249-0": 1282158.516470889,
  "DE-1-201910306-0": 1713263.399883413,
  "DE-1-201923333": 14077978.324623393,
  "DE-1-201949320": 41535348.50228981,
  "DE-1-201965052": 159904583.98911855,
  "DE-1-201967199": 13803122.824220229,
  "DE-1-201969112": 105717648.55094549,
  "DE-1-201969336": 16601389.533754002,
  "DE-1-202006005-5111": 74129.52062949039,
  "DE-1-202030310-0": 529916.3539174277,
  "DE-1-202030344-0": 557806.6883341344,
  "DE-1-202032506-0": 349293.2357901842,
  "DE-1-202039931-0": 225778.89765905443,
  "DE-1-202065175": 79686669.7620192,
  "DE-1-202106003-6028": 1712826.4513108847,
  "DE-1-202120475": 1328111.1627003201
}