{
  "GB-1-203055-101": 1176407.4471233943,
  "GB-1-203236-105": 2392660.1880797166,
  "GB-1-203236-108": 1316374.8558867972,
  "GB-GOV-1-300708-119": 229763.3582836213
}