{
  "GB-1-203055-101": 1176600.1528926834,
  "GB-1-203236-105": 2397873.307555766,
  "GB-1-203236-108": 1318073.600063003,
  "GB-GOV-1-300708-119": 212504.76857815756
}