{
  "NL-KVK-41022454-CSOM002.1.22": 1838250.6132939775,
  "NL-KVK-41022454-CSSU002.4.22": 609329.4327799306
}