{
  "DE-1-201310101-0": 3915424.7914117756,
  "DE-1-201806009-3213": 506008.6782349002,
  "DE-1-201910108-0": 3997458.859999986,
  "DE-1-202100709-6182": 507525.82613058644
}