{
  "GB-1-113933-101": 3147369.2288403553,
  "GB-1-200686-101": 2172289.731538529,
  "GB-1-201817-101": 7374577.786678595,
  "GB-1-203031-102": 6387063.781781663,
  "GB-GOV-1-300478-101": 23631712.79598821,
  "GB-GOV-1-300531-113": 6605294.233588782
}