{
  "GB-COH-SC100833-L17-04": 478814.2571142469,
  "GB-COH-SC100833-L17-06": -24.713880001181305,
  "GB-COH-SC100833-L17-19": 658555.7031674784,
  "GB-COH-SC100833-L19-28": 171466.29990139595,
  "GB-COH-SC100833-L20-04": 149844.25809572244,
  "GB-COH-SC100833-L21-15": 40536.33206289761
}