{
  "XM-DAC-6-4-003949-01-3": 62144.85981415844,
  "XM-DAC-6-4-005062-01-3": 149615.08985486408,
  "XM-DAC-6-4-005062-03-5": 25664.16526147429,
  "XM-DAC-6-4-005134-01-0": 1377246.5242668968,
  "XM-DAC-6-4-005284-03-1": 64673.316077684736,
  "XM-DAC-6-4-005619-01-4": 455458.09294707706,
  "XM-DAC-6-4-006309-01-5": 318058.10828767123,
  "XM-DAC-6-4-006384-01-1": 469985.95689281187,
  "XM-DAC-6-4-006909-01-1": 777702.1741122497,
  "XM-DAC-6-4-007058-01-5": 973412.2565943943,
  "XM-DAC-6-4-008275-01-3": 824279.9936406673,
  "XM-DAC-6-4-008870-01-3": 1018843.7802045033,
  "XM-DAC-6-4-009130-01-5": 721945.0488961634,
  "XM-DAC-6-4-009148-01-6": 1153613.771390218,
  "XM-DAC-6-4-009572-02-1": 202153.5506877549,
  "XM-DAC-6-4-011909-01-5": 2641798.843332132,
  "XM-DAC-6-4-012127-05-0": 146766.65554737204
}