{
  "XM-DAC-6-4-000606-01-2": -1138.1381419876664,
  "XM-DAC-6-4-003313-03-0": -4656.517109766846,
  "XM-DAC-6-4-005062-03-5": 64149.581629447595,
  "XM-DAC-6-4-005134-01-0": 2744153.6594282985,
  "XM-DAC-6-4-005284-03-1": 131311.18908592864,
  "XM-DAC-6-4-008275-01-3": 823129.3634729097,
  "XM-DAC-6-4-009572-02-1": 405232.13696823694,
  "XM-DAC-6-4-011909-01-5": 2641024.0587480557,
  "XM-DAC-6-4-012127-05-0": 146723.61194378295
}