{
  "ES-DIR3-E04585801-009-028865": 10022.614940654212,
  "ES-DIR3-E04585801-009-029383": 30067.844821962637,
  "ES-DIR3-E04585801-009-029855": 184217.41656683903,
  "ES-DIR3-E04585801-009-033031": 15033.922410981319,
  "ES-DIR3-E04585801-009-034353": 10022.614940654212,
  "ES-DIR3-E04585801-009-043075": 15590.734352128775,
  "ES-DIR3-E04585801-009-051821": 688.9879283803301,
  "ES-DIR3-E04585801-009-065235": 26199.050472430015,
  "ES-DIR3-E04585801-009-066055": 4753.511466847321,
  "ES-DIR3-E04585801-009-066169": 2920.213328439426,
  "ES-DIR3-E04585801-009-077587": 42483.55451448519,
  "ES-DIR3-E04585801-009-083064": 5138.780835166586,
  "ES-DIR3-E04585801-009-083122": 42499.557206410245,
  "ES-DIR3-E04585801-009-083128": 21249.778603205123,
  "ES-DIR3-E04585801-009-087488": 24331.474620688437,
  "ES-DIR3-E04585801-009-089676": 23753.02908488594,
  "ES-DIR3-E04585801-009-089781": 21249.778603205123,
  "ES-DIR3-E04585801-009-089784": 42501.68218427056,
  "ES-DIR3-E04585801-009-089841": 6314.849831960974,
  "ES-DIR3-E04585801-009-089991": 4068.695109155685,
  "ES-DIR3-E04585801-009-089993": 73950.84983477232,
  "ES-DIR3-E04585801-009-093079": 29576.132477745494
}