{
  "ES-DIR3-E04585801-009-028865": 10022.077821011691,
  "ES-DIR3-E04585801-009-029383": 30066.233463035078,
  "ES-DIR3-E04585801-009-029855": 184207.54421381358,
  "ES-DIR3-E04585801-009-033031": 15033.116731517539,
  "ES-DIR3-E04585801-009-034353": 10022.077821011691,
  "ES-DIR3-E04585801-009-043075": 15589.898832684854,
  "ES-DIR3-E04585801-009-051821": 689.1606435937501,
  "ES-DIR3-E04585801-009-065235": 26209.05482352164,
  "ES-DIR3-E04585801-009-066055": 4755.326639411778,
  "ES-DIR3-E04585801-009-066169": 2921.3284390588315,
  "ES-DIR3-E04585801-009-077587": 42499.77725490208,
  "ES-DIR3-E04585801-009-083064": 5140.2883746980215,
  "ES-DIR3-E04585801-009-083122": 42512.02509803907,
  "ES-DIR3-E04585801-009-083128": 21256.012549019535,
  "ES-DIR3-E04585801-009-087488": 24338.61262890972,
  "ES-DIR3-E04585801-009-089676": 23759.997397309722,
  "ES-DIR3-E04585801-009-089781": 21256.012549019535,
  "ES-DIR3-E04585801-009-089784": 42514.15069929397,
  "ES-DIR3-E04585801-009-089841": 6316.702389223507,
  "ES-DIR3-E04585801-009-089991": 4069.88872276077,
  "ES-DIR3-E04585801-009-089993": 73972.54444154484,
  "ES-DIR3-E04585801-009-093079": 29584.80908613323
}