{
  "GB-CHC-288701-203559-216": 8158937.500897351,
  "GB-CHC-288701-FWP0001-Q4-2017": 2481476.2059346125,
  "GB-CHC-288701-FWP0002-Q4-2017": 667049.0399278844,
  "GB-CHC-288701-FWP0003-Q4-2017": 26018.772865243678,
  "GB-CHC-288701-FWP0004-Q2-2018": 537718.0106977025
}