{
  "46002-P-KM-AA0-002": 1435350.300178531,
  "46002-P-KM-AA0-005": 1261857.7476371399,
  "46002-P-KM-AA0-006": 1988574.3855284709,
  "46002-P-KM-AAF-002": 4796466.571486376,
  "46002-P-KM-D00-002": 23307206.541947402,
  "46002-P-KM-DB0-001": 5431223.645461767,
  "46002-P-KM-DB0-002": 7048495.262641712,
  "46002-P-KM-DB0-003": 9456555.917982856,
  "46002-P-KM-DB0-004": 89800645.76631546,
  "46002-P-KM-DB0-005": 47911188.8486012,
  "46002-P-KM-DD0-001": 18982699.708444804,
  "46002-P-KM-EA0-001": 29642602.008802287,
  "46002-P-KM-F00-001": 4342305.258506588,
  "46002-P-KM-F00-002": 10630571.561861398,
  "46002-P-KM-FA0-001": 37956332.43439851,
  "46002-P-KM-IA0-001": 5797940.484247201,
  "46002-P-KM-IB0-001": 2023271.2950740743,
  "46002-P-KM-K00-002": 11859435.16813213,
  "46002-P-KM-K00-003": 6123241.080535811,
  "46002-P-KM-K00-006": 12156264.821335942,
  "46002-P-KM-K00-008": 3410999.922011483,
  "46002-P-KM-K00-009": 45585993.08000978,
  "46002-P-KM-KA0-001": 6094924.606572834,
  "46002-P-KM-KA0-002": 17542604.365225956,
  "46002-P-KM-KF0-001": 15604678.515438957,
  "46002-P-KM-KF0-003": 1773574.4218909044,
  "46002-P-KM-KF0-007": 554459.3035939675,
  "46002-P-KM-KF0-010": 1548627.3446631301
}