{
  "null": 123610.10725331266,
  "9L080403": 153720.26158424778,
  "9L083222": 50711.83887315391,
  "9Z136500": 95084.69788716358,
  "9Z139700": 76067.75830973087,
  "9Z206200": 31694.899295721192,
  "9Z206700": 156889.7515138199,
  "BT087000": 180660.9259856108,
  "CA201700": 64974.54355622845,
  "CO088111": 884287.6903506212,
  "CO088112": 77652.50327451692,
  "CO088120": 80821.99320408904,
  "MX087501": 163228.73137296413,
  "RW000600": 164813.4763377502
}