{
  "XM-OCHA-CBPF-JOR-16/DDA-3560/CFP416/BN/INGO/2790": 800000.0,
  "XM-OCHA-CBPF-JOR-16/DDA-3560/CFP416/BN/INGO/2806": 799996.5700000001,
  "XM-OCHA-CBPF-JOR-16/DDA-3560/CFP416/BN/INGO/2853": 800000.02,
  "XM-OCHA-CBPF-JOR-16/DDA-3560/CFP416/BN/INGO/2896": 800000.0,
  "XM-OCHA-CBPF-JOR-16/DDA-3560/CFP416/H/INGO/2833": 800000.0,
  "XM-OCHA-CBPF-JOR-16/DDA-3560/CFP416/H/NGO/2836": 799860.5,
  "XM-OCHA-CBPF-JOR-16/DDA-3560/CFP416/H/NGO/2884": 799956.56,
  "XM-OCHA-CBPF-JOR-16/DDA-3560/CFP416/P-H/INGO/2897": 762223.06,
  "XM-OCHA-CBPF-JOR-16/DDA-3560/CFP416/SRP-Food/INGO/2838": 768002.58,
  "XM-OCHA-CBPF-JOR-16/DDA-3560/CFP416/SRP-H/NGO/2854": 635422.63,
  "XM-OCHA-CBPF-JOR-16/DDA-3560/CFP416/SRP-H/NGO/2901": 756394.26,
  "XM-OCHA-CBPF-JOR-16/DDA-3560/CFP416/SRP-N/NGO/2861": 227262.44,
  "XM-OCHA-CBPF-JOR-16/DDA-3560/CFP416/Sh./INGO/2791": 766180.77,
  "XM-OCHA-CBPF-JOR-16/DDA-3560/CFP416/Sh./INGO/2815": 799994.14,
  "XM-OCHA-CBPF-JOR-16/DDA-3560/CFP416/Sh./INGO/2875": 797765.21,
  "XM-OCHA-CBPF-JOR-16/DDA-3560/CFP916/BN-P/INGO/3970": 799854.2799999999,
  "XM-OCHA-CBPF-JOR-16/DDA-3560/CFP916/BN-Sh./INGO/3981": 598126.32,
  "XM-OCHA-CBPF-JOR-16/DDA-3560/CFP916/BN/INGO/3978": 778939.99,
  "XM-OCHA-CBPF-JOR-16/DDA-3560/CFP916/BN/INGO/4008": 799988.04,
  "XM-OCHA-CBPF-JOR-16/DDA-3560/CFP916/BN/INGO/4010": 799952.04,
  "XM-OCHA-CBPF-JOR-16/DDA-3560/CFP916/BN/INGO/4130": 799208.0800000001,
  "XM-OCHA-CBPF-JOR-16/DDA-3560/CFP916/H/NGO/4059": 755339.54,
  "XM-OCHA-CBPF-JOR-16/DDA-3560/CFP916/H/NGO/4136": 799865.66,
  "XM-OCHA-CBPF-JOR-16/DDA-3560/CFP916/P-BN/INGO/4039": 800000.48,
  "XM-OCHA-CBPF-JOR-16/DDA-3560/CFP916/P/NGO/4044": 699998.76,
  "XM-OCHA-CBPF-JOR-16/DDA-3560/CFP916/SRP NFI /INGO/4054": 799465.48,
  "XM-OCHA-CBPF-JOR-16/DDA-3560/CFP916/SRP NFI /INGO/4134": 799728.2300000001,
  "XM-OCHA-CBPF-JOR-16/DDA-3560/CFP916/SRP NFI /NGO/4185": 591409.62,
  "XM-OCHA-CBPF-JOR-16/DDA-3560/CFP916/SRP Pro/INGO/4124": 512508.19,
  "XM-OCHA-CBPF-JOR-16/DDA-3560/CFP916/SRP-H/INGO/4175": 752727.46,
  "XM-OCHA-CBPF-JOR-16/DDA-3560/CFP916/SRP-N/NGO/4123": 357621.82,
  "XM-OCHA-CBPF-JOR-16/DDA-3560/CFP916/WASH/INGO/4009": 760219.1,
  "XM-OCHA-CBPF-JOR-16/DDA-3560/Reserve16/SRP-H/NGO/2555": 310272.43999999994
}