{
  "FR-3-CZZ142901": 2584751.9907619464,
  "FR-3-CZZ143101": 27593082.269011606,
  "FR-3-CZZ167701": 2909646.879556897,
  "FR-3-CZZ167702": 1992166.7440504802,
  "FR-3-CZZ167703": 531244.465080128,
  "FR-3-CZZ173601": 7660865.261245658,
  "FR-3-CZZ180402": 5311944.566678623,
  "FR-3-CZZ180403": 5312444.6508012805,
  "FR-3-CZZ180404": 9562400.371442305,
  "FR-3-CZZ180901": 7171450.219695869,
  "FR-3-CZZ182201": 1727795.4915997556,
  "FR-3-CZZ184601": 3984333.4881009604,
  "FR-3-CZZ184801": 16007262.006651241,
  "FR-3-CZZ184802": 5308460.317313179,
  "FR-3-CZZ184803": 372009.2491170105,
  "FR-3-CZZ184804": 10564882.968201673,
  "FR-3-CZZ191003": 300153.12277027237,
  "FR-3-CZZ191004": 1296562.811708188,
  "FR-3-CZZ191008": 452389.19290595927,
  "FR-3-CZZ191015": 981819.4581378386,
  "FR-3-CZZ191016": 824389.0389959378,
  "FR-3-CZZ191017": 793015.1752483612,
  "FR-3-CZZ191018": 763929.5407852242,
  "FR-3-CZZ192601": 74078582.99769844,
  "FR-3-CZZ195601": 1682504.0133274829,
  "FR-3-CZZ195602": 970446.5633482917,
  "FR-3-CZZ196402": 2200759.298895281,
  "FR-3-CZZ196403": 299327.91418044013,
  "FR-3-CZZ196406": 396426.2806588001,
  "FR-3-CZZ196407": 432599.40690391057,
  "FR-3-CZZ196408": 697539.1496796863,
  "FR-3-CZZ196410": 694878.4117763324,
  "FR-3-CZZ196414": 313548.0269616957,
  "FR-3-CZZ196415": 383359.2871134474,
  "FR-3-CZZ196416": 811829.729223639,
  "FR-3-CZZ196417": 348534.432758487,
  "FR-3-CZZ196418": 697045.862631636,
  "FR-3-CZZ196419": 298357.5164783015,
  "FR-3-CZZ196423": 321758.83516508114,
  "FR-3-CZZ196424": 607586.9509344678,
  "FR-3-CZZ196428": 1147881.2451639057,
  "FR-3-CZZ196430": 185789.21820902688,
  "FR-3-CZZ196431": 900626.7103173173,
  "FR-3-CZZ202501": 4515577.953181089,
  "FR-3-CZZ203001": 11288944.882952722,
  "FR-3-CZZ207101": 1514357.5034904368,
  "FR-3-CZZ211301": 1539280.837569671,
  "FR-3-CZZ213101": 3769251.1977462946,
  "FR-3-CZZ213201": 15932524.861883704,
  "FR-3-CZZ213202": 5231718.069998867,
  "FR-3-CZZ214502": 5843689.115881409,
  "FR-3-CZZ214601": 9960833.7202524,
  "FR-3-CZZ214602": 5312444.6508012805,
  "FR-3-CZZ215901": 16894856.971493464,
  "FR-3-CZZ215902": 5312444.6508012805,
  "FR-3-CZZ215903": 13193339.044611538,
  "FR-3-CZZ216401": 23906000.92860576,
  "FR-3-CZZ216701": 21522041.391558688,
  "FR-3-CZZ218601": 11006767.744769597,
  "FR-3-CZZ218602": 67309159.81433778,
  "FR-3-CZZ218603": 1389042.2466226853,
  "FR-3-CZZ219801": 4066321.110452358,
  "FR-3-CZZ220001": 2656222.3254006403,
  "FR-3-CZZ220202": 3320277.9067508,
  "FR-3-CZZ220601": 12594478.155887136,
  "FR-3-CZZ221101": 3187466.7904807683,
  "FR-3-CZZ221801": 3274183.1526269605,
  "FR-3-CZZ222601": 4339781.801950233,
  "FR-3-CZZ224001": 5312444.6508012805,
  "FR-3-CZZ224002": 796866.6976201921,
  "FR-3-CZZ225501": 5833486.804989554,
  "FR-3-CZZ225601": 6640555.8135016,
  "FR-3-CZZ225701": 2656222.3254006403,
  "FR-3-CZZ225702": 4781200.185721152,
  "FR-3-CZZ225703": 3851522.3718309286,
  "FR-3-CZZ226001": 4648389.069451121,
  "FR-3-CZZ226201": 3085368.1253181766,
  "FR-3-CZZ226202": 1328111.1627003201,
  "FR-3-CZZ226401": 11288944.882952722,
  "FR-3-CZZ228301": 9552782.881019834,
  "FR-3-CZZ228401": 2490208.4300631005,
  "FR-3-CZZ228701": 7968666.976201921,
  "FR-3-CZZ228902": 1327832.259356153,
  "FR-3-CZZ228903": 1324647.4487879977,
  "FR-3-CZZ228906": 818459.872645625,
  "FR-3-CZZ228910": 294792.86611761386,
  "FR-3-CZZ228913": 775165.3612216688,
  "FR-3-CZZ228920": 610931.1348421472,
  "FR-3-CZZ229101": 3320277.9067508,
  "FR-3-CZZ229401": 2656222.3254006403,
  "FR-3-CZZ229701": 4210112.385760015,
  "FR-3-CZZ230201": 2656222.3254006403,
  "FR-3-CZZ232101": 3984333.4881009604,
  "FR-3-CZZ232102": 5046822.418261217,
  "FR-3-CZZ232103": 4249955.720641024,
  "FR-3-CZZ232104": 1613655.062680889,
  "FR-3-CZZ232201": 5976500.23215144,
  "FR-3-CZZ232202": 5976500.23215144,
  "FR-3-CZZ232203": 5976500.23215144,
  "FR-3-CZZ232204": 3984333.4881009604,
  "FR-3-CZZ232206": 7171800.278581729,
  "FR-3-CZZ232207": 41008573.13127217,
  "FR-3-CZZ232208": 1195300.046430288,
  "FR-3-CZZ232210": 6640555.813501601,
  "FR-3-CZZ233601": 464838.90694511204,
  "FR-3-CZZ234402": 3984333.4881009604,
  "FR-3-CZZ234901": 7580211.726557191,
  "FR-3-CZZ234902": 8495731.87545303,
  "FR-3-CZZ235103": 763663.9185526841,
  "FR-3-CZZ236101": 20452911.90558493,
  "FR-3-CZZ236102": 2656222.3254006403,
  "FR-3-CZZ237101": 25927617.20957796,
  "FR-3-CZZ237902": 3785116.8136959122,
  "FR-3-CZZ238201": 5046822.418261216,
  "FR-3-CZZ239101": 5312444.6508012805,
  "FR-3-CZZ239102": 7968666.976201921,
  "FR-3-CZZ239104": 2390600.092860576,
  "FR-3-CZZ240701": 1412725.2311248505,
  "FR-3-CZZ241501": 3984333.4881009604,
  "FR-3-CZZ241502": 1328111.1627003201,
  "FR-3-CZZ242201": 7457323.287373709,
  "FR-3-CZZ242801": 9520839.204459012,
  "FR-3-CZZ245301": 8366570.4086581,
  "FR-3-CZZ245302": 10946822.119329955,
  "FR-3-CZZ246101": 626337.224329471,
  "FR-3-CZZ248201": 3785116.8136959122,
  "FR-3-CZZ248402": 371047.6966352154,
  "FR-3-CZZ248404": 478120.0185721153,
  "FR-3-CZZ248407": 318746.67904807685,
  "FR-3-CZZ248412": 597650.023215144,
  "FR-3-CZZ248414": 451557.79531810887,
  "FR-3-CZZ248901": 18593556.277804483,
  "FR-3-CZZ249201": 2257788.9765905445,
  "FR-3-CZZ249202": 2828554.6299080574,
  "FR-3-CZZ249901": 9642962.266460543,
  "FR-3-CZZ250801": 13281111.6270032,
  "FR-3-CZZ251202": 679878.8571159112,
  "FR-3-CZZ252901": 6640555.813501601,
  "FR-3-CZZ253001": 11620972.673627801,
  "FR-3-CZZ253401": 6640555.813501601,
  "FR-3-CZZ253802": 1394516.7208353363,
  "FR-3-CZZ255401": 5976500.23215144,
  "FR-3-CZZ256801": 427651.7943895031,
  "FR-3-CZZ257801": 4982460.677113368,
  "FR-3-CZZ257901": 8234289.208741985,
  "FR-3-CZZ258101": 6481191.770755701,
  "FR-3-CZZ259301": 8632722.55755208,
  "FR-3-CZZ259401": 3225481.3162907395,
  "FR-3-CZZ261301": 3984333.4881009604,
  "FR-3-CZZ261303": 14609222.789703522,
  "FR-3-CZZ261401": 11687378.231762817,
  "FR-3-CZZ262101": 2988250.11607572,
  "FR-3-CZZ262201": 2775752.330043669,
  "FR-3-CZZ263901": 1378579.3868829324,
  "FR-3-CZZ264601": 3303801.35966634,
  "FR-3-CZZ266001": 1527460.6482216383,
  "FR-3-CZZ266002": 1064736.094247545,
  "FR-3-CZZ266201": 2330411.622294835,
  "FR-3-CZZ266302": 1062488.930160256,
  "FR-3-CZZ266401": 4044539.4233284914,
  "FR-3-CZZ268401": 4026537.2749514375,
  "FR-3-CZZ268402": 11482098.663494484,
  "FR-3-CZZ268403": 2565103.8192756735,
  "FR-3-CZZ268501": 19855261.882369787,
  "FR-3-CZZ268502": 6042905.790286457,
  "FR-3-CZZ269601": 1405752.5412717809,
  "FR-3-CZZ269701": 723695.7412223807,
  "FR-3-CZZ270101": 1880479.2358231968,
  "FR-3-CZZ272301": 2984265.782587619,
  "FR-3-CZZ272501": 4334319.997918075,
  "FR-3-CZZ272601": 3033913.2340716827,
  "FR-3-CZZ274301": 5408251.933856156,
  "FR-3-CZZ274401": 964264.4847892658,
  "FR-3-CZZ276801": 5312444.6508012805,
  "FR-3-CZZ277401": 1328111.1627003201,
  "FR-3-CZZ278701": 2004520.8340859187,
  "FR-3-CZZ280101": 4163628.4950655038,
  "FR-3-CZZ280701": 2880619.9874504865,
  "FR-3-CZZ281101": 5976500.23215144,
  "FR-3-CZZ281301": 402417.682298197,
  "FR-3-CZZ281501": 1925761.185915464,
  "FR-3-CZZ282101": 850325.8281412054,
  "FR-3-CZZ283101": 1497578.147060881,
  "FR-3-CZZ283201": 796866.6976201921,
  "FR-3-CZZ283401": 1950818.6592221311,
  "FR-3-CZZ283601": 2213517.719093092,
  "FR-3-CZZ284101": 1354353.3111641158,
  "FR-3-CZZ284901": 3453089.023020833,
  "FR-3-CZZ285201": 503073.8992080916,
  "FR-3-CZZ285301": 4137066.2718114974,
  "FR-3-CZZ285701": 5179633.534531249,
  "FR-3-CZZ286001": 4914011.301991184,
  "FR-3-CZZ286101": 4316483.465003009,
  "FR-3-CZZ286201": 1221862.2696842945,
  "FR-3-CZZ286301": 1517173.0991553615,
  "FR-3-CZZ288801": 913076.4243564701,
  "FR-3-CZZ289201": 3984333.4881009604,
  "FR-3-CZZ289801": 6374933.580961538,
  "FR-3-CZZ290001": 4908070.660760426,
  "FR-3-CZZ290701": 1489722.3695335086,
  "FR-3-CZZ290801": 1792950.069645432,
  "FR-3-CZZ291602": 5312444.6508012805,
  "FR-3-CZZ292001": 6640555.813501601,