{
  "XI-IATI-EC_NEAR-2008/20305/0": 10798221.819119163,
  "XI-IATI-EC_NEAR-2008/20307/0": 2568471.3535915217
}