{
  "US-18-LS2-2750BX69GD-PGM ADMIN-0017": 3644477.09,
  "US-18-LS2-2750BX69GD-PGM DEVEL-0103": 10955423.82,
  "US-18-LS2-2750BXCOMD-BUS ENV-0072": 2000000.0,
  "US-18-LS2-2750BXCOMD-BUS ENV-0150": 1000000.0,
  "US-18-LS2-2750BXCOMD-BUS ENV-0525": 1500000.0,
  "US-18-LS2-2750BXCOMD-HEALTH SEC-0521": 879000.0,
  "US-18-LS2-2750BXCOMD-HEALTH SEC-0522": 931000.0,
  "US-18-LS2-2750BXCOMD-HEALTH SEC-0523": 289000.0,
  "US-18-LS2-2750BXCOMD-MDIH-0090": 3025000.0,
  "US-18-LS2-2750BXCOMD-MDIH-0134": 5962000.0,
  "US-18-LS2-2750BXCOMD-MDIH-0524": 4890000.0,
  "US-18-LS2-2750BXCOMD-MON & EVAL-0016": 200000.0,
  "US-18-LS2-2750BXCOMD-PGM ADMIN-0017": 7686000.0,
  "US-18-LS2-2750BXCOMD-PGM ADMIN-0021": 900000.0,
  "US-18-LS2-2750BXCOMD-PGM ADMIN-0031": 100000.0,
  "US-18-LS2-2750BXCOMD-PGM ADMIN-0131": 900000.0,
  "US-18-LS2-2750BXDILD-AGRI-NA": 1483621.14,
  "US-18-LS2-2750BXDILD-ASSMT-NA": 18019.76,
  "US-18-LS2-2750BXDILD-BASEWK-NA": 96750.0,
  "US-18-LS2-2750BXDILD-CORP FUNCT-NA": 8270.960000000001,
  "US-18-LS2-2750BXDILD-ECON ANLS-NA": 44446.5,
  "US-18-LS2-2750BXDILD-ENVML ASMT-NA": 353785.55,
  "US-18-LS2-2750BXDILD-FIN SECTOR-NA": 434803.0,
  "US-18-LS2-2750BXDILD-GENDER-NA": 2119048.77,
  "US-18-LS2-2750BXDILD-HEALTH SEC-NA": 2735619.0500000003,
  "US-18-LS2-2750BXDILD-HUMAN CAP-NA": 2225705.92,
  "US-18-LS2-2750BXDILD-MON & EVAL-0016": 242306.34,
  "US-18-LS2-2750BXDILD-NA-NA": 206750.83,
  "US-18-LS2-2750BXDILD-PCMT ADMIN-NA": 1257207.21,
  "US-18-LS2-2750BXDILD-PGM DEVEL-NA": 1079590.45,
  "US-18-LS2-2750BXDILD-WATER SAN-NA": 2691560.96,
  "US-18-LSO-2750BX69GD-CAP BLDING-0034": 195708.0,
  "US-18-LSO-2750BX69GD-CIVIL LEGL-0033": 99650.0,
  "US-18-LSO-2750BX69GD-GENDER MAI-0142": 67721.90000000001,
  "US-18-LSO-2750BX69GD-LAND TNRE-0032": 1535154.0,
  "US-18-LSO-2750BX69GD-LANDADMN-0141": 19408.02,
  "US-18-LSO-2750BX69GD-PCMT ADMIN-0035": 8205.58,
  "US-18-LSO-2750BX69GD-WETLANDS-0143": 146000.0,
  "US-18-LSO-2750BXCOMD-HEALTH SEC-0166": 184439156.68,
  "US-18-LSO-2750BXCOMD-HEALTH SEC-0167": 26075491.26,
  "US-18-LSO-2750BXCOMD-HEALTH SEC-0168": 6760460.72,
  "US-18-LSO-2750BXCOMD-HEALTH SEC-0169": 4829190.0,
  "US-18-LSO-2750BXCOMD-HEALTH SEC-0170": 9082568.88,
  "US-18-LSO-2750BXCOMD-HEALTH SEC-0171": 21443075.48,
  "US-18-LSO-2750BXCOMD-HEALTH SEC-0172": 6806205.3,
  "US-18-LSO-2750BXCOMD-HEALTH SEC-0173": 27864241.84,
  "US-18-LSO-2750BXCOMD-MON & EVAL-0016": 11001456.4,
  "US-18-LSO-2750BXCOMD-NA-NA": -5.4569682107e-11,
  "US-18-LSO-2750BXCOMD-PGM ADMIN-0017": 37792996.04,
  "US-18-LSO-2750BXCOMD-PGM ADMIN-0021": 13234056.84,
  "US-18-LSO-2750BXCOMD-PGM ADMIN-0031": 2568157.1,
  "US-18-LSO-2750BXCOMD-PGM ADMIN-0131": 14918510.66,
  "US-18-LSO-2750BXCOMD-PGM ADMIN-0181": 1324128.78,
  "US-18-LSO-2750BXCOMD-PS DEVEL-0174": 5789150.4,
  "US-18-LSO-2750BXCOMD-PS DEVEL-0175": 1610393.28,
  "US-18-LSO-2750BXCOMD-PS DEVEL-0176": 35823532.6,
  "US-18-LSO-2750BXCOMD-PS DEVEL-0177": 2941482.06,
  "US-18-LSO-2750BXCOMD-PS DEVEL-0178": 2160307.0,
  "US-18-LSO-2750BXCOMD-WTR SECTOR-0069": 80253591.6,
  "US-18-LSO-2750BXCOMD-WTR SECTOR-0161": 113786093.74000001,
  "US-18-LSO-2750BXCOMD-WTR SECTOR-0162": 26053070.0,
  "US-18-LSO-2750BXCOMD-WTR SECTOR-0163": 66692945.96,
  "US-18-LSO-2750BXCOMD-WTR SECTOR-0164": 4670098.2,
  "US-18-LSO-2750BXCOMD-WTR SECTOR-0165": 8171423.54,
  "US-18-LSO-2750BXDILD-AGRI-NA": 24820.38,
  "US-18-LSO-2750BXDILD-AGRI-SIGN": 363220.44,
  "US-18-LSO-2750BXDILD-AUDIT-NA": 102346.88,
  "US-18-LSO-2750BXDILD-EDU-NA": 176025.88,
  "US-18-LSO-2750BXDILD-ENVML ASMT-EIF": 64531.659999999996,
  "US-18-LSO-2750BXDILD-ENVML ASMT-NA": 1181944.42,
  "US-18-LSO-2750BXDILD-ENVML ASMT-SIGN": 411281.4,
  "US-18-LSO-2750BXDILD-FIN ACCY-NA": 262831.52,
  "US-18-LSO-2750BXDILD-FIN SECTOR-EIF": 351312.60000000003,
  "US-18-LSO-2750BXDILD-FIN SECTOR-NA": 852452.2799999999,
  "US-18-LSO-2750BXDILD-FIN SECTOR-SIGN": 57357.6,
  "US-18-LSO-2750BXDILD-GENDER-NA": 122678.74,
  "US-18-LSO-2750BXDILD-HEALTH PRJ-NA": 15287.820000000003,
  "US-18-LSO-2750BXDILD-HEALTH SEC-EIF": 160588.62,
  "US-18-LSO-2750BXDILD-HEALTH SEC-NA": 491044.76,
  "US-18-LSO-2750BXDILD-HEALTH SEC-SIGN": 103003.38,
  "US-18-LSO-2750BXDILD-INFRSTRE-EIF": 3182519.74,
  "US-18-LSO-2750BXDILD-INFRSTRE-NA": 9253704.14,
  "US-18-LSO-2750BXDILD-INFRSTRE-SIGN": 3286197.7,
  "US-18-LSO-2750BXDILD-LAND TNRE-NA": 83886.16,
  "US-18-LSO-2750BXDILD-LAND TNRE-SIGN": 138191.92,
  "US-18-LSO-2750BXDILD-LEGAL REG-NA": 636395.2,
  "US-18-LSO-2750BXDILD-LEGAL REG-SIGN": 341358.98,
  "US-18-LSO-2750BXDILD-MON & EVAL-0016": 3276352.89,
  "US-18-LSO-2750BXDILD-MON & EVAL-EIF": 2867803.38,
  "US-18-LSO-2750BXDILD-MON & EVAL-NA": 2482804.83,
  "US-18-LSO-2750BXDILD-MON & EVAL-SIGN": 1805128.22,
  "US-18-LSO-2750BXDILD-MON EVAL-0016": 1749896.94,
  "US-18-LSO-2750BXDILD-NA-NA": 83172.04,
  "US-18-LSO-2750BXDILD-PCMT ADMIN-NA": 100851.62,
  "US-18-LSO-2750BXDILD-PGM DEVEL-NA": 627947.76
}