{
  "XM-DAC-6-4-005696-02-5": 1307543.3692791236,
  "XM-DAC-6-4-006080-01-2": 17582.49568666312,
  "XM-DAC-6-4-006269-02-3": 136368.50306417994,
  "XM-DAC-6-4-006269-04-5": 306150.94867912075,
  "XM-DAC-6-4-007279-01-6": 2018351.9436043496,
  "XM-DAC-6-4-008877-01-3": 4620082.537876144
}