{
  "FR-3-CGE100304": 341324.5688139823,
  "FR-3-CGE100305": 7912843.369534618
}