{
  "NZ-1-ACT-0101144": 605359.0686613405,
  "NZ-1-ACT-0101161": 369487.0447695168,
  "NZ-1-ACT-0101588": 125405.5249841001
}