{
  "XI-IATI-EC_FPI-2016/382-889": 179347.6058823523,
  "XI-IATI-EC_FPI-2019/413-852": 172165.99634250923,
  "XI-IATI-EC_FPI-2021/428-535": 95495.29337803888,
  "XI-IATI-EC_FPI-2022/44539/2": 1328500.784313721,
  "XI-IATI-EC_FPI-2022/44539/4": 5314003.137254884,
  "XI-IATI-EC_FPI-2022/44539/5": 19927511.764705814
}