{
  "genderatwork": {
    "CA_ON-ONT-1783682-PU1-IN": 509343.40732495795,
    "CA_ON-ONT-1783682-PU1-MENA": 735754.4858974578,
    "CA_ON-ONT-1783682-PU1-SA": 817914.8822300109
  }
}