{
  "HK-CR-1494242-SSEA-P1913": {
    "solidaridad-ssea-activities.xml": 2288138.0118596
  },
  "HK-CR-1494242-SSEA-P1966": {
    "solidaridad-ssea-activities.xml": 563645.684762351
  }
}