{
  "GB-CHC-1046001-6X7Y-TWGZ-YP": {
    "ddp-activities.xml": 339192.3352997331,
    "ddp-activityfile1.xml": 339192.3352997331
  },
  "GB-CHC-1046001-GPAF-INN-045": {
    "ddp-activities.xml": 313852.96347164194,
    "ddp-activityfile1.xml": 313852.96347164194
  },
  "GB-CHC-1046001-UKAD-INN-078": {
    "ddp-activities.xml": 323811.81684019795,
    "ddp-activityfile1.xml": 323811.81684019795
  }
}