{
  "NL-KVK-41078390-SP": 5959459.228816058,
  "NL-KVK-41078390-SP-BO": 2205986.180359208,
  "NL-KVK-41078390-SP-DA": 2977156.9726392054,
  "NL-KVK-41078390-SP-IP": 528743.312156861,
  "NL-KVK-41078390-SP-KE": 1164028.4017133294,
  "NL-KVK-41078390-SP-LA": 1717715.6445964647,
  "NL-KVK-41078390-SP-PY": 197651.68968862676,
  "NL-KVK-41078390-SP-SN": 530736.0633333315,
  "NL-KVK-41078390-SP-TZ": 507305.2950003904,
  "NL-KVK-41078390-SP-ZW": 2272785.8567960705
}