{
  "GB-CHC-202918-NGAA53": 3126.512484610661,
  "GB-CHC-202918-NGAA72": 2473001.9318136475,
  "GB-CHC-202918-NGAA82": 38306.51400183102,
  "GB-CHC-202918-NGAA86": 202952.54091522098,
  "GB-CHC-202918-NGAA87": 15441505.082449213,
  "GB-CHC-202918-NGAA88": 5256622.702858302,
  "GB-CHC-202918-NGAA89": 505810.7440241774
}