{
  "XM-DAC-41108-1100000332": 10113657.639955506,
  "XM-DAC-41108-1100001161": 28959398.34045692,
  "XM-DAC-41108-1100001500": 6324909.996078936
}