{
  "ES-DIR3-E04585801-009-004605": 301130.16190688225,
  "ES-DIR3-E04585801-009-028515": 13363.48658753895,
  "ES-DIR3-E04585801-009-029501": 25613.237930394753,
  "ES-DIR3-E04585801-009-030191": 6570.380905539983,
  "ES-DIR3-E04585801-009-032297": 203880.6177753262,
  "ES-DIR3-E04585801-009-032585": 21884.546766500815,
  "ES-DIR3-E04585801-009-033629": 13363.48658753895,
  "ES-DIR3-E04585801-009-033847": 30301.67799664751,
  "ES-DIR3-E04585801-009-036941": 10022.614940654212,
  "ES-DIR3-E04585801-009-038275": 11136.238822949124,
  "ES-DIR3-E04585801-009-038791": 7017.765379953436,
  "ES-DIR3-E04585801-009-040005": 30067.844821962637,
  "ES-DIR3-E04585801-009-040593": 30067.844821962637,
  "ES-DIR3-E04585801-009-049495": 27554.267152653403,
  "ES-DIR3-E04585801-009-049931": 517.2161989576949,
  "ES-DIR3-E04585801-009-053199": 81479.03934971632,
  "ES-DIR3-E04585801-009-066055": 4753.511466847321,
  "ES-DIR3-E04585801-009-066169": 497.05758781947674,
  "ES-DIR3-E04585801-009-066777": 3305.751585658379,
  "ES-DIR3-E04585801-009-066779": 3305.751585658379,
  "ES-DIR3-E04585801-009-068017": 195915.3810001546,
  "ES-DIR3-E04585801-009-077611": 63725.33177172779,
  "ES-DIR3-E04585801-009-077729": 4780.621285071876,
  "ES-DIR3-E04585801-009-077731": 8032.047025394857,
  "ES-DIR3-E04585801-009-087503": 55706.241483855716,
  "ES-DIR3-E04585801-009-087963": 5777.283557746393,
  "ES-DIR3-E04585801-009-089676": 1827.1622131965923,
  "ES-DIR3-E04585801-009-089760": 4516.693566557757,
  "ES-DIR3-E04585801-009-089991": 312.98267660195745,
  "ES-DIR3-E04585801-009-093103": 92882.22446792126,
  "ES-DIR3-E04585801-009-093251": 9642.087041204324,
  "ES-DIR3-E04585801-009-093287": 13281.111627003202
}