{
  "XI-IATI-EC_NEAR-2005/089-909": 291108.97025335033,
  "XI-IATI-EC_NEAR-2005/104-875": 47005.46997477681,
  "XI-IATI-EC_NEAR-2005/104-970": 20779.341139153115,
  "XI-IATI-EC_NEAR-2005/105-145": 20553.61538988326,
  "XI-IATI-EC_NEAR-2005/105-352": 37667.9647058823,
  "XI-IATI-EC_NEAR-2005/106-191": 37391.75947814143,
  "XI-IATI-EC_NEAR-2005/106-324": 34921.53202069437,
  "XI-IATI-EC_NEAR-2005/106-864": 28342.953684431202,
  "XI-IATI-EC_NEAR-2005/106-865": 35326.29941343555,
  "XI-IATI-EC_NEAR-2005/106-912": 32717.78954337375,
  "XI-IATI-EC_NEAR-2005/107-002": 37175.79648049437,
  "XI-IATI-EC_NEAR-2005/107-127": 9952.722178988322,
  "XI-IATI-EC_NEAR-2005/108-291": 31020.65842565345,
  "XI-IATI-EC_NEAR-2005/108-774": 33763.07887814143,
  "XI-IATI-EC_NEAR-2005/111-203": 17272.285047450965,
  "XI-IATI-EC_NEAR-2005/112-792": 2133.2624011764674,
  "XI-IATI-EC_NEAR-2006/117-853": 37237.559441960766,
  "XI-IATI-EC_NEAR-2006/117-883": 30134.37176470584,
  "XI-IATI-EC_NEAR-2006/117-923": 25209.608363694824,
  "XI-IATI-EC_NEAR-2006/118-305": 11891.057964843749,
  "XI-IATI-EC_NEAR-2006/118-309": 38134.13987999606,
  "XI-IATI-EC_NEAR-2006/118-310": 35213.26900588231,
  "XI-IATI-EC_NEAR-2006/118-319": 31791.03752117646,
  "XI-IATI-EC_NEAR-2006/118-323": 14303.781797647038,
  "XI-IATI-EC_NEAR-2006/118-340": 35364.378211580835,
  "XI-IATI-EC_NEAR-2006/118-343": 30134.37176470584,
  "XI-IATI-EC_NEAR-2006/120-388": 26377.915652156844,
  "XI-IATI-EC_NEAR-2006/120-402": 24965.07140823526,
  "XI-IATI-EC_NEAR-2006/131-240": 40954.15442086407,
  "XI-IATI-EC_NEAR-2007/133-232": 32891.47294117657,
  "XI-IATI-EC_NEAR-2007/133-237": 21927.64862745105,
  "XI-IATI-EC_NEAR-2007/133-263": 28537.29975322362,
  "XI-IATI-EC_NEAR-2007/133-264": 29690.03624156872,
  "XI-IATI-EC_NEAR-2007/133-292": 35555.011095082824,
  "XI-IATI-EC_NEAR-2007/133-295": 37649.36688258282,
  "XI-IATI-EC_NEAR-2007/133-391": 38823.444855632755,
  "XI-IATI-EC_NEAR-2007/133-932": 34835.073397218235,
  "XI-IATI-EC_NEAR-2007/134-085": 30504.8797265151,
  "XI-IATI-EC_NEAR-2007/134-107": 15082.08252373779,
  "XI-IATI-EC_NEAR-2007/134-126": 32877.76816078441,
  "XI-IATI-EC_NEAR-2007/136-082": 30716.75680213704,
  "XI-IATI-EC_NEAR-2007/136-916": 109328.5151003925,
  "XI-IATI-EC_NEAR-2007/136-980": 124706.44983529448,
  "XI-IATI-EC_NEAR-2007/136-990": 132444.6256288239,
  "XI-IATI-EC_NEAR-2007/136-991": 86961.26908705909,
  "XI-IATI-EC_NEAR-2007/137-139": 24486.331126666744,
  "XI-IATI-EC_NEAR-2008/148-095": 613792.9985838438,
  "XI-IATI-EC_NEAR-2008/153-587": 43328.456109374994,
  "XI-IATI-EC_NEAR-2008/153-593": 49478.54337226561,
  "XI-IATI-EC_NEAR-2008/153-643": 31040.412081249993,
  "XI-IATI-EC_NEAR-2008/153-932": 51552.44247890624,
  "XI-IATI-EC_NEAR-2008/154-602": 51111.80184960934,
  "XI-IATI-EC_NEAR-2008/154-612": 44537.76688593749,
  "XI-IATI-EC_NEAR-2008/154-632": 135999.62877187497,
  "XI-IATI-EC_NEAR-2008/159-404": 255802.89810642457,
  "XI-IATI-EC_NEAR-2008/159-439": 270486.4510578472,
  "XI-IATI-EC_NEAR-2008/159-445": 62954.14049088446,
  "XI-IATI-EC_NEAR-2008/159-659": 589299.1428345337,
  "XI-IATI-EC_NEAR-2008/159-688": 591063.0270590206,
  "XI-IATI-EC_NEAR-2008/159-845": 126343.57612070304,
  "XI-IATI-EC_NEAR-2008/159-866": 437564.4178183385,
  "XI-IATI-EC_NEAR-2008/159-881": 473691.1071036192,
  "XI-IATI-EC_NEAR-2008/162-205": 246055.22255937522,
  "XI-IATI-EC_NEAR-2009/203-846": 107317.93749165862,
  "XI-IATI-EC_NEAR-2009/203-871": 292934.642504208,
  "XI-IATI-EC_NEAR-2009/203-891": 226801.2787452648,
  "XI-IATI-EC_NEAR-2009/203-925": 79667.00439761688,
  "XI-IATI-EC_NEAR-2009/219-435": 159902.6678037559,
  "XI-IATI-EC_NEAR-2009/225-899": 306196.9924164119,
  "XI-IATI-EC_NEAR-2009/227-846": 207707.60082192,
  "XI-IATI-EC_NEAR-2009/228-209": 200169.69942394714,
  "XI-IATI-EC_NEAR-2010/167-711": 453720.68628802156,
  "XI-IATI-EC_NEAR-2010/232-989": 21211.46666666671,
  "XI-IATI-EC_NEAR-2010/233-017": 47614.51954578479,
  "XI-IATI-EC_NEAR-2010/241-625": 50589.93034383927,
  "XI-IATI-EC_NEAR-2010/243-409": 45036.46902393005,
  "XI-IATI-EC_NEAR-2010/244-004": 44925.668878080505,
  "XI-IATI-EC_NEAR-2010/245-307": 42141.881400000086,
  "XI-IATI-EC_NEAR-2010/246-182": 41250.999800000085,
  "XI-IATI-EC_NEAR-2010/246-440": 48721.68137652409,
  "XI-IATI-EC_NEAR-2010/249-022": 45910.53992745108,
  "XI-IATI-EC_NEAR-2010/253-341": 208697.578494363,
  "XI-IATI-EC_NEAR-2010/254-666": 242960.83290048275,
  "XI-IATI-EC_NEAR-2010/254-873": 242978.03929098425,
  "XI-IATI-EC_NEAR-2010/254-885": 111981.96111666689,
  "XI-IATI-EC_NEAR-2010/255-119": 275433.951411857,
  "XI-IATI-EC_NEAR-2010/255-243": 108965.6103667786,
  "XI-IATI-EC_NEAR-2010/255-425": 310513.78944476147,
  "XI-IATI-EC_NEAR-2010/256-227": 854614.6479835744,
  "XI-IATI-EC_NEAR-2010/256-361": 237478.1742392804,
  "XI-IATI-EC_NEAR-2010/257-956": 195373.61935832593,
  "XI-IATI-EC_NEAR-2010/258-026": 170282.16096535086,
  "XI-IATI-EC_NEAR-2010/258-557": 211340.4151475507,
  "XI-IATI-EC_NEAR-2011/23121/0": 2642898.3710015346,
  "XI-IATI-EC_NEAR-2011/259-022": 808256.3197639986,
  "XI-IATI-EC_NEAR-2011/259-121": 430138.30157947756,
  "XI-IATI-EC_NEAR-2011/260-226": 245489.23435147374,
  "XI-IATI-EC_NEAR-2011/266-334": 329830.754510344,
  "XI-IATI-EC_NEAR-2011/266-549": 42593.830739299694,
  "XI-IATI-EC_NEAR-2011/276-218": 574573.2309792675,
  "XI-IATI-EC_NEAR-2011/277-669": 193406.54268939843,
  "XI-IATI-EC_NEAR-2011/277-926": 498943.5096859039,
  "XI-IATI-EC_NEAR-2011/278-941": 345145.6288125001,
  "XI-IATI-EC_NEAR-2011/279-217": 225104.59057779747,
  "XI-IATI-EC_NEAR-2011/279-517": 195003.69398947636,
  "XI-IATI-EC_NEAR-2011/279-850": 253297.1862643274,
  "XI-IATI-EC_NEAR-2011/280-050": 229283.13860835045,
  "XI-IATI-EC_NEAR-2011/280-359": 182930.8374382248,
  "XI-IATI-EC_NEAR-2011/280-669": 168403.45875396163,
  "XI-IATI-EC_NEAR-2011/281-450": 168555.70249828146,
  "XI-IATI-EC_NEAR-2012/24115/0": 2442124.2466148715,
  "XI-IATI-EC_NEAR-2012/284-026": 223749.86369365838,
  "XI-IATI-EC_NEAR-2012/284-093": 219955.1842633516,
  "XI-IATI-EC_NEAR-2012/284-172": 224502.46960939775,
  "XI-IATI-EC_NEAR-2012/284-696": 252054.11915264075,
  "XI-IATI-EC_NEAR-2012/289-165": 245500.44665726065,
  "XI-IATI-EC_NEAR-2012/296-015": 658980.022760124,
  "XI-IATI-EC_NEAR-2012/296-113": 529377.864101553,
  "XI-IATI-EC_NEAR-2012/296-125": 639055.7588264585,
  "XI-IATI-EC_NEAR-2012/296-264": 585780.5554925755,
  "XI-IATI-EC_NEAR-2012/296-267": 266611.25436287926,
  "XI-IATI-EC_NEAR-2012/300-373": 261758.4651985488,
  "XI-IATI-EC_NEAR-2012/300-429": 206062.3658677937,
  "XI-IATI-EC_NEAR-2012/301-006": 259393.0167939577,
  "XI-IATI-EC_NEAR-2012/301-116": 553247.6035313987,
  "XI-IATI-EC_NEAR-2012/301-137": 863071.9533889223,
  "XI-IATI-EC_NEAR-2012/301-139": 828793.6192809462,
  "XI-IATI-EC_NEAR-2012/301-422": 209994.45956804798,
  "XI-IATI-EC_NEAR-2012/301-609": 232834.4565498494,
  "XI-IATI-EC_NEAR-2012/301-714": 210982.79373328693,
  "XI-IATI-EC_NEAR-2012/304-005": 177454.8796310413,
  "XI-IATI-EC_NEAR-2012/304-760": 217000.59949289472,
  "XI-IATI-EC_NEAR-2012/306-026": 230849.12397711675,
  "XI-IATI-EC_NEAR-2012/306-496": 205698.92191372605,
  "XI-IATI-EC_NEAR-2012/307-727": 241098.73220099055,
  "XI-IATI-EC_NEAR-2012/307-850": 261943.52931921525,
  "XI-IATI-EC_NEAR-2012/307-864": 612037.8332923567,
  "XI-IATI-EC_NEAR-2012/308-380": 643125.2906693632,
  "XI-IATI-EC_NEAR-2012/309-312": 1022437.5939764692,
  "XI-IATI-EC_NEAR-2012/309-889": 1047507.666425111,
  "XI-IATI-EC_NEAR-2013/24836/0": 472479.7681211326,
  "XI-IATI-EC_NEAR-2013/312-497": 741820.2244521542,
  "XI-IATI-EC_NEAR-2013/316-864": 1079420.702771008,
  "XI-IATI-EC_NEAR-2013/316-883": 1145938.3666798314,
  "XI-IATI-EC_NEAR-2013/318-850": 869336.0809831356,
  "XI-IATI-EC_NEAR-2013/318-858": 1137990.4648313706,
  "XI-IATI-EC_NEAR-2013/318-873": 941414.9036976455,
  "XI-IATI-EC_NEAR-2013/330-781": 103716.75675782753,
  "XI-IATI-EC_NEAR-2013/331-405": 62390.382333725276,