{
  "IE-CHY-20009601-DDP19KEN": {
    "trocaire-iati-ie-closed-projects.xml": 189629.60124906414
  },
  "IE-CHY-20009601-DFID-DDP": {
    "trocaire-iati-ie-closed-projects.xml": 214359.95717024623
  },
  "IE-CHY-20009601-DFID-OPM": {
    "trocaire-iati-ie-closed-projects.xml": 1246663.6675955895
  },
  "IE-CHY-20009601-DFID-TRACE": {
    "trocaire-iati-ie-closed-projects.xml": 6548872.0
  },
  "IE-CHY-20009601-HARP19MMR": {
    "trocaire-iati-ie-closed-projects.xml": 6786688.472676398
  },
  "IE-CHY-20009601-TRACE19ZIM": {
    "trocaire-activities.xml": 3668011.0,
    "trocaire-iati-ie-closed-projects.xml": 3900511.0
  }
}