{
  "GB-1-114483-101": 2492414.068716068,
  "GB-1-201158-104": 574574.6981711847,
  "GB-1-201158-110": 526091.2474369857,
  "GB-1-201158-111": 220680.83058864344,
  "GB-1-201977-101": 3676599.8334341515,
  "GB-1-201987-101": 2405947.21935676,
  "GB-1-201987-102": 22998556.264126405,
  "GB-1-203643-101": 395422.08001890086,
  "GB-1-203643-102": 32292801.55395157,
  "GB-1-203643-103": 455117.6333657543,
  "GB-1-203643-104": 2700482.3725450807,
  "GB-1-203643-105": 401791.6706912053,
  "GB-1-204232-101": 19404468.64835152,
  "GB-1-204232-102": 10003951.256782182,
  "GB-1-204232-103": 14162742.02247697,
  "GB-1-204232-105": 988555.2000472521,
  "GB-1-204232-109": 367511.87153756677,
  "GB-1-204232-110": 656352.8726633731,
  "GB-1-204232-111": 411898.0000196884,
  "GB-GOV-1-300448-102": 922651.520044102,
  "GB-GOV-1-300448-103": 1267100.3987645665,
  "GB-GOV-1-300970-101": 9804653.585676655,
  "GB-GOV-1-300970-102": 5181676.84024768,
  "GB-GOV-1-300970-103": 5799523.840277213,
  "GB-GOV-1-300970-104": 2660861.080127187,
  "GB-GOV-1-300970-105": 1968872.4400941106,
  "GB-GOV-1-300970-106": 685398.2720327615,
  "GB-GOV-1-300970-111": 1256947.9368600813,
  "GB-GOV-1-300973-101": 82379.60000393768,
  "GB-GOV-1-301180-102": 922651.520044102,
  "GB-GOV-1-301180-104": 2141869.60010238,
  "GB-GOV-1-301198-101": 535467.4000255949
}