{
  "ntfp-ep": {
    "PH-SEC-CN200324943-GLA-PoV-Coordination": 23077.387124313645,
    "PH-SEC-CN200324943-GLA-PoV-Indonesia": 724032.9274509778,
    "PH-SEC-CN200324943-GLA-PoV-International-regional": 154443.5301796073,
    "PH-SEC-CN200324943-GLA-PoV-Malaysia": 459661.27137254743,
    "PH-SEC-CN200324943-GLA-PoV-NTFP-EP": 5061455.138156845,
    "PH-SEC-CN200324943-GLA-PoV-Philippines": 1432671.1878133283,
    "PH-SEC-CN200324943-GLA-PoV-Vietnam": 504166.04764705704
  }
}