{
  "FR-3-CDZ106001": 6177528.647058802,
  "FR-3-CDZ106601": 12450783.746632114,
  "FR-3-CDZ107701": 797100.4705882325
}