{
  "NL-KVK-41202535-388143": 1280082.244728623,
  "NL-KVK-41202535-388144": 1000414.2306196044,
  "NL-KVK-41202535-388172": 132908.5324658819,
  "NL-KVK-41202535-388173": 1195650.7058823488,
  "NL-KVK-41202535-388174": 1634066.5927121511,
  "NL-KVK-41202535-AMMC": 3854811.0882843006,
  "NL-KVK-41202535-CMI-2": 41702741.783713385,
  "NL-KVK-41202535-CMI-2016": 2763613.7565686177
}