{
  "FR-3-CDO106201": 223569967.63435063,
  "FR-3-CDO106203": 86295566.8983344,
  "FR-3-CDO106204": 12617056.045653041,
  "FR-3-CDO106205": 2398645.1262286333,
  "FR-3-CDO106801": 30868163.322608754,
  "FR-3-CDO106802": 2988250.11607572,
  "FR-3-CDO106903": 601818715.3860929,
  "FR-3-CDO108401": 587316384.3355826,
  "FR-3-CDO108402": 4781200.185721152,
  "FR-3-CDO108404": 6441332.564946298
}