{
  "FR-3-CDO106201": 223635555.28540277,
  "FR-3-CDO106203": 86320883.01565088,
  "FR-3-CDO106204": 12620757.450980349,
  "FR-3-CDO106205": 2399348.8052656776,
  "FR-3-CDO106801": 30877218.96789978,
  "FR-3-CDO106802": 2989126.7647058717,
  "FR-3-CDO106903": 601995268.0613875,
  "FR-3-CDO108401": 587488682.5314476,
  "FR-3-CDO108402": 4782602.823529395,
  "FR-3-CDO108404": 6443222.227842663
}