{
  "FR-3-CDO106201": 223635555.28540277,
  "FR-3-CDO106203": 86320883.01565088,
  "FR-3-CDO106204": 12620757.450980349,
  "FR-3-CDO106205": 2652205.680796069,
  "FR-3-CDO106801": 57789784.11764686,
  "FR-3-CDO106802": 2989126.7647058717,
  "FR-3-CDO106903": 607577259.1830465,
  "FR-3-CDO108401": 592759868.3874698,
  "FR-3-CDO108402": 4782602.823529395,
  "FR-3-CDO108404": 6443222.227842663
}