{
  "AU-5-INK058-GE": 12100.261416238121,
  "AU-5-INK277-GE": 29395.84247945854,
  "AU-5-INK680-GE": 19163.779826059286,
  "AU-5-INL144-GE": 28507.031866703917,
  "AU-5-INM339-GE": 27083.372733398664
}