{
  "ES-DIR3-E04585801-009-000879": 139202.98528686404,
  "ES-DIR3-E04585801-009-001073": 177539.48743486643,
  "ES-DIR3-E04585801-009-001297": 36049.81470869504,
  "ES-DIR3-E04585801-009-001361": 23706371.40456206,
  "ES-DIR3-E04585801-009-001365": 3874589.812773103,
  "ES-DIR3-E04585801-009-001385": 509814.2292549052,
  "ES-DIR3-E04585801-009-001391": 1580424.3890961767,
  "ES-DIR3-E04585801-009-002705": 1270976.5704124337,
  "ES-DIR3-E04585801-009-003175": 88482.83244445846,
  "ES-DIR3-E04585801-009-003253": 409827.50898305647,
  "ES-DIR3-E04585801-009-003371": 5754777.084214077,
  "ES-DIR3-E04585801-009-005543": 1858688.8459150621,
  "ES-DIR3-E04585801-009-005793": 35475.88080035731,
  "ES-DIR3-E04585801-009-006275": 8072110.124983067,
  "ES-DIR3-E04585801-009-006277": 5221110.445905654,
  "ES-DIR3-E04585801-009-006299": 2095314.5337524943,
  "ES-DIR3-E04585801-009-006399": 686989.298222687,
  "ES-DIR3-E04585801-009-006881": 179825.33552059325,
  "ES-DIR3-E04585801-009-028003": 222724.7764589825,
  "ES-DIR3-E04585801-009-028005": 554270.094636118,
  "ES-DIR3-E04585801-009-028083": 860761.6595213239,
  "ES-DIR3-E04585801-009-029077": 20045.229881308424,
  "ES-DIR3-E04585801-009-029165": 779236.0391582191,
  "ES-DIR3-E04585801-009-030925": 782320.777312176,
  "ES-DIR3-E04585801-009-031049": 590443.3823927626,
  "ES-DIR3-E04585801-009-031083": 60135.689643925274,
  "ES-DIR3-E04585801-009-031619": 167043.58234423687,
  "ES-DIR3-E04585801-009-032337": 821076.2804458918,
  "ES-DIR3-E04585801-009-033307": 10022.614940654212,
  "ES-DIR3-E04585801-009-034517": 496685.522422351,
  "ES-DIR3-E04585801-009-034899": 1216286.0839439747,
  "ES-DIR3-E04585801-009-034959": 32875.569035198685,
  "ES-DIR3-E04585801-009-035085": 1048198.4792100864,
  "ES-DIR3-E04585801-009-035513": 1252826.8675817766,
  "ES-DIR3-E04585801-009-036053": 125282.68675817765,
  "ES-DIR3-E04585801-009-036241": 167043.58234423687,
  "ES-DIR3-E04585801-009-037619": 6124.9313526220185,
  "ES-DIR3-E04585801-009-040353": 13920.298528686406,
  "ES-DIR3-E04585801-009-041311": 12806.674646391493,
  "ES-DIR3-E04585801-009-042113": 626413.4337908883,
  "ES-DIR3-E04585801-009-042259": 24499.725410488074,
  "ES-DIR3-E04585801-009-042981": 342979.4513885986,
  "ES-DIR3-E04585801-009-043001": 2637361.419229437,
  "ES-DIR3-E04585801-009-043957": 336546.4081483426,
  "ES-DIR3-E04585801-009-044269": 54491.84380845465,
  "ES-DIR3-E04585801-009-045133": 149906.02441960046,
  "ES-DIR3-E04585801-009-045799": 74938.5350993304,
  "ES-DIR3-E04585801-009-046853": 57146.58394086044,
  "ES-DIR3-E04585801-009-046973": 1046578.1564613472,
  "ES-DIR3-E04585801-009-047351": 19267.000234349278,
  "ES-DIR3-E04585801-009-048161": 8316.022641149835,
  "ES-DIR3-E04585801-009-048315": 7974.971047668207,
  "ES-DIR3-E04585801-009-048319": 7974.971047668207,
  "ES-DIR3-E04585801-009-048467": 56506.258287299555,
  "ES-DIR3-E04585801-009-048511": 13144.795307883387,
  "ES-DIR3-E04585801-009-048755": 680420.6383667907,
  "ES-DIR3-E04585801-009-048785": 87136.67836653157,
  "ES-DIR3-E04585801-009-048787": 1973498.8990814874,
  "ES-DIR3-E04585801-009-049089": 5924.576882728756,
  "ES-DIR3-E04585801-009-052167": 3853.4000468698555,
  "ES-DIR3-E04585801-009-052221": 2301346.971438518,
  "ES-DIR3-E04585801-009-052375": 12333.962870021032,
  "ES-DIR3-E04585801-009-052629": 10851.662629324781,
  "ES-DIR3-E04585801-009-053055": 3918866.767485408,
  "ES-DIR3-E04585801-009-053199": 390362.24372540554,
  "ES-DIR3-E04585801-009-053523": 651890.2827791023,
  "ES-DIR3-E04585801-009-053525": 2422825.2794694216,
  "ES-DIR3-E04585801-009-053537": 646138.1198591373,
  "ES-DIR3-E04585801-009-053555": 562177.1569178994,
  "ES-DIR3-E04585801-009-053695": 627659.422517043,
  "ES-DIR3-E04585801-009-053973": 256893.33645799034,
  "ES-DIR3-E04585801-009-053989": 50864.88061868209,
  "ES-DIR3-E04585801-009-054177": 1284466.6822899517,
  "ES-DIR3-E04585801-009-060297": 46542.811336452236,
  "ES-DIR3-E04585801-009-060393": 35640.09703349929,
  "ES-DIR3-E04585801-009-061407": 66380.5539288831,
  "ES-DIR3-E04585801-009-063803": 589509.768109468,
  "ES-DIR3-E04585801-009-063807": 1861608.1170474838,
  "ES-DIR3-E04585801-009-063963": 7291301.113658136,
  "ES-DIR3-E04585801-009-063979": 5305585.257763055,
  "ES-DIR3-E04585801-009-066055": 136267.62079072712,
  "ES-DIR3-E04585801-009-066057": 269228.16238471726,
  "ES-DIR3-E04585801-009-066169": 18018.33755845603,
  "ES-DIR3-E04585801-009-066717": 1046.1044254760548,
  "ES-DIR3-E04585801-009-067523": 39829.92549062416,
  "ES-DIR3-E04585801-009-067743": 26552.221571553244,
  "ES-DIR3-E04585801-009-067749": 1920713.5746835337,
  "ES-DIR3-E04585801-009-067979": 52962.86669768697,
  "ES-DIR3-E04585801-009-068017": 239673.81388117638,
  "ES-DIR3-E04585801-009-075653": 43462.22233963482,
  "ES-DIR3-E04585801-009-076595": 190891.5546415981,
  "ES-DIR3-E04585801-009-076597": 715250.4685837155,
  "ES-DIR3-E04585801-009-076625": 207107.3282581153,
  "ES-DIR3-E04585801-009-077007": 31722.78878262495,
  "ES-DIR3-E04585801-009-077031": 79081.80911763561,
  "ES-DIR3-E04585801-009-077591": 31851.726370576413,
  "ES-DIR3-E04585801-009-079487": 265522.2157155324,
  "ES-DIR3-E04585801-009-079505": 663805.5392888312,
  "ES-DIR3-E04585801-009-079657": 355519.0855245806,
  "ES-DIR3-E04585801-009-079659": 50042.25508592397,
  "ES-DIR3-E04585801-009-079661": 1188547.8805865527,
  "ES-DIR3-E04585801-009-082040": 119530.00464302882,
  "ES-DIR3-E04585801-009-082282": 2321961.607989935,
  "ES-DIR3-E04585801-009-083432": 491037.22774053854,
  "ES-DIR3-E04585801-009-083450": 5331248.048642792,
  "ES-DIR3-E04585801-009-083726": 701479.0976927297,
  "ES-DIR3-E04585801-009-083936": 7540908.932919402,
  "ES-DIR3-E04585801-009-084052": 6640.555813501601,
  "ES-DIR3-E04585801-009-084218": 45155.779531810884,
  "ES-DIR3-E04585801-009-084388": 10010.850386639695,
  "ES-DIR3-E04585801-009-084530": 19321.361194964258,
  "ES-DIR3-E04585801-009-084670": 58282.32558169903,
  "ES-DIR3-E04585801-009-087348": 601899.2484746457,
  "ES-DIR3-E04585801-009-087349": 1723683.892877076,
  "ES-DIR3-E04585801-009-087350": 72901.08420955074,
  "ES-DIR3-E04585801-009-087490": 31820.852840495067,
  "ES-DIR3-E04585801-009-088245": 66405.558135016,
  "ES-DIR3-E04585801-009-089449": 257741.56620950263,
  "ES-DIR3-E04585801-009-089676": 142518.22763376214,
  "ES-DIR3-E04585801-009-089991": 24412.19721715736,
  "ES-DIR3-E04585801-009-089992": 272262.7883535656,
  "ES-DIR3-E04585801-009-089993": 147901.7262317679,
  "ES-DIR3-E04585801-009-090258": 1246161.2055814967,
  "ES-DIR3-E04585801-009-090415": 92967.7813890224,
  "ES-DIR3-E04585801-009-090479": 629888.5935785316,
  "ES-DIR3-E04585801-009-090571": 59575.9855408389,
  "ES-DIR3-E04585801-009-090576": 429170.4895040509,
  "ES-DIR3-E04585801-009-090582": 1180803.9787116465,
  "ES-DIR3-E04585801-009-090591": 78711.83616859718,
  "ES-DIR3-E04585801-009-090595": 4580.681962376658,
  "ES-DIR3-E04585801-009-090634": 8031090.857071161,
  "ES-DIR3-E04585801-009-090637": 4787160.748619352,
  "ES-DIR3-E04585801-009-090643": 440922.2811272047,
  "ES-DIR3-E04585801-009-090767": 146092.22789703522,
  "ES-DIR3-E04585801-009-092633": 1623297.1497220933,
  "ES-DIR3-E04585801-009-092635": 798739.3343595995,
  "ES-DIR3-E04585801-009-092639": 1081316.234002696,
  "ES-DIR3-E04585801-009-092649": 1270471.1382391262,
  "ES-DIR3-E04585801-009-092660": 1130955.716819783,
  "ES-DIR3-E04585801-009-092838": 265622.232540064,
  "ES-DIR3-E04585801-009-092848": 649119.2182188602,
  "ES-DIR3-E04585801-009-092892": 2656222.3254006403,
  "ES-DIR3-E04585801-009-092895": 796866.6976201921,
  "ES-DIR3-E04585801-009-092988": 146092.22789703522,
  "ES-DIR3-E04585801-009-092990": 2324194.5347255603,
  "ES-DIR3-E04585801-009-093081": 39780.48866079062,
  "ES-DIR3-E04585801-009-093717": 53124.44650801281,
  "ES-DIR3-E04585801-009-093880": 104655.15962078523,
  "ES-DIR3-E04585801-009-093882": 104655.15962078523
}