{
  "rfuk": {
    "GB-CHC-1138287-DFID/REG/2011/001": 661277.12395257,
    "GB-CHC-1138287-DFID/DRC/2016/001": 4218165.211342478,
    "GB-CHC-1138287-FGMC/REG/2018/001": 1934489.529561004,
    "GB-CHC-1138287-FGMC/REG/2021/001": 552581.5348595373
  }
}