{
  "BE-BCE_KBO-0453072647-PROGR2017-2021_SDZ19": 1273966.730498176,
  "BE-BCE_KBO-0453072647-PROGR2017-2021_SDZ26": 72832.50477849387
}