{
  "XM-DAC-6-4-000218-01-3": -47333.563091960365,
  "XM-DAC-6-4-000218-02-4": -69.43365158597274,
  "XM-DAC-6-4-000225-02-4": -457182.21328102844,
  "XM-DAC-6-4-000227-01-0": -8916.101636337447,
  "XM-DAC-6-4-000227-02-1": -546910.7675200615,
  "XM-DAC-6-4-000703-02-1": -21840.41619948121,
  "XM-DAC-6-4-000703-03-2": 468325.3885900484,
  "XM-DAC-6-4-000703-06-5": 20125.822558687778,
  "XM-DAC-6-4-000748-04-2": -170346.63222695215,
  "XM-DAC-6-4-000797-05-3": -460799.40994120337,
  "XM-DAC-6-4-002239-01-6": -115068.26831638359,
  "XM-DAC-6-4-002239-05-3": 3103496.703629909,
  "XM-DAC-6-4-002543-03-0": 218679.13090864464,
  "XM-DAC-6-4-002834-01-6": 986162.2490279096,
  "XM-DAC-6-4-003689-02-2": 790918.6881244086,
  "XM-DAC-6-4-004419-01-5": 47759.962960410616,
  "XM-DAC-6-4-005208-02-2": 349036.8218407071,
  "XM-DAC-6-4-005320-03-3": 101029.83144261227,
  "XM-DAC-6-4-005510-02-4": 1199.327329846942,
  "XM-DAC-6-4-005602-02-6": 112263.39723376272,
  "XM-DAC-6-4-005692-02-4": 100275.47246703434,
  "XM-DAC-6-4-005712-02-2": 1390003.9028607558,
  "XM-DAC-6-4-005830-02-0": 154007.95533178237,
  "XM-DAC-6-4-006430-01-2": 27511.89239719218,
  "XM-DAC-6-4-007564-01-2": 2155425.6376114725,
  "XM-DAC-6-4-007565-01-4": 1903608.790500157,
  "XM-DAC-6-4-008472-02-6": 1574919.6610221702,
  "XM-DAC-6-4-009108-01-3": 4311137.568519091,
  "XM-DAC-6-4-009108-02-4": 9945180.868314244,
  "XM-DAC-6-4-009108-03-5": 11143278.519825106,
  "XM-DAC-6-4-009218-02-0": 372083.5288468695,
  "XM-DAC-6-4-009581-01-4": 4216516.219047542,
  "XM-DAC-6-4-009581-02-5": 181329.5864337647,
  "XM-DAC-6-4-009893-01-5": 106453.8191317575,
  "XM-DAC-6-4-010319-01-3": 996348.9942577801,
  "XM-DAC-6-4-010319-02-4": 26746.352585603174,
  "XM-DAC-6-4-010451-01-1": 48267.291644896824,
  "XM-DAC-6-4-011141-07-1": 1173339.6486683686,
  "XM-DAC-6-4-011326-01-1": 48386.038063953856,
  "XM-DAC-6-4-011489-01-5": 3107780.1207187492,
  "XM-DAC-6-4-011587-03-0": 1075770.0417872593,
  "XM-DAC-6-4-011611-01-4": 504682.2418261217,
  "XM-DAC-6-4-011817-07-2": 342047.95112097025,
  "XM-DAC-6-4-011907-01-1": 3713835.427454833,
  "XM-DAC-6-4-011980-01-0": 112889.44882952722,
  "XM-DAC-6-4-011986-01-5": 1.38671875e-23,
  "XM-DAC-6-4-012127-11-1": 142389.45397542673,
  "XM-DAC-6-4-012127-13-3": 95630.64427023655,
  "XM-DAC-6-4-012127-80-2": 271731.5438884855,
  "XM-DAC-6-4-012168-01-8": 604137.8462449352,
  "XM-DAC-6-4-012349-01-1": 990943.5818255899,
  "XM-DAC-6-4-012459-01-1": 1460922.2789703521,
  "XM-DAC-6-4-012629-01-1": 1460922.2789703521
}