{
  "XM-DAC-41108-1100000492": 25677079.98911853,
  "XM-DAC-41108-1100001023": 16605175.681151254,
  "XM-DAC-41108-1100001391": 14520175.816273643,
  "XM-DAC-41108-1100001679": 21226072.5732292,
  "XM-DAC-41108-2000001142": 47724339.97,
  "XM-DAC-41108-2000001767": 8721392.290000001,
  "XM-DAC-41108-2000002071": 111453816.88955438
}