{
  "XM-DAC-41108-1100000451": 1248940.0049175292,
  "XM-DAC-41108-1100000492": 29053290.413989592,
  "XM-DAC-41108-1100001023": 16606845.183761748,
  "XM-DAC-41108-1100001391": 14521755.432948727,
  "XM-DAC-41108-1100001679": 22265625.59318574,
  "XM-DAC-41108-2000001142": 48874070.01,
  "XM-DAC-41108-2000001767": 8721392.290000001,
  "XM-DAC-41108-2000002071": 116317062.02729112
}