{
  "US-18-NPL-2750BX69GD-NA-NA": 3.637978807098994e-12,
  "US-18-NPL-2750BX69GD-PGM ADMIN-0017": 5258825.3,
  "US-18-NPL-2750BX69GD-PGM ADMIN-0131": 952337.22,
  "US-18-NPL-2750BX69GD-PGM ADMIN-0346": 1950.08,
  "US-18-NPL-2750BX69GD-PGM ADMIN-0463": 22037.479999999992,
  "US-18-NPL-2750BX69GD-PWR-0367": 15264408.08,
  "US-18-NPL-2750BX69GD-REHAB_MNT-0019": 391.9199999999628,
  "US-18-NPL-2750BXCOMD-MON & EVAL-0016": 198000.0,
  "US-18-NPL-2750BXCOMD-NA-NA": 123384.08,
  "US-18-NPL-2750BXCOMD-PGM ADMIN-0017": 9235334.25,
  "US-18-NPL-2750BXCOMD-PGM ADMIN-0021": 4588546.98,
  "US-18-NPL-2750BXCOMD-PGM ADMIN-0031": 124742.76,
  "US-18-NPL-2750BXCOMD-PGM ADMIN-0131": 4492402.19,
  "US-18-NPL-2750BXCOMD-PWR-0082": 26550059.05,
  "US-18-NPL-2750BXCOMD-PWR-0182": 435000.0,
  "US-18-NPL-2750BXCOMD-PWR-0494": 2496372.67,
  "US-18-NPL-2750BXCOMD-PWR-0495": 2050000.0,
  "US-18-NPL-2750BXCOMD-ROAD-0261": 3877540.83,
  "US-18-NPL-2750BXCOMD-ROAD-0337": 3313341.9,
  "US-18-NPL-2750BXDILD-ASSMT-NA": 73757.7,
  "US-18-NPL-2750BXDILD-CONFERENCE-NA": 2088.24,
  "US-18-NPL-2750BXDILD-ECON ANLS-NA": 79420.4,
  "US-18-NPL-2750BXDILD-EDU-NA": 69519.01,
  "US-18-NPL-2750BXDILD-ENRGY SCTR-NA": 7062321.88,
  "US-18-NPL-2750BXDILD-ENVML ASMT-NA": 2291228.27,
  "US-18-NPL-2750BXDILD-GENDER MAI-NA": 184742.28,
  "US-18-NPL-2750BXDILD-GENDER-NA": 952338.45,
  "US-18-NPL-2750BXDILD-INFRSTRE-NA": 8340437.36,
  "US-18-NPL-2750BXDILD-NA-NA": 2820556.92,
  "US-18-NPL-2750BXDILD-PGM ASSMT-NA": 170312.0,
  "US-18-NPL-2750BXDILD-PGM DEVEL-NA": 5859.48,
  "US-18-NPL-2750BXDILD-PWR-NA": 165984.48,
  "US-18-NPL-2750BXDILD-SCL SECTOR-NA": 11456.24,
  "US-18-NPL-2750BXDILD-TRANSPORTI-NA": 5478842.79,
  "US-18-NPL-2750BXDILD-TRANSPORTN-NA": 2706100.7399999998
}