{
  "inpud_admin": {
    "GB-COH-08828458-ENPUD": 186850.97831215622,
    "GB-COH-08828458-GB-COH-08828458-GeNPUD": 55797.03294117628,
    "GB-COH-08828458-Indonesia": 154395.70415137202,
    "GB-COH-08828458-Nepal": 85024.05019607814,
    "GB-COH-08828458-South-Africa": 253446.69002360303,
    "GB-COH-08828458-TanPUD2016": 30370.856430195974,
    "GB-COH-8828458-Kenya": 42512.02509803907
  }
}