{
  "NL-KVK-34111374-27541": {
    "fwf-activities.xml": 23176074.81870248
  },
  "NL-KVK-34111374-4000004318": {
    "fwf-activities.xml": 21261543.01188432
  }
}