{
  "GB-1-113374-101": 1428713.9672267362,
  "GB-1-114517-101": 322446.06912449206,
  "GB-1-114519-101": 212000.52787497948
}