{
  "trias": {
    "BE-BCE_KBO-0427736148-BURKINA-DGD-2017-2021": 4526279.872930128,
    "BE-BCE_KBO-0427736148-RDC-DGD-2017-2021": 2795229.080244669,
    "BE-BCE_KBO-0427736148-BRAZIL-DGD-2017-2021": 6526419.268290298,
    "BE-BCE_KBO-0427736148-PERU-DGD-2017-2021": 938679.7513510068,
    "BE-BCE_KBO-0427736148-GUATEMALA-DGD-2017-2021": 1986813.1279536353,
    "BE-BCE_KBO-0427736148-SOUTH_AFRICA-DGD-2017-2021": 1099710.5736060953,
    "BE-BCE_KBO-0427736148-HONDURAS-DGD-2017-2021": 849049.5133138504,
    "BE-BCE_KBO-0427736148-EL_SALVADOR-DGD-2017-2021": 4736826.663664172,
    "BE-BCE_KBO-0427736148-UGANDA-DGD-2017-2021": 6367409.831224839,
    "BE-BCE_KBO-0427736148-PHILIPPINES-DGD-2017-2021": 4593397.298648351,
    "BE-BCE_KBO-0427736148-TANZANIA-DGD-2017-2021": 10886505.950875921,
    "BE-BCE_KBO-0427736148-GUINEE-DGD-2017-2021": 3026146.4399922113,
    "BE-BCE_KBO-0427736148-ECUADOR-DGD-2017-2021": 2306160.1132472525
  }
}