{
  "GB-COH-1102208-B002-E2519": {
    "msi-activities.xml": 3944150.09321526
  },
  "GB-COH-1102208-B002-E2586": {
    "msi-activities.xml": 1795954.3645018453
  },
  "GB-COH-1102208-B012-E2390": {
    "msi-activities.xml": 34887653.5081876
  },
  "GB-COH-1102208-B012-E2599": {
    "msi-activities.xml": 10575308.186297331
  },
  "GB-COH-1102208-B012-E2697": {
    "msi-activities.xml": 1157453.1511593254
  },
  "GB-COH-1102208-B012-E2732": {
    "msi-activities.xml": 12962983.651531622
  },
  "GB-COH-1102208-B012-E2738": {
    "msi-activities.xml": 35706276.06934673
  },
  "GB-COH-1102208-B012-E2744": {
    "msi-activities.xml": 3879593.1205454413
  },
  "GB-COH-1102208-B012-E2772": {
    "msi-activities.xml": 2186835.680968529
  },
  "GB-COH-1102208-B012-E2788": {
    "msi-activities.xml": 3342345.9586895215
  },
  "GB-COH-1102208-B012-E2825": {
    "msi-activities.xml": 825791.2339514722
  },
  "GB-COH-1102208-B012-E2874": {
    "msi-activities.xml": 1121743.2421496185
  }
}