{
  "XI-IATI-EC_FPI-2010/230-620": 1021126.8299510065,
  "XI-IATI-EC_FPI-2010/256-344": 809026.2856143012,
  "XI-IATI-EC_FPI-2011/281-314": 1775760.5558983958,
  "XI-IATI-EC_FPI-2012/293-625": 2261228.0625000005,
  "XI-IATI-EC_FPI-2012/305-846": 1954738.4678121833,
  "XI-IATI-EC_FPI-2013/329-041": 3984715.8718174146,
  "XI-IATI-EC_FPI-2014/353-843": 993884.6492647025,
  "XI-IATI-EC_FPI-2014/354-193": 939978.3386397614,
  "XI-IATI-EC_FPI-2014/354-278": 898503.8062292321,
  "XI-IATI-EC_FPI-2014/354-562": 993529.1557398279,
  "XI-IATI-EC_FPI-2015/355-874": 1946408.3662209425,
  "XI-IATI-EC_FPI-2015/358-660": 6996164.141930775,
  "XI-IATI-EC_FPI-2015/368-792": 13616327.516050078,
  "XI-IATI-EC_FPI-2016/378-227": 5978253.529411743,
  "XI-IATI-EC_FPI-2016/378-772": 11563391.720237998,
  "XI-IATI-EC_FPI-2016/380-502": 6310378.725490174,
  "XI-IATI-EC_FPI-2016/381-804": 1328500.784313721,
  "XI-IATI-EC_FPI-2017/386-252": 4735861.848309689,
  "XI-IATI-EC_FPI-2017/393-845": 653925.9483115664,
  "XI-IATI-EC_FPI-2017/40775/0": 5175573.793934653,
  "XI-IATI-EC_FPI-2018/400-843": 4027273.406726751,
  "XI-IATI-EC_FPI-2018/401-595": 1274495.7793655132,
  "XI-IATI-EC_FPI-2018/401-695": 1774576.7933808684,
  "XI-IATI-EC_FPI-2018/401-727": 1581016.5805527475,
  "XI-IATI-EC_FPI-2018/402-079": 4397337.596078416,
  "XI-IATI-EC_FPI-2018/402-982": 5639500.442920373,
  "XI-IATI-EC_FPI-2018/403-604": 3347821.086375051,
  "XI-IATI-EC_FPI-2018/404-132": 3826082.258823516,
  "XI-IATI-EC_FPI-2018/41306/0": 2208235.6377422316,
  "XI-IATI-EC_FPI-2018/41618/0": 3985502.3529411624,
  "XI-IATI-EC_FPI-2019/407-176": 742.1403931411738,
  "XI-IATI-EC_FPI-2019/409-202": 657376.7290988213,
  "XI-IATI-EC_FPI-2019/410-240": 2391301.4117646976,
  "XI-IATI-EC_FPI-2019/411-137": 5724403.015004734,
  "XI-IATI-EC_FPI-2020/410-212": 1647405.2055619354,
  "XI-IATI-EC_FPI-2020/415-595": 11956507.058823489,
  "XI-IATI-EC_FPI-2020/417-121": 5287433.121568609,
  "XI-IATI-EC_FPI-2020/417-325": 2510866.4823529324,
  "XI-IATI-EC_FPI-2020/42430/0": 11225831.627450941,
  "XI-IATI-EC_FPI-2020/42812/0": 2657001.568627442,
  "XI-IATI-EC_FPI-2021/424-587": 383454.6668720693,
  "XI-IATI-EC_FPI-2021/430-189": 1328500.784313721,
  "XI-IATI-EC_FPI-2021/43482/0": 3985502.3529411624
}