{
  "XI-IATI-EC_FPI-2010/230-620": 1020708.3734622045,
  "XI-IATI-EC_FPI-2010/256-344": 808953.064552397,
  "XI-IATI-EC_FPI-2011/281-314": 1775214.527743139,
  "XI-IATI-EC_FPI-2012/293-625": 2260661.360830315,
  "XI-IATI-EC_FPI-2012/305-846": 1954212.8492184177,
  "XI-IATI-EC_FPI-2013/329-041": 3983305.893692097,
  "XI-IATI-EC_FPI-2014/353-843": 993593.163595177,
  "XI-IATI-EC_FPI-2014/354-193": 939702.6625685187,
  "XI-IATI-EC_FPI-2014/354-278": 898240.2937746192,
  "XI-IATI-EC_FPI-2014/354-562": 993237.7743291501,
  "XI-IATI-EC_FPI-2015/355-874": 1945837.525181977,
  "XI-IATI-EC_FPI-2015/358-660": 6994112.312686276,
  "XI-IATI-EC_FPI-2015/368-792": 13612334.13075589,
  "XI-IATI-EC_FPI-2016/378-227": 5976500.23215144,
  "XI-IATI-EC_FPI-2016/378-772": 11560000.418259393,
  "XI-IATI-EC_FPI-2016/380-502": 6308528.022826521,
  "XI-IATI-EC_FPI-2016/381-804": 1328111.1627003201,
  "XI-IATI-EC_FPI-2017/386-252": 4734472.918656076,
  "XI-IATI-EC_FPI-2017/393-845": 653734.1654492345,
  "XI-IATI-EC_FPI-2017/40775/0": 5174055.905924591,
  "XI-IATI-EC_FPI-2018/400-843": 4026092.2913063746,
  "XI-IATI-EC_FPI-2018/401-595": 1274121.9962953848,
  "XI-IATI-EC_FPI-2018/401-695": 1774056.346963746,
  "XI-IATI-EC_FPI-2018/401-727": 1580552.9013150672,
  "XI-IATI-EC_FPI-2018/402-079": 4396047.948538059,
  "XI-IATI-EC_FPI-2018/402-982": 5637846.494885649,
  "XI-IATI-EC_FPI-2018/403-604": 3346839.2401703275,
  "XI-IATI-EC_FPI-2018/404-132": 3824960.148576922,
  "XI-IATI-EC_FPI-2018/41306/0": 2207588.008217202,
  "XI-IATI-EC_FPI-2018/41618/0": 3984333.4881009604,
  "XI-IATI-EC_FPI-2019/407-176": 741.9227388192799,
  "XI-IATI-EC_FPI-2019/409-202": 657183.9341943486,
  "XI-IATI-EC_FPI-2019/410-240": 2390600.092860576,
  "XI-IATI-EC_FPI-2019/411-137": 5722724.166813752,
  "XI-IATI-EC_FPI-2020/410-212": 1646922.0559231138,
  "XI-IATI-EC_FPI-2020/415-595": 11953000.46430288,
  "XI-IATI-EC_FPI-2020/417-121": 5285882.427547274,
  "XI-IATI-EC_FPI-2020/417-325": 2510130.0975036053,
  "XI-IATI-EC_FPI-2020/42430/0": 11222539.324817706,
  "XI-IATI-EC_FPI-2020/42812/0": 2656222.3254006403,
  "XI-IATI-EC_FPI-2021/424-587": 383342.2076038951,
  "XI-IATI-EC_FPI-2021/430-189": 1328111.1627003201,
  "XI-IATI-EC_FPI-2021/43482/0": 3984333.4881009604
}