{
  "GB-COH-01846493-DPSA-OPP-799240": {
    "aecom-activities.xml": 3585704.7616906385
  },
  "GB-COH-01846493-TAF2+": {
    "aecom-activities.xml": 2706729.3040323188
  }
}