{
  "XI-IATI-EC_INTPA-/18108/0": 219908.63936557155,
  "XI-IATI-EC_INTPA-2004/090-835": 387228.81914448173,
  "XI-IATI-EC_INTPA-2004/091-239": 398217.3143397783,
  "XI-IATI-EC_INTPA-2005/089-105": 1275788.1161666224,
  "XI-IATI-EC_INTPA-2005/110-361": 7933073.063138486,
  "XI-IATI-EC_INTPA-2005/112-284": 968518.1654429073,
  "XI-IATI-EC_INTPA-2006/120-642": 569983.3741419389,
  "XI-IATI-EC_INTPA-2006/123-521": 283898.1801843519,
  "XI-IATI-EC_INTPA-2007/128-713": 794594.3554124404,
  "XI-IATI-EC_INTPA-2007/131-249": 8117912.088759671,
  "XI-IATI-EC_INTPA-2007/137-263": 252014.36290941943,
  "XI-IATI-EC_INTPA-2007/137-384": 652589.8249175684,
  "XI-IATI-EC_INTPA-2007/18390/0": 2383597.9880283,
  "XI-IATI-EC_INTPA-2008/149-929": 4181350.804599715,
  "XI-IATI-EC_INTPA-2008/153-196": 2608301.2449939004,
  "XI-IATI-EC_INTPA-2008/153-312": 2203755.3531300575,
  "XI-IATI-EC_INTPA-2008/166-346": 589324.8733619987,
  "XI-IATI-EC_INTPA-2009/153-434": 1109129.0173245554,
  "XI-IATI-EC_INTPA-2009/19559/0": 8946128.894002132,
  "XI-IATI-EC_INTPA-2009/200-836": 1544234.909076564,
  "XI-IATI-EC_INTPA-2009/201-142": 2083382.7381844101,
  "XI-IATI-EC_INTPA-2009/202-550": 2951449.842856372,
  "XI-IATI-EC_INTPA-2009/202-728": 1019761.9431367861,
  "XI-IATI-EC_INTPA-2009/202-733": 2367789.7462915853,
  "XI-IATI-EC_INTPA-2009/228-073": 1261474.3560140003,
  "XI-IATI-EC_INTPA-2010/221-469": 2040436.4029367382,
  "XI-IATI-EC_INTPA-2010/222-905": 3197817.0545275942,
  "XI-IATI-EC_INTPA-2010/229-902": 1360471.82443558,
  "XI-IATI-EC_INTPA-2010/252-824": 667573.7102563303,
  "XI-IATI-EC_INTPA-2011/261-122": 4764803.842112235,
  "XI-IATI-EC_INTPA-2012/296-855": 1321867.0209649135,
  "XI-IATI-EC_INTPA-2012/297-080": 931086.5965318675,
  "XI-IATI-EC_INTPA-2013/282-607": 2309534.3037536265,
  "XI-IATI-EC_INTPA-2013/329-378": 2556458.4929431872,
  "XI-IATI-EC_INTPA-2014/335-359": 560844.0918443417,
  "XI-IATI-EC_INTPA-2014/348-015": 26562223.254006404,
  "XI-IATI-EC_INTPA-2014/37539/0": 19783457.93751063,
  "XI-IATI-EC_INTPA-2015/358-849": 9291379.7521781,
  "XI-IATI-EC_INTPA-2015/358-850": 10149930.187597673,
  "XI-IATI-EC_INTPA-2015/370-388": 899131.2571481167,
  "XI-IATI-EC_INTPA-2015/371-143": 2919099.352167403,
  "XI-IATI-EC_INTPA-2015/37718/0": 25814537.840852167,
  "XI-IATI-EC_INTPA-2016/373-819": 6565702.140260648,
  "XI-IATI-EC_INTPA-2018/398-945": 44226101.71792066,
  "XI-IATI-EC_INTPA-2018/400-439": 591245.3266630264,
  "XI-IATI-EC_INTPA-2018/402-027": 8968215.058222855,
  "XI-IATI-EC_INTPA-2020/415-220": 500660.6681010186,
  "XI-IATI-EC_INTPA-2020/415-832": 1857214.4336828312,
  "XI-IATI-EC_INTPA-2020/42344/0": 46483890.694511205,
  "XI-IATI-EC_INTPA-2020/42440/0": 23906000.92860576,
  "XI-IATI-EC_INTPA-2021/424-917": 11953000.46430288
}