{
  "BE-BCE_KBO-0418088113-PROG2017-2021-K01B1-ONDERWIJS": 310812.0579956852,
  "BE-BCE_KBO-0418088113-PROG2017-2021-K01B3-POLITIEK": 288948.92058823426,
  "BE-BCE_KBO-0418088113-PROG2017-2021-K02-PALESTINA\n": 4456126.412785867,
  "BE-BCE_KBO-0418088113-PROG2017-2021-K03-BURKINA-FASO\n": 4896431.427730964,
  "BE-BCE_KBO-0418088113-PROG2017-2021-K04-SENEGAL\n": 4706914.14834469,
  "BE-BCE_KBO-0418088113-PROG2017-2021-K05-CONGO\n": 6890006.274687819,
  "BE-BCE_KBO-0418088113-PROG2017-2021-K06-OEGANDA\n": 6530317.344336448,
  "BE-BCE_KBO-0418088113-PROG2017-2021-K07-RWANDA\n": 3710903.897825085,
  "BE-BCE_KBO-0418088113-PROG2017-2021-K08-BURUNDI": 8803617.330936048,
  "BE-BCE_KBO-0418088113-PROG2017-2021-K09-GUATEMALA\n": 5294064.997483904,
  "BE-BCE_KBO-0418088113-PROG2017-2021-K11-HAITI\n": 4132338.8876297898,
  "BE-BCE_KBO-0418088113-PROG2017-2021-K12-COLOMBIA\n": 5400193.611139589,
  "BE-BCE_KBO-0418088113-PROG2017-2021-K13-PERU\n": 5870853.54050547,
  "BE-BCE_KBO-0418088113-PROG2017-2021-K14-BOLIVIA\n": 5767315.503379196
}