{
  "GB-CHC-288701-LR102": 51037.8620758132,
  "GB-CHC-288701-LR999": 2677255.5200623027,
  "GB-CHC-288701-LRL50": 267409.47038310196,
  "GB-CHC-288701-LRR50": 130736.30987480909,
  "GB-CHC-288701-LRR51": 135955.17286649856,
  "GB-CHC-288701-LRR52": 159856.01564340098,
  "GB-CHC-288701-LRR53": 173385.66220188772
}