{
  "concern_worldwide": {
    "IE-CHY-20009090-BG093": 48328244.920377515,
    "IE-CHY-20009090-BG161": 26371011.558940515,
    "IE-CHY-20009090-BG191": 27290252.563544452,
    "IE-CHY-20009090-BG195": 411898.0000196884,
    "IE-CHY-20009090-BG197": 12571589.933952913,
    "IE-CHY-20009090-DC034": 1915760.6643795718
  }
}