{
  "NL-KVK-34200988_WIDG_-16_671": 1414034.6424823801,
  "NL-KVK-34200988_WIDG_ET16_670": 37176.48766630736,
  "NL-KVK-34200988_WIDG_ET16_673": 33541.44741399658,
  "NL-KVK-34200988_WIDG_KE16_676": 42259.16908596149,
  "NL-KVK-34200988_WIDG_ML16_679": 21891.389105905644,
  "NL-KVK-34200988_WIDG_ML16_680": 77151.3055524243,
  "NL-KVK-34200988_WIDG_ML16_681": 49064.41068363793,
  "NL-KVK-34200988_WIDG_ML16_682": 52541.405707587364,
  "NL-KVK-34200988_WIDG_NP16_660": 47167.86794330187,
  "NL-KVK-34200988_WIDG_NP16_661": 48150.67020370011,
  "NL-KVK-34200988_WIDG_NP16_662": 10836.058976471912,
  "NL-KVK-34200988_WIDG_UG16_677": 27890.334416706723,
  "NL-KVK-34200988_WIDG_UG16_678": 46483.8906945112
}