{
  "XM-DAC-46004-34174-013-LN2181": 1125739817.02,
  "XM-DAC-46004-34473-013-LN2207": 207264633.57999998,
  "XM-DAC-46004-35340-013-LN2176": 108760834.55,
  "XM-DAC-46004-35354-013-LN2471": 589990462.6899999,
  "XM-DAC-46004-36433-013-LN2274": 612885953.67,
  "XM-DAC-46004-36437-013-LN2428": 187467975.55,
  "XM-DAC-46004-36455-013-LN2448": 402595275.41,
  "XM-DAC-46004-36505-013-LN2237": 161761862.6,
  "XM-DAC-46004-36595-013-LN2328": 304883217.73,
  "XM-DAC-46004-37487-013-LN2182": 810630550.02,
  "XM-DAC-46004-37490-013-LN2339": 405219257.16,
  "XM-DAC-46004-37494-013-LN2219": 417754316.16999996,
  "XM-DAC-46004-37596-013-LN2239": 201511084.13,
  "XM-DAC-46004-37597-013-LN2240": 202618074.60999998,
  "XM-DAC-46004-37603-013-LN2297": 204270599.06,
  "XM-DAC-46004-37641-013-LN2244": 399674466.03000003,
  "XM-DAC-46004-38174-013-LN2295": 609846944.85,
  "XM-DAC-46004-38301-013-LN2474": 157062808.51,
  "XM-DAC-46004-38594-013-LN2573": 300812793.13,
  "XM-DAC-46004-38660-023-LN2436": 200773754.33,
  "XM-DAC-46004-38662-013-LN2607": 200803260.93,
  "XM-DAC-46004-38662-023-LN2395": 126527023.2,
  "XM-DAC-46004-39019-013-LN2260": 242045187.22,
  "XM-DAC-46004-39038-013-LN2247": 412037194.06,
  "XM-DAC-46004-39149-013-LN2345": 608621221.1600001,
  "XM-DAC-46004-39153-013-LN2481": 296425644.05,
  "XM-DAC-46004-39153-023-LN2390": 201073243.29999998,
  "XM-DAC-46004-39228-033-LN2420": 211342389.03,
  "XM-DAC-46004-39321-013-LN2572": 79724198.74,
  "XM-DAC-46004-39652-023-LN2296": 45898275.85,
  "XM-DAC-46004-39652-033-LN2408": 56856711.5,
  "XM-DAC-46004-39653-023-LN2426": 70778015.85,
  "XM-DAC-46004-39653-033-LN2611": 44473910.120000005,
  "XM-DAC-46004-39653-043-LN2773": 86222987.82000001,
  "XM-DAC-46004-39655-013-LN2393": 303253552.26,
  "XM-DAC-46004-40017-013-LN2494": 90462053.04,
  "XM-DAC-46004-40050-013-LN2360": 197091641.15,
  "XM-DAC-46004-40051-013-LN2407": 161401274.87,
  "XM-DAC-46004-40052-013-LN2388": 161540871.45999998,
  "XM-DAC-46004-40524-013-LN2771": 200583149.16,
  "XM-DAC-46004-40625-013-LN2601": 300160335.74,
  "XM-DAC-46004-40626-013-LN2709": 498727315.31,
  "XM-DAC-46004-40634-013-LN2658": 286822308.88,
  "XM-DAC-46004-40641-013-LN2574": 198208146.3,
  "XM-DAC-46004-40642-013-LN2491": 199149803.23,
  "XM-DAC-46004-40643-013-LN2526": 198926625.2,
  "XM-DAC-46004-40665-013-LN2487": 397901884.88,
  "XM-DAC-46004-40682-013-LN2632": 116657203.05,
  "XM-DAC-46004-40683-013-LN2700": 55165537.9,
  "XM-DAC-46004-40684-013-LN2744": 187526951.31,
  "XM-DAC-46004-40685-013-LN2838": 62752773.76,
  "XM-DAC-46004-41908-014-LN2389": 159999999.96,
  "XM-DAC-46004-41935-014-LN2505": 35000000.0,
  "XM-DAC-46004-41943-014-LN2435": 24082232.0084,
  "XM-DAC-46004-41957-014-LN2422": 30102625.22,
  "XM-DAC-46004-42010-013-LN2657": 288880489.32,
  "XM-DAC-46004-42011-013-LN2647": 198626656.17,
  "XM-DAC-46004-42012-013-LN2648": 195643785.66,
  "XM-DAC-46004-42016-013-LN2738": 120247627.14,
  "XM-DAC-46004-42017-013-LN2631": 402180333.42,
  "XM-DAC-46004-42018-013-LN2600": 401683820.8,
  "XM-DAC-46004-42019-013-LN3556": 346229619.23,
  "XM-DAC-46004-42019-014-LN3797": 150355950.62,
  "XM-DAC-46004-42022-013-LN2694": 80190069.33,
  "XM-DAC-46004-42117-013-LN2616": 242080324.19,
  "XM-DAC-46004-42382-013-LN2550": 192585841.15,
  "XM-DAC-46004-42383-023-LN2606": 194230399.10999998,
  "XM-DAC-46004-42496-013-LN2508": 805816227.5899999,
  "XM-DAC-46004-42936-014-LN2627": 37503750.375,
  "XM-DAC-46004-43023-013-LN2821": 380598392.74,
  "XM-DAC-46004-43024-013-LN2759": 197282322.66,
  "XM-DAC-46004-43025-013-LN2760": 198883000.06,
  "XM-DAC-46004-43029-013-LN3042": 399488833.14,
  "XM-DAC-46004-43031-013-LN2962": 298965881.74,
  "XM-DAC-46004-43032-013-LN2802": 298968869.9,
  "XM-DAC-46004-43049-013-LN2943": 400245673.78,
  "XM-DAC-46004-43054-013-LN2829": 200323701.68,
  "XM-DAC-46004-43332-023-LN2605": 596167152.28,
  "XM-DAC-46004-43332-033-LN2724": 200039436.23,
  "XM-DAC-46004-43332-043-LN2765": 489197920.9,
  "XM-DAC-46004-43332-053-LN3082": 357742842.46,
  "XM-DAC-46004-43332-054-LN3109": 322321351.93,
  "XM-DAC-46004-43901-014-LN2522": 100000000.0,
  "XM-DAC-46004-44007-013-LN2915": 190775427.07,
  "XM-DAC-46004-44011-013-LN2898": 283106236.52,
  "XM-DAC-46004-44012-013-LN2835": 200412544.54999998,
  "XM-DAC-46004-44013-013-LN2885": 200032916.67,
  "XM-DAC-46004-44019-013-LN2940": 200090833.32999998,
  "XM-DAC-46004-44020-013-LN2903": 200057500.0,
  "XM-DAC-46004-44021-013-LN2901": 286285828.59,
  "XM-DAC-46004-44022-023-LN3035": 128267861.05,
  "XM-DAC-46004-44035-014-LN2973": 139658319.56,
  "XM-DAC-46004-44036-013-LN2941": 500195833.33,
  "XM-DAC-46004-44037-014-LN2980": 167294834.78,
  "XM-DAC-46004-45021-002-LN3112": 366693574.57,
  "XM-DAC-46004-45022-002-LN3216": 226650119.21,
  "XM-DAC-46004-45023-002-LN3014": 299932540.67,
  "XM-DAC-46004-45030-002-LN3074": 156531372.3,
  "XM-DAC-46004-45506-002-LN3003": 200000000.0,
  "XM-DAC-46004-45507-003-LN3115": 299786329.62,
  "XM-DAC-46004-45508-002-LN3017": 283599699.6,
  "XM-DAC-46004-45509-002-LN3022": 295914438.3,
  "XM-DAC-46004-45511-006-LN3010": 99047247.92999999,
  "XM-DAC-46004-46040-003-LN3217": 394906716.76,
  "XM-DAC-46004-46042-002-LN3294": 399999999.5,
  "XM-DAC-46004-46047-002-LN3095": 98672084.64,
  "XM-DAC-46004-46048-002-LN3211": 238142666.56,
  "XM-DAC-46004-46049-002-LN3262": 298876199.62,
  "XM-DAC-46004-46050-002-LN3168": 175231129.55,
  "XM-DAC-46004-46058-002-LN3075": 273302963.27,
  "XM-DAC-46004-46062-002-LN3202": 194837125.25,
  "XM-DAC-46004-46063-002-LN3263": 297241912.58,
  "XM-DAC-46004-46078-002-LN3054": 258790765.10999998,
  "XM-DAC-46004-46079-002-LN3114": 199163952.89000002,
  "XM-DAC-46004-46081-002-LN3296": 117867651.35,
  "XM-DAC-46004-46906-014-LN2899": 60000000.0,
  "XM-DAC-46004-46906-014-LN2900": 40000000.0,
  "XM-DAC-46004-46917-014-LN2896": 24330900.24,
  "XM-DAC-46004-46921-014-LN2933": 96227867.58,
  "XM-DAC-46004-46928-014-LN2986": 100000000.0,
  "XM-DAC-46004-46928-024-LN3107": 75000000.0,
  "XM-DAC-46004-46928-034-LN3145": 100000000.0,
  "XM-DAC-46004-46930-014-LN2960": 101052716.93678,
  "XM-DAC-46004-47009-002-LN3215": 100000000.0,
  "XM-DAC-46004-47030-002-LN3281": 255265552.12,
  "XM-DAC-46004-47046-002-LN3312": 201601327.19,
  "XM-DAC-46004-47047-002-LN3400": 293493425.36,
  "XM-DAC-46004-47048-002-LN3277": 178598342.31,
  "XM-DAC-46004-47051-002-LN3308": 170000000.0,
  "XM-DAC-46004-47052-002-LN3218": 252939698.46,
  "XM-DAC-46004-47069-002-LN3401": 218411598.85999998,
  "XM-DAC-46004-47070-002-LN3336": 260000000.0,
  "XM-DAC-46004-47071-002-LN3450": 123883492.61,
  "XM-DAC-46004-47335-001-LN3230": 80000000.0,
  "XM-DAC-46004-47923-001-LN3071": 100000000.0,
  "XM-DAC-46004-48003-002-LN3358": 188798785.36,
  "XM-DAC-46004-48023-003-LN3444": 181413667.42000002,
  "XM-DAC-46004-48024-002-LN3459": 216712407.62,
  "XM-DAC-46004-48055-002-LN3485": 161214291.37,
  "XM-DAC-46004-48101-003-LN3352": 300000000.0,
  "XM-DAC-46004-48102-002-LN3443": 172418837.05,
  "XM-DAC-46004-48137-001-LN3143": 100000000.0,
  "XM-DAC-46004-48274-002-LN3557": 150080192.75,
  "XM-DAC-46004-48281-001-LN3206": 150000000.0,
  "XM-DAC-46004-48358-001-LN3567": 126217864.32,
  "XM-DAC-46004-48443-002-LN3712": 180851311.32,
  "XM-DAC-46004-48452-004-LN3475": 299700000.0,
  "XM-DAC-46004-48468-002-LN3564": 223977042.88,
  "XM-DAC-46004-49021-002-LN3613": 388853522.18,
  "XM-DAC-46004-49021-004-LN3827": 204110849.8,
  "XM-DAC-46004-49028-002-LN3536": 129740127.35,
  "XM-DAC-46004-49029-002-LN3568": 236847417.58,
  "XM-DAC-46004-49066-001-LN3304": 150000000.0,
  "XM-DAC-46004-49084-001-LN3357": 50000000.0,
  "XM-DAC-46004-49200-001-LN3290": 75000000.0,
  "XM-DAC-46004-49232-001-LN3356": 600000000.0,
  "XM-DAC-46004-49308-002-LN3565": 464500000.0,
  "XM-DAC-46004-49309-002-LN3767": 177000000.0,
  "XM-DAC-46004-49310-002-LN3759": 305072938.71,
  "XM-DAC-46004-49322-001-LN3406": 62623326.15,
  "XM-DAC-46004-49432-001-LN3390": 50000000.0,
  "XM-DAC-46004-50010-002-LN3583": 221680577.71,