{
  "orbis_uk": {
    "GB-CHC-1061352-2302": 3061437.714591977,
    "GB-CHC-1061352-3035": 5997426.664423844,
    "GB-CHC-1061352-3570": 2046930.8471762289
  }
}