{
  "uhai-eashri": {
    "KE-RCO-201036685-BR": 571219.7610862636,
    "KE-RCO-201036685-EA": 26041.391180441846,
    "KE-RCO-201036685-KE": 2619029.953524827,
    "KE-RCO-201036685-OVOF-Arts,Media,Culture": 49571.735866677824,
    "KE-RCO-201036685-OVOF-DA": 29632.86938661605,
    "KE-RCO-201036685-OVOF-MB": 312995.89130802633,
    "KE-RCO-201036685-UG": 1978826.1197622763
  }
}