{
  "uhai-eashri": {
    "KE-RCO-201036685-BR": 739916.0842779974,
    "KE-RCO-201036685-EA": 33863.484992156744,
    "KE-RCO-201036685-KE": 3269814.775147071,
    "KE-RCO-201036685-OVOF-Arts,Media,Culture": 49586.27848950179,
    "KE-RCO-201036685-OVOF-MB": 77905.54444348993,
    "KE-RCO-201036685-OVOF-MB-KENYA": 235182.16897068545,
    "KE-RCO-201036685-UG": 2611119.814574999
  }
}