{
  "GB-1-103980-102": 261340.18511190076,
  "GB-1-103985-101": 38897686.768788345,
  "GB-1-103985-102": 2125251.3058759985,
  "GB-1-103986-101": 368697422.2984113,
  "GB-1-103991-101": 19566426.484276064,
  "GB-1-103991-102": 2405947.21935676,
  "GB-1-103993-101": 5425582.0838056635,
  "GB-1-103993-102": 674044.7353373158,
  "GB-1-103993-103": 262015.06535998662,
  "GB-1-104001-101": 62783.612291291916,
  "GB-1-104023-101": 235208.02200780742,
  "GB-1-104025-101": 12971939.693336645,
  "GB-1-104026-101": 4689.7687269159915,
  "GB-1-104030-101": 466173.66307346383,
  "GB-1-104038-101": 53486.41726604827,
  "GB-1-104038-104": 77155.51939514547,
  "GB-1-104045-101": 889989.4785329006,
  "GB-1-113355-101": 149596.5391612865,
  "GB-1-113417-101": 1584219.0964777598,
  "GB-1-113419-101": 231818.37386394653,
  "GB-1-113468-102": 10829202.378679888,
  "GB-1-113510-101": 309097.9765800886,
  "GB-1-113610-101": 354975.96825628175,
  "GB-1-114086-101": 22150688.415978014,
  "GB-1-114086-102": 3150586.8755568354,
  "GB-1-114086-105": 6590364.705131014,
  "GB-1-114086-109": 17546854.800838728,
  "GB-1-114183-102": 381502.4128085963,
  "GB-1-200252-102": 135920.8963415706,
  "GB-1-200252-104": -885376.7481857431,
  "GB-1-200273-101": 3835343.8131133076,
  "GB-1-200340-101": 917367.6656606821,
  "GB-1-200605-101": 3949390.5021572467,
  "GB-1-200992-101": 772277.8201225601,
  "GB-1-201123-102": 21971.834522634286,
  "GB-1-201123-103": 62953648.26483589,
  "GB-1-201745-105": 10139763.09583589,
  "GB-1-201791-101": 1584744.9647860597,
  "GB-1-201791-103": 137741.98639058397,
  "GB-1-201791-104": 3170000.074465318,
  "GB-1-201791-112": 756465.5053641584,
  "GB-1-201806-101": 2241267.8834058535,
  "GB-1-201806-104": 108608.21303139639,
  "GB-1-201806-105": 2843945.447622616,
  "GB-1-201861-101": 801982.4064522532,
  "GB-1-201861-102": 2405947.21935676,
  "GB-1-201862-101": 14946473.496487,
  "GB-1-201862-102": 6085415.053118716,
  "GB-1-201862-103": 1605424.121192042,
  "GB-1-201863-101": 38190066.55608376,
  "GB-1-201958-101": 290790.59986647905,
  "GB-1-201958-102": 30536547.764399167,
  "GB-1-202349-103": 20912629.736382883,
  "GB-1-202349-104": 199401.46940153124,
  "GB-1-202461-101": 527200.5621413013,
  "GB-1-202462-101": 61044594.95953389,
  "GB-1-202462-102": 1279349.908491975,
  "GB-1-202462-103": 1767179.982713422,
  "GB-1-202462-104": 318936.2631430536,
  "GB-1-202462-106": 562491.7000055936,
  "GB-1-202462-109": 6823578.943466445,
  "GB-1-202462-110": 1605911.2176607612,
  "GB-1-202462-112": 6919886.400330765,
  "GB-1-202462-113": 19190469.51382929,
  "GB-1-202463-101": 2238089.2590914653,
  "GB-1-202463-103": 7223194.0038958015,
  "GB-1-202463-104": 104885.70672501346,
  "GB-1-202485-101": 5046591.343759636,
  "GB-1-202742-101": 495466.2918265071,
  "GB-1-202785-101": 798811.1315127095,
  "GB-1-202921-110": 222484.23332263457,
  "GB-1-203243-107": 851085.2411279294,
  "GB-1-203243-112": 1957326.1153575587,
  "GB-1-203243-121": 2891339.429834204,
  "GB-1-203270-101": 9696201.328519693,
  "GB-1-203311-101": 2319269.1259348593,
  "GB-1-203312-101": 25122626.86653627,
  "GB-1-203312-102": 728982.6838015874,
  "GB-1-203313-101": 6037959.621897667,
  "GB-1-203313-102": 4684343.214629946,
  "GB-1-203317-102": 40105514.76394101,
  "GB-1-203317-105": 823796.0000393768,
  "GB-1-203317-106": 1802465.6480861565,
  "GB-1-203559-140": 2590729.679051835,
  "GB-1-203687-101": 15688975.15138199,
  "GB-1-203981-101": 7050739.589467172,
  "GB-1-203981-102": 5217605.878993398,
  "GB-1-203981-103": 489077.7996713776,
  "GB-1-203981-105": 8365463.8500958625,
  "GB-1-203981-106": 32216170.402435906,
  "GB-1-203981-107": 6590368.000315014,
  "GB-1-203981-108": 11466742.747764101,
  "GB-1-203981-109": 12246305.845377363,
  "GB-1-203981-111": 4320444.254782514,
  "GB-1-203981-112": 11449138.22724326,
  "GB-1-203981-113": 10381740.807216238,
  "GB-1-203981-114": 5119193.5612366935,
  "GB-1-204050-101": 15476236.798822772,
  "GB-1-204064-101": 46132576.0022051,
  "GB-1-204064-103": 46897.68726915991,
  "GB-1-204065-101": 7189418.04483564,
  "GB-1-204067-101": 1709669.9944580588,
  "GB-1-204067-103": 604083.0164608747,
  "GB-1-204067-104": 1318073.600063003,
  "GB-1-204067-105": 1153314.4000551275,
  "GB-1-204082-101": 12469446.060514688,
  "GB-1-204179-101": 107093480.00511898,
  "GB-1-204179-104": 5354674.000255949,
  "GB-1-204179-105": 3472596.7067259876,
  "GB-1-204179-107": 242835.28970760733,
  "GB-1-204179-108": 2017707.0669764448,
  "GB-1-204242-101": 4990.556168238545,
  "GB-1-204242-102": 37550687.762162894,
  "GB-1-204242-103": 406095.180995411,
  "GB-1-204242-104": 2128715.2255737507,
  "GB-1-204253-102": 11203625.600535525,
  "GB-1-204265-101": 10427164.918658411,
  "GB-1-204391-101": 16108174.171185957,
  "GB-1-204497-102": 2141.8696001023795,
  "GB-1-204497-103": 53820675.238860585,
  "GB-1-204497-105": 1635437.7138941726,
  "GB-1-204837-102": 388584.573218574,
  "GB-1-204837-105": 974466.6408545787,
  "GB-1-204837-106": 39276650.7709094,
  "GB-1-204837-109": 13180732.70544603,
  "GB-1-204856-102": 288888.78129380866,
  "GB-1-204856-103": 73510854.46353777,
  "GB-1-204856-104": 3130424.8001496317,
  "GB-1-204856-105": 1648564.0793588,
  "GB-1-204856-106": 151321.43965523306,
  "GB-1-204856-107": 1296480.2593099708,
  "GB-1-204856-108": 16394186.25684763,
  "GB-1-204856-109": 26838832.126626875,
  "GB-1-204856-110": 3828746.783831011,
  "GB-1-204866-101": 325666.32991956663,
  "GB-1-204866-102": 78974.0273397749,
  "GB-1-205060-101": 261843.55861251592,
  "GB-1-205074-101": 191120.67200913542,
  "GB-1-205074-102": 62063864.696262605,
  "GB-1-205074-103": 14154131.706684556,
  "GB-1-205074-106": 22489630.801074985,
  "GB-1-205074-107": 7532283.166024038,
  "GB-1-205074-108": 9721069.59592066,
  "GB-1-205074-109": 449237.37751747324,
  "GB-1-205074-110": 8237960.000393768,
  "GB-1-205210-113": 13180736.000630029,
  "GB-1-205238-105": 8863199.745727655,
  "GB-GOV-1-300210-101": 13796236.829651449,
  "GB-GOV-1-300210-102": 6425608.800307139,
  "GB-GOV-1-300212-101": 17595814.644713067,
  "GB-GOV-1-300212-102": 14416430.000689093,
  "GB-GOV-1-300212-103": 145762.46424696734,
  "GB-GOV-1-300298-101": 56782931.97115418,
  "GB-GOV-1-300298-102": 19218391.255454622,
  "GB-GOV-1-300298-103": 25444585.405624233,
  "GB-GOV-1-300298-104": 7923782.32949075,
  "GB-GOV-1-300298-105": 454582.1659657287,
  "GB-GOV-1-300298-106": 2424789.1555799027,
  "GB-GOV-1-300298-107": 648212.120590984,
  "GB-GOV-1-300298-109": 19767808.816944886,
  "GB-GOV-1-300360-101": 14828328.000708783,
  "GB-GOV-1-300586-101": 9885552.000472521,
  "GB-GOV-1-300586-102": 5736940.058154222,
  "GB-GOV-1-300586-105": 5665548.249198808,
  "GB-GOV-1-300725-101": 982622.2212549686,
  "GB-GOV-1-300725-102": 3756508.112587558,
  "GB-GOV-1-300725-105": 13516185.731846062,
  "GB-GOV-1-300725-106": 4330860.3314070115,
  "GB-GOV-1-300725-107": 2589026.068923753,
  "GB-GOV-1-300756-101": 9885552.000472521,
  "GB-GOV-1-300777-101": 501365.54080796486,
  "GB-GOV-1-300820-101": 4053076.320193734,
  "GB-GOV-1-300820-102": 4346121.976103741,
  "GB-GOV-1-300820-103": 2553767.6001220685,
  "GB-GOV-1-300820-104": 659036.8000315015,
  "GB-GOV-1-300825-101": 1647592.0000787536,
  "GB-GOV-1-300825-102": 30072613.668125447,
  "GB-GOV-1-300825-106": 4288530.397740988,
  "GB-GOV-1-300825-107": 6227792.314409683,
  "GB-GOV-1-300825-108": 2749163.773371408,
  "GB-GOV-1-300825-109": 1336482.1454798828,
  "GB-GOV-1-300852-101": 8741861.185289854,
  "GB-GOV-1-300852-102": 58489516.002795756,
  "GB-GOV-1-300852-103": 14167393.17469319,
  "GB-GOV-1-300852-104": 23047146.277245637,
  "GB-GOV-1-300852-105": 6590368.000315014,
  "GB-GOV-1-300852-106": 9226515.20044102,
  "GB-GOV-1-300888-101": 123569400.00590652,
  "GB-GOV-1-300934-102": 475600.49711073335,
  "GB-GOV-1-301326-101": 1647592.0000787536,
  "GB-GOV-1-301363-101": 4118980.000196884,
  "GB-GOV-1-301363-102": 1647592.0000787536,
  "GB-GOV-1-301363-103": 5107535.200244136
}