{
  "GB-1-103980-102": 261306.18221397896,
  "GB-1-103985-101": 38855404.133180685,
  "GB-1-103985-102": 2124474.22946724,
  "GB-1-103986-101": 368295936.95268464,
  "GB-1-103991-101": 19549387.65429733,
  "GB-1-103991-102": 2403303.7322744085,
  "GB-1-103993-101": 5418988.371777203,
  "GB-1-103993-102": 673953.2657915971,
  "GB-1-103993-103": 261178.052471124,
  "GB-1-104001-101": 62778.831240350795,
  "GB-1-104023-101": 235301.0816007927,
  "GB-1-104025-101": 12957188.069396146,
  "GB-1-104026-101": 4689.9873229529985,
  "GB-1-104030-101": 465882.5432190965,
  "GB-1-104038-101": 53507.579062225675,
  "GB-1-104038-104": 77070.74628906391,
  "GB-1-104045-101": 890160.0288652283,
  "GB-1-113355-101": 149321.48689472937,
  "GB-1-113417-101": 1579881.5869194036,
  "GB-1-113419-101": 231732.8369598799,
  "GB-1-113468-102": 10813218.61448038,
  "GB-1-113510-101": 308795.78121194476,
  "GB-1-113610-101": 354886.80985966243,
  "GB-1-114086-101": 22128953.550275218,
  "GB-1-114086-102": 3148066.472932958,
  "GB-1-114086-105": 6581870.9884968465,
  "GB-1-114086-109": 17524240.26899299,
  "GB-1-114183-102": 381220.7812525483,
  "GB-1-200252-102": 135974.67317785264,
  "GB-1-200252-104": -885418.0167129736,
  "GB-1-200273-101": 3825930.2111406242,
  "GB-1-200340-101": 914670.3466957145,
  "GB-1-200605-101": 3943747.4965223665,
  "GB-1-200992-101": 772583.3703287083,
  "GB-1-201123-102": 21957.80250719748,
  "GB-1-201123-103": 62867552.65884456,
  "GB-1-201745-105": 10125985.663948214,
  "GB-1-201791-101": 1579661.5695227247,
  "GB-1-201791-103": 137564.46337731002,
  "GB-1-201791-104": 3166582.5850470276,
  "GB-1-201791-112": 755490.566353411,
  "GB-1-201806-101": 2235216.7174526923,
  "GB-1-201806-104": 108568.50154884806,
  "GB-1-201806-105": 2836857.8403922142,
  "GB-1-201861-101": 801101.2440914694,
  "GB-1-201861-102": 2403303.7322744085,
  "GB-1-201862-101": 14932605.077169623,
  "GB-1-201862-102": 6077876.998198049,
  "GB-1-201862-103": 1604398.838754748,
  "GB-1-201863-101": 38152831.572402224,
  "GB-1-201958-101": 290756.26911002025,
  "GB-1-201958-102": 30499498.072652202,
  "GB-1-202349-103": 20873569.24320175,
  "GB-1-202349-104": 199144.47913569442,
  "GB-1-202461-101": 526244.7901981206,
  "GB-1-202462-101": 60981126.6974816,
  "GB-1-202462-102": 1278516.1408099753,
  "GB-1-202462-103": 1763953.2468705862,
  "GB-1-202462-104": 317913.20951272646,
  "GB-1-202462-106": 561776.7765364196,
  "GB-1-202462-109": 6819108.434801058,
  "GB-1-202462-110": 1603841.5059782162,
  "GB-1-202462-112": 6910967.993405686,
  "GB-1-202462-113": 19165736.677723847,
  "GB-1-202463-101": 2236874.8734654896,
  "GB-1-202463-103": 7218557.905623408,
  "GB-1-202463-104": 104750.5291571919,
  "GB-1-202485-101": 5046826.571748985,
  "GB-1-202742-101": 494175.1049857581,
  "GB-1-202785-101": 797381.9925125341,
  "GB-1-202921-110": 222197.49379941195,
  "GB-1-203243-107": 850068.1564291717,
  "GB-1-203243-112": 1954803.497243335,
  "GB-1-203243-121": 2887613.0476218374,
  "GB-1-203270-101": 9683795.225503962,
  "GB-1-203311-101": 2316280.0326698497,
  "GB-1-203312-101": 25104600.887116004,
  "GB-1-203312-102": 726644.3219804533,
  "GB-1-203313-101": 6032432.46068951,
  "GB-1-203313-102": 4679809.068403072,
  "GB-1-203317-102": 40053826.44423283,
  "GB-1-203317-105": 822734.2849292483,
  "GB-1-203317-106": 1800142.6154251953,
  "GB-1-203559-140": 2587390.725176875,
  "GB-1-203687-101": 15638649.538274975,
  "GB-1-203981-101": 7050800.514167089,
  "GB-1-203981-102": 5210881.385307876,
  "GB-1-203981-103": 488447.47215107555,
  "GB-1-203981-105": 8354682.370976692,
  "GB-1-203981-106": 32174649.935105275,
  "GB-1-203981-107": 6581874.279433986,
  "GB-1-203981-108": 11451964.314707039,
  "GB-1-203981-109": 12230522.704941295,
  "GB-1-203981-111": 4314876.030431398,
  "GB-1-203981-112": 11434382.4830381,
  "GB-1-203981-113": 10368360.733649565,
  "GB-1-203981-114": 5112595.902161658,
  "GB-1-204050-101": 15476958.165744895,
  "GB-1-204064-101": 46073119.9560379,
  "GB-1-204064-103": 46899.873229529985,
  "GB-1-204065-101": 7189222.89807949,
  "GB-1-204067-101": 1707750.4110640245,
  "GB-1-204067-103": 603304.4692643384,
  "GB-1-204067-104": 1316374.8558867972,
  "GB-1-204067-105": 1151827.9989009476,
  "GB-1-204082-101": 12460786.325566733,
  "GB-1-204179-101": 106955457.04080227,
  "GB-1-204179-104": 5347772.852040114,
  "GB-1-204179-105": 3468121.195319356,
  "GB-1-204179-107": 242522.32157430408,
  "GB-1-204179-108": 2015106.6293915093,
  "GB-1-204242-101": 4984.124298101386,
  "GB-1-204242-102": 37502292.124661736,
  "GB-1-204242-103": 405571.8021615825,
  "GB-1-204242-104": 2125971.719754295,
  "GB-1-204253-102": 11189186.275037777,
  "GB-1-204265-101": 10413726.302120563,
  "GB-1-204391-101": 16087413.82285541,
  "GB-1-204497-102": 2139.1091408160455,
  "GB-1-204497-103": 53751310.706700094,
  "GB-1-204497-105": 1633329.9482186504,
  "GB-1-204837-102": 388083.76220112643,
  "GB-1-204837-105": 973210.740174238,
  "GB-1-204837-106": 16582449.751160199,
  "GB-1-204837-109": 13163743.622462261,
  "GB-1-204856-102": 288516.45903898875,
  "GB-1-204856-103": 73416113.06525631,
  "GB-1-204856-104": 3126390.2827311433,
  "GB-1-204856-105": 1646439.3963147132,
  "GB-1-204856-106": 151126.41533008375,
  "GB-1-204856-107": 1294809.3448102318,
  "GB-1-204856-108": 16373057.293771425,
  "GB-1-204856-109": 26804242.017418187,
  "GB-1-204856-110": 3823812.263254248,
  "GB-1-204866-101": 325246.6084553701,
  "GB-1-204866-102": 78872.24495902732,
  "GB-1-205060-101": 261506.09246476155,
  "GB-1-205074-101": 190874.35410358562,
  "GB-1-205074-102": 61983876.2732333,
  "GB-1-205074-103": 14135889.744471803,
  "GB-1-205074-106": 22460645.978568476,
  "GB-1-205074-107": 7522575.49707353,
  "GB-1-205074-108": 9708541.000884866,
  "GB-1-205074-109": 448658.39666332724,
  "GB-1-205074-110": 8227342.849292483,
  "GB-1-205210-113": 13163748.558867972,
  "GB-1-205238-105": 8897066.65737916,
  "GB-GOV-1-300210-101": 13904038.286573032,
  "GB-GOV-1-300210-102": 6417327.422448137,
  "GB-GOV-1-300212-101": 17753781.489019677,
  "GB-GOV-1-300212-102": 14397849.986261845,
  "GB-GOV-1-300212-103": 145574.6043753812,
  "GB-GOV-1-300298-101": 56709749.65797435,
  "GB-GOV-1-300298-102": 19193622.43357724,
  "GB-GOV-1-300298-103": 25411792.21314112,
  "GB-GOV-1-300298-104": 7913570.093174736,
  "GB-GOV-1-300298-105": 453996.29670394823,
  "GB-GOV-1-300298-106": 2421664.067226437,
  "GB-GOV-1-300298-107": 647376.6994394283,
  "GB-GOV-1-300298-109": 19742331.90116224,
  "GB-GOV-1-300360-101": 14809217.12872647,
  "GB-GOV-1-300586-101": 15302857.699684018,
  "GB-GOV-1-300586-102": 5729546.242275833,
  "GB-GOV-1-300586-105": 8318758.501159541,
  "GB-GOV-1-300725-101": 981355.8095950375,
  "GB-GOV-1-300725-102": 5045732.286825458,
  "GB-GOV-1-300725-105": 14056640.687210277,
  "GB-GOV-1-300725-106": 4325278.682730043,
  "GB-GOV-1-300725-107": 2585689.3106756415,
  "GB-GOV-1-300756-101": 9872811.41915098,
  "GB-GOV-1-300777-101": 500719.3767450802,
  "GB-GOV-1-300820-101": 4047852.6818519016,
  "GB-GOV-1-300820-102": 4340520.658092643,
  "GB-GOV-1-300820-103": 2550476.2832806697,
  "GB-GOV-1-300820-104": 658187.4279433986,
  "GB-GOV-1-300825-101": 1645468.5698584965,
  "GB-GOV-1-300825-102": 30033855.834473692,
  "GB-GOV-1-300825-106": 4283003.30423324,
  "GB-GOV-1-300825-107": 6219765.884076646,
  "GB-GOV-1-300825-108": 2745620.628323038,
  "GB-GOV-1-300825-109": 1334759.6762178263,
  "GB-GOV-1-300852-101": 8730594.602166574,
  "GB-GOV-1-300852-102": 58414134.229976624,
  "GB-GOV-1-300852-103": 14149134.120990593,
  "GB-GOV-1-300852-104": 23017442.924174335,
  "GB-GOV-1-300852-105": 6581874.279433986,
  "GB-GOV-1-300852-106": 9214623.991207581,
  "GB-GOV-1-300888-101": 82273428.49292482,
  "GB-GOV-1-300934-102": 474987.53924963303,
  "GB-GOV-1-301326-101": 1645468.5698584965,
  "GB-GOV-1-301363-101": 8199369.883604888,
  "GB-GOV-1-301363-102": 1645468.5698584965,
  "GB-GOV-1-301363-103": 6088233.708476437,