{
  "BE-BCE_KBO-0546740696-PG2017-2021_BE": {
    "ares-activities.xml": 65948060.41847466
  },
  "BE-BCE_KBO-0546740696-PG2017-2021_BF": {
    "ares-activities.xml": 14786075.392625043
  },
  "BE-BCE_KBO-0546740696-PG2017-2021_BI": {
    "ares-activities.xml": 5492864.299290052
  },
  "BE-BCE_KBO-0546740696-PG2017-2021_BJ": {
    "ares-activities.xml": 12706215.641947731
  },
  "BE-BCE_KBO-0546740696-PG2017-2021_BO": {
    "ares-activities.xml": 5250831.503464927
  },
  "BE-BCE_KBO-0546740696-PG2017-2021_CD": {
    "ares-activities.xml": 20289399.470135286
  },
  "BE-BCE_KBO-0546740696-PG2017-2021_CM": {
    "ares-activities.xml": 505915.86917010805
  },
  "BE-BCE_KBO-0546740696-PG2017-2021_CU": {
    "ares-activities.xml": 2024490.1097234557
  },
  "BE-BCE_KBO-0546740696-PG2017-2021_EC": {
    "ares-activities.xml": 8035554.446675882
  },
  "BE-BCE_KBO-0546740696-PG2017-2021_HT": {
    "ares-activities.xml": 4538753.143461627
  },
  "BE-BCE_KBO-0546740696-PG2017-2021_KH": {
    "ares-activities.xml": 3468742.635974117
  },
  "BE-BCE_KBO-0546740696-PG2017-2021_MA": {
    "ares-activities.xml": 4868066.820045207
  },
  "BE-BCE_KBO-0546740696-PG2017-2021_MG": {
    "ares-activities.xml": 5986788.416275528
  },
  "BE-BCE_KBO-0546740696-PG2017-2021_NE": {
    "ares-activities.xml": 4445667.657511279
  },
  "BE-BCE_KBO-0546740696-PG2017-2021_PE": {
    "ares-activities.xml": 3570705.509575454
  },
  "BE-BCE_KBO-0546740696-PG2017-2021_PH": {
    "ares-activities.xml": 749801.2593389582
  },
  "BE-BCE_KBO-0546740696-PG2017-2021_RW": {
    "ares-activities.xml": 6044265.45802354
  },
  "BE-BCE_KBO-0546740696-PG2017-2021_SN": {
    "ares-activities.xml": 1203104.339242788
  },
  "BE-BCE_KBO-0546740696-PG2017-2021_VN": {
    "ares-activities.xml": 9616001.219957229
  }
}