{
  "GB-CHC-292506-GB621": 224393.1412402883,
  "GB-CHC-292506-GB623": 215413.76989051342,
  "GB-CHC-292506-GB626": 413661.8800227774,
  "GB-CHC-292506-GB628": 177980.44593548874,
  "GB-CHC-292506-GB637": 110163.62711145538,
  "GB-CHC-292506-GB639": 149201.2993767778,
  "GB-CHC-292506-GB644": 5079385.722655232,
  "GB-CHC-292506-GB649": 164650.52150575074,
  "GB-CHC-292506-GB653": 150936.74216803617,
  "GB-CHC-292506-GB662": 72554.08992728454,
  "GB-CHC-292506-GB672": 164375.4978889846,
  "GB-CHC-292506-GB673": 159139.9624480945,
  "GB-CHC-292506-GB674": 165031.87530150113,
  "GB-CHC-292506-GB686": 217418.6417054004,
  "GB-CHC-292506-GB687": 131992.90679976915,
  "GB-CHC-292506-GB701": 120303.87653726546,
  "GB-CHC-292506-GB703": 88972.13104081877,
  "GB-CHC-292506-GB709": 28180.294727396613,
  "GB-CHC-292506-GB710": 223602.7239580711,
  "GB-CHC-292506-GB717": 380469.14248319215,
  "GB-CHC-292506-GB721": 366500.23324372096,
  "GB-CHC-292506-GB722": 150715.04818761913,
  "GB-CHC-292506-GB726": 67559.0397178793,
  "GB-CHC-292506-GB728": 163880.0637572859,
  "GB-CHC-292506-GB745": 55014.3164349921,
  "GB-CHC-292506-GB757": 28356.62313934265,
  "GB-CHC-292506-GB758": 147633.9082905591,
  "GB-CHC-292506-GB759": 434720.2905954839,
  "GB-CHC-292506-GB765": 117257.11047862977,
  "GB-CHC-292506-GB774": 154916.35726829604,
  "GB-CHC-292506-GB775": 233186.475913555,
  "GB-CHC-292506-GB778": 14956.716931328583,
  "GB-CHC-292506-GB783": 148039.5162930292,
  "GB-CHC-292506-GB784": 103402.00184545005,
  "GB-CHC-292506-GB785": 54172.116256881425,
  "GB-CHC-292506-GB786": 140152.80189238314,
  "GB-CHC-292506-GB787": 287421.8604369475,
  "GB-CHC-292506-GB788": 304103.76889034425,
  "GB-CHC-292506-GB789": 426544.3850936852,
  "GB-CHC-292506-GB793": 262119.40796480497,
  "GB-CHC-292506-GB794": 138658.69997626593,
  "GB-CHC-292506-GB795": 128482.54642626153,
  "GB-CHC-292506-GB805": 429496.8164392109,
  "GB-CHC-292506-GB806": 409412.32580363227,
  "GB-CHC-292506-GB807": 12998.675151939768,
  "GB-CHC-292506-GB809": 125540.05371089779,
  "GB-CHC-292506-GB812": 185523.32322377717,
  "GB-CHC-292506-GB817": 116189.85956421957,
  "GB-CHC-292506-GB822": 78159.26342770763,
  "GB-CHC-292506-GB828": 140034.90406935278,
  "GB-CHC-292506-GB829": 58858.26265166714,
  "GB-CHC-292506-GB834": 57567.09637427057,
  "GB-CHC-292506-GB835": 151881.6854036488,
  "GB-CHC-292506-GB838": 29269.907559671206,
  "GB-CHC-292506-GB839": 50341.46542625084,
  "GB-CHC-292506-GB851": 232896.82408120282,
  "GB-CHC-292506-GB856": 96825.93607006766,
  "GB-CHC-292506-GB857": 312361.503544122,
  "GB-CHC-292506-GB868": -17580.16480927677,
  "GB-CHC-292506-GB869": 419882.9359542128,
  "GB-CHC-292506-GB882": -10154.935232796068,
  "GB-CHC-292506-GB891": -46809.76332539215,
  "GB-CHC-292506-GB893": 61109.03328963377,
  "GB-CHC-292506-GB895": 636674.9009547826,
  "GB-CHC-292506-GB896": 164546.85698584965,
  "GB-CHC-292506-GB897": 452294.45438088634,
  "GB-CHC-292506-GB898": 156319.51413655718
}