{
  "NL-KVK-32022621-650410": {
    "rnw_org-activities2021.xml": 213006.50175372476
  },
  "NL-KVK-32022621-650421": {
    "rnw_org-activities2021.xml": 257383.7419529403
  }
}