{
  "NL-KVK-32022621-650410": {
    "rnw_org-activities2021.xml": 212944.03138271853
  },
  "NL-KVK-32022621-650421": {
    "rnw_org-activities2021.xml": 257308.25666156004
  }
}