{
  "SE-ON-802005-9823-CD-500393": {
    "wwf-se-all_activities.xml": 597330.4030828968
  },
  "SE-ON-802005-9823-CM-500396": {
    "wwf-se-all_activities.xml": 1508488.8838536453
  },
  "SE-ON-802005-9823-CM-500408": {
    "wwf-se-all_activities.xml": 376277.36819849565
  },
  "SE-ON-802005-9823-KE-500400": {
    "wwf-se-all_activities.xml": 707749.7164574256
  },
  "SE-ON-802005-9823-KE-500407": {
    "wwf-se-all_activities.xml": 188915.62148069288
  },
  "SE-ON-802005-9823-LA-500399": {
    "wwf-se-all_activities.xml": 1475133.6672942853
  },
  "SE-ON-802005-9823-MG-500402": {
    "wwf-se-all_activities.xml": 1783334.6998660667
  },
  "SE-ON-802005-9823-MG-500403": {
    "wwf-se-all_activities.xml": 849323.9340214544
  },
  "SE-ON-802005-9823-MZ-500401": {
    "wwf-se-all_activities.xml": 684163.2149691383
  },
  "SE-ON-802005-9823-NA-500395": {
    "wwf-se-all_activities.xml": 238353.49295507147
  },
  "SE-ON-802005-9823-SE-500000": {
    "wwf-se-all_activities.xml": 1514644.500524081
  },
  "SE-ON-802005-9823-SE-500318": {
    "wwf-se-all_activities.xml": 581837.9547584262
  },
  "SE-ON-802005-9823-SE-500410": {
    "wwf-se-all_activities.xml": 3079412.306704535
  },
  "SE-ON-802005-9823-SE-500444": {
    "wwf-se-all_activities.xml": 584218.3524354243
  },
  "SE-ON-802005-9823-SE-500445": {
    "wwf-se-all_activities.xml": 112366.22103401976
  },
  "SE-ON-802005-9823-SE-500446": {
    "wwf-se-all_activities.xml": 106890.34241664254
  },
  "SE-ON-802005-9823-TZ-500397": {
    "wwf-se-all_activities.xml": 1727787.5110256828
  },
  "SE-ON-802005-9823-TZ-500398": {
    "wwf-se-all_activities.xml": 240826.63529551873
  },
  "SE-ON-802005-9823-UG-500392": {
    "wwf-se-all_activities.xml": 114289.9060140015
  },
  "SE-ON-802005-9823-UG-500406": {
    "wwf-se-all_activities.xml": 634473.1072210957
  },
  "SE-ON-802005-9823-UG-500409": {
    "wwf-se-all_activities.xml": 379560.96744835895
  },
  "SE-ON-802005-9823-ZM-500394": {
    "wwf-se-all_activities.xml": 215214.64877933785
  },
  "SE-ON-802005-9823-ZW-500405": {
    "wwf-se-all_activities.xml": 375885.2116294234
  }
}