{
  "AU-5-INI124-MU": 124322.33428424933,
  "AU-5-INI251-MU": 234167.6005463505,
  "AU-5-INI504-MU": 122476.02019727582,
  "AU-5-INI595-MU": 6075.825188904176,
  "AU-5-INI855-MU": 290592.52420914953,
  "AU-5-INI882-MU": 86827.76103524797,
  "AU-5-INI978-MU": 3514019.980925691,
  "AU-5-INJ018-MU": 511618.4843663938,
  "AU-5-INJ269-MU": 5840.792466441607,
  "AU-5-INJ344-MU": 244014.6033911822,
  "AU-5-INJ522-MU": 154136.61424050652,
  "AU-5-INJ540-MU": 1179823.4575293341,
  "AU-5-INJ554-MU": 187.59469662344463,
  "AU-5-INK048-MU": 1387363.2278089435,
  "AU-5-INK573-MU": 2217183.198116442,
  "AU-5-INK680-MU": 39873.3964294148,
  "AU-5-INL062-MU": 1201646.1571063963,
  "AU-5-INL144-MU": 110472.41449504044,
  "AU-5-INL420-MU": 4141571.404559921,
  "AU-5-INL471-MU": 22023.24610612757,
  "AU-5-INL495-MU": 1216972.6458468228,
  "AU-5-INL630-MU": 57504.64088253782,
  "AU-5-INL793-MU": 551584.5081204209,
  "AU-5-INL889-MU": 574.3781072540448,
  "AU-5-INL966-MU": 807.3805469891762,
  "AU-5-INM014-MU": 643485.005281068,
  "AU-5-INM056-MU": 82589.43067355723,
  "AU-5-INM061-MU": 228339.68160973417,
  "AU-5-INM079-MU": 14025.301895684459,
  "AU-5-INM083-MU": 1105946.9833130327,
  "AU-5-INM162-MU": 55127.65475314686,
  "AU-5-INM260-MU": 56117.46356690541,
  "AU-5-INM290-MU": 6676.693941712506,
  "AU-5-INM308-MU": 704539.7724837563,
  "AU-5-INM339-MU": 135564.07063473295,
  "AU-5-INM588-MU": 113326.7874037324,
  "AU-5-INM589-MU": 38679.30810626334,
  "AU-5-INM603-MU": 17983.634040487097,
  "AU-5-INM608-MU": 325590.20378197404,
  "AU-5-O13637-MU": 110087516.84359154,
  "AU-5-O15362-MU": 255.75222231178145,
  "AU-5-O16903-MU": 43448.63323898128,
  "AU-5-O16904-MU": 5214.55847686298,
  "AU-5-O16905-MU": 46721.5047180515,
  "AU-5-O16907-MU": 140164.51415415452,
  "AU-5-O16911-MU": 21284.501936734792
}