{
  "XI-IATI-EC_INTPA-1999/010-985": 28118.740575576434,
  "XI-IATI-EC_INTPA-1999/010-987": 359759.8628696827,
  "XI-IATI-EC_INTPA-1999/011-184": 192656.963160927,
  "XI-IATI-EC_INTPA-1999/011-246": 763984.9704692899,
  "XI-IATI-EC_INTPA-2000/011-377": 521957.45231284684,
  "XI-IATI-EC_INTPA-2000/011-378": 1338544.1197756676,
  "XI-IATI-EC_INTPA-2000/011-540": 117455.76873134321,
  "XI-IATI-EC_INTPA-2000/011-561": 286030.0132901895,
  "XI-IATI-EC_INTPA-2000/011-586": 423244.17926131404,
  "XI-IATI-EC_INTPA-2000/011-652": 348267.46023715875,
  "XI-IATI-EC_INTPA-2001/011-701": 214732.48996187752,
  "XI-IATI-EC_INTPA-2001/011-715": 742835.0278511284,
  "XI-IATI-EC_INTPA-2001/011-775": 1324295.7393171773,
  "XI-IATI-EC_INTPA-2001/011-781": 182696.18952771855,
  "XI-IATI-EC_INTPA-2001/011-796": 784270.8041488961,
  "XI-IATI-EC_INTPA-2001/011-824": 604721.5657790167,
  "XI-IATI-EC_INTPA-2001/011-832": 666052.781853242,
  "XI-IATI-EC_INTPA-2001/011-843": 390165.7927779898,
  "XI-IATI-EC_INTPA-2001/011-847": 1905719.2874459017,
  "XI-IATI-EC_INTPA-2001/011-850": 1250730.2303002484,
  "XI-IATI-EC_INTPA-2001/034-385": 27101122.766172446,
  "XI-IATI-EC_INTPA-2001/2774/0": 263164.2383404879,
  "XI-IATI-EC_INTPA-2001/4128/0": 14756662.344134565,
  "XI-IATI-EC_INTPA-2001/5817/0": 88818.32777692913,
  "XI-IATI-EC_INTPA-2001/966/0": 20976138.833373632,
  "XI-IATI-EC_INTPA-2002/011-820": 1210403.302464714,
  "XI-IATI-EC_INTPA-2002/4256/0": 187443.0639992864,
  "XI-IATI-EC_INTPA-2002/4258/0": 739959.6687276463,
  "XI-IATI-EC_INTPA-2003/011-612": 5371337.686440742,
  "XI-IATI-EC_INTPA-2003/011-613": 5577403.089127105,
  "XI-IATI-EC_INTPA-2003/020-156": 607680.7660133184,
  "XI-IATI-EC_INTPA-2003/020-569": 210645.2017014243,
  "XI-IATI-EC_INTPA-2003/020-620": 1415912.2996674867,
  "XI-IATI-EC_INTPA-2003/020-643": 623133.3098449426,
  "XI-IATI-EC_INTPA-2003/020-686": 547240.8515005882,
  "XI-IATI-EC_INTPA-2003/020-691": 757374.3987201098,
  "XI-IATI-EC_INTPA-2003/020-738": 758236.1283803717,
  "XI-IATI-EC_INTPA-2003/027-230": 166583.40700671988,
  "XI-IATI-EC_INTPA-2003/048-647": 2697038.70680814,
  "XI-IATI-EC_INTPA-2003/057-356": 118252.81734113602,
  "XI-IATI-EC_INTPA-2003/068-528": 591592.0347633857,
  "XI-IATI-EC_INTPA-2003/068-795": 36631.75446578501,
  "XI-IATI-EC_INTPA-2003/069-857": 35391.906069227705,
  "XI-IATI-EC_INTPA-2003/071-632": 28305.058204511715,
  "XI-IATI-EC_INTPA-2003/2591/0": 8391081.755833147,
  "XI-IATI-EC_INTPA-2003/4977/0": 8522693.66832094,
  "XI-IATI-EC_INTPA-2003/5014/0": 1248148.9136882816,
  "XI-IATI-EC_INTPA-2003/5015/0": 256721.31244084425,
  "XI-IATI-EC_INTPA-2003/5971/1": 540844.1525990446,
  "XI-IATI-EC_INTPA-2004/063-409": 347631.65181740315,
  "XI-IATI-EC_INTPA-2004/063-514": 104655.04345161674,
  "XI-IATI-EC_INTPA-2004/063-615": 477001.5227710447,
  "XI-IATI-EC_INTPA-2004/063-656": 1619124.9559732175,
  "XI-IATI-EC_INTPA-2004/063-675": 569968.2992295135,
  "XI-IATI-EC_INTPA-2004/063-838": 924205.5744900876,
  "XI-IATI-EC_INTPA-2004/064-149": 659580.2932481302,
  "XI-IATI-EC_INTPA-2004/064-203": 550080.105346198,
  "XI-IATI-EC_INTPA-2004/064-588": 917166.3567692363,
  "XI-IATI-EC_INTPA-2004/075-745": 29199.48962436758,
  "XI-IATI-EC_INTPA-2004/076-184": 22476.782343123803,
  "XI-IATI-EC_INTPA-2004/076-185": 68367.27332833916,
  "XI-IATI-EC_INTPA-2004/077-044": 104307.64680307326,
  "XI-IATI-EC_INTPA-2004/078-414": 671839.8926222945,
  "XI-IATI-EC_INTPA-2004/078-472": 9772260.02350867,
  "XI-IATI-EC_INTPA-2004/079-013": 511358.9949097064,
  "XI-IATI-EC_INTPA-2004/084-694": 149191.33986246047,
  "XI-IATI-EC_INTPA-2004/084-696": 149185.3721790276,
  "XI-IATI-EC_INTPA-2004/091-810": 969091.730636267,
  "XI-IATI-EC_INTPA-2004/091-865": 145276.0523786366,
  "XI-IATI-EC_INTPA-2004/091-877": 430470.65210158785,
  "XI-IATI-EC_INTPA-2004/095-172": 133521.14785206472,
  "XI-IATI-EC_INTPA-2004/095-729": 167533.10793118746,
  "XI-IATI-EC_INTPA-2004/096-666": 414285.8411912618,
  "XI-IATI-EC_INTPA-2005/095-825": 1316190.4814357671,
  "XI-IATI-EC_INTPA-2005/096-823": 370787.7299289776,
  "XI-IATI-EC_INTPA-2005/098-933": 1668666.6523760413,
  "XI-IATI-EC_INTPA-2005/102-517": 243745.1845891482,
  "XI-IATI-EC_INTPA-2005/102-533": 590998.7551171903,
  "XI-IATI-EC_INTPA-2005/102-635": 243727.44684830538,
  "XI-IATI-EC_INTPA-2005/105-544": 234790.00737596228,
  "XI-IATI-EC_INTPA-2005/106-906": 468813.96591711795,
  "XI-IATI-EC_INTPA-2005/110-997": 557530.794748327,
  "XI-IATI-EC_INTPA-2005/111-000": 984485.605458609,
  "XI-IATI-EC_INTPA-2005/111-862": 309904.3397611902,
  "XI-IATI-EC_INTPA-2005/111-868": 214459.96143402232,
  "XI-IATI-EC_INTPA-2005/111-874": 861639.9002214656,
  "XI-IATI-EC_INTPA-2005/112-260": 459030.71052255225,
  "XI-IATI-EC_INTPA-2005/112-366": 202239.32674364638,
  "XI-IATI-EC_INTPA-2005/112-454": 269258.4533349859,
  "XI-IATI-EC_INTPA-2005/112-627": 1241161.6271400063,
  "XI-IATI-EC_INTPA-2005/113-202": 504836.95582451706,
  "XI-IATI-EC_INTPA-2005/113-207": 701575.9919749716,
  "XI-IATI-EC_INTPA-2005/113-250": 165784.60881540334,
  "XI-IATI-EC_INTPA-2005/113-253": 233976.0737257551,
  "XI-IATI-EC_INTPA-2005/113-266": 956991.7084729378,
  "XI-IATI-EC_INTPA-2005/113-287": 245208.29181951348,
  "XI-IATI-EC_INTPA-2005/113-336": 770350.3075411356,
  "XI-IATI-EC_INTPA-2005/113-376": 655852.3200637754,
  "XI-IATI-EC_INTPA-2005/17605/1": 182707254.96856022,
  "XI-IATI-EC_INTPA-2006/111-250": 347297.7714780558,
  "XI-IATI-EC_INTPA-2006/114-665": 401597.79784023395,
  "XI-IATI-EC_INTPA-2006/118-393": 487076.57828694565,
  "XI-IATI-EC_INTPA-2006/118-411": 975075.5277876991,
  "XI-IATI-EC_INTPA-2006/118-548": 997796.7273589859,
  "XI-IATI-EC_INTPA-2006/118-711": 1019468.6816244124,
  "XI-IATI-EC_INTPA-2006/119-083": 953819.3628140985,
  "XI-IATI-EC_INTPA-2006/119-123": 797001.4184210625,
  "XI-IATI-EC_INTPA-2006/119-480": 388836.91199078877,
  "XI-IATI-EC_INTPA-2006/119-481": 2105943.4102941216,
  "XI-IATI-EC_INTPA-2006/119-572": 895938.257660694,
  "XI-IATI-EC_INTPA-2006/119-691": 937494.7474055071,
  "XI-IATI-EC_INTPA-2006/119-849": 759776.5768949101,
  "XI-IATI-EC_INTPA-2006/119-877": 538963.2695313817,
  "XI-IATI-EC_INTPA-2006/119-917": 1236395.245407409,
  "XI-IATI-EC_INTPA-2006/124-160": 388071.668818531,
  "XI-IATI-EC_INTPA-2006/129-637": 179205315.1812793,
  "XI-IATI-EC_INTPA-2006/18154/0": 7893722.765787951,
  "XI-IATI-EC_INTPA-2007/118-122": 415237.16189225356,
  "XI-IATI-EC_INTPA-2007/133-414": 136522.00243858664,
  "XI-IATI-EC_INTPA-2007/133-439": 1013713.5630761904,
  "XI-IATI-EC_INTPA-2007/133-451": 606583.8135706957,
  "XI-IATI-EC_INTPA-2007/133-458": 1015703.5882007222,
  "XI-IATI-EC_INTPA-2007/133-467": 590886.4475603659,
  "XI-IATI-EC_INTPA-2007/133-468": 249419.133489499,
  "XI-IATI-EC_INTPA-2007/133-499": 999372.1784466505,
  "XI-IATI-EC_INTPA-2007/133-549": 890555.649987993,
  "XI-IATI-EC_INTPA-2007/133-556": 552373.5813108898,
  "XI-IATI-EC_INTPA-2007/144-930": 288116.9018500488,
  "XI-IATI-EC_INTPA-2007/145-206": 990009.5085666741,
  "XI-IATI-EC_INTPA-2007/145-207": 955184.6153775355,
  "XI-IATI-EC_INTPA-2007/146-069": 490660.6902523482,
  "XI-IATI-EC_INTPA-2007/146-376": 995337.0362188969,
  "XI-IATI-EC_INTPA-2007/146-455": 903933.7486758471,
  "XI-IATI-EC_INTPA-2007/146-515": 997412.8922700337,
  "XI-IATI-EC_INTPA-2007/18878/0": 8870110.530887656,
  "XI-IATI-EC_INTPA-2007/18878/1": 41006.76025953505,
  "XI-IATI-EC_INTPA-2007/19281/0": 107463065.00607668,
  "XI-IATI-EC_INTPA-2007/19522/0": 8646652.816427723,
  "XI-IATI-EC_INTPA-2008/150-903": 663515.9704808458,
  "XI-IATI-EC_INTPA-2008/151-721": 1171554.0749330688,
  "XI-IATI-EC_INTPA-2008/158-970": 827143.6667680175,
  "XI-IATI-EC_INTPA-2008/159-059": 1014116.1283390495,
  "XI-IATI-EC_INTPA-2008/159-068": 742336.4111314439,
  "XI-IATI-EC_INTPA-2008/159-088": 131300.79201575642,
  "XI-IATI-EC_INTPA-2008/159-178": 886782.0474429243,
  "XI-IATI-EC_INTPA-2008/159-184": 770112.2940748724,
  "XI-IATI-EC_INTPA-2008/159-188": 1317669.7306148915,