{
  "gain": {
    "CH-FDJP-CHE-110347351-11AF05-11": 93378.0,
    "CH-FDJP-CHE-110347351-11AF05-12": 53362.02,
    "CH-FDJP-CHE-110347351-11AF05-13": 177384.36,
    "CH-FDJP-CHE-110347351-11AF05-15": 196033.0,
    "CH-FDJP-CHE-110347351-11BD04-PD": 441374.14,
    "CH-FDJP-CHE-110347351-11BD06-IN": 1498.14,
    "CH-FDJP-CHE-110347351-11ET05-00": 22382.22,
    "CH-FDJP-CHE-110347351-11GL11-10": 188102.92,
    "CH-FDJP-CHE-110347351-11GL11-20": 29039.21,
    "CH-FDJP-CHE-110347351-11IN15-CO": 593759.9400000001,
    "CH-FDJP-CHE-110347351-11KZ02-IN": 218130.0,
    "CH-FDJP-CHE-110347351-11MZ03-20": 364.52,
    "CH-FDJP-CHE-110347351-11PK04-11": 426009.69,
    "CH-FDJP-CHE-110347351-11PK04-12": 266581.95,
    "CH-FDJP-CHE-110347351-11PK04-14": 226695.89,
    "CH-FDJP-CHE-110347351-11TJ01-21": 27773.0,
    "CH-FDJP-CHE-110347351-11TJ01-22": 13237.0,
    "CH-FDJP-CHE-110347351-11TZ02-IN": 26266.0,
    "CH-FDJP-CHE-110347351-11TZ04-10": 46646.520000000004,
    "CH-FDJP-CHE-110347351-11TZ04-30": 24308.4,
    "CH-FDJP-CHE-110347351-11TZ05-30": 42012.0,
    "CH-FDJP-CHE-110347351-11TZ05-40": -2500.0,
    "CH-FDJP-CHE-110347351-12GL03-IN": 242119.7,
    "CH-FDJP-CHE-110347351-12GL04-IN": 0.92,
    "CH-FDJP-CHE-110347351-13GL02-IN": 200351.9,
    "CH-FDJP-CHE-110347351-13GL05-IN": 72841.12,
    "CH-FDJP-CHE-110347351-13GL15-10": 6766.33,
    "CH-FDJP-CHE-110347351-13GL15-20": 149680.0,
    "CH-FDJP-CHE-110347351-13GL15-30": 788042.9,
    "CH-FDJP-CHE-110347351-20BD04-11": 1468906.1700000002,
    "CH-FDJP-CHE-110347351-20BD04-12": 42018.200000000004,
    "CH-FDJP-CHE-110347351-20BD04-21": 2306064.0,
    "CH-FDJP-CHE-110347351-20BD04-24": 130671.0,
    "CH-FDJP-CHE-110347351-20BD04-33": 160000.0,
    "CH-FDJP-CHE-110347351-20BD04-41": 65780.0,
    "CH-FDJP-CHE-110347351-20BD04-43": 276484.0,
    "CH-FDJP-CHE-110347351-20BD04-51": 1018.44,
    "CH-FDJP-CHE-110347351-20BD06-IN": 125104.0,
    "CH-FDJP-CHE-110347351-20ET01-ML": 175563.76,
    "CH-FDJP-CHE-110347351-20ET01-PD": 572465.03,
    "CH-FDJP-CHE-110347351-20ID02-20": 495057.06,
    "CH-FDJP-CHE-110347351-20IN05-10": 62028.77,
    "CH-FDJP-CHE-110347351-20IN05-20": 504708.67,
    "CH-FDJP-CHE-110347351-20MZ01-PD": 188703.7,
    "CH-FDJP-CHE-110347351-20SA06-IN": 237828.0,
    "CH-FDJP-CHE-110347351-20VN04-IN": 4820.0,
    "CH-FDJP-CHE-110347351-30BD01-PD": 137520.0,
    "CH-FDJP-CHE-110347351-30ET02-PD": 39283.0,
    "CH-FDJP-CHE-110347351-30ID02-ML": 339895.6,
    "CH-FDJP-CHE-110347351-30ID02-PD": -5003.140000000003,
    "CH-FDJP-CHE-110347351-30ID03-00": 32437.33,
    "CH-FDJP-CHE-110347351-30IN08-10": 308594.89999999997,
    "CH-FDJP-CHE-110347351-30IN08-20": 20027.24,
    "CH-FDJP-CHE-110347351-40GL02-IN": 4477.0,
    "CH-FDJP-CHE-110347351-40GL06-IN": 40000.0,
    "CH-FDJP-CHE-110347351-40GL08-10": 7448.5,
    "CH-FDJP-CHE-110347351-40GL08-20": 235880.62,
    "CH-FDJP-CHE-110347351-40GL08-40": 146522.72,
    "CH-FDJP-CHE-110347351-40GL08-60": 8062.68,
    "CH-FDJP-CHE-110347351-40GL08-61": 5581.08,
    "CH-FDJP-CHE-110347351-40KE05-PD": 521257.82,
    "CH-FDJP-CHE-110347351-40MZ01-PD": 346181.93,
    "CH-FDJP-CHE-110347351-40NG04-10": 278000.0,
    "CH-FDJP-CHE-110347351-40RW01-IN": 313647.15,
    "CH-FDJP-CHE-110347351-40TZ02-IN": 51465.0,
    "CH-FDJP-CHE-110347351-50GL03-IN": 3891013.56,
    "CH-FDJP-CHE-110347351-60GL01-IN": 2577.42,
    "CH-FDJP-CHE-110347351-79GLE2-00": 329696.56,
    "CH-FDJP-CHE-110347351-79NGBX-00": 131916.81,
    "CH-FDJP-CHE-110347351-79NL04-RE": 153745.07,
    "CH-FDJP-CHE-110347351-79NL05-00": 57119.97,
    "CH-FDJP-CHE-110347351-79NL09-00": 51919.87,
    "CH-FDJP-CHE-110347351-79SAB5-00": 2649795.0,
    "CH-FDJP-CHE-110347351-79TZB1-00": 1044191.7,
    "CH-FDJP-CHE-110347351-80MZ01-10": 160707.24,
    "CH-FDJP-CHE-110347351-80MZ01-30": 2974326.0,
    "CH-FDJP-CHE-110347351-80MZ01-50": 108427.65,
    "CH-FDJP-CHE-110347351-94DK01-IN": 66862.79,
    "CH-FDJP-CHE-110347351-94ET01-BP": 75358.89,
    "CH-FDJP-CHE-110347351-94ET02-11": -0.44,
    "CH-FDJP-CHE-110347351-94ET02-21": 17204.84,
    "CH-FDJP-CHE-110347351-94ET02-23": 25739.61,
    "CH-FDJP-CHE-110347351-94ET02-31": 518641.56,
    "CH-FDJP-CHE-110347351-94ET02-32": 23840.0,
    "CH-FDJP-CHE-110347351-94ET02-33": 84393.54,
    "CH-FDJP-CHE-110347351-94ET02-41": 137472.86,
    "CH-FDJP-CHE-110347351-94ET02-43": 55185.88,
    "CH-FDJP-CHE-110347351-94ET02-52": 42010.62,
    "CH-FDJP-CHE-110347351-94ET02-61": 22212.42,
    "CH-FDJP-CHE-110347351-99GL32-ML": 65216.91,
    "CH-FDJP-CHE-110347351-99GL39-10": 303897.0,
    "CH-FDJP-CHE-110347351-99IN01-ML": 45537.0,
    "CH-FDJP-CHE-110347351-99MZ02-ML": 200995.5,
    "CH-FDJP-CHE-110347351-ADOLES-BD": 1240336.18,
    "CH-FDJP-CHE-110347351-ADOLES-ID": 782634.82,
    "CH-FDJP-CHE-110347351-ADOLES-MZ": -2119.6,
    "CH-FDJP-CHE-110347351-ADOLES-PK": 53624.92,
    "CH-FDJP-CHE-110347351-ADOUSI-MZ": 42418.979999999996,
    "CH-FDJP-CHE-110347351-AICON-GL": 26964.0,
    "CH-FDJP-CHE-110347351-BDUTA2-ID": 524136.84,
    "CH-FDJP-CHE-110347351-BIOFO-GL": 3825092.14,
    "CH-FDJP-CHE-110347351-CASSA-NG": 169859.72,
    "CH-FDJP-CHE-110347351-CFCFBC-MZ": 282513.74,
    "CH-FDJP-CHE-110347351-CFGLOB-GL": 23800.0,
    "CH-FDJP-CHE-110347351-CPCMGMT-GL": 135494.0,
    "CH-FDJP-CHE-110347351-DAIRY-ZM": 243141.52,
    "CH-FDJP-CHE-110347351-DPNUTRN-TZ": 1986.6,
    "CH-FDJP-CHE-110347351-DRFRT-ET": 30080.42,
    "CH-FDJP-CHE-110347351-DTCHEE-GL": 24339.6,
    "CH-FDJP-CHE-110347351-E-PLAN-ET": 138334.41999999998,
    "CH-FDJP-CHE-110347351-EATSAF-BD": 3402.12,
    "CH-FDJP-CHE-110347351-EATSAF-GL": 1006098.0,
    "CH-FDJP-CHE-110347351-ENABLE-GL": 2544653.18,
    "CH-FDJP-CHE-110347351-FOODSS-GL": 945589.48,
    "CH-FDJP-CHE-110347351-I-PLAN-ID": 318199.02,
    "CH-FDJP-CHE-110347351-IBEAN-KE": 295238.82,
    "CH-FDJP-CHE-110347351-IBEAN-TZ": 178873.92,
    "CH-FDJP-CHE-110347351-IDAICP-MZ": 200.0,
    "CH-FDJP-CHE-110347351-IDAISC-MZ": 6231721.08,
    "CH-FDJP-CHE-110347351-KFCPC-GL": 596.0,
    "CH-FDJP-CHE-110347351-KFMKT-BD": 79058.74,
    "CH-FDJP-CHE-110347351-KFMKT-GL": 32000.0,
    "CH-FDJP-CHE-110347351-KFPMX-EG": 42620.0,
    "CH-FDJP-CHE-110347351-KFPMX-GL": 677673.38,
    "CH-FDJP-CHE-110347351-KFPOL-BD": 14400.0,
    "CH-FDJP-CHE-110347351-KFSME-ET": 30000.0,
    "CH-FDJP-CHE-110347351-KFSME-GL": 630813.0,
    "CH-FDJP-CHE-110347351-KFSME-KE": 891081.7,
    "CH-FDJP-CHE-110347351-KFSME-MZ": 585612.0,
    "CH-FDJP-CHE-110347351-KFSME-NG": 423082.8,
    "CH-FDJP-CHE-110347351-KFSME-TZ": 948890.8500000001,
    "CH-FDJP-CHE-110347351-KFURB-PK": 43147.72,
    "CH-FDJP-CHE-110347351-KFWKF-BD": 337680.0,
    "CH-FDJP-CHE-110347351-KFWKF-GL": 52856.0,
    "CH-FDJP-CHE-110347351-KFWKF-IN": 179813.34,
    "CH-FDJP-CHE-110347351-KFWKF-KE": 106685.42,
    "CH-FDJP-CHE-110347351-KFWKF-PK": 181326.34,
    "CH-FDJP-CHE-110347351-KLEDGE-GL": 614400.0,
    "CH-FDJP-CHE-110347351-LEANCF-BD": 295.44,
    "CH-FDJP-CHE-110347351-LSFDEF-BD": 84966.0,
    "CH-FDJP-CHE-110347351-LSFDEF-GL": 107361.65999999999,
    "CH-FDJP-CHE-110347351-LSFDEF-IN": 268698.68,
    "CH-FDJP-CHE-110347351-LSFDEF-KL": 80000.0,
    "CH-FDJP-CHE-110347351-LSFF01-ET": 205842.66,
    "CH-FDJP-CHE-110347351-LSFFAD-GL": 14000.0,
    "CH-FDJP-CHE-110347351-LSFFQA-TZ": 891.7599999999984,
    "CH-FDJP-CHE-110347351-LSFFQC-BD": 746369.32,
    "CH-FDJP-CHE-110347351-LSFFTA-PK": 419116.0,
    "CH-FDJP-CHE-110347351-LSFUSI-MZ": 51931.46,
    "CH-FDJP-CHE-110347351-M4N-W1-BD": 530574.24,
    "CH-FDJP-CHE-110347351-M4N-W1-GL": 261050.0,
    "CH-FDJP-CHE-110347351-M4N-W2-GL": 177705.0,
    "CH-FDJP-CHE-110347351-M4N-W3-GL": 9953.9,
    "CH-FDJP-CHE-110347351-M4N-W4-GL": 893067.0,
    "CH-FDJP-CHE-110347351-M4N-W5-GL": 5000.0,
    "CH-FDJP-CHE-110347351-M4N-W6-GL": 552302.52,
    "CH-FDJP-CHE-110347351-MAIZE-NG": 190049.16,
    "CH-FDJP-CHE-110347351-MAIZE-TZ": 158842.14,
    "CH-FDJP-CHE-110347351-MKTPLC-KE": 882932.49,
    "CH-FDJP-CHE-110347351-MKTPLC-RW": 670896.0,
    "CH-FDJP-CHE-110347351-MMSTAG-BD": 67871.62,