{
  "GB-CHC-1050327-GPAF": {
    "tlmew-activities.xml": 794363.5420723839,
    "tlmew-mm.xml": 794363.5420723839
  },
  "GB-CHC-1050327-NP-FOUND-19": {
    "tlmew-np.xml": 956361.3230204296
  },
  "GB-CHC-1050327-NP-HEAL-19": {
    "tlmew-np.xml": 2738198.2322434345
  },
  "GB-CHC-1050327-UKAM2022-2025_Mozambique": {
    "tlmew-mz.xml": 786932.2620596956
  },
  "GB-CHC-1050327-UKAMMozambique": {
    "tlmew-activities.xml": 495447.29544725356,
    "tlmew-mz.xml": 3594812.402387041
  }
}