{
  "GB-GOV-1-300627-101": 3492309.5832962757,
  "GB-GOV-1-300627-102": 3688515.255566203,
  "GB-GOV-1-300627-103": 1307606.1538780213,
  "GB-GOV-1-300627-104": 1480921.712872647,
  "GB-GOV-1-300627-105": 870452.8734551447,
  "GB-GOV-1-300627-106": 61902.52759807664,
  "GB-GOV-1-300627-107": 926089.4567392002,
  "GB-GOV-1-300731-101": 1947525.5897588509,
  "GB-GOV-1-300768-101": 1645468.5698584965,
  "GB-GOV-1-301454-104": 1130325.0156300368,
  "GB-GOV-1-301454-109": 844683.1901825907
}