{
  "GB-GOV-1-300627-101": 3496816.309127145,
  "GB-GOV-1-300627-102": 3693275.1792165358,
  "GB-GOV-1-300627-103": 1309293.582294583,
  "GB-GOV-1-300627-104": 1482832.8000708784,
  "GB-GOV-1-300627-105": 871576.1680416607,
  "GB-GOV-1-300627-106": 61982.41104296271,
  "GB-GOV-1-300627-107": 927284.5487483235,
  "GB-GOV-1-300731-101": 1950038.8159412104,
  "GB-GOV-1-300768-101": 1647592.0000787536,
  "GB-GOV-1-301454-104": 1131783.6677980984,
  "GB-GOV-1-301454-109": 845773.2297284272
}