{
  "addinternational": {
    "GB-COH-294860-BAP": 2215949.1508970996,
    "GB-COH-294860-GB-COH-294860-BF": 297681.1697900401,
    "GB-COH-294860-SUP": 3255422.451105479,
    "GB-COH-294860-TZP": 2991819.373841692,
    "GB-COH-294860-UGP": 1956069.5925264994,
    "GB-COH-294860-FWAP": 1776839.2171993272,
    "GB-COH-294860-CMP": 1173202.4759005741,
    "GB-COH-294860-ADDgrants": 190105.95124578185
  }
}