{
  "AU-5-INK680-UZ": 143973.74101861872,
  "AU-5-INM339-UZ": 90653.80173580063
}