{
  "AU-5-INK680-UZ": 144260.58993757065,
  "AU-5-INM339-UZ": 90823.9897646616
}