{
  "XM-DAC-41108-1100001035": 11906148.220799474,
  "XM-DAC-41108-1100001147": 16279295.238025423,
  "XM-DAC-41108-1100001325": 17028351.563290384,
  "XM-DAC-41108-1100001507": 20892202.033602297,
  "XM-DAC-41108-1100001760": 43628891.81830838,
  "XM-DAC-41108-2000001393": 31858904.362774804
}