{
  "XM-DAC-41108-1100001035": 11904450.835072672,
  "XM-DAC-41108-1100001147": 16275529.890048185,
  "XM-DAC-41108-1100001325": 17021609.350299176,
  "XM-DAC-41108-1100001507": 20889493.540778276,
  "XM-DAC-41108-1100001760": 43632219.87230674,
  "XM-DAC-41108-2000001393": 31849824.76085859
}