{
  "46002-P-BI-A00-001": 31869881.935664237,
  "46002-P-BI-A00-002": 31447092.00870794,
  "46002-P-BI-A00-008": 22970536.569862302,
  "46002-P-BI-AA0-001": 1637606.4232812512,
  "46002-P-BI-AA0-002": 1506643.1464650512,
  "46002-P-BI-AA0-003": 7056399.476332893,
  "46002-P-BI-AA0-004": 16383006.46009001,
  "46002-P-BI-AA0-005": 27127919.955422547,
  "46002-P-BI-AA0-007": 393747.5475506729,
  "46002-P-BI-AA0-010": 30730407.739145167,
  "46002-P-BI-AA0-011": 960904.2370335017,
  "46002-P-BI-AA0-017": 6209539.48599726,
  "46002-P-BI-AAD-001": 11074377.160327485,
  "46002-P-BI-AAF-002": 4953803.894586855,
  "46002-P-BI-AAG-001": 18549018.300395295,
  "46002-P-BI-AAG-002": 27274907.1453451,
  "46002-P-BI-AAG-003": 40928788.79885293,
  "46002-P-BI-AAZ-001": 999528.7366890488,
  "46002-P-BI-AAZ-002": 999528.7366890488,
  "46002-P-BI-AB0-001": 922610.1238504172,
  "46002-P-BI-AZ0-001": 3312029.6829892234,
  "46002-P-BI-B00-001": 2111655.6297273957,
  "46002-P-BI-B00-002": 3452686.1297568316,
  "46002-P-BI-C00-001": 18779570.554309465,
  "46002-P-BI-DA0-001": 27683315.273316804,
  "46002-P-BI-DB0-001": 47105425.203125454,
  "46002-P-BI-DB0-002": 1866985.8917049856,
  "46002-P-BI-DB0-004": 34869438.32743045,
  "46002-P-BI-DB0-005": 47815160.251446284,
  "46002-P-BI-DB0-006": 22057968.290123347,
  "46002-P-BI-DB0-008": 3452353.964828708,
  "46002-P-BI-DB0-009": 28917788.772418536,
  "46002-P-BI-DB0-011": 1573128.799454318,
  "46002-P-BI-DB0-012": 13778569.189502649,
  "46002-P-BI-DB0-014": 1109069.5836811468,
  "46002-P-BI-DB0-015": 76038960.52244966,
  "46002-P-BI-DB0-016": 128689711.18944523,
  "46002-P-BI-DB0-017": 28669613.450611036,
  "46002-P-BI-DB0-018": 60179177.038316876,
  "46002-P-BI-DB0-020": 39916935.93371729,
  "46002-P-BI-DD0-001": 2568082.699663699,
  "46002-P-BI-EA0-001": 5051312.947404976,
  "46002-P-BI-EA0-002": 34046109.93792601,
  "46002-P-BI-EA0-004": 36942692.25038795,
  "46002-P-BI-EAZ-002": 1272848.0831526085,
  "46002-P-BI-EB0-001": 11793077.69310199,
  "46002-P-BI-EB0-002": 1151635.3541511188,
  "46002-P-BI-EB0-003": 28320268.29460422,
  "46002-P-BI-F00-003": 1257914.7139618716,
  "46002-P-BI-F00-004": 30467193.22467494,
  "46002-P-BI-FA0-002": 25388737.445818383,
  "46002-P-BI-FA0-100": 48966515.24301601,
  "46002-P-BI-FAB-001": 43532182.8247731,
  "46002-P-BI-H00-001": 9604672.753107194,
  "46002-P-BI-I00-002": 2622058.417210939,
  "46002-P-BI-I00-004": 3038665.3111928566,
  "46002-P-BI-IA0-001": 22919375.496905938,
  "46002-P-BI-IAZ-001": 1513109.8757729714,
  "46002-P-BI-IAZ-002": 5023917.137379991,
  "46002-P-BI-IBB-001": 12128104.349441156,
  "46002-P-BI-IBD-001": 11156471.23456588,
  "46002-P-BI-IBD-002": 1827796.3783118203,
  "46002-P-BI-IC0-001": 13564436.584998678,
  "46002-P-BI-IE0-001": 4253599.93665207,
  "46002-P-BI-IE0-002": 27166358.384528425,
  "46002-P-BI-IE0-003": 30499889.792539988,
  "46002-P-BI-IE0-006": 3219465.8972088317,
  "46002-P-BI-IZ0-003": 1965641.3634957648,
  "46002-P-BI-J00-001": 990605.6979181501,
  "46002-P-BI-K00-002": 31656429.51409737,
  "46002-P-BI-K00-003": 22426253.449685577,
  "46002-P-BI-K00-006": 38111039.86464516,
  "46002-P-BI-K00-007": 30342975.732521858,
  "46002-P-BI-K00-008": 22424119.51038665,
  "46002-P-BI-K00-009": 36605705.469228655,
  "46002-P-BI-K00-010": 1563620.35080157,
  "46002-P-BI-K00-011": 2287959.8634591945,
  "46002-P-BI-K00-013": 25307513.150654566,
  "46002-P-BI-K00-014": 2980471.1481185076,
  "46002-P-BI-K00-016": 1777541.7362757123,
  "46002-P-BI-KA0-001": 24180340.05562735,
  "46002-P-BI-KA0-002": 21796260.651847772,
  "46002-P-BI-KA0-005": 21270657.178349998,
  "46002-P-BI-KF0-001": 6630101.089981816,
  "46002-P-BI-KF0-002": 3939359.4249169435,
  "46002-P-BI-KF0-003": 5558880.309456071,
  "46002-P-BI-KF0-004": 1209047.4101984985,
  "46002-P-BI-KF0-007": 2242382.7017549314
}