{
  "FR-PDR-W691075333-205028-101": 493640.570957549,
  "GB-CHC-1082565-20170161": 241227.61753948234,
  "GB-CHC-1082565-20180168": 121273.0904342835,
  "GB-CHC-1082565-20190003": 230233.07374157308,
  "GB-CHC-1082565-20190004": 420007.61310775095,
  "GB-CHC-1082565-20200082": 277635.99557702785
}