{
  "GB-SC-SC032327-F90-COVID-Nepal": 26327.497117735944,
  "GB-SC-SC032327-GB-OSCR-SC032327-N04-NPQUAKE": 53066.36137793651,
  "GB-SC-SC032327-N03-MCH-NPF": 225086.93660808346,
  "GB-SC-SC032327-N05-NPCNA-ND": 111587.45106495394,
  "GB-SC-SC032327-N54-HCP-NP": 15154.765528396752,
  "GB-SC-SC032327-N55-NPC18-20": 371737.6774281521,
  "GB-SC-SC032327-N56-SUNITA": 470904.6709966145,
  "GB-SC-SC032327-N58-PreSunita": 45722.63515065805
}