{
  "AU-5-INI124-BA": 24534.89386763884,
  "AU-5-INI855-BA": 33968.02724072193,
  "AU-5-INJ522-BA": 29233.8834368467,
  "AU-5-INK058-BA": 20669.086201957627,
  "AU-5-INK680-BA": 27781.041294237235,
  "AU-5-INL144-BA": 3966.208711201841,
  "AU-5-INL471-BA": 62743.197337328005,
  "AU-5-INM061-BA": 84933.40334053186,
  "AU-5-INM339-BA": 71622.16427609218,
  "AU-5-INM371-BA": 18968.538202275602,
  "AU-5-INM588-BA": 55822.11021490858,
  "AU-5-O17109-BA": 15832.505107863359,
  "AU-5-O17110-BA": 14040.48619677065,
  "AU-5-O17111-BA": 14327.137109108417,
  "AU-5-O17112-BA": 45774.004177710165
}