{
  "DE-1-199470253": 1679236.7137750122,
  "DE-1-199765835": 10187383.681257382,
  "DE-1-199765843": 6029220.5713382,
  "DE-1-199765884": 17625267.51181981,
  "DE-1-199865080": 12582521.588202603,
  "DE-1-199966698": 90858114.8896292,
  "DE-1-200065607": 5465559.25924257,
  "DE-1-200365254": 16620325.702320052,
  "DE-1-200365270": 12915403.710755607,
  "DE-1-200518043": 9993881.81492429,
  "DE-1-200518092-0": 5686737.523584288,
  "DE-1-200560136-0": 3728590.8545084745,
  "DE-1-200560144-0": 948304.940663322,
  "DE-1-200560151-0": 2485727.236338983,
  "DE-1-200560169-0": 1537422.295675661,
  "DE-1-200565119": 18446175.100834575,
  "DE-1-200565622": 39337785.9864655,
  "DE-1-200565630": 46855363.33072839,
  "DE-1-200570226": 1410238.4145134222,
  "DE-1-200807032-0": 293538.8224306248,
  "DE-1-200818237-0": 1467694.112153124,
  "DE-1-200922112": 7651516.624172238,
  "DE-1-200930909-0": 932843.8497634642,
  "DE-1-200932491-0": 83538.25520269829,
  "DE-1-200933002-0": 214414.85502025892,
  "DE-1-201018142": 5513242.842190027,
  "DE-1-201018373-0": 662525.1948194954,
  "DE-1-201021930": 5017855.3142693285,
  "DE-1-201021948": 7301825.692267726,
  "DE-1-201118322-0": 382529.8035683024,
  "DE-1-201118371-0": 584652.5382048291,
  "DE-1-201118876-0": 2157646.271946393,
  "DE-1-201121730": 5156375.778449604,
  "DE-1-201122092": 9004111.442852562,
  "DE-1-201130475-0": 260309.58248643577,
  "DE-1-201133784-0": 932660.0014219892,
  "DE-1-201139252-0": 180963.88087292327,
  "DE-1-201155399-0": 344539.9168536644,
  "DE-1-201155928-0": 723883.3640887504,
  "DE-1-201166206": 73142229.78763387,
  "DE-1-201166438": 19333076.052928012,
  "DE-1-201218379-0": 449563.3388014831,
  "DE-1-201218635-0": 744990.6757281721,
  "DE-1-201222793": 5013436.593740566,
  "DE-1-201230176-0": 346806.00421828695,
  "DE-1-201230309-0": 96335.00117174638,
  "DE-1-201232164-0": 822058.6766655691,
  "DE-1-201233667-0": 89912.66776029662,
  "DE-1-201233956-0": 269738.0032808899,
  "DE-1-201234434-0": 762181.9778039408,
  "DE-1-201255397-0": 641899.3798075805,
  "DE-1-201306174-0": 49705.758781947676,
  "DE-1-201306190-0": 9957.083089332467,
  "DE-1-201316553-0": 690344.4847495985,
  "DE-1-201320696": 5290081.808794839,
  "DE-1-201330737-0": 444749.71132351685,
  "DE-1-201330745-0": 439439.26700920623,
  "DE-1-201332378-0": 185865.5510008727,
  "DE-1-201333087-0": 135416.33001492155,
  "DE-1-201333806-0": 248263.27169402284,
  "DE-1-201334150-0": 416365.38646352646,
  "DE-1-201334424-0": 644123.7050489173,
  "DE-1-201334465-0": 344198.4396486626,
  "DE-1-201375740-0": 663805.5392888312,
  "DE-1-201416833-0": 616631.3879524571,
  "DE-1-201422906": 14078823.162696209,
  "DE-1-201431204-0": 298825.011607572,
  "DE-1-201432921-0": 120858.11580572913,
  "DE-1-201432962-0": 903115.5906362177,
  "DE-1-201434273-0": 380552.98822666163,
  "DE-1-201475979-0": 444917.2395046073,
  "DE-1-201515857-0": 49804.168601262005,
  "DE-1-201516525-0": 116442.14618975057,
  "DE-1-201516905-0": 39345.293194996986,
  "DE-1-201520667-35": 1328111.1627003201,
  "DE-1-201520824": 7171800.278581729,
  "DE-1-201520832": 2656222.3254006403,
  "DE-1-201520865": 5644472.441476361,
  "DE-1-201530948-0": 464838.90694511204,
  "DE-1-201531771-0": 464838.90694511204,
  "DE-1-201532951-0": 431636.12787760404,
  "DE-1-201533116-0": 598978.1343778444,
  "DE-1-201533926-0": 309449.9009091746,
  "DE-1-201533934-0": 265622.232540064,
  "DE-1-201534387-0": 485285.17829488346,
  "DE-1-201598390-0": 636736.3347334145,
  "DE-1-201601228-1840": 451444.90586927935,
  "DE-1-201601616-0": 239049.384396756,
  "DE-1-201606003-1259": 63710.36902810174,
  "DE-1-201620483": 7968666.976201921,
  "DE-1-201631571-0": 228435.11998445506,
  "DE-1-201706019-1694": 572948.4837000808,
  "DE-1-201706019-2190": 659043.2898221291,
  "DE-1-201706019-2257": 49804.168601262005,
  "DE-1-201706019-2760": 753610.1170510426,
  "DE-1-201731603-0": 332027.79067508003,
  "DE-1-201739119-0": 132811.116270032,
  "DE-1-201739549-0": 225778.89765905443,
  "DE-1-201739564-0": 152732.7837105368,
  "DE-1-201776814-0": 531244.465080128,
  "DE-1-201776822-0": 127498.67161923074,
  "DE-1-201806009-1477": 537393.6197634306,
  "DE-1-201806009-1610": 627719.788049842,
  "DE-1-201820794": 12218622.696842946,
  "DE-1-201820893": 10186612.617911456,
  "DE-1-201831072-0": 961552.4817950318,
  "DE-1-201833144-0": 626868.4687945511,
  "DE-1-201833326-0": 320074.79021077714,
  "DE-1-201839968-0": 545853.6878698316,
  "DE-1-201906015-4295": 864328.1041295548,
  "DE-1-201923093": 664055.5813501601,
  "DE-1-201933910-0": 270934.67719086533,
  "DE-1-201933928-0": 201872.89673044867,
  "DE-1-201939800-0": 196560.4520796474,
  "DE-1-201965086": 20851345.254395027,
  "DE-1-201970474": 2789033.4416706725,
  "DE-1-202006005-5240": 628974.8530985938,
  "DE-1-202006005-5259": 953189.3658035079,
  "DE-1-202010262-0": 1288267.8278193106,
  "DE-1-202027076-0": 920381.0357513218,
  "DE-1-202030641-0": 213825.89719475154,
  "DE-1-202031904-0": 156717.11719863777,
  "DE-1-202033975-0": 349293.2357901842,
  "DE-1-202039105-0": 196560.4520796474,
  "DE-1-202076222-0": 196560.4520796474,
  "DE-1-202076487-0": 657415.0255366585,
  "DE-1-202106003-5823": 1007790.6719244434,
  "DE-1-202106003-6047": 796866.6976201921,
  "DE-1-202106003-6185": 647456.8480387315,
  "DE-1-202131266-0": 1102332.2650412656,
  "DE-1-202132843-0": 721164.3613462738,
  "DE-1-202139566-0": 193904.22975424674,
  "DE-1-202139756-0": 1087723.0422515622,
  "DE-1-202168326": 18296257.770605095
}