{
  "KR-GOV-400-6110000_2022_003": 247177.8472700889,
  "KR-GOV-400-GRP_0000147758": 85561.46379180333
}