{
  "ES-DIR3-E04585801-009-004487": 9882.01992551448,
  "ES-DIR3-E04585801-009-005557": 2578032.0489574876,
  "ES-DIR3-E04585801-009-006701": 698456.8883155035,
  "ES-DIR3-E04585801-009-032845": 220497.52869439268,
  "ES-DIR3-E04585801-009-034969": 58301.690312770836,
  "ES-DIR3-E04585801-009-041213": 1392029.8528686406,
  "ES-DIR3-E04585801-009-047411": 22756.151219455343,
  "ES-DIR3-E04585801-009-047615": 41027.646406002445,
  "ES-DIR3-E04585801-009-052231": 2346338.8593564318,
  "ES-DIR3-E04585801-009-064529": 1301.5633492159684,
  "ES-DIR3-E04585801-009-066055": 45950.70377896626,
  "ES-DIR3-E04585801-009-066057": 67307.04059617931,
  "ES-DIR3-E04585801-009-066169": 19012.452734094986,
  "ES-DIR3-E04585801-009-067759": 2041456.2708347032,
  "ES-DIR3-E04585801-009-081622": 87655.33673822113,
  "ES-DIR3-E04585801-009-081712": 3984333.4881009604,
  "ES-DIR3-E04585801-009-081752": 135467.33859543267,
  "ES-DIR3-E04585801-009-081766": 451557.79531810887,
  "ES-DIR3-E04585801-009-081838": 424995.57206410245,
  "ES-DIR3-E04585801-009-082304": 1014077.97673089,
  "ES-DIR3-E04585801-009-087230": 1195300.046430288,
  "ES-DIR3-E04585801-009-089676": 18271.569007519414,
  "ES-DIR3-E04585801-009-089991": 3129.7736415730665,
  "ES-DIR3-E04585801-009-089992": 17424.8184546282,
  "ES-DIR3-E04585801-009-089993": 36975.43819849779,
  "ES-DIR3-E04585801-009-090264": 1784827.9527054918,
  "ES-DIR3-E04585801-009-090425": 92967.7813890224,
  "ES-DIR3-E04585801-009-092882": 1496781.2803632608,
  "ES-DIR3-E04585801-009-093937": 66405.558135016,
  "ES-DIR3-E04585801-009-094673": 25332.525128462174
}