{
  "ES-DIR3-E04585801-009-004487": 9881.490340466946,
  "ES-DIR3-E04585801-009-005557": 2577893.890237359,
  "ES-DIR3-E04585801-009-006701": 698631.9772039455,
  "ES-DIR3-E04585801-009-032845": 220485.71206225723,
  "ES-DIR3-E04585801-009-034969": 58298.5658803503,
  "ES-DIR3-E04585801-009-041213": 1391955.2529182907,
  "ES-DIR3-E04585801-009-047411": 22761.85572217969,
  "ES-DIR3-E04585801-009-047615": 41039.03633039671,
  "ES-DIR3-E04585801-009-052231": 2346927.038626571,
  "ES-DIR3-E04585801-009-064529": 1302.060363286278,
  "ES-DIR3-E04585801-009-066055": 45968.2504825766,
  "ES-DIR3-E04585801-009-066057": 67332.74241563155,
  "ES-DIR3-E04585801-009-066169": 19019.71281600005,
  "ES-DIR3-E04585801-009-067759": 2042235.819898633,
  "ES-DIR3-E04585801-009-081622": 87681.05176470558,
  "ES-DIR3-E04585801-009-081712": 3985502.3529411624,
  "ES-DIR3-E04585801-009-081752": 135507.07999999952,
  "ES-DIR3-E04585801-009-081766": 451690.2666666651,
  "ES-DIR3-E04585801-009-081838": 425120.2509803907,
  "ES-DIR3-E04585801-009-082304": 1014375.471931973,
  "ES-DIR3-E04585801-009-087230": 1195650.7058823488,
  "ES-DIR3-E04585801-009-089676": 18276.929250243073,
  "ES-DIR3-E04585801-009-089991": 3130.691808282342,
  "ES-DIR3-E04585801-009-089992": 17429.930290196018,
  "ES-DIR3-E04585801-009-089993": 36986.28550578026,
  "ES-DIR3-E04585801-009-090264": 1785351.5591370212,
  "ES-DIR3-E04585801-009-090425": 92995.05490196047,
  "ES-DIR3-E04585801-009-092882": 1497220.3839215634,
  "ES-DIR3-E04585801-009-093937": 66425.03921568605,
  "ES-DIR3-E04585801-009-094673": 25339.95681007834
}