{
  "AU-5-INI978-GM": 3868148.705355581,
  "AU-5-INJ018-GM": 48722.17202234175,
  "AU-5-INJ269-GM": 809225.0945856908,
  "AU-5-INJ344-GM": 437163.46044379356,
  "AU-5-INJ447-GM": 2403439.8232114017,
  "AU-5-INJ540-GM": 1097105.398199546,
  "AU-5-INK048-GM": 751961.8145665718,
  "AU-5-INK235-GM": 38658.332605506424,
  "AU-5-INK482-GM": 1161626.4265475336,
  "AU-5-INK573-GM": 1892994.6153397206,
  "AU-5-INL021-GM": 132644.68289871488,
  "AU-5-INL062-GM": 526650.5170452318,
  "AU-5-INL420-GM": 4119877.6177230766,
  "AU-5-INL471-GM": 86419.84156205693,
  "AU-5-INL495-GM": 512729.24179389677,
  "AU-5-INL966-GM": 274.0310608511991
}