{
  "GB-CHC-218186-300055-107": 1985330.2365828974,
  "GB-CHC-218186-62B-LDI-02": 1310625.594522967,
  "GB-CHC-218186-GPAF-IMP-071": 1919486.3850331423,
  "GB-CHC-218186-LCD6627": 3086715.1071940516,
  "GB-CHC-218186-LCD6627(GEC-T)": 1201048.353101809,
  "GB-CHC-218186-PIN20L3I4-S4PKe": 718323.7505623354,
  "GB-CHC-218186-PIN50L3L2-Inclusion-100": 86724.16830078534
}