{
  "NL-KVK-41236410-6340": {
    "dai-activities.xml": 89025.28199830557
  },
  "NL-KVK-41236410-6354": {
    "dai-activities.xml": 1378845.6500360735
  },
  "NL-KVK-41236410-6365": {
    "dai-activities.xml": 242487.26265843053
  },
  "NL-KVK-41236410-6688": {
    "dai-activities.xml": 214490.43712980318
  },
  "NL-KVK-41236410-6876": {
    "dai-activities.xml": 1229167.4521697997
  },
  "NL-KVK-41236410-6901": {
    "dai-activities.xml": 563316.2165678411
  },
  "NL-KVK-41236410-6970": {
    "dai-activities.xml": 792382.9643031345
  },
  "NL-KVK-41236410-6972": {
    "dai-activities.xml": 803778.976881056
  },
  "NL-KVK-41236410-BeirutJRLead": {
    "dai-activities.xml": 2765473.6045266255
  },
  "NL-KVK-41236410-DIF2019": {
    "dai-activities.xml": 245241.24478431288
  },
  "NL-KVK-41236410-DIF2021": {
    "dai-activities.xml": 672282.5078988211
  },
  "NL-KVK-41236410-SYR1320": {
    "dai-activities.xml": 28386.076258431272
  },
  "NL-KVK-41236410-UKJR1": {
    "dai-activities.xml": 7927936.038955659
  },
  "NL-KVK-41236410-UKJR2": {
    "dai-activities.xml": 5405131.648554884
  },
  "NL-KVK-41236410-UKJR3": {
    "dai-activities.xml": 2258451.3333333256
  },
  "NL-KVK-41236410-UKJR4": {
    "dai-activities.xml": 4671461.776414494
  },
  "NL-KVK-41236410-UKR-DRA(JR)-LEAD": {
    "dai-activities.xml": 3192712.8673980283
  }
}