{
  "XI-IATI-NSO-G4AW14002": {
    "nso-activity-v1.xml": 1707923.2653152882
  },
  "XI-IATI-NSO-G4AW14007": {
    "nso-activity-v1.xml": 2289248.638515286
  },
  "XI-IATI-NSO-G4AW14010": {
    "nso-activity-v1.xml": 5950681.824134097
  },
  "XI-IATI-NSO-G4AW14011": {
    "nso-activity-v1.xml": 4336776.559324691
  },
  "XI-IATI-NSO-G4AW14016": {
    "nso-activity-v1.xml": 3566676.5386768505
  },
  "XI-IATI-NSO-G4AW16001": {
    "nso-activity-v1.xml": 3275730.8814097927
  },
  "XI-IATI-NSO-G4AW16002": {
    "nso-activity-v1.xml": 2772322.0792097943
  },
  "XI-IATI-NSO-G4AW16003": {
    "nso-activity-v1.xml": 2754950.6029541083
  },
  "XI-IATI-NSO-G4AW17006": {
    "nso-activity-v1.xml": 1827738.0940509741
  }
}