{
  "XI-IATI-EC_INTPA-/16935/0": -453706.3042953601,
  "XI-IATI-EC_INTPA-2000/011-563": -431103.9346045437,
  "XI-IATI-EC_INTPA-2001/011-681": 741526.0117996174,
  "XI-IATI-EC_INTPA-2001/4712/0": 31695919.400387134,
  "XI-IATI-EC_INTPA-2001/706/0": 22616299.103932276,
  "XI-IATI-EC_INTPA-2001/707/0": 51085628.47424208,
  "XI-IATI-EC_INTPA-2002/047-640": 100752.14447444427,
  "XI-IATI-EC_INTPA-2002/2492/0": 4503277.12617867,
  "XI-IATI-EC_INTPA-2002/2497/0": 6350952.528185045,
  "XI-IATI-EC_INTPA-2002/2542/0": 2920144.7245069914,
  "XI-IATI-EC_INTPA-2002/4554/0": 28279009.803921513,
  "XI-IATI-EC_INTPA-2002/4555/0": 39590613.23497495,
  "XI-IATI-EC_INTPA-2002/4556/0": 3257215.095660946,
  "XI-IATI-EC_INTPA-2002/4557/0": 37700888.58024281,
  "XI-IATI-EC_INTPA-2002/4753/0": 623706.6957329661,
  "XI-IATI-EC_INTPA-2002/4759/0": 1806882.3688521434,
  "XI-IATI-EC_INTPA-2002/4866/0": 83645.35771568598,
  "XI-IATI-EC_INTPA-2002/5872/0": 2511027.8952205814,
  "XI-IATI-EC_INTPA-2003/020-614": 424688.68697009806,
  "XI-IATI-EC_INTPA-2003/051-253": 18530.201347030936,
  "XI-IATI-EC_INTPA-2003/061-301": 572133.4769927204,
  "XI-IATI-EC_INTPA-2003/062-415": 21454640.65286645,
  "XI-IATI-EC_INTPA-2003/063-204": 14936.219261718184,
  "XI-IATI-EC_INTPA-2003/063-379": 93794.45150066819,
  "XI-IATI-EC_INTPA-2003/063-725": 24832948.38539682,
  "XI-IATI-EC_INTPA-2003/069-656": 107951.888400008,
  "XI-IATI-EC_INTPA-2003/072-663": 36857.31076283021,
  "XI-IATI-EC_INTPA-2003/073-192": 715310.330504752,
  "XI-IATI-EC_INTPA-2003/073-363": 13706.385480316638,
  "XI-IATI-EC_INTPA-2003/073-439": 115558.79887086515,
  "XI-IATI-EC_INTPA-2003/074-976": 36533.41103861013,
  "XI-IATI-EC_INTPA-2003/075-045": 171921.97820177648,
  "XI-IATI-EC_INTPA-2003/075-526": 1687780.404028297,
  "XI-IATI-EC_INTPA-2003/5895/0": 4044889.320912801,
  "XI-IATI-EC_INTPA-2003/6004/0": 2870768.132410276,
  "XI-IATI-EC_INTPA-2003/6005/0": 7821089.280872592,
  "XI-IATI-EC_INTPA-2003/6007/0": 5587530.042569185,
  "XI-IATI-EC_INTPA-2003/6038/0": 6069635.558181454,
  "XI-IATI-EC_INTPA-2003/6039/0": 2504871.8783778124,
  "XI-IATI-EC_INTPA-2003/6043/0": 4928648.685603213,
  "XI-IATI-EC_INTPA-2004/076-268": 199862.76081776113,
  "XI-IATI-EC_INTPA-2004/076-681": 67152.06656177623,
  "XI-IATI-EC_INTPA-2004/076-729": 147815.89764741348,
  "XI-IATI-EC_INTPA-2004/077-211": 116856.01484075705,
  "XI-IATI-EC_INTPA-2004/079-146": 133244.3283498073,
  "XI-IATI-EC_INTPA-2004/079-202": 22522130.424706277,
  "XI-IATI-EC_INTPA-2004/080-509": 88804.92296733613,
  "XI-IATI-EC_INTPA-2004/080-694": 207968.02831274184,
  "XI-IATI-EC_INTPA-2004/081-874": 1161078.456292825,
  "XI-IATI-EC_INTPA-2004/082-234": 5566356.607952983,
  "XI-IATI-EC_INTPA-2004/082-237": 12439023.166023197,
  "XI-IATI-EC_INTPA-2004/083-717": 83355.37447927821,
  "XI-IATI-EC_INTPA-2004/083-860": 119354.91508262578,
  "XI-IATI-EC_INTPA-2004/083-861": 119265.35411583041,
  "XI-IATI-EC_INTPA-2004/083-862": 118955.62243899643,
  "XI-IATI-EC_INTPA-2004/083-863": 105234.13598455625,
  "XI-IATI-EC_INTPA-2004/083-864": 111831.79387181495,
  "XI-IATI-EC_INTPA-2004/083-865": 111316.8183127416,
  "XI-IATI-EC_INTPA-2004/083-868": 105234.13598455625,
  "XI-IATI-EC_INTPA-2004/084-501": 5351163.457021223,
  "XI-IATI-EC_INTPA-2004/084-753": 306092.15548485407,
  "XI-IATI-EC_INTPA-2004/085-136": 6095.121351351367,
  "XI-IATI-EC_INTPA-2004/085-152": 2190288.077119697,
  "XI-IATI-EC_INTPA-2004/085-605": 44703.61023451749,
  "XI-IATI-EC_INTPA-2004/085-890": 65756.25889427043,
  "XI-IATI-EC_INTPA-2004/086-870": 36376.679346718236,
  "XI-IATI-EC_INTPA-2004/087-513": 7886752.910171382,
  "XI-IATI-EC_INTPA-2004/087-763": 76085.7729996141,
  "XI-IATI-EC_INTPA-2004/087-790": 13533958.467290808,
  "XI-IATI-EC_INTPA-2004/088-203": 74410.23657915076,
  "XI-IATI-EC_INTPA-2004/095-485": 221565.01296809327,
  "XI-IATI-EC_INTPA-2004/096-488": 1502153.1006353798,
  "XI-IATI-EC_INTPA-2004/096-782": 4308547.306355867,
  "XI-IATI-EC_INTPA-2004/096-885": 74905249.89450829,
  "XI-IATI-EC_INTPA-2004/098-154": 9951218.532818558,
  "XI-IATI-EC_INTPA-2004/16760/0": 74575057.21042718,
  "XI-IATI-EC_INTPA-2004/16824/0": 23351564.41690358,
  "XI-IATI-EC_INTPA-2004/16827/0": 18485119.566439647,
  "XI-IATI-EC_INTPA-2004/16838/0": 5109607.902670477,
  "XI-IATI-EC_INTPA-2004/16840/0": 34825277.29903836,
  "XI-IATI-EC_INTPA-2004/16844/0": 5811255.46575534,
  "XI-IATI-EC_INTPA-2004/16915/0": 13682925.482625518,
  "XI-IATI-EC_INTPA-2005/090-731": 441940.6756357975,
  "XI-IATI-EC_INTPA-2005/096-739": 132689.2452523217,
  "XI-IATI-EC_INTPA-2005/099-355": 88401.59618390657,
  "XI-IATI-EC_INTPA-2005/099-776": 36389.64046692605,
  "XI-IATI-EC_INTPA-2005/101-268": 134361.74941634235,
  "XI-IATI-EC_INTPA-2005/101-311": 5091029.881315082,
  "XI-IATI-EC_INTPA-2005/101-973": 3636108.3121177885,
  "XI-IATI-EC_INTPA-2005/102-370": 8029565.875844118,
  "XI-IATI-EC_INTPA-2005/104-145": 104822.81137094786,
  "XI-IATI-EC_INTPA-2005/104-822": 882056.5517692127,
  "XI-IATI-EC_INTPA-2005/106-060": 42569.12024035342,
  "XI-IATI-EC_INTPA-2005/106-334": 44598605.18769455,
  "XI-IATI-EC_INTPA-2005/111-056": 9751611.005370269,
  "XI-IATI-EC_INTPA-2005/111-559": 1916207.382715956,
  "XI-IATI-EC_INTPA-2005/113-413": 15069397.531788649,
  "XI-IATI-EC_INTPA-2005/113-827": 934372.8356889107,
  "XI-IATI-EC_INTPA-2005/113-841": 13731027.200732421,
  "XI-IATI-EC_INTPA-2005/113-853": 32046672.08884756,
  "XI-IATI-EC_INTPA-2005/114-035": 667143.9657993539,
  "XI-IATI-EC_INTPA-2005/114-076": 668215.7625326581,
  "XI-IATI-EC_INTPA-2005/114-313": 545850.2511320922,
  "XI-IATI-EC_INTPA-2005/115-263": 18810491.650476843,
  "XI-IATI-EC_INTPA-2005/115-309": 667441.5087047225,
  "XI-IATI-EC_INTPA-2005/115-743": 21149.534630350186,
  "XI-IATI-EC_INTPA-2005/17578/0": 62158430.58347074,
  "XI-IATI-EC_INTPA-2005/17594/0": 4977269.974909881,
  "XI-IATI-EC_INTPA-2005/17599/0": 21322946.367396288,
  "XI-IATI-EC_INTPA-2005/17632/0": 7544967.797809416,
  "XI-IATI-EC_INTPA-2005/17636/0": 17505924.71960556,
  "XI-IATI-EC_INTPA-2005/17699/0": 1493807.8939655786,
  "XI-IATI-EC_INTPA-2006/104-975": 4852153.500658928,
  "XI-IATI-EC_INTPA-2006/119-182": 918599.7197269426,
  "XI-IATI-EC_INTPA-2006/124-789": 18470107.584252473,
  "XI-IATI-EC_INTPA-2006/127-323": 192241.270417835,
  "XI-IATI-EC_INTPA-2006/130-557": 63835844.16202685,
  "XI-IATI-EC_INTPA-2006/18197/0": 5218467.947841126,
  "XI-IATI-EC_INTPA-2006/18367/0": 12069678.375100248,
  "XI-IATI-EC_INTPA-2006/18368/0": 55453107.25696095,
  "XI-IATI-EC_INTPA-2006/18371/0": 4774624.472910042,
  "XI-IATI-EC_INTPA-2006/18372/0": 7297333.754445221,
  "XI-IATI-EC_INTPA-2006/18379/0": 6051027.706597383,
  "XI-IATI-EC_INTPA-2006/18554/0": 29537281.54656858,
  "XI-IATI-EC_INTPA-2007/134-855": 792701.9059699912,
  "XI-IATI-EC_INTPA-2007/135-337": 1027774.2594336078,
  "XI-IATI-EC_INTPA-2007/135-367": 580417.152105889,
  "XI-IATI-EC_INTPA-2007/138-586": 766497.1793850723,
  "XI-IATI-EC_INTPA-2007/140-647": 312337.02961078135,
  "XI-IATI-EC_INTPA-2007/141-354": 458927.06190356973,
  "XI-IATI-EC_INTPA-2007/143-772": 2141148.537581221,
  "XI-IATI-EC_INTPA-2007/144-320": 220351.4755436909,
  "XI-IATI-EC_INTPA-2007/146-388": 33829059.02267926,
  "XI-IATI-EC_INTPA-2007/146-944": 22726247.871764287,
  "XI-IATI-EC_INTPA-2007/146-955": 9424201.874909833,
  "XI-IATI-EC_INTPA-2007/147-123": 2798103.4259868683,
  "XI-IATI-EC_INTPA-2007/147-757": 62096847.760416724,
  "XI-IATI-EC_INTPA-2007/147-790": 4552688.850460119,
  "XI-IATI-EC_INTPA-2007/18884/0": 138851263.4184282,
  "XI-IATI-EC_INTPA-2007/18932/0": 41070225.38784455,
  "XI-IATI-EC_INTPA-2008/147-203": 383147.47732012876,
  "XI-IATI-EC_INTPA-2008/148-907": 482013.7930674765,
  "XI-IATI-EC_INTPA-2008/153-785": 2330153.598184464,
  "XI-IATI-EC_INTPA-2008/153-850": 1722252.0009953792,
  "XI-IATI-EC_INTPA-2008/158-856": 40989474.8416829,
  "XI-IATI-EC_INTPA-2008/159-689": 1081941.6260004295,
  "XI-IATI-EC_INTPA-2008/163-763": 95219.1652085078,