{
  "marysmeals": {
    "GB-SC-SCO45223-GB-1-203559": 12355017.21146822,
    "GB-SC-SCO45223-205210-229": 3629490.1259468663
  }
}