{
  "XI-IATI-EC_NEAR-2002/196/0": 48702142.08128648,
  "XI-IATI-EC_NEAR-2002/580/0": 215388239.517173,
  "XI-IATI-EC_NEAR-2002/605/0": 59970310.15355795,
  "XI-IATI-EC_NEAR-2002/606/0": 37639730.767908104,
  "XI-IATI-EC_NEAR-2003/4379/0": 247651074.34743938,
  "XI-IATI-EC_NEAR-2003/5078/0": 5585493.298977828,
  "XI-IATI-EC_NEAR-2003/5681/0": 4245863.498148831,
  "XI-IATI-EC_NEAR-2003/5708/0": 49088523.476714745,
  "XI-IATI-EC_NEAR-2003/5710/0": 144926004.00592527,
  "XI-IATI-EC_NEAR-2003/5873/0": 3104688.6920256442,
  "XI-IATI-EC_NEAR-2004/16829/0": 52984305.0694914,
  "XI-IATI-EC_NEAR-2004/16946/0": 2223265.992826285,
  "XI-IATI-EC_NEAR-2005/17488/0": 42241768.6506166
}