{
  "GB-CHC-291691-CAM1": {
    "allwecan-cm.xml": 1898888.9669074921
  },
  "GB-CHC-291691-UGA1": {
    "allwecan-ug.xml": 1976575.7267025954
  }
}