{
  "ES-DIR3-E04585801-009-006639": 300640.5492187501,
  "ES-DIR3-E04585801-009-052217": 1013826.3812357346,
  "ES-DIR3-E04585801-009-052237": 1236273.2272250862,
  "ES-DIR3-E04585801-009-053785": 642394.3359375001,
  "ES-DIR3-E04585801-009-054199": 1027830.9375000002,
  "ES-DIR3-E04585801-009-054261": 1284788.6718750002,
  "ES-DIR3-E04585801-009-054299": 642394.3359375001,
  "ES-DIR3-E04585801-009-058431": 174731.25937500005,
  "ES-DIR3-E04585801-009-058599": 4284.770220703126,
  "ES-DIR3-E04585801-009-067763": 572090.2453743388,
  "ES-DIR3-E04585801-009-072767": 130155.56784313761,
  "ES-DIR3-E04585801-009-073319": 79687.08235294139,
  "ES-DIR3-E04585801-009-074025": 92968.2627450983,
  "ES-DIR3-E04585801-009-074291": 19842.08350588241,
  "ES-DIR3-E04585801-009-081280": 1461350.862745093,
  "ES-DIR3-E04585801-009-081282": 1195650.7058823488,
  "ES-DIR3-E04585801-009-082122": 132717.22835294073,
  "ES-DIR3-E04585801-009-082314": 1894866.7338520484,
  "ES-DIR3-E04585801-009-082370": 26575.329689411672,
  "ES-DIR3-E04585801-009-082378": 53140.03137254884,
  "ES-DIR3-E04585801-009-082428": 531400.3137254884,
  "ES-DIR3-E04585801-009-083476": 13285.00784313721,
  "ES-DIR3-E04585801-009-083898": 53140.03137254884,
  "ES-DIR3-E04585801-009-084050": 185990.10980392093,
  "ES-DIR3-E04585801-009-084098": 181441.32311843074,
  "ES-DIR3-E04585801-009-085252": 92995.05490196047,
  "ES-DIR3-E04585801-009-085430": 7447.57539686272,
  "ES-DIR3-E04585801-009-085710": 79710.04705882326,
  "ES-DIR3-E04585801-009-086145": 31884.018823529303,
  "ES-DIR3-E04585801-009-086224": 27598.56756350579,
  "ES-DIR3-E04585801-009-086631": 148792.08784313675,
  "ES-DIR3-E04585801-009-087392": 797100.4705882325,
  "ES-DIR3-E04585801-009-089456": 185990.10980392093,
  "ES-DIR3-E04585801-009-089469": 185990.10980392093,
  "ES-DIR3-E04585801-009-089590": 112809.64409999961,
  "ES-DIR3-E04585801-009-090267": 5279168.491619377,
  "ES-DIR3-E04585801-009-092965": 1328500.784313721,
  "ES-DIR3-E04585801-009-092988": 159420.0941176465
}