{
  "ES-DIR3-E04585801-009-000531": 81251.21202334645,
  "ES-DIR3-E04585801-009-049341": 99915.7023921094,
  "ES-DIR3-E04585801-009-092671": 132850.0784313721
}