{
  "US-18-CIV-1031BXPEPD-BASEWK SAL-0446": 1122769.38,
  "US-18-CIV-1031BXPEPD-BASEWK-0446": 60000.0,
  "US-18-CIV-1031BXPEPD-BASEWK-0498": 3518498.04,
  "US-18-CIV-1031BXPEPD-BASEWK-0499": 5625380.62,
  "US-18-CIV-1031BXPEPD-MCC CT_DC-0446": 5869.84,
  "US-18-CIV-2750BX69GD-EDU_TRN EP-0372": 1085540.71,
  "US-18-CIV-2750BX69GD-PGM ADMIN-0017": 3829607.1,
  "US-18-CIV-2750BX69GD-PGM ADMIN-0021": 760388.0,
  "US-18-CIV-2750BX69GD-PGM ADMIN-0131": 1970000.0,
  "US-18-CIV-2750BX69GD-PGM ASSMT-0076": 436983.0,
  "US-18-CIV-2750BX69GD-PGM ASSMT-0412": 600000.0,
  "US-18-CIV-2750BX69GD-PGM ASSMT-0488": 2040.420000000021,
  "US-18-CIV-2750BX69GD-TRANSPORTN-0019": 13430131.79,
  "US-18-CIV-2750BXCOMD-EDU_TRN EP-0225": 36125747.16,
  "US-18-CIV-2750BXCOMD-EDU_TRN EP-0306": 19116705.6,
  "US-18-CIV-2750BXCOMD-EDU_TRN EP-0472": 117135895.23,
  "US-18-CIV-2750BXCOMD-MON & EVAL-0016": 12727707.97,
  "US-18-CIV-2750BXCOMD-NA-NA": 249911.13999999998,
  "US-18-CIV-2750BXCOMD-PGM ADMIN-0017": 80570103.19,
  "US-18-CIV-2750BXCOMD-PGM ADMIN-0021": 10997364.92,
  "US-18-CIV-2750BXCOMD-PGM ADMIN-0031": 991045.48,
  "US-18-CIV-2750BXCOMD-PGM ADMIN-0131": 8300000.0,
  "US-18-CIV-2750BXCOMD-TRANSPORTN-0039": 247479960.69,
  "US-18-CIV-2750BXCOMD-TRANSPORTN-0497": 75872633.69,
  "US-18-CIV-2750BXDILD-AGRI-NA": 2972492.6,
  "US-18-CIV-2750BXDILD-ASSMT-NA": 97053.0,
  "US-18-CIV-2750BXDILD-ECON ANLS-NA": 9474.59,
  "US-18-CIV-2750BXDILD-EDU-NA": 561554.87,
  "US-18-CIV-2750BXDILD-ENRG ENVIR-NA": 800000.0,
  "US-18-CIV-2750BXDILD-ENVML ASMT-NA": 4398084.59,
  "US-18-CIV-2750BXDILD-GENDER-NA": 512085.77999999997,
  "US-18-CIV-2750BXDILD-HEALTH PRJ-NA": 208857.76,
  "US-18-CIV-2750BXDILD-HEALTH SEC-NA": 70000.0,
  "US-18-CIV-2750BXDILD-HUMAN CAP-NA": 387197.94,
  "US-18-CIV-2750BXDILD-INFRSTRE-NA": 5513254.51,
  "US-18-CIV-2750BXDILD-MON & EVAL-0016": 1441642.48,
  "US-18-CIV-2750BXDILD-NA-NA": 742141.12,
  "US-18-CIV-2750BXDILD-OTHER-NA": 50306.5,
  "US-18-CIV-2750BXDILD-PGM ASSMT-NA": 160716.62,
  "US-18-CIV-2750BXDILD-PGM DEVEL-NA": 108143.36,
  "US-18-CIV-2750BXDILD-PGM MGMT-NA": 43751.56,
  "US-18-CIV-2750BXDILD-PRE-NA": -3.865814208984375e-26,
  "US-18-CIV-2750BXDILD-TRANSPORTI-NA": 21861530.13,
  "US-18-CIV-2750BXDILD-TRANSPORTN-NA": 684096.79,
  "US-18-CIV-2750BXDILD-WATER SAN-NA": 381025.58,
  "US-18-CIV-2750BXMCCR-CONFERENCE-NA": 14790.73,
  "US-18-CIV-2750BXMCCR-NA-NA": 2498331.0
}