{
  "NL-CCI-20081098-GEC 5085": {
    "bracintl-activities.xml": 32999972.962172933
  },
  "NL-CCI-20081098-GEC-5063": {
    "bracintl-activities.xml": 5655414.553323779
  },
  "NL-CCI-20081098-GEC-6957": {
    "bracintl-activities.xml": 4675352.047519478
  },
  "NL-CCI-20081098-GPAF-IMP-013": {
    "bracintl-activities.xml": 2580085.7780573824
  },
  "NL-CCI-20081098-GPAF-IMP-014": {
    "bracintl-activities.xml": 3931779.925841549
  },
  "NL-CCI-20081098-GPAF-IMP-028": {
    "bracintl-activities.xml": 658764.2759339812
  },
  "NL-CCI-20081098-GPAF-IMP-068": {
    "bracintl-activities.xml": 3336654.708650825
  },
  "NL-CCI-20081098-GPAF-INN-015": {
    "bracintl-activities.xml": 342486.0017415053
  }
}