{
  "DK-CVR-29439915-2017/18-HUMJO-Caritas_Jordan": {
    "caritas_denmark-activities.xml": 195746.017793721
  },
  "DK-CVR-29439915-2018/20_UE-07-2018_CIVUG_School_Project": {
    "caritas_denmark-activities.xml": 4252.141066910565
  },
  "DK-CVR-29439915-2018/20_UE-07-2018_CIVUG_School_Project_Cidi_Rakai": {
    "caritas_denmark-activities.xml": 4677.444260990411
  },
  "DK-CVR-29439915-2018/20_UE-07-2018_CIVUG_School_Project_EADEN": {
    "caritas_denmark-activities.xml": 8392.744723057
  },
  "DK-CVR-29439915-2018/21 HUM-Global": {
    "caritas_denmark-activities.xml": 68718.80456602559
  },
  "DK-CVR-29439915-2018/21-CIV-Global": {
    "caritas_denmark-activities.xml": 32351.550714480836
  },
  "DK-CVR-29439915-2018/21-CIV-INNOVATION": {
    "caritas_denmark-activities.xml": 54201.6582132633
  },
  "DK-CVR-29439915-2018/21-CIV-Other_Activities": {
    "caritas_denmark-activities.xml": 67558.17406487933
  },
  "DK-CVR-29439915-2018/21-CIVADM-Danish_Cost": {
    "caritas_denmark-activities.xml": 49888.93772197604
  },
  "DK-CVR-29439915-2018/21-CIVIN-ANMA_Integrated_Development_Association_(AIDA)": {
    "caritas_denmark-activities.xml": 70881.31184149567
  },
  "DK-CVR-29439915-2018/21-CIVIN-Diocesan_Social_Service_Society_(DSSS)": {
    "caritas_denmark-activities.xml": 85719.17279389924
  },
  "DK-CVR-29439915-2018/21-CIVIN-Jirsong_Asong": {
    "caritas_denmark-activities.xml": 126807.52372694113
  },
  "DK-CVR-29439915-2018/21-CIVIN-Tezpur_Social_Service_Society_(TSSS)": {
    "caritas_denmark-activities.xml": 97950.69309988471
  },
  "DK-CVR-29439915-2018/21-CIVIN-UE-02-2018-Tezpur_Social_Service_Society_(TSSS)": {
    "caritas_denmark-activities.xml": 105999.11316146833
  },
  "DK-CVR-29439915-2018/21-CIVMM-Karuna_Mission_Social_Solidarity_(KMSS)": {
    "caritas_denmark-activities.xml": 1994451.0435102794
  },
  "DK-CVR-29439915-2018/21-CIVMM-Management_Cost": {
    "caritas_denmark-activities.xml": 99153.72919809466
  },
  "DK-CVR-29439915-2018/21-CIVMM-UE-01-2017-Karuna_Mission_Social_Solidarity_(KMSS)": {
    "caritas_denmark-activities.xml": 171361.37408388458
  },
  "DK-CVR-29439915-2018/21-CIVMM-UE-02-2016-Karuna_Mission_Social_Solidarity_(KMSS)": {
    "caritas_denmark-activities.xml": 252619.4067967737
  },
  "DK-CVR-29439915-2018/21-CIVMM-UE-05-2016-Karuna_Mission_Social_Solidarity_(KMSS)": {
    "caritas_denmark-activities.xml": 79919.04925938678
  },
  "DK-CVR-29439915-2018/21-CIVTC-Caritas_Chad": {
    "caritas_denmark-activities.xml": 204547.67363132062
  },
  "DK-CVR-29439915-2018/21-CIVUG-CAPCA-Program_Management_Committee": {
    "caritas_denmark-activities.xml": 421641.1678762752
  },
  "DK-CVR-29439915-2018/21-CIVUG-Caritas_Uganda": {
    "caritas_denmark-activities.xml": 1037889.4603679896
  },
  "DK-CVR-29439915-2018/21-CIVUG-Community_Integrated_Development_Initiatives_ (CIDI)": {
    "caritas_denmark-activities.xml": 1686558.9699122182
  },
  "DK-CVR-29439915-2018/21-CIVUG-Eastern_Archdiocesan_Development_Network_(EADEN)": {
    "caritas_denmark-activities.xml": 1185256.5716797123
  },
  "DK-CVR-29439915-2018/21-CIVUG-The_Central_Archdiocesan_Province_Caritas_Association_(CAPCA)": {
    "caritas_denmark-activities.xml": 1589640.2651240681
  },
  "DK-CVR-29439915-2018/21-CIVUG-UE-01-2018- EASTERN_ARCHDIOCESAN_DEVELOPMENT_NETWORK_(EADEN)": {
    "caritas_denmark-activities.xml": 24444.68860988037
  },
  "DK-CVR-29439915-2018/21-CIVUG-UE-01-2018-Caritas_Uganda": {
    "caritas_denmark-activities.xml": 21866.49957831968
  },
  "DK-CVR-29439915-2018/21-CIVUG-UE-01-2018-Community_Integrated_Development_Initiatives_(CIDI)": {
    "caritas_denmark-activities.xml": 31211.232137978528
  },
  "DK-CVR-29439915-2018/21-CIVUG-UE-01-2018-The_Central_Archdiocesan_Province_Caritas_Association_(CAPCA)": {
    "caritas_denmark-activities.xml": 60591.18391200538
  },
  "DK-CVR-29439915-2018/21-CIVUG-UE-02-2017-Community_Integrated_Development_Initiatives_(CIDI)_Soroti": {
    "caritas_denmark-activities.xml": 266551.2490051907
  },
  "DK-CVR-29439915-2018/21-CIVUG-UE-03-2016-Community_Integrated_Development_Initiatives_(CIDI)_Soroti": {
    "caritas_denmark-activities.xml": 313119.72157221404
  },
  "DK-CVR-29439915-2018/21-HUM-Flexible_Funds": {
    "caritas_denmark-activities.xml": 3855841.1631249455
  },
  "DK-CVR-29439915-2018/21-HUM-Innovation": {
    "caritas_denmark-activities.xml": 484733.5693159273
  },
  "DK-CVR-29439915-2018/21-HUMJO-Caritas_Jordan": {
    "caritas_denmark-activities.xml": 8798510.233171387
  },
  "DK-CVR-29439915-2018/21-HUMNI-Caritas_D\u00e9veloppement_Niger_(CADEV_Niger)": {
    "caritas_denmark-activities.xml": 2140178.7686935025
  },
  "DK-CVR-29439915-2018/21-HUMTC-Caritas_Chad": {
    "caritas_denmark-activities.xml": 742253.6733699973
  },
  "DK-CVR-29439915-2018/21-HUMUG-Caritas_Uganda": {
    "caritas_denmark-activities.xml": 2455965.8130115084
  },
  "DK-CVR-29439915-2018/21_CIVMM_UE-03-2018_KMSS": {
    "caritas_denmark-activities.xml": 36934.20599379949
  },
  "DK-CVR-29439915-2018/21_CIVNI_UE-06-2018_CADEV": {
    "caritas_denmark-activities.xml": 79062.38492878943
  },
  "DK-CVR-29439915-2018/21_CIVUG_UE-04-2018_EADEN": {
    "caritas_denmark-activities.xml": 4561.630655564396
  },
  "DK-CVR-29439915-2018/21_HUMBA_Caritas_Bangladesh": {
    "caritas_denmark-activities.xml": 539043.0232696256
  },
  "DK-CVR-29439915-2018/21_HUMBA_Management_Cost": {
    "caritas_denmark-activities.xml": 1468.5165168018807
  },
  "DK-CVR-29439915-2019 Single Grant, Health Programme for Syrian refugees and vulnerable Jordanians HX-02-2018": {
    "caritas_denmark-activities.xml": 2030007.7802986195
  },
  "DK-CVR-29439915-2019-Single_Grant-Improving_the_living_conditions_of_the_forcibly_displaced-Rohingya_families_in_Bangladesh_HX-01-2018": {
    "caritas_denmark-activities.xml": 1920099.9560502202
  },
  "DK-CVR-29439915-C-DK2017": {
    "caritas_denmark-activities.xml": 918431.1116918284
  },
  "DK-CVR-29439915-DK-CVR-29439915-2018/21-CIVNI-Caritas_D\u00e9veloppement_Niger_(CADEV_Niger)": {
    "caritas_denmark-activities.xml": 539910.31216221
  },
  "DK-CVR-29439915-HPA2017CH": {
    "caritas_denmark-activities.xml": 1540328.4676591477
  },
  "DK-CVR-29439915-HPA2017DK": {
    "caritas_denmark-activities.xml": 1453939.8600734072
  },
  "DK-CVR-29439915-HPA2017JO": {
    "caritas_denmark-activities.xml": 1861332.8633088279
  },
  "DK-CVR-29439915-HPA2017NI": {
    "caritas_denmark-activities.xml": 720772.9092714154
  },
  "DK-CVR-29439915-HX012016": {
    "caritas_denmark-activities.xml": 1644227.8499055663
  },
  "DK-CVR-29439915-HX012017": {
    "caritas_denmark-activities.xml": 1194435.245346668
  },
  "DK-CVR-29439915-HX022016": {
    "caritas_denmark-activities.xml": 1669891.5121049269
  },
  "DK-CVR-29439915-HX022017": {
    "caritas_denmark-activities.xml": 1496556.7724232948
  },
  "DK-CVR-29439915-RAM2017DK": {
    "caritas_denmark-activities.xml": 794554.7412308309
  },
  "DK-CVR-29439915-RAM2017IN": {
    "caritas_denmark-activities.xml": 764745.3882428398
  },
  "DK-CVR-29439915-RAM2017MM": {
    "caritas_denmark-activities.xml": 1121663.7804524067
  },
  "DK-CVR-29439915-RAM2017UG": {
    "caritas_denmark-activities.xml": 3035190.0530960816
  },
  "DK-CVR-29439915-RAM2017ZI": {
    "caritas_denmark-activities.xml": 756336.7859645784
  }
}