{
  "DK-CVR-29439915-2017/18-HUMJO-Caritas_Jordan": {
    "caritas_denmark-activities.xml": 195675.3605882733
  },
  "DK-CVR-29439915-2018/20_UE-07-2018_CIVUG_School_Project": {
    "caritas_denmark-activities.xml": 4250.606198368443
  },
  "DK-CVR-29439915-2018/20_UE-07-2018_CIVUG_School_Project_Cidi_Rakai": {
    "caritas_denmark-activities.xml": 4675.755873436764
  },
  "DK-CVR-29439915-2018/20_UE-07-2018_CIVUG_School_Project_EADEN": {
    "caritas_denmark-activities.xml": 8389.715246928436
  },
  "DK-CVR-29439915-2018/21 HUM-Global": {
    "caritas_denmark-activities.xml": 68693.99957255973
  },
  "DK-CVR-29439915-2018/21-CIV-Global": {
    "caritas_denmark-activities.xml": 32339.87297926482
  },
  "DK-CVR-29439915-2018/21-CIV-INNOVATION": {
    "caritas_denmark-activities.xml": 54182.09338255488
  },
  "DK-CVR-29439915-2018/21-CIV-Other_Activities": {
    "caritas_denmark-activities.xml": 67533.78801688523
  },
  "DK-CVR-29439915-2018/21-CIVADM-Danish_Cost": {
    "caritas_denmark-activities.xml": 49870.92962678248
  },
  "DK-CVR-29439915-2018/21-CIVIN-ANMA_Integrated_Development_Association_(AIDA)": {
    "caritas_denmark-activities.xml": 70855.7262614178
  },
  "DK-CVR-29439915-2018/21-CIVIN-Diocesan_Social_Service_Society_(DSSS)": {
    "caritas_denmark-activities.xml": 85688.23128473766
  },
  "DK-CVR-29439915-2018/21-CIVIN-Jirsong_Asong": {
    "caritas_denmark-activities.xml": 126761.75081489277
  },
  "DK-CVR-29439915-2018/21-CIVIN-Tezpur_Social_Service_Society_(TSSS)": {
    "caritas_denmark-activities.xml": 97915.33645598406
  },
  "DK-CVR-29439915-2018/21-CIVIN-UE-02-2018-Tezpur_Social_Service_Society_(TSSS)": {
    "caritas_denmark-activities.xml": 105840.36150506866
  },
  "DK-CVR-29439915-2018/21-CIVMM-Karuna_Mission_Social_Solidarity_(KMSS)": {
    "caritas_denmark-activities.xml": 1993731.1190963625
  },
  "DK-CVR-29439915-2018/21-CIVMM-Management_Cost": {
    "caritas_denmark-activities.xml": 99117.93830184134
  },
  "DK-CVR-29439915-2018/21-CIVMM-UE-01-2017-Karuna_Mission_Social_Solidarity_(KMSS)": {
    "caritas_denmark-activities.xml": 171299.51884947973
  },
  "DK-CVR-29439915-2018/21-CIVMM-UE-02-2016-Karuna_Mission_Social_Solidarity_(KMSS)": {
    "caritas_denmark-activities.xml": 252528.22036280532
  },
  "DK-CVR-29439915-2018/21-CIVMM-UE-05-2016-Karuna_Mission_Social_Solidarity_(KMSS)": {
    "caritas_denmark-activities.xml": 79890.20138423533
  },
  "DK-CVR-29439915-2018/21-CIVTC-Caritas_Chad": {
    "caritas_denmark-activities.xml": 204473.83934767838
  },
  "DK-CVR-29439915-2018/21-CIVUG-CAPCA-Program_Management_Committee": {
    "caritas_denmark-activities.xml": 421488.97072325187
  },
  "DK-CVR-29439915-2018/21-CIVUG-Caritas_Uganda": {
    "caritas_denmark-activities.xml": 1037514.8199555828
  },
  "DK-CVR-29439915-2018/21-CIVUG-Community_Integrated_Development_Initiatives_ (CIDI)": {
    "caritas_denmark-activities.xml": 1685950.1833581931
  },
  "DK-CVR-29439915-2018/21-CIVUG-Eastern_Archdiocesan_Development_Network_(EADEN)": {
    "caritas_denmark-activities.xml": 1184828.7370905986
  },
  "DK-CVR-29439915-2018/21-CIVUG-The_Central_Archdiocesan_Province_Caritas_Association_(CAPCA)": {
    "caritas_denmark-activities.xml": 1589066.4627036317
  },
  "DK-CVR-29439915-2018/21-CIVUG-UE-01-2018- EASTERN_ARCHDIOCESAN_DEVELOPMENT_NETWORK_(EADEN)": {
    "caritas_denmark-activities.xml": 24435.864964808654
  },
  "DK-CVR-29439915-2018/21-CIVUG-UE-01-2018-Caritas_Uganda": {
    "caritas_denmark-activities.xml": 21858.606565881717
  },
  "DK-CVR-29439915-2018/21-CIVUG-UE-01-2018-Community_Integrated_Development_Initiatives_(CIDI)": {
    "caritas_denmark-activities.xml": 31199.966016366932
  },
  "DK-CVR-29439915-2018/21-CIVUG-UE-01-2018-The_Central_Archdiocesan_Province_Caritas_Association_(CAPCA)": {
    "caritas_denmark-activities.xml": 60569.312694505046
  },
  "DK-CVR-29439915-2018/21-CIVUG-UE-02-2017-Community_Integrated_Development_Initiatives_(CIDI)_Soroti": {
    "caritas_denmark-activities.xml": 266455.03368201025
  },
  "DK-CVR-29439915-2018/21-CIVUG-UE-03-2016-Community_Integrated_Development_Initiatives_(CIDI)_Soroti": {
    "caritas_denmark-activities.xml": 313006.69672120444
  },
  "DK-CVR-29439915-2018/21-HUM-Flexible_Funds": {
    "caritas_denmark-activities.xml": 3854449.3444595784
  },
  "DK-CVR-29439915-2018/21-HUM-Innovation": {
    "caritas_denmark-activities.xml": 484558.5980966883
  },
  "DK-CVR-29439915-2018/21-HUMJO-Caritas_Jordan": {
    "caritas_denmark-activities.xml": 8795334.290425854
  },
  "DK-CVR-29439915-2018/21-HUMNI-Caritas_D\u00e9veloppement_Niger_(CADEV_Niger)": {
    "caritas_denmark-activities.xml": 2139406.24186175
  },
  "DK-CVR-29439915-2018/21-HUMTC-Caritas_Chad": {
    "caritas_denmark-activities.xml": 741985.7467430101
  },
  "DK-CVR-29439915-2018/21-HUMUG-Caritas_Uganda": {
    "caritas_denmark-activities.xml": 2455079.298522078
  },
  "DK-CVR-29439915-2018/21_CIVMM_UE-03-2018_KMSS": {
    "caritas_denmark-activities.xml": 36920.874086410695
  },
  "DK-CVR-29439915-2018/21_CIVNI_UE-06-2018_CADEV": {
    "caritas_denmark-activities.xml": 79033.84627835831
  },
  "DK-CVR-29439915-2018/21_CIVUG_UE-04-2018_EADEN": {
    "caritas_denmark-activities.xml": 4559.984072517446
  },
  "DK-CVR-29439915-2018/21_HUMBA_Caritas_Bangladesh": {
    "caritas_denmark-activities.xml": 538848.4483093296
  },
  "DK-CVR-29439915-2018/21_HUMBA_Management_Cost": {
    "caritas_denmark-activities.xml": 1467.986435656933
  },
  "DK-CVR-29439915-2019 Single Grant, Health Programme for Syrian refugees and vulnerable Jordanians HX-02-2018": {
    "caritas_denmark-activities.xml": 2029275.0211936852
  },
  "DK-CVR-29439915-2019-Single_Grant-Improving_the_living_conditions_of_the_forcibly_displaced-Rohingya_families_in_Bangladesh_HX-01-2018": {
    "caritas_denmark-activities.xml": 1919406.8696794019
  },
  "DK-CVR-29439915-C-DK2017": {
    "caritas_denmark-activities.xml": 918099.591406104
  },
  "DK-CVR-29439915-DK-CVR-29439915-2018/21-CIVNI-Caritas_D\u00e9veloppement_Niger_(CADEV_Niger)": {
    "caritas_denmark-activities.xml": 539715.4241421125
  },
  "DK-CVR-29439915-HPA2017CH": {
    "caritas_denmark-activities.xml": 1581780.5195616386
  },
  "DK-CVR-29439915-HPA2017DK": {
    "caritas_denmark-activities.xml": 1453415.040572302
  },
  "DK-CVR-29439915-HPA2017JO": {
    "caritas_denmark-activities.xml": 1874790.53298233
  },
  "DK-CVR-29439915-HPA2017NI": {
    "caritas_denmark-activities.xml": 740350.6884376694
  },
  "DK-CVR-29439915-HX012016": {
    "caritas_denmark-activities.xml": 1643634.3433489422
  },
  "DK-CVR-29439915-HX012017": {
    "caritas_denmark-activities.xml": 1194004.0975896118
  },
  "DK-CVR-29439915-HX022016": {
    "caritas_denmark-activities.xml": 1681354.3565423817
  },
  "DK-CVR-29439915-HX022017": {
    "caritas_denmark-activities.xml": 1496016.5697641291
  },
  "DK-CVR-29439915-RAM2017DK": {
    "caritas_denmark-activities.xml": 794267.9358172476
  },
  "DK-CVR-29439915-RAM2017IN": {
    "caritas_denmark-activities.xml": 764469.3429233934
  },
  "DK-CVR-29439915-RAM2017MM": {
    "caritas_denmark-activities.xml": 1121274.7000876237
  },
  "DK-CVR-29439915-RAM2017UG": {
    "caritas_denmark-activities.xml": 3034094.4596859496
  },
  "DK-CVR-29439915-RAM2017ZI": {
    "caritas_denmark-activities.xml": 756063.775845262
  }
}