{
  "XI-PB-XM-DAC-61-2-2017000001": 172706.43046156803,
  "XM-DAC-61-2-2018000140": 219202.62941176395,
  "XM-DAC-61-2-2019000101": 155867.68302039162
}