{
  "GB-1-202417-101": 12113705.059900243,
  "GB-1-202429-101": 5447488.459821993,
  "GB-1-202434-101": 4802557.09665869,
  "GB-1-202446-101": 1762422.7370012328,
  "GB-1-202449-101": 1348846.2087265707,
  "GB-GOV-1-300602-106": 12125632.310955666
}