{
  "ncea": {
    "NL-KVK-41185216-CR": 13537400.407643482,
    "NL-KVK-41185216-CR_SEAcoaching": 842625.5354650951,
    "NL-KVK-41185216-CR_awarenesscommitment": 354449.32325803797,
    "NL-KVK-41185216-CR_highereducation": 105117.62455882315,
    "NL-KVK-41185216-CR_independentadvice": 1246229.3877427408,
    "NL-KVK-41185216-CR_monitoringevaluation": 231867.22738862663,
    "NL-KVK-41185216-CR_organisationalcapacity": 1102061.8111298,
    "NL-KVK-41185216-CR_professionalexchange": 51697.27952078413,
    "NL-KVK-41185216-CR_reconnaissance": 818061.5559631344,
    "NL-KVK-41185216-CR_regulatoryframework": 505169.06573921395,
    "NL-KVK-41185216-KLP": 5810090.571632529,
    "NL-KVK-41185216-KLP_communicationnetworks": 683042.035750978,
    "NL-KVK-41185216-KLP_monitoringevaluation": 56417.44280745078,
    "NL-KVK-41185216-KLP_organisationallearning": 670550.142876076,
    "NL-KVK-41185216-KLP_productsservices": 749828.4271799974,
    "NL-KVK-41185216-PSD": 8737787.460071735,
    "NL-KVK-41185216-PSD_coordination": 103393.23054078394,
    "NL-KVK-41185216-PSD_independentadvice": 3720129.0072713597,
    "NL-KVK-41185216-PSD_monitoringevaluation": 44899.34100745083,
    "NL-KVK-41185216-PSD_screening": 119534.51507019567,
    "NL-KVK-41185216-PSD_workshops": 25083.423308627363,
    "NL-KVK-41185216-R": 1705492.1088799941,
    "NL-KVK-41185216-R_SRJS": 227331.7257109796,
    "NL-KVK-41185216-R_countriesregions": 149659.5988552936,
    "NL-KVK-41185216-SF": 4630072.3344792,
    "NL-KVK-41185216-SF_GCFsafeguards": 54123.121952940994,
    "NL-KVK-41185216-SF_HIGHEREDUCATION": 13413.87241921564,
    "NL-KVK-41185216-SF_coordination": 31971.699875294005,
    "NL-KVK-41185216-SF_independentadvice": 276119.5885141167,
    "NL-KVK-41185216-SF_monitoringevaluation": 44964.437545882196,
    "NL-KVK-41185216-SF_organisationalcapacity": 467431.67245999834
  }
}