{
  "GB-CHC-285776-IND843": 610289.5779047713,
  "GB-CHC-285776-IND844": 494277.60002362606
}