{
  "AU-5-INI504-BZ": 46949.54472496317,
  "AU-5-INJ082-BZ": 112787.94973948346,
  "AU-5-INJ115-BZ": 1610908.5470063742,
  "AU-5-INJ116-BZ": 609370.526682223,
  "AU-5-INJ117-BZ": 536559.1703733456,
  "AU-5-INJ118-BZ": 1112374.5948174184,
  "AU-5-INK048-BZ": 34780.07601613079,
  "AU-5-INK124-BZ": 318030.9282383814,
  "AU-5-INK134-BZ": 755903.7903389377,
  "AU-5-INK135-BZ": 166204.18938198197,
  "AU-5-INK373-BZ": 19977.850189252713,
  "AU-5-INK573-BZ": 462341.5867307184,
  "AU-5-INK680-BZ": 9296.172010427606,
  "AU-5-INL062-BZ": 1003582.5581399801,
  "AU-5-INL144-BZ": 18393.834775221876,
  "AU-5-INL471-BZ": 303179.52338651946,
  "AU-5-INL630-BZ": 28752.32044126891,
  "AU-5-INM056-BZ": 55059.921485782,
  "AU-5-INM061-BZ": 219683.37004050458,
  "AU-5-INM339-BZ": 156850.37879193082,
  "AU-5-INM371-BZ": 19004.14860211771,
  "AU-5-INM588-BZ": 475079.3310766915,
  "AU-5-O14622-BZ": 132378.92831439996,
  "AU-5-O16946-BZ": 25438.809001779773,
  "AU-5-O16947-BZ": 34742.65060701746
}