{
  "XI-IATI-EC_FPI-2013/316-340": 520903.7094635551,
  "XI-IATI-EC_FPI-2013/316-346": 522626.3232905433,
  "XI-IATI-EC_FPI-2015/367-779": 823.2187960078402,
  "XI-IATI-EC_FPI-2015/368-469": 4429.819440254886,
  "XI-IATI-EC_FPI-2015/38336/0": 2118195.7664099378,
  "XI-IATI-EC_FPI-2016/374-256": 271.90425552548925,
  "XI-IATI-EC_FPI-2016/39928/0": 1912928.1138500364,
  "XI-IATI-EC_FPI-2017/386-557": 3188401.88235293,
  "XI-IATI-EC_FPI-2017/387-619": 2742606.7316365945,
  "XI-IATI-EC_FPI-2017/392-798": 461122.4628151984,
  "XI-IATI-EC_FPI-2017/392-990": 442111.7760117632,
  "XI-IATI-EC_FPI-2018/403-020": 661.79266570588,
  "XI-IATI-EC_FPI-2018/41664/0": 2256204.0546915885,
  "XI-IATI-EC_FPI-2019/413-726": 557588.5714263824,
  "XI-IATI-EC_FPI-2020/415-604": 4429.819440254886,
  "XI-IATI-EC_FPI-2020/417-158": 1924531.3326952874,
  "XI-IATI-EC_FPI-2021/43583/0": 797100.4705882325
}