{
  "GB-COH-02188452-10084": {
    "iied-iied-ccg-activitydataset.xml": 945396.4141114636
  },
  "GB-COH-02188452-10239": {
    "iied-iied-nrggroup-activitydataset.xml": 12893759.28360818
  },
  "GB-COH-02188452-10432": {
    "iied-iied-ccg-activitydataset.xml": 386908.83182350465
  },
  "GB-COH-02188452-10554": {
    "iied-iied-ccg-activitydataset.xml": 289026.5213862735
  },
  "GB-COH-02188452-10579": {
    "iied-iied-nrggroup-activitydataset.xml": 59236.86851490587
  },
  "GB-COH-02188452-10745": {
    "iied-iied-nrggroup-activitydataset.xml": 32310.42083774144
  },
  "GB-COH-02188452-10771": {
    "iied-iied-hsg-activitydataset.xml": 10068.210811821677
  },
  "GB-COH-02188452-10772": {
    "iied-iied-hsg-activitydataset.xml": 8227.342849292483
  },
  "GB-COH-02188452-10850": {
    "iied-iied-ccg-activitydataset.xml": 178946.54989690974
  },
  "GB-COH-02188452-10855": {
    "iied-iied-ssm-activitydataset.xml": 242224.49176315972
  },
  "GB-COH-02188452-11173": {
    "iied-iied-hsg-activitydataset.xml": 197719.50335419693
  },
  "GB-COH-02188452-272.16": {
    "iied-iied-nrggroup-activitydataset.xml": 1823051.717407793
  }
}