{
  "XM-DAC-701-8-2012010320": 26838070.769210596,
  "XM-DAC-701-8-2014001978": 5663327.576346638,
  "XM-DAC-701-8-2014010310": 4851583.957070286,
  "XM-DAC-701-8-2014010314": 12629220.495253002,
  "XM-DAC-701-8-2014950256": 397310.9157069427,
  "XM-DAC-701-8-2014950257": 2048624.368134713,
  "XM-DAC-701-8-2014950258": 351268.8915091351,
  "XM-DAC-701-8-2014950259": 814921.147501096,
  "XM-DAC-701-8-2014950260": 12398.837386601701,
  "XM-DAC-701-8-2014950261": 10659.976045797805,
  "XM-DAC-701-8-2014950262": 5953.710025578561,
  "XM-DAC-701-8-2014950263": 2484039.0280053583,
  "XM-DAC-701-8-2014950264": 951950.9814231422,
  "XM-DAC-701-8-2014950265": 21319.95209159561,
  "XM-DAC-701-8-2014950266": 5953.710025578561,
  "XM-DAC-701-8-2014950305": 377540.81828867225,
  "XM-DAC-701-8-2014950306": 9601.53870791717,
  "XM-DAC-701-8-2014950307": 90874.4057237515,
  "XM-DAC-701-8-2014950891": 1136081.2768808766,
  "XM-DAC-701-8-2014951120": 121304.4791878197,
  "XM-DAC-701-8-2014951588": 78059.75366869669,
  "XM-DAC-701-8-2014951658": 118072.4651739342,
  "XM-DAC-701-8-2014951771": 409634.1504265528,
  "XM-DAC-701-8-2014951802": 56078.27824092568,
  "XM-DAC-701-8-2014953952": 812.7286701583432,
  "XM-DAC-701-8-2014953953": 151.2053339829476,
  "XM-DAC-701-8-2014953954": 177571.76409622407,
  "XM-DAC-701-8-2014953955": 113.40400048721068,
  "XM-DAC-701-8-2014953956": 1436.4506728380022,
  "XM-DAC-701-8-2014953957": 3169811.9196182694,
  "XM-DAC-701-8-2014953958": 321.3113347137636,
  "XM-DAC-701-8-2014953959": 170.10600073081605,
  "XM-DAC-701-8-2014953960": 108149.61513130326,
  "XM-DAC-701-8-2014953961": 18.900666747868446,
  "XM-DAC-701-8-2014953962": 6823.140695980509,
  "XM-DAC-701-8-2014953963": 3005.2060129110832,
  "XM-DAC-701-8-2014953964": 30241.066796589515,
  "XM-DAC-701-8-2014953965": 1644.358007064555,
  "XM-DAC-701-8-2014953966": 8713.207370767353,
  "XM-DAC-701-8-2014953967": 13608.480058465284,
  "XM-DAC-701-8-2014953968": 20960.839423386107,
  "XM-DAC-701-8-2014953969": 19335.382083069424,
  "XM-DAC-701-8-2014953970": 3988.0406838002423,
  "XM-DAC-701-8-2014953971": 14024.294726918386,
  "XM-DAC-701-8-2014953972": 1815522.4451332518,
  "XM-DAC-701-8-2014953973": 7390.160698416563,
  "XM-DAC-701-8-2014953974": 47875.38887235078,
  "XM-DAC-701-8-2014953975": 226.80800097442136,
  "XM-DAC-701-8-2014953976": 13702.983392204622,
  "XM-DAC-701-8-2014953977": 16745.990738611446,
  "XM-DAC-701-8-2014953978": 18.900666747868446,
  "XM-DAC-701-8-2014953979": 37.80133349573689,
  "XM-DAC-701-8-2014953980": 32981.66347503044,
  "XM-DAC-701-8-2014953981": 37.80133349573689,
  "XM-DAC-701-8-2014953982": 1473514.8803305721,
  "XM-DAC-701-8-2014953983": 421031.2524755175,
  "XM-DAC-701-8-2014953984": 433354.48719512776,
  "XM-DAC-701-8-2014953985": 660578.3028380022,
  "XM-DAC-701-8-2014953986": 68930.73162947623,
  "XM-DAC-701-8-2014953987": 176796.83675956147,
  "XM-DAC-701-8-2014953988": 101496.58043605355,
  "XM-DAC-701-8-2014953989": 101496.58043605355,
  "XM-DAC-701-8-2014953990": 958679.6187853834,
  "XM-DAC-701-8-2014953991": 69478.85096516441,
  "XM-DAC-701-8-2014953992": 343633.0221429962,
  "XM-DAC-701-8-2014953993": 126010.74520803893,
  "XM-DAC-701-8-2014953994": 230739.339657978,
  "XM-DAC-701-8-2014953995": 442710.31723532267,
  "XM-DAC-701-8-2014953996": 119055.29984482336,
  "XM-DAC-701-8-2014953997": 70083.6723010962,
  "XM-DAC-701-8-2014953998": 500962.1721522532,
  "XM-DAC-701-8-2014953999": 101496.58043605355,
  "XM-DAC-701-8-2014954000": 227847.53764555414,
  "XM-DAC-701-8-2014954001": 6275.021360292325,
  "XM-DAC-701-8-2014954002": 33756.59081169305,
  "XM-DAC-701-8-2014954003": 52279.24422460413,
  "XM-DAC-701-8-2014954004": 11699.512716930569,
  "XM-DAC-701-8-2014954005": 2173.5766760048714,
  "XM-DAC-701-8-2014954006": 1644.358007064555,
  "XM-DAC-701-8-2014954007": 11151.393381242384,
  "XM-DAC-701-8-2014954008": 10357.56537783191,
  "XM-DAC-701-8-2014954009": 23153.316766138847,
  "XM-DAC-701-8-2014954115": 171391.24606967106,
  "XM-DAC-701-8-2014954116": 25553.70144311814,
  "XM-DAC-701-8-2014954117": 27765.079452618746,
  "XM-DAC-701-8-2014954118": 207.90733422655293,
  "XM-DAC-701-8-2014954119": 18.900666747868446,
  "XM-DAC-701-8-2014954120": 509958.88952423853,
  "XM-DAC-701-8-2014954121": 205355.74421559068,
  "XM-DAC-701-8-2014954122": 505573.9348387331,
  "XM-DAC-701-8-2014954123": 151.2053339829476,
  "XM-DAC-701-8-2014954124": 113574.1064879415,
  "XM-DAC-701-8-2014954125": 49500.846212667464,
  "XM-DAC-701-8-2014954126": 113366.19915371494,
  "XM-DAC-701-8-2014954127": 5216.584022411692,
  "XM-DAC-701-8-2014954128": 21508.958759074296,
  "XM-DAC-701-8-2014954129": 1908.9673415347131,
  "XM-DAC-701-8-2014954130": 16613.686071376367,
  "XM-DAC-701-8-2014954131": 3817.9346830694262,
  "XM-DAC-701-8-2014954132": 5726.90202460414,
  "XM-DAC-701-8-2014954133": 2457.0866772228983,
  "XM-DAC-701-8-2014954200": 37.80133349573689,
  "XM-DAC-701-8-2014954201": 34248.008147137625,
  "XM-DAC-701-8-2014954202": 18.900666747868446,
  "XM-DAC-701-8-2014954203": 6086.01469281364,
  "XM-DAC-701-8-2014954204": 13381.672057490861,
  "XM-DAC-701-8-2014954205": 197077.2521800243,
  "XM-DAC-701-8-2014954206": 981946.3395520095,
  "XM-DAC-701-8-2014954207": 532961.0009563944,
  "XM-DAC-701-8-2014954208": 374535.61227576114,
  "XM-DAC-701-8-2014954209": 125141.31453763701,
  "XM-DAC-701-8-2014954210": 101231.9711015834,
  "XM-DAC-701-8-2014954211": 291920.79792082816,
  "XM-DAC-701-8-2014954212": 164019.98603800236,
  "XM-DAC-701-8-2014954213": 38897.57216711326,
  "XM-DAC-701-8-2014954214": 435244.5538699146,
  "XM-DAC-701-8-2014954215": 28596.70878952496,
  "XM-DAC-701-8-2014954216": 4082.5440175395847,
  "XM-DAC-701-8-2014954217": 15271.738732277705,
  "XM-DAC-701-8-2014954218": 4366.054018757612,
  "XM-DAC-701-8-2014954219": 3534.4246818514,
  "XM-DAC-701-8-2014954220": 3005.2060129110832,
  "XM-DAC-701-8-2014954221": 3534.4246818514,
  "XM-DAC-701-8-2014954222": 4630.66335322777,
  "XM-DAC-701-8-2014954363": 34248.008147137625,
  "XM-DAC-701-8-2014954364": 151.2053339829476,
  "XM-DAC-701-8-2014954365": 114197.82849062116,
  "XM-DAC-701-8-2014954366": 4082.5440175395847,
  "XM-DAC-701-8-2014954367": 5443.392023386114,
  "XM-DAC-701-8-2014954368": 6275.021360292325,
  "XM-DAC-701-8-2014954369": 3005.2060129110832,
  "XM-DAC-701-8-2014954370": 3269.8153473812417,
  "XM-DAC-701-8-2014954371": 4630.66335322777,
  "XM-DAC-701-8-2014954372": 34323.6108141291,
  "XM-DAC-701-8-2014954373": 3950.2393503045055,
  "XM-DAC-701-8-2014954374": 4082.5440175395847,
  "XM-DAC-701-8-2014954375": 5443.392023386114,
  "XM-DAC-701-8-2014954376": 3817.9346830694262,
  "XM-DAC-701-8-2014954377": 4630.66335322777,
  "XM-DAC-701-8-2014954378": 3269.8153473812417,
  "XM-DAC-701-8-2014954379": 34323.6108141291,
  "XM-DAC-701-8-2014954380": 4082.5440175395847,
  "XM-DAC-701-8-2014954381": 5443.392023386114,
  "XM-DAC-701-8-2014954382": 3817.9346830694262,
  "XM-DAC-701-8-2014954383": 3269.8153473812417,
  "XM-DAC-701-8-2014954384": 4630.66335322777,
  "XM-DAC-701-8-2014954385": 34248.008147137625,
  "XM-DAC-701-8-2014954386": 205072.23421437264,
  "XM-DAC-701-8-2014954387": 218926.42294056024,
  "XM-DAC-701-8-2014954388": 60765.64359439706,
  "XM-DAC-701-8-2014954389": 93917.41307015832,
  "XM-DAC-701-8-2014954390": 8070.584701339827,
  "XM-DAC-701-8-2014954391": 8070.584701339827,
  "XM-DAC-701-8-2014954392": 53640.09223045065,
  "XM-DAC-701-8-2014954393": 6823.140695980509,
  "XM-DAC-701-8-2014954394": 4082.5440175395847,
  "XM-DAC-701-8-2014954395": 10905.684713520095,
  "XM-DAC-701-8-2014954396": 2721.696011693057,
  "XM-DAC-701-8-2014954397": 3269.8153473812417,
  "XM-DAC-701-8-2014954398": 4630.66335322777,
  "XM-DAC-701-8-2014954399": 37.80133349573689,
  "XM-DAC-701-8-2014954400": 4158.146684531059,
  "XM-DAC-701-8-2014954401": 5178.782688915955,
  "XM-DAC-701-8-2014954402": 5462.292690133981,
  "XM-DAC-701-8-2014954403": 3269.8153473812417,