{
  "XM-DAC-701-8-2012010320": 26954173.779742908,
  "XM-DAC-701-8-2014001978": 5688367.915143472,
  "XM-DAC-701-8-2014010310": 4873035.180639574,
  "XM-DAC-701-8-2014010314": 12685060.450769942,
  "XM-DAC-701-8-2014950256": 399067.6214250675,
  "XM-DAC-701-8-2014950257": 2057682.3375977185,
  "XM-DAC-701-8-2014950258": 352822.0229382465,
  "XM-DAC-701-8-2014950259": 818524.3121337334,
  "XM-DAC-701-8-2014950260": 12453.658705810582,
  "XM-DAC-701-8-2014950261": 10707.109009263977,
  "XM-DAC-701-8-2014950262": 5980.034287088923,
  "XM-DAC-701-8-2014950263": 2495022.178460155,
  "XM-DAC-701-8-2014950264": 956160.0219159388,
  "XM-DAC-701-8-2014950265": 21414.218018527954,
  "XM-DAC-701-8-2014950266": 5980.034287088923,
  "XM-DAC-701-8-2014950305": 379210.11074476584,
  "XM-DAC-701-8-2014950306": 9643.99180267039,
  "XM-DAC-701-8-2014950307": 91276.2058803922,
  "XM-DAC-701-8-2014950891": 1141104.447391559,
  "XM-DAC-701-8-2014951120": 121840.8255699578,
  "XM-DAC-701-8-2014951588": 78404.893986277,
  "XM-DAC-701-8-2014951658": 118594.52124268096,
  "XM-DAC-701-8-2014951771": 411445.3431875499,
  "XM-DAC-701-8-2014951802": 56326.22771362805,
  "XM-DAC-701-8-2014953952": 816.3221407772181,
  "XM-DAC-701-8-2014953953": 151.87388665622663,
  "XM-DAC-701-8-2014953954": 178356.89564190613,
  "XM-DAC-701-8-2014953955": 113.90541499216997,
  "XM-DAC-701-8-2014953956": 1442.801923234153,
  "XM-DAC-701-8-2014953957": 3183827.2071536384,
  "XM-DAC-701-8-2014953958": 322.73200914448154,
  "XM-DAC-701-8-2014953959": 170.858122488255,
  "XM-DAC-701-8-2014953960": 108627.7974308661,
  "XM-DAC-701-8-2014953961": 18.98423583202833,
  "XM-DAC-701-8-2014953962": 6853.309135362227,
  "XM-DAC-701-8-2014953963": 3018.4934972925043,
  "XM-DAC-701-8-2014953964": 30374.77733124533,
  "XM-DAC-701-8-2014953965": 1651.6285173864644,
  "XM-DAC-701-8-2014953966": 8751.73271856506,
  "XM-DAC-701-8-2014953967": 13668.649799060398,
  "XM-DAC-701-8-2014953968": 21053.517537719414,
  "XM-DAC-701-8-2014953969": 19420.87325616498,
  "XM-DAC-701-8-2014953970": 4005.6737605579774,
  "XM-DAC-701-8-2014953971": 14086.30298736502,
  "XM-DAC-701-8-2014953972": 1823549.7570813133,
  "XM-DAC-701-8-2014953973": 7422.8362103230775,
  "XM-DAC-701-8-2014953974": 48087.069362527756,
  "XM-DAC-701-8-2014953975": 227.81082998433993,
  "XM-DAC-701-8-2014953976": 13763.570978220536,
  "XM-DAC-701-8-2014953977": 16820.0329471771,
  "XM-DAC-701-8-2014953978": 18.98423583202833,
  "XM-DAC-701-8-2014953979": 37.96847166405666,
  "XM-DAC-701-8-2014953980": 33127.491526889426,
  "XM-DAC-701-8-2014953981": 37.96847166405666,
  "XM-DAC-701-8-2014953982": 1480030.0097007605,
  "XM-DAC-701-8-2014953983": 422892.837394263,
  "XM-DAC-701-8-2014953984": 435270.5591567455,
  "XM-DAC-701-8-2014953985": 663499.0423293901,
  "XM-DAC-701-8-2014953986": 69235.50807940731,
  "XM-DAC-701-8-2014953987": 177578.541972793,
  "XM-DAC-701-8-2014953988": 101945.34641799211,
  "XM-DAC-701-8-2014953989": 101945.34641799211,
  "XM-DAC-701-8-2014953990": 962918.4098721409,
  "XM-DAC-701-8-2014953991": 69786.05091853613,
  "XM-DAC-701-8-2014953992": 345152.391662107,
  "XM-DAC-701-8-2014953993": 126567.90029213286,
  "XM-DAC-701-8-2014953994": 231759.55103740186,
  "XM-DAC-701-8-2014953995": 444667.75589359953,
  "XM-DAC-701-8-2014953996": 119581.70150594643,
  "XM-DAC-701-8-2014953997": 70393.54646516104,
  "XM-DAC-701-8-2014953998": 503177.1707279109,
  "XM-DAC-701-8-2014953999": 101945.34641799211,
  "XM-DAC-701-8-2014954000": 228854.9629551015,
  "XM-DAC-701-8-2014954001": 6302.766296233405,
  "XM-DAC-701-8-2014954002": 33905.84519600259,
  "XM-DAC-701-8-2014954003": 52510.39631139036,
  "XM-DAC-701-8-2014954004": 11751.241980025536,
  "XM-DAC-701-8-2014954005": 2183.187120683258,
  "XM-DAC-701-8-2014954006": 1651.6285173864644,
  "XM-DAC-701-8-2014954007": 11200.699140896713,
  "XM-DAC-701-8-2014954008": 10403.361235951525,
  "XM-DAC-701-8-2014954009": 23255.6888942347,
  "XM-DAC-701-8-2014954115": 172149.05052483288,
  "XM-DAC-701-8-2014954116": 25666.686844902302,
  "XM-DAC-701-8-2014954117": 27887.842437249616,
  "XM-DAC-701-8-2014954118": 208.82659415231163,
  "XM-DAC-701-8-2014954119": 18.98423583202833,
  "XM-DAC-701-8-2014954120": 512213.6669839563,
  "XM-DAC-701-8-2014954121": 206263.7223149878,
  "XM-DAC-701-8-2014954122": 507809.3242709258,
  "XM-DAC-701-8-2014954123": 151.87388665622663,
  "XM-DAC-701-8-2014954124": 114076.27311465824,
  "XM-DAC-701-8-2014954125": 49719.713644082185,
  "XM-DAC-701-8-2014954126": 113867.4465205059,
  "XM-DAC-701-8-2014954127": 5239.649089639819,
  "XM-DAC-701-8-2014954128": 21604.06037684824,
  "XM-DAC-701-8-2014954129": 1917.4078190348612,
  "XM-DAC-701-8-2014954130": 16687.143296352904,
  "XM-DAC-701-8-2014954131": 3834.8156380697224,
  "XM-DAC-701-8-2014954132": 5752.223457104584,
  "XM-DAC-701-8-2014954133": 2467.9506581636824,
  "XM-DAC-701-8-2014954200": 37.96847166405666,
  "XM-DAC-701-8-2014954201": 34399.435327635336,
  "XM-DAC-701-8-2014954202": 18.98423583202833,
  "XM-DAC-701-8-2014954203": 6112.923937913121,
  "XM-DAC-701-8-2014954204": 13440.838969076056,
  "XM-DAC-701-8-2014954205": 197948.62702055936,
  "XM-DAC-701-8-2014954206": 986288.0041813677,
  "XM-DAC-701-8-2014954207": 535317.4819915348,
  "XM-DAC-701-8-2014954208": 376191.61724747333,
  "XM-DAC-701-8-2014954209": 125694.62544385956,
  "XM-DAC-701-8-2014954210": 101679.56711634374,
  "XM-DAC-701-8-2014954211": 293211.52242567757,
  "XM-DAC-701-8-2014954212": 164745.19855034185,
  "XM-DAC-701-8-2014954213": 39069.5573423143,
  "XM-DAC-701-8-2014954214": 437168.9827399484,
  "XM-DAC-701-8-2014954215": 28723.14881385886,
  "XM-DAC-701-8-2014954216": 4100.594939718118,
  "XM-DAC-701-8-2014954217": 15339.26255227889,
  "XM-DAC-701-8-2014954218": 4385.358477198543,
  "XM-DAC-701-8-2014954219": 3550.0521005892974,
  "XM-DAC-701-8-2014954220": 3018.4934972925043,
  "XM-DAC-701-8-2014954221": 3550.0521005892974,
  "XM-DAC-701-8-2014954222": 4651.137778846941,
  "XM-DAC-701-8-2014954363": 34399.435327635336,
  "XM-DAC-701-8-2014954364": 151.87388665622663,
  "XM-DAC-701-8-2014954365": 114702.75289711518,
  "XM-DAC-701-8-2014954366": 4100.594939718118,
  "XM-DAC-701-8-2014954367": 5467.459919624159,
  "XM-DAC-701-8-2014954368": 6302.766296233404,
  "XM-DAC-701-8-2014954369": 3018.4934972925043,
  "XM-DAC-701-8-2014954370": 3284.2727989409013,
  "XM-DAC-701-8-2014954371": 4651.137778846941,
  "XM-DAC-701-8-2014954372": 34475.372270963446,
  "XM-DAC-701-8-2014954373": 3967.7052888939206,
  "XM-DAC-701-8-2014954374": 4100.594939718118,
  "XM-DAC-701-8-2014954375": 5467.459919624159,
  "XM-DAC-701-8-2014954376": 3834.8156380697224,
  "XM-DAC-701-8-2014954377": 4651.137778846941,
  "XM-DAC-701-8-2014954378": 3284.2727989409013,
  "XM-DAC-701-8-2014954379": 34475.372270963446,
  "XM-DAC-701-8-2014954380": 4100.594939718118,
  "XM-DAC-701-8-2014954381": 5467.459919624159,
  "XM-DAC-701-8-2014954382": 3834.8156380697224,
  "XM-DAC-701-8-2014954383": 3284.2727989409013,
  "XM-DAC-701-8-2014954384": 4651.137778846941,
  "XM-DAC-701-8-2014954385": 34399.435327635336,
  "XM-DAC-701-8-2014954386": 205978.95877750736,
  "XM-DAC-701-8-2014954387": 219894.40364238413,
  "XM-DAC-701-8-2014954388": 61034.31819997107,
  "XM-DAC-701-8-2014954389": 94332.66784934876,
  "XM-DAC-701-8-2014954390": 8106.268700276097,
  "XM-DAC-701-8-2014954391": 8106.268700276097,
  "XM-DAC-701-8-2014954392": 53877.2612912964,
  "XM-DAC-701-8-2014954393": 6853.309135362227,
  "XM-DAC-701-8-2014954394": 4100.594939718118,
  "XM-DAC-701-8-2014954395": 10953.904075080347,
  "XM-DAC-701-8-2014954396": 2733.7299598120794,
  "XM-DAC-701-8-2014954397": 3284.2727989409013,
  "XM-DAC-701-8-2014954398": 4651.137778846941,
  "XM-DAC-701-8-2014954399": 37.96847166405666,
  "XM-DAC-701-8-2014954400": 4176.531883046233,
  "XM-DAC-701-8-2014954401": 5201.680617975762,
  "XM-DAC-701-8-2014954402": 5486.444155456187,
  "XM-DAC-701-8-2014954403": 3284.2727989409013,