{
  "XM-DAC-21018-MDR00001": 15284487.532398269,
  "XM-DAC-21018-MDR42004": -809462.5904743695,
  "XM-DAC-21018-MDR65002": -82907.80240355527,
  "XM-DAC-21018-MDRAF004": -206220.8961722805,
  "XM-DAC-21018-MDRAF005": -382033.0730808524,
  "XM-DAC-21018-MDRAM004": -275182.82137809374,
  "XM-DAC-21018-MDRAM005": -376030.7877412192,
  "XM-DAC-21018-MDRAR016": -154180.9076339704,
  "XM-DAC-21018-MDRBA010": -221682.40772324085,
  "XM-DAC-21018-MDRBD018": -109152.30659452926,
  "XM-DAC-21018-MDRBD021": -294896.87404828495,
  "XM-DAC-21018-MDRBD022": -493847.6044332222,
  "XM-DAC-21018-MDRBI014": -276424.88730529416,
  "XM-DAC-21018-MDRBI015": -150804.82679100163,
  "XM-DAC-21018-MDRBJ015": -136331.23093656704,
  "XM-DAC-21018-MDRBO011": -75441.05331203526,
  "XM-DAC-21018-MDRBO012": -183575.62379987715,
  "XM-DAC-21018-MDRBR009": -254937.21880524847,
  "XM-DAC-21018-MDRCD023": -218434.504433906,
  "XM-DAC-21018-MDRCD025": -358407.05631846655,
  "XM-DAC-21018-MDRCD026": -873218.4527562341,
  "XM-DAC-21018-MDRCD027": -287089.122235733,
  "XM-DAC-21018-MDRCF017": -63877.422312566574,
  "XM-DAC-21018-MDRCF024": -83652.73415037095,
  "XM-DAC-21018-MDRCG015": -91067.17745657082,
  "XM-DAC-21018-MDRCG016": -346938.42346457933,
  "XM-DAC-21018-MDRCI010": -201505.767577702,
  "XM-DAC-21018-MDRCM021": -203023.2902658244,
  "XM-DAC-21018-MDRCM026": -153810.88131461496,
  "XM-DAC-21018-MDRCM027": -272880.76648632315,
  "XM-DAC-21018-MDRCN006": -408237.15817269444,
  "XM-DAC-21018-MDRCR017": -306198.08909431746,
  "XM-DAC-21018-MDRCU005": -63268.20252169217,
  "XM-DAC-21018-MDRDO011": -94552.9891133591,
  "XM-DAC-21018-MDRDZ004": -289257.9785677663,
  "XM-DAC-21018-MDREC013": -110382.7478010774,
  "XM-DAC-21018-MDRET016": 1.165771484375e-23,
  "XM-DAC-21018-MDRET019": -369623.5473441204,
  "XM-DAC-21018-MDRET020": -436609.22637811705,
  "XM-DAC-21018-MDRET021": -369901.88572593644,
  "XM-DAC-21018-MDRGE011": -58642.174954986775,
  "XM-DAC-21018-MDRGE012": -119453.00976785498,
  "XM-DAC-21018-MDRGE013": -41628.50668902157,
  "XM-DAC-21018-MDRGH015": -101274.27161176108,
  "XM-DAC-21018-MDRGM012": -216637.85746736007,
  "XM-DAC-21018-MDRGT014": -181852.1088787495,
  "XM-DAC-21018-MDRGT015": -323866.90041969373,
  "XM-DAC-21018-MDRGW003": -292436.41732918436,
  "XM-DAC-21018-MDRHN013": -243219.71869232575,
  "XM-DAC-21018-MDRHT015": -60006.07668680806,
  "XM-DAC-21018-MDRHT016": -351318.70552821783,
  "XM-DAC-21018-MDRHU007": -251123.43721283562,
  "XM-DAC-21018-MDRIN020": -360374.11186606786,
  "XM-DAC-21018-MDRIN021": -297272.65040792956,
  "XM-DAC-21018-MDRIN022": -517357.9197506179,
  "XM-DAC-21018-MDRIN023": -549190.0069227804,
  "XM-DAC-21018-MDRIN024": -537914.5736515656,
  "XM-DAC-21018-MDRKE044": -420236.38038893766,
  "XM-DAC-21018-MDRKM007": -139140.81130831022,
  "XM-DAC-21018-MDRKP010": -219138.8642683605,
  "XM-DAC-21018-MDRKP011": -308556.90318551724,
  "XM-DAC-21018-MDRKP012": -364838.62676470535,
  "XM-DAC-21018-MDRKP013": -272803.26834864105,
  "XM-DAC-21018-MDRLB006": -108228.87808073954,
  "XM-DAC-21018-MDRLB007": -328644.49687933625,
  "XM-DAC-21018-MDRLK008": -337126.36242218537,
  "XM-DAC-21018-MDRLK009": -399398.11353697604,
  "XM-DAC-21018-MDRMA009": -272367.75064532884,
  "XM-DAC-21018-MDRMD006": -176283.15819629663,
  "XM-DAC-21018-MDRME007": -401248.25604898395,
  "XM-DAC-21018-MDRMG013": -218304.61318905852,
  "XM-DAC-21018-MDRMG014": -97469.7352197168,
  "XM-DAC-21018-MDRML013": -191786.73704621854,
  "XM-DAC-21018-MDRMM011": -317577.73007263814,
  "XM-DAC-21018-MDRMM012": -327429.63170693914,
  "XM-DAC-21018-MDRMN008": -345957.995616286,
  "XM-DAC-21018-MDRMN009": -123175.10342272843,
  "XM-DAC-21018-MDRMR009": -245460.61554671146,
  "XM-DAC-21018-MDRMU002": -97264.52888331907,
  "XM-DAC-21018-MDRMW014": -525858.7013881998,
  "XM-DAC-21018-MDRNE022": -362389.827511949,
  "XM-DAC-21018-MDRNE023": -258956.20673405906,
  "XM-DAC-21018-MDRNG024": -199303.08494585505,
  "XM-DAC-21018-MDRNG026": -310703.13224439346,
  "XM-DAC-21018-MDRNI008": -323523.7037372992,
  "XM-DAC-21018-MDRNI009": -312952.76128330675,
  "XM-DAC-21018-MDRPE012": -436355.99302681774,
  "XM-DAC-21018-MDRPG009": -74508.67430910481,
  "XM-DAC-21018-MDRPG010": -189883.535597975,
  "XM-DAC-21018-MDRPH026": -2.5390625e-23,
  "XM-DAC-21018-MDRPH028": -348932.97447821184,
  "XM-DAC-21018-MDRPH030": -311023.6579927083,
  "XM-DAC-21018-MDRPH031": -5794.1318909573965,
  "XM-DAC-21018-MDRPH033": -163244.9151735801,
  "XM-DAC-21018-MDRPH034": -109187.23533263951,
  "XM-DAC-21018-MDRPK015": -344208.52427665016,
  "XM-DAC-21018-MDRPY018": -223868.10625618167,
  "XM-DAC-21018-MDRPY019": -137172.8934574868,
  "XM-DAC-21018-MDRPY020": -314698.10666575324,
  "XM-DAC-21018-MDRRS013": -196318.06407172247,
  "XM-DAC-21018-MDRRU022": -78526.53796915745,
  "XM-DAC-21018-MDRRU023": -316139.3318915661,
  "XM-DAC-21018-MDRRU025": -183722.06253440437,
  "XM-DAC-21018-MDRRW017": -205902.7281137881,
  "XM-DAC-21018-MDRSD022": -195360.79834288848,
  "XM-DAC-21018-MDRSD026": -455571.95097632613,
  "XM-DAC-21018-MDRSL008": -188933.9105306026,
  "XM-DAC-21018-MDRSN011": -163728.4598917939,
  "XM-DAC-21018-MDRSO007": -335606.2309939353,
  "XM-DAC-21018-MDRSS007": -275868.42884627526,
  "XM-DAC-21018-MDRSS008": -148344.53380036092,
  "XM-DAC-21018-MDRSV012": -129487.6105329339,
  "XM-DAC-21018-MDRSY004": -545761.5329726463,
  "XM-DAC-21018-MDRTD017": -320580.6082641296,
  "XM-DAC-21018-MDRTG008": -67914.5651631161,
  "XM-DAC-21018-MDRTJ027": -142418.24029657888,
  "XM-DAC-21018-MDRTJ028": -161204.85856332837,
  "XM-DAC-21018-MDRTN008": -280954.2277588182,
  "XM-DAC-21018-MDRTT001": -229743.65485262792,
  "XM-DAC-21018-MDRTZ021": -195094.23749495397,
  "XM-DAC-21018-MDRTZ022": -49352.014751343864,
  "XM-DAC-21018-MDRTZ023": -136993.78543759583,
  "XM-DAC-21018-MDRTZ024": -137344.16434176426,
  "XM-DAC-21018-MDRUA009": -119034.95643359794,
  "XM-DAC-21018-MDRUG041": -403192.2477142019,
  "XM-DAC-21018-MDRUG042": -164864.73540344293,
  "XM-DAC-21018-MDRVE004": -1091523.0659452926,
  "XM-DAC-21018-MDRVN018": -327029.0427417372,
  "XM-DAC-21018-MDRVU006": -289277.8770332585,
  "XM-DAC-21018-MDRVU007": -143461.0596033217,
  "XM-DAC-21018-MDRYE007": -248769.02195959163,
  "XM-DAC-21018-MDRZW013": -217150.67683420246,
  "XM-DAC-21018-MDRZW014": -250117.05294603406
}