{
  "XM-DAC-6-4-008134-03-3": 755992.5941176477,
  "XM-DAC-6-4-009983-01-3": 253086.54674598342,
  "XM-DAC-6-4-009983-02-4": 95342.03752756046,
  "XM-DAC-6-4-010124-01-5": 4090711.900905706,
  "XM-DAC-6-4-010661-01-1": 1893113.6176470523,
  "XM-DAC-6-4-011458-01-6": 5040225.695623512,
  "XM-DAC-6-4-012340-01-0": 4516902.666666651
}