{
  "XI-IATI-EC_INTPA-/21698/1": 411.60076449648477,
  "XI-IATI-EC_INTPA-2001/011-676": 551605.386539049,
  "XI-IATI-EC_INTPA-2001/011-714": 1142993.7282681009,
  "XI-IATI-EC_INTPA-2001/060-800": 1067465.304073797,
  "XI-IATI-EC_INTPA-2001/2825/0": 686606.9929086936,
  "XI-IATI-EC_INTPA-2002/16014/0": 2671289.042267954,
  "XI-IATI-EC_INTPA-2003/020-819": 267855.7526697979,
  "XI-IATI-EC_INTPA-2003/16279/0": 40021.28519184695,
  "XI-IATI-EC_INTPA-2003/16300/0": 27839622.90999835,
  "XI-IATI-EC_INTPA-2003/16339/0": 87838.77569644226,
  "XI-IATI-EC_INTPA-2003/16423/0": 5204272.35091441,
  "XI-IATI-EC_INTPA-2003/16454/0": 127372.73176661729,
  "XI-IATI-EC_INTPA-2003/189-573": 52323.07494414204,
  "XI-IATI-EC_INTPA-2003/189-676": 31046541.864562135,
  "XI-IATI-EC_INTPA-2003/189-840": 123965.84779478931,
  "XI-IATI-EC_INTPA-2004/063-426": 985577.8228746308,
  "XI-IATI-EC_INTPA-2004/16568/0": 2013991.3959946574,
  "XI-IATI-EC_INTPA-2004/16580/0": 3478738.5786686903,
  "XI-IATI-EC_INTPA-2004/17034/0": 61647858.20951146,
  "XI-IATI-EC_INTPA-2004/189-677": 3669235.2803828097,
  "XI-IATI-EC_INTPA-2004/190-852": 178018.15994187017,
  "XI-IATI-EC_INTPA-2004/191-385": 27388.639826889445,
  "XI-IATI-EC_INTPA-2004/191-386": 289552.3744217823,
  "XI-IATI-EC_INTPA-2004/191-612": 1570623.1479918356,
  "XI-IATI-EC_INTPA-2005/094-997": 964389.6435690075,
  "XI-IATI-EC_INTPA-2005/190-576": 382824.8404883266,
  "XI-IATI-EC_INTPA-2005/190-577": 1079115.5060140209,
  "XI-IATI-EC_INTPA-2005/190-578": 344196.50486570667,
  "XI-IATI-EC_INTPA-2005/191-387": 1222.6332262469168,
  "XI-IATI-EC_INTPA-2005/191-613": 103326.23789628367,
  "XI-IATI-EC_INTPA-2005/191-614": 952390.2758728547,
  "XI-IATI-EC_INTPA-2005/193-697": 6696345.198933486,
  "XI-IATI-EC_INTPA-2005/193-698": 16069245.374909544,
  "XI-IATI-EC_INTPA-2005/193-699": 16932448.614315793,
  "XI-IATI-EC_INTPA-2005/193-700": 94217.47872826231,
  "XI-IATI-EC_INTPA-2005/193-701": 52329.43005964767,
  "XI-IATI-EC_INTPA-2006/100-395": 1394332.6696042772,
  "XI-IATI-EC_INTPA-2006/114-611": 696903.6218178474,
  "XI-IATI-EC_INTPA-2006/118-921": 969167.0954334198,
  "XI-IATI-EC_INTPA-2006/119-543": 2074551.9882018846,
  "XI-IATI-EC_INTPA-2006/190-579": 3280968.412473128,
  "XI-IATI-EC_INTPA-2006/191-388": 81009.87553628981,
  "XI-IATI-EC_INTPA-2006/191-389": 225503.86186176672,
  "XI-IATI-EC_INTPA-2006/191-390": 126624.42890954347,
  "XI-IATI-EC_INTPA-2006/191-391": 153628.88512563572,
  "XI-IATI-EC_INTPA-2006/191-392": 282090.80835583044,
  "XI-IATI-EC_INTPA-2006/191-393": 83243.1922820476,
  "XI-IATI-EC_INTPA-2006/191-615": 26225.007903951082,
  "XI-IATI-EC_INTPA-2006/191-616": 11006.208793154034,
  "XI-IATI-EC_INTPA-2006/191-617": 508478.6330274648,
  "XI-IATI-EC_INTPA-2006/193-702": 254080.26250279832,
  "XI-IATI-EC_INTPA-2006/193-703": 296812.54350166454,
  "XI-IATI-EC_INTPA-2006/193-704": 2178.3369243165453,
  "XI-IATI-EC_INTPA-2007/135-390": 537461.7469557284,
  "XI-IATI-EC_INTPA-2007/18827/14": 2527719.046175859,
  "XI-IATI-EC_INTPA-2007/19050/0": 10955750.664848393,
  "XI-IATI-EC_INTPA-2007/19088/0": 1592043.9432687236,
  "XI-IATI-EC_INTPA-2007/191-394": 49098.051963743506,
  "XI-IATI-EC_INTPA-2007/191-395": 104256.44774762518,
  "XI-IATI-EC_INTPA-2007/191-396": 163682.28157812107,
  "XI-IATI-EC_INTPA-2007/191-397": 73882.2539116761,
  "XI-IATI-EC_INTPA-2007/191-398": 250495.02335645404,
  "XI-IATI-EC_INTPA-2007/191-399": 392301.73755299515,
  "XI-IATI-EC_INTPA-2007/191-400": 78686.51575675141,
  "XI-IATI-EC_INTPA-2007/191-618": 415743.8042143584,
  "XI-IATI-EC_INTPA-2007/191-619": 8247.589647715507,
  "XI-IATI-EC_INTPA-2007/19296/0": 1019008.6690579657,
  "XI-IATI-EC_INTPA-2007/193-705": 511261.29300246027,
  "XI-IATI-EC_INTPA-2007/193-706": 446246.7882086489,
  "XI-IATI-EC_INTPA-2007/193-707": 92230.71991640511,
  "XI-IATI-EC_INTPA-2007/193-708": 1273071.7585026254,
  "XI-IATI-EC_INTPA-2007/193-709": 165599.92667423698,
  "XI-IATI-EC_INTPA-2007/193-710": 1104687.4775987277,
  "XI-IATI-EC_INTPA-2007/193-711": 1170041.8687728464,
  "XI-IATI-EC_INTPA-2007/193-712": 666326.6725916213,
  "XI-IATI-EC_INTPA-2007/193-713": 1813761.393200499,
  "XI-IATI-EC_INTPA-2007/193-714": 368377.2790563686,
  "XI-IATI-EC_INTPA-2007/193-715": 2489209.214211698,
  "XI-IATI-EC_INTPA-2007/193-716": 2712.1813037300008,
  "XI-IATI-EC_INTPA-2007/193-717": 8463.590190201083,
  "XI-IATI-EC_INTPA-2007/193-718": 1836899.2767542037,
  "XI-IATI-EC_INTPA-2007/193-719": 305819.118275796,
  "XI-IATI-EC_INTPA-2007/193-720": 252745.8644563187,
  "XI-IATI-EC_INTPA-2007/193-721": 234439.97416997195,
  "XI-IATI-EC_INTPA-2007/193-722": 754424.4254514544,
  "XI-IATI-EC_INTPA-2007/193-723": 532645.8642115983,
  "XI-IATI-EC_INTPA-2007/193-724": 849910.0608256202,
  "XI-IATI-EC_INTPA-2007/193-725": 1213362.2920074249,
  "XI-IATI-EC_INTPA-2007/193-726": 371003.3418065845,
  "XI-IATI-EC_INTPA-2007/193-727": 244285.40337981397,
  "XI-IATI-EC_INTPA-2007/193-728": 347088.38791964424,
  "XI-IATI-EC_INTPA-2007/193-729": 998401.5123244395,
  "XI-IATI-EC_INTPA-2007/193-730": 1831287.716998374,
  "XI-IATI-EC_INTPA-2007/193-731": 484357.9559621038,
  "XI-IATI-EC_INTPA-2007/193-732": 1939959.9770938328,
  "XI-IATI-EC_INTPA-2007/193-733": 292633.25516342634,
  "XI-IATI-EC_INTPA-2007/193-734": 799467.8272504662,
  "XI-IATI-EC_INTPA-2007/193-735": 697452.661836115,
  "XI-IATI-EC_INTPA-2007/193-736": 75082.36338526133,
  "XI-IATI-EC_INTPA-2007/193-737": 943990.0826221256,
  "XI-IATI-EC_INTPA-2007/195-994": 2742687.9871475217,
  "XI-IATI-EC_INTPA-2007/196-279": 3870936.7853019517,
  "XI-IATI-EC_INTPA-2007/196-353": 16805.443600741986,
  "XI-IATI-EC_INTPA-2007/196-354": 74883.42677334024,
  "XI-IATI-EC_INTPA-2008/191-620": 5343.360569410271,
  "XI-IATI-EC_INTPA-2008/193-738": 118742.32444963633,
  "XI-IATI-EC_INTPA-2008/196-355": 217466.64697533223,
  "XI-IATI-EC_INTPA-2008/197-183": 11137336.424987782,
  "XI-IATI-EC_INTPA-2008/197-532": 7178.535933364294,
  "XI-IATI-EC_INTPA-2008/197-533": 67018.12741101725,
  "XI-IATI-EC_INTPA-2008/197-535": 63178.947829388235,
  "XI-IATI-EC_INTPA-2008/197-536": 85777.19552056222,
  "XI-IATI-EC_INTPA-2008/197-537": 59803.985218492126,
  "XI-IATI-EC_INTPA-2008/197-538": 100878.66716403374,
  "XI-IATI-EC_INTPA-2008/197-539": 74070.7938973233,
  "XI-IATI-EC_INTPA-2008/197-540": 96844.91537395658,
  "XI-IATI-EC_INTPA-2008/197-541": 73784.79902262914,
  "XI-IATI-EC_INTPA-2008/197-543": 75062.86705549208,
  "XI-IATI-EC_INTPA-2008/20952/1": 4832018.543524978,
  "XI-IATI-EC_INTPA-2008/20988/1": 2600295.4186898884,
  "XI-IATI-EC_INTPA-2008/20989/1": 5407648.626964961,
  "XI-IATI-EC_INTPA-2009/209-939": 262157.0010182946,
  "XI-IATI-EC_INTPA-2009/209-977": 384398.7111110163,
  "XI-IATI-EC_INTPA-2010/21355/1": 41666929.23470436,
  "XI-IATI-EC_INTPA-2010/21409/2": 53421679.83643152,
  "XI-IATI-EC_INTPA-2010/22077/1": 2176296.810053015,
  "XI-IATI-EC_INTPA-2010/222-387": 1815818.1631636564,
  "XI-IATI-EC_INTPA-2010/231-418": -3658.532859309361,
  "XI-IATI-EC_INTPA-2010/231-527": -1576.4181271796208,
  "XI-IATI-EC_INTPA-2010/231-529": -1617.3716454510163,
  "XI-IATI-EC_INTPA-2010/234-707": 229299.75422550825,
  "XI-IATI-EC_INTPA-2010/234-862": -563.0064739927217,
  "XI-IATI-EC_INTPA-2010/235-502": 394443.38731453446,
  "XI-IATI-EC_INTPA-2010/235-628": 136966.13311889512,
  "XI-IATI-EC_INTPA-2010/236-546": 301621.035180594,
  "XI-IATI-EC_INTPA-2010/236-617": 91836.26824991308,
  "XI-IATI-EC_INTPA-2010/241-871": 469305.85185675084,
  "XI-IATI-EC_INTPA-2010/244-223": -41264.91850734078,
  "XI-IATI-EC_INTPA-2010/244-260": -267445.5299497772,
  "XI-IATI-EC_INTPA-2010/244-484": 35386.80895823341,
  "XI-IATI-EC_INTPA-2010/253-707": -3951.2906576661653,
  "XI-IATI-EC_INTPA-2010/258-009": 259269.28435683032,
  "XI-IATI-EC_INTPA-2010/258-131": 296019.85176260443,
  "XI-IATI-EC_INTPA-2011/22710/1": 4454423.428891884,
  "XI-IATI-EC_INTPA-2011/22711/0": 1149525.3208765616,
  "XI-IATI-EC_INTPA-2011/244-862": 2109519.3733733944,