{
  "XI-IATI-EC_INTPA-2000/14931/0": 5790946.775332901,
  "XI-IATI-EC_INTPA-2003/031-160": 990286.3714013939,
  "XI-IATI-EC_INTPA-2004/17433/0": 1965203.7247731725,
  "XI-IATI-EC_INTPA-2005/193-619": 1632716.892145166,
  "XI-IATI-EC_INTPA-2005/193-622": 250508.1405037757,
  "XI-IATI-EC_INTPA-2006/18420/0": 4432804.809309789,
  "XI-IATI-EC_INTPA-2006/18433/0": 3169858.77463143,
  "XI-IATI-EC_INTPA-2006/18475/0": 42401551.78496797,
  "XI-IATI-EC_INTPA-2006/18475/2": 1254969.579450801,
  "XI-IATI-EC_INTPA-2006/193-623": 51654.745753232,
  "XI-IATI-EC_INTPA-2006/193-624": 19693.44621216501,
  "XI-IATI-EC_INTPA-2006/195-434": 2627246.530958399,
  "XI-IATI-EC_INTPA-2006/20702/1": 815599.0292897155,
  "XI-IATI-EC_INTPA-2006/20702/2": 1631010.027797343,
  "XI-IATI-EC_INTPA-2007/187-934": 1305893.3357211417,
  "XI-IATI-EC_INTPA-2007/193-625": 141639.62949310264,
  "XI-IATI-EC_INTPA-2007/193-626": 32405.981503167142,
  "XI-IATI-EC_INTPA-2007/193-990": 586676.861704141,
  "XI-IATI-EC_INTPA-2007/195-184": 509662.0297079333,
  "XI-IATI-EC_INTPA-2007/196-363": 86191.57797490076,
  "XI-IATI-EC_INTPA-2007/196-449": 43557117.020927064,
  "XI-IATI-EC_INTPA-2007/196-454": 733847.056076562,
  "XI-IATI-EC_INTPA-2007/19605/0": 1444271.793047994,
  "XI-IATI-EC_INTPA-2008/187-936": 159785.73708544968,
  "XI-IATI-EC_INTPA-2008/195-186": 602583.2231608132,
  "XI-IATI-EC_INTPA-2008/196-365": 150092.27068522706,
  "XI-IATI-EC_INTPA-2008/196-366": 267332.42278728896,
  "XI-IATI-EC_INTPA-2008/196-451": 112065.8620955901,
  "XI-IATI-EC_INTPA-2008/197-656": 9329383.699477972,
  "XI-IATI-EC_INTPA-2009/203-236": -188212.92223558374,
  "XI-IATI-EC_INTPA-2009/210-509": 137394.75117013307,
  "XI-IATI-EC_INTPA-2009/212-188": 1268279.161682601,
  "XI-IATI-EC_INTPA-2009/214-038": 12219329.605951104,
  "XI-IATI-EC_INTPA-2009/21428/1": 1499068.9560779342,
  "XI-IATI-EC_INTPA-2009/21752/2": 2533962.0718509154,
  "XI-IATI-EC_INTPA-2009/221-849": 571191.9918722537,
  "XI-IATI-EC_INTPA-2009/222-937": 5120251.93021082,
  "XI-IATI-EC_INTPA-2009/223-036": -61593.057202675605,
  "XI-IATI-EC_INTPA-2009/227-763": 400651.356465567,
  "XI-IATI-EC_INTPA-2010/22056/0": 34235997.1686192,
  "XI-IATI-EC_INTPA-2010/237-796": 605217.6096873597,
  "XI-IATI-EC_INTPA-2010/239-629": 210821.4727333468,
  "XI-IATI-EC_INTPA-2010/239-660": 621654.9432881392,
  "XI-IATI-EC_INTPA-2010/239-822": 703359.915267793,
  "XI-IATI-EC_INTPA-2010/241-829": 425949.61386789224,
  "XI-IATI-EC_INTPA-2010/249-043": -2678.126233933978,
  "XI-IATI-EC_INTPA-2010/249-060": 1467120.6318735061,
  "XI-IATI-EC_INTPA-2010/252-891": -22433.89137353562,
  "XI-IATI-EC_INTPA-2010/253-458": 1229720.2283329125,
  "XI-IATI-EC_INTPA-2010/254-083": 359531.8752085737,
  "XI-IATI-EC_INTPA-2010/254-095": 1188012.697043417,
  "XI-IATI-EC_INTPA-2010/254-520": 257573.91822174672,
  "XI-IATI-EC_INTPA-2011/22086/0": 13039247.84131915,
  "XI-IATI-EC_INTPA-2011/22088/0": 55053398.27744499,
  "XI-IATI-EC_INTPA-2011/22737/0": 26002808.485969957,
  "XI-IATI-EC_INTPA-2011/257-321": 1261650.0800827572,
  "XI-IATI-EC_INTPA-2011/260-647": 34243000.43905713,
  "XI-IATI-EC_INTPA-2011/275-618": 406217.9124973064,
  "XI-IATI-EC_INTPA-2011/277-805": 1755664.38700877,
  "XI-IATI-EC_INTPA-2011/280-855": 1948867.8742695895,
  "XI-IATI-EC_INTPA-2012/21819/0": 51136041.30384016,
  "XI-IATI-EC_INTPA-2012/22912/0": 15960230.479828743,
  "XI-IATI-EC_INTPA-2012/23276/0": 1443616.1884784028,
  "XI-IATI-EC_INTPA-2012/23276/1": 801435.7586098951,
  "XI-IATI-EC_INTPA-2012/23581/0": 2173919.994981542,
  "XI-IATI-EC_INTPA-2012/24114/0": 12551197.962376531,
  "XI-IATI-EC_INTPA-2012/292-818": 9541709.779580561,
  "XI-IATI-EC_INTPA-2012/293-628": 1551500.9680860385,
  "XI-IATI-EC_INTPA-2012/294-024": 22908.903300971964,
  "XI-IATI-EC_INTPA-2012/295-321": 4510908.95615846,
  "XI-IATI-EC_INTPA-2012/295-834": 9030861.61994715,
  "XI-IATI-EC_INTPA-2012/298-636": 18717744.06721644,
  "XI-IATI-EC_INTPA-2012/299-293": 3116140.486663858,
  "XI-IATI-EC_INTPA-2012/299-636": 2895656.2897166624,
  "XI-IATI-EC_INTPA-2012/299-759": 5441555.687367699,
  "XI-IATI-EC_INTPA-2012/302-045": 43589.79720833653,
  "XI-IATI-EC_INTPA-2012/307-480": 974856.7842771974,
  "XI-IATI-EC_INTPA-2012/310-266": 478374.19894069555,
  "XI-IATI-EC_INTPA-2013/24150/0": 4351069.158591052,
  "XI-IATI-EC_INTPA-2013/24192/1": 23800917.802410368,
  "XI-IATI-EC_INTPA-2013/24928/0": 7213925.166166101,
  "XI-IATI-EC_INTPA-2013/24953/0": 11001819.920967372,
  "XI-IATI-EC_INTPA-2013/312-926": 9706572.193789817,
  "XI-IATI-EC_INTPA-2013/318-288": 48479.00810846628,
  "XI-IATI-EC_INTPA-2013/320-121": 656490.3923910075,
  "XI-IATI-EC_INTPA-2013/320-163": 595848.7174803468,
  "XI-IATI-EC_INTPA-2013/320-185": 657947.8770011418,
  "XI-IATI-EC_INTPA-2013/320-272": 607045.2837181806,
  "XI-IATI-EC_INTPA-2013/330-264": 3888659.5980035793,
  "XI-IATI-EC_INTPA-2013/332-997": 1272108.9083481084,
  "XI-IATI-EC_INTPA-2014/337-812": 648290.915130019,
  "XI-IATI-EC_INTPA-2014/337-828": 208151.84771768187,
  "XI-IATI-EC_INTPA-2014/338-100": 411881.8024435995,
  "XI-IATI-EC_INTPA-2014/338-884": 633175.3632406475,
  "XI-IATI-EC_INTPA-2014/343-682": 184639.31300213776,
  "XI-IATI-EC_INTPA-2014/351-614": 1506414.2831241123,
  "XI-IATI-EC_INTPA-2014/351-648": 111309.2621681462,
  "XI-IATI-EC_INTPA-2014/353-229": 72873.9243362735,
  "XI-IATI-EC_INTPA-2014/355-118": 2031616.5330317586,
  "XI-IATI-EC_INTPA-2015/357-611": 68109.365383421,
  "XI-IATI-EC_INTPA-2015/357-730": 5006757.31537826,
  "XI-IATI-EC_INTPA-2015/358-487": 322318.753550164,
  "XI-IATI-EC_INTPA-2015/360-888": 493266.22326712176,
  "XI-IATI-EC_INTPA-2015/362-697": 1050704.8787169603,
  "XI-IATI-EC_INTPA-2015/362-866": 59710.04508160187,
  "XI-IATI-EC_INTPA-2015/365-594": 3645054.449537546,
  "XI-IATI-EC_INTPA-2015/371-603": 529300.960329079,
  "XI-IATI-EC_INTPA-2015/371-604": 353155.0244613028,
  "XI-IATI-EC_INTPA-2015/371-778": 2033669.407737056,
  "XI-IATI-EC_INTPA-2016/365-181": 1186729.280258476,
  "XI-IATI-EC_INTPA-2016/372-953": 226677.7367317467,
  "XI-IATI-EC_INTPA-2016/377-409": 1175711.522393835,
  "XI-IATI-EC_INTPA-2016/382-086": 2353296.850264901,
  "XI-IATI-EC_INTPA-2016/38929/1": 33641055.751199104,
  "XI-IATI-EC_INTPA-2016/39623/0": 12218622.696842946,
  "XI-IATI-EC_INTPA-2017/383-094": 1460665.023838137,
  "XI-IATI-EC_INTPA-2017/386-304": 1224399.9713695357,
  "XI-IATI-EC_INTPA-2017/390-351": -38547.62963067918,
  "XI-IATI-EC_INTPA-2017/40086/0": 11222539.324817706,
  "XI-IATI-EC_INTPA-2017/40135/1": 26288632.35449014,
  "XI-IATI-EC_INTPA-2018/40087/0": 25340360.98432211,
  "XI-IATI-EC_INTPA-2018/40089/0": 13679544.975813298,
  "XI-IATI-EC_INTPA-2018/40090/0": 17929500.696454324,
  "XI-IATI-EC_INTPA-2018/40096/1": 9296778.138902241,
  "XI-IATI-EC_INTPA-2018/40096/3": 5312444.6508012805,
  "XI-IATI-EC_INTPA-2018/40096/4": 332027.79067508003,
  "XI-IATI-EC_INTPA-2018/40708/1": 12949083.83632812,
  "XI-IATI-EC_INTPA-2018/40708/4": 916396.7022632209,
  "XI-IATI-EC_INTPA-2018/40708/5": 265622.232540064,
  "XI-IATI-EC_INTPA-2018/40708/6": 66405.558135016,
  "XI-IATI-EC_INTPA-2018/40708/7": 66405.558135016,
  "XI-IATI-EC_INTPA-2018/40856/0": 7968666.976201921,
  "XI-IATI-EC_INTPA-2018/41238/0": 36888287.54400139,
  "XI-IATI-EC_INTPA-2018/41588/0": 5710877.999611377
}