{
  "FR-6-PK-1541": 5367.143168627433,
  "FR-6-PK-1542": 12604.815441568584,
  "FR-6-PK-1543": 28732.814963137156,
  "FR-6-PK-873": 86049.65280156833
}