{
  "BE-BCE_KBO-0410644946-PROG2017-2021_17_ETR_0022BI": 3549449.2253149636,
  "BE-BCE_KBO-0410644946-PROG2017-2021_17_ETR_0022CD": 4706382.198827142,
  "BE-BCE_KBO-0410644946-PROG2017-2021_17_ETR_0022ET": 4003272.7915577507,
  "BE-BCE_KBO-0410644946-PROG2017-2021_17_ETR_0022HT": 3538217.7876453553,
  "BE-BCE_KBO-0410644946-PROG2017-2021_17_ETR_0022NE": 5186663.8776898915,
  "BE-BCE_KBO-0410644946-PROG2017-2021_17_ETR_0022RW": 1869836.5631131257
}