{
  "KR-GOV-340-6410000_2022_001": 1557613.6924888873,
  "KR-GOV-340-6410000_2022_002": 379924.77489457093,
  "KR-GOV-340-6410000_2022_003": 1354127.8826792296,
  "KR-GOV-340-6410000_2022_004": 189962.38744728547
}