{
  "NL-KVK-41177385-JISRA-IQ": 966437.823060781,
  "NL-KVK-41177385-JISRA-ML": 1040705.0024062708,
  "NL-KVK-41177385-JISRA-NG": 1123256.7126427412,
  "NL-KVK-41177385-JISRA-TF-ET": 2067717.1472286205
}