{
  "DE-1-200718239-0": 1096382.4313725524,
  "DE-1-200731992-0": 541338.8254901977,
  "DE-1-200779975-0": 2042012.278431379,
  "DE-1-200807057-0": 2838558.0546874995,
  "DE-1-200833665-0": 470641.74999999994,
  "DE-1-200874784-0": 176490.65624999997,
  "DE-1-200875856-0": 205905.76562499997,
  "DE-1-200875864-0": 529471.9687499999,
  "DE-1-200876045-0": 426519.08593749994,
  "DE-1-200933598-0": 488173.8476562497,
  "DE-1-200960179-0": 2581475.859448045,
  "DE-1-200960237-0": 3445112.5820312477,
  "DE-1-200974485-0": 439356.4628906247,
  "DE-1-200974774-0": 592782.5292968747,
  "DE-1-201016591-0": 577276.6939166678,
  "DE-1-201018720-0": 2041603.6666666707,
  "DE-1-201030220-0": 278400.5000000006,
  "DE-1-201074475-0": 397715.0000000008,
  "DE-1-201074608-0": 410972.1666666675,
  "DE-1-201074723-0": 371200.6666666674,
  "DE-1-201079847-0": 3937378.500000008,
  "DE-1-201115971-0": 54966.920982490374,
  "DE-1-201116755-0": 394427.22437743266,
  "DE-1-201118959-0": 1038398.6186770448,
  "DE-1-201174739-0": 236632.3929961094,
  "DE-1-201175124-0": 473264.7859922188,
  "DE-1-201175819-0": 584621.206225682,
  "DE-1-201175827-0": 292310.603112841,
  "DE-1-201176080-0": 459345.2334630359,
  "DE-1-201179308-0": 1391955.2529182907,
  "DE-1-201218056-0": 883934.6062500002,
  "DE-1-201218288-0": 1674079.6394531254,
  "DE-1-201218825-0": 603850.6757812501,
  "DE-1-201224518": 20286799.908430822,
  "DE-1-201224807": 15505522.039107006,
  "DE-1-201224815": 11295779.609627474,
  "DE-1-201231380-0": 379012.6582031251,
  "DE-1-201231711-0": 449676.0351562501,
  "DE-1-201233949-0": 173446.47070312506,
  "DE-1-201234087-0": 231261.96093750006,
  "DE-1-201234442-0": 99086.75674101565,
  "DE-1-201255819-0": 664059.019607845,
  "DE-1-201262716-0": 385436.6015625001,
  "DE-1-201262724-0": 321197.16796875006,
  "DE-1-201262732-0": 128478.86718750003,
  "DE-1-201262740-0": 192718.30078125006,
  "DE-1-201262757-0": 192718.30078125006,
  "DE-1-201262765-0": 321197.16796875006,
  "DE-1-201262781-0": 64239.433593750015,
  "DE-1-201274869-0": 603850.6757812501,
  "DE-1-201275155-0": 657811.8000000002,
  "DE-1-201276302-0": 224838.01757812506,
  "DE-1-201279322-0": 1670225.2734375005,
  "DE-1-201298314-0": 2055661.8750000005,
  "DE-1-201315787-0": 132899.45971215723,
  "DE-1-201330711-0": 349295.0443137265,
  "DE-1-201332873-0": 78358.96431372571,
  "DE-1-201333327-0": 504684.85490196216,
  "DE-1-201333897-0": 484763.0843137268,
  "DE-1-201335181": 7171837.411764726,
  "DE-1-201339233-0": 398435.411764707,
  "DE-1-201367242": 13285007.843137208,
  "DE-1-201370444": 4797229.125619398,
  "DE-1-201373547-0": 531247.215686276,
  "DE-1-201374065-0": 424997.77254902077,
  "DE-1-201374438-0": 358591.87058823626,
  "DE-1-201374719-0": 411716.5921568639,
  "DE-1-201379924-0": 1328118.03921569,
  "DE-1-201379932-0": 1328118.03921569,
  "DE-1-201395953-0": 374087.0237517657,
  "DE-1-201406479-0": 76933.48041960757,
  "DE-1-201418094-0": 1013501.2918458788,
  "DE-1-201418102-0": 3932362.321568614,
  "DE-1-201418110-0": 730675.4313725465,
  "DE-1-201424753-0": 3719802.1960784183,
  "DE-1-201424761": 3321251.960784302,
  "DE-1-201434158-0": 137814.68586235246,
  "DE-1-201439025-0": 318840.188235293,
  "DE-1-201439298-0": 191304.11294117582,
  "DE-1-201455211-0": 972714.9892666633,
  "DE-1-201467521": 10613632.879114073,
  "DE-1-201474741-0": 225845.13333333255,
  "DE-1-201475243-0": 451690.2666666651,
  "DE-1-201475938-0": 664250.3921568604,
  "DE-1-201476407-0": 199275.11764705813,
  "DE-1-201476415-0": 438405.2588235279,
  "DE-1-201498435": 3242107.1243841653,
  "DE-1-201506070-0": 687697.1024992133,
  "DE-1-201510189-0": 1775142.7479999939,
  "DE-1-201510239-0": 2195281.121039208,
  "DE-1-201518000": 12839960.080392113,
  "DE-1-201518125-0": 1419659.8511317598,
  "DE-1-201521939": 26902140.882352848,
  "DE-1-201521947": 6706736.934490173,
  "DE-1-201521954": 3321251.960784302,
  "DE-1-201532290-0": 71739.04235294093,
  "DE-1-201533918-0": 664250.3921568604,
  "DE-1-201539162-0": 612438.8615686253,
  "DE-1-201540491-0": 717390.4235294092,
  "DE-1-201540764-0": 1833331.0823529349,
  "DE-1-201565316": 793601.1995223502,
  "DE-1-201567866": 8768105.176470557,
  "DE-1-201568278": 13158163.783901641,
  "DE-1-201568310": 15791883.309858944,
  "DE-1-201569094": 26363656.285054978,
  "DE-1-201570142": 4917644.184294445,
  "DE-1-201570159": 2338520.0756039135,
  "DE-1-201570167": 398550.23529411625,
  "DE-1-201574755-0": 305555.1803921558,
  "DE-1-201575000-0": 624395.3686274488,
  "DE-1-201575158-0": 132850.0784313721,
  "DE-1-201575331-0": 624395.3686274488,
  "DE-1-201576859-0": 571255.3372549,
  "DE-1-201606003-1322": 82472.55815974089,
  "DE-1-201606003-1392": 65758.7960723527,
  "DE-1-201618081-0": 2797586.178625088,
  "DE-1-201618099-0": 2630431.5529411673,
  "DE-1-201618164-0": 3888505.853676849,
  "DE-1-201618461": 18559155.95686268,
  "DE-1-201621333": 10893706.43137251,
  "DE-1-201621341": 17523187.60443781,
  "DE-1-201621358": 12697895.693225844,
  "DE-1-201622075": 6642503.921568604,
  "DE-1-201622364": 2922701.725490186,
  "DE-1-201630375-0": 320168.68901960674,
  "DE-1-201630607-0": 624395.3686274488,
  "DE-1-201630664-0": 345410.2039215674,
  "DE-1-201631837-0": 417149.24627450836,
  "DE-1-201632165-0": 236473.1396078423,
  "DE-1-201632298-0": 298912.6764705872,
  "DE-1-201632389-0": 378622.72352941043,
  "DE-1-201639236-0": 591182.8490196058,
  "DE-1-201668227": 2174766.0133776003,
  "DE-1-201668235": 1010643.68665882,
  "DE-1-201668599": 26618783.06359546,
  "DE-1-201668706": 16109406.35599163,
  "DE-1-201670397": 2657001.568627442,
  "DE-1-201673920-0": 278985.1647058814,
  "DE-1-201674365-0": 99637.55882352906,
  "DE-1-201674589-0": 438405.2588235279,
  "DE-1-201675578-0": 132850.0784313721,
  "DE-1-201675586-0": 371980.21960784186,
  "DE-1-201676543-0": 212560.12549019535,
  "DE-1-201705300": 320145.4535408891,
  "DE-1-201706019-1862": 1072073.5629254864,
  "DE-1-201706019-2810": 380117.28691176337,
  "DE-1-201718360-0": 2799576.27279999,
  "DE-1-201718378-0": 2975841.756862735,
  "DE-1-201718386-0": 4317627.549019593,
  "DE-1-201718394": 14480658.549019558,
  "DE-1-201730258-0": 342753.20235294,
  "DE-1-201730266-0": 551327.8254901941,
  "DE-1-201730324-0": 836955.4941176441,
  "DE-1-201731173-0": 200603.61843137184,
  "DE-1-201731504-0": 170048.10039215628,
  "DE-1-201732478-0": 255072.15058823442,
  "DE-1-201733195-0": 531400.3137254884,
  "DE-1-201733781-0": 123550.57294117604,
  "DE-1-201733971-0": 185990.10980392093,
  "DE-1-201739101-0": 531400.3137254884,
  "DE-1-201739440-0": 239130.14117646977,
  "DE-1-201773811-0": 491545.29019607673,
  "DE-1-201774223-0": 79710.04705882326,
  "DE-1-201774280-0": 498187.7941176453,
  "DE-1-201774298-0": 286956.1694117637,
  "DE-1-201774850-0": 265700.1568627442,
  "DE-1-201774868-0": 531400.3137254884,
  "DE-1-201775485-0": 571255.3372549,
  "DE-1-201776111-0": 464975.2745098023,
  "DE-1-201776764-0": 664250.3921568604,
  "DE-1-201779933-0": 1062800.6274509768,
  "DE-1-201818012-0": 3367749.4882352822,
  "DE-1-201818111-0": 5244655.396313707,
  "DE-1-201818129-0": 5863424.564119588,
  "DE-1-201820885": 12811101.310269613,
  "DE-1-201831627-0": 418477.7470588221,
  "DE-1-201832351-0": 403864.23843137117,
  "DE-1-201849520": 11292256.666666627,
  "DE-1-201868751": 16779207.808965698,
  "DE-1-201874270-0": 464975.2745098023,
  "DE-1-201874718-0": 830312.9901960755,
  "DE-1-201874726-0": 710747.9196078407,
  "DE-1-201875749-0": 451690.2666666651,
  "DE-1-201875962-0": 199275.11764705813,
  "DE-1-201876028-0": 227173.63411764626,
  "DE-1-201876366-0": 398550.23529411625,
  "DE-1-201876770-0": 398550.23529411625,
  "DE-1-201876788-0": 730675.4313725465,
  "DE-1-201877125-0": 119565.07058823488,
  "DE-1-201879865-0": 2789851.647058814,
  "DE-1-201901628-4006": 189688.23086719934,
  "DE-1-201906015-3291": 650953.4278066644,
  "DE-1-201906015-3362": 1793476.058823523,
  "DE-1-201918077-0": 1389594.5498819558,