{
  "XI-IATI-EC_INTPA-2000/011-424": 414839.1334819538,
  "XI-IATI-EC_INTPA-2000/011-479": 606867.3554993267,
  "XI-IATI-EC_INTPA-2000/011-644": 304862.6420557652,
  "XI-IATI-EC_INTPA-2001/011-655": 2961380.0011793897,
  "XI-IATI-EC_INTPA-2001/011-866": 1655005.9508407598,
  "XI-IATI-EC_INTPA-2001/048-033": 242673.85045024453,
  "XI-IATI-EC_INTPA-2001/2458/0": 4424016.852949657,
  "XI-IATI-EC_INTPA-2002/020-531": 196443.13072956094,
  "XI-IATI-EC_INTPA-2002/2921/0": 547521.3561348362,
  "XI-IATI-EC_INTPA-2002/4306/0": 1022568.9945098019,
  "XI-IATI-EC_INTPA-2003/020-509": 565300.3578385377,
  "XI-IATI-EC_INTPA-2003/020-528": 903782.7253476029,
  "XI-IATI-EC_INTPA-2003/020-546": 1305094.0268834676,
  "XI-IATI-EC_INTPA-2003/031-793": 327827.34155362134,
  "XI-IATI-EC_INTPA-2003/035-502": 590808.2378875962,
  "XI-IATI-EC_INTPA-2003/051-449": 67874.50892277258,
  "XI-IATI-EC_INTPA-2003/5758/0": 14406506.933629248,
  "XI-IATI-EC_INTPA-2004/063-579": 1734864.084074349,
  "XI-IATI-EC_INTPA-2004/063-691": 153751.96067350163,
  "XI-IATI-EC_INTPA-2004/063-732": 848075.599411119,
  "XI-IATI-EC_INTPA-2004/063-749": 1146691.0873494681,
  "XI-IATI-EC_INTPA-2004/063-789": 909189.2765765663,
  "XI-IATI-EC_INTPA-2004/079-668": 1084577.38377635,
  "XI-IATI-EC_INTPA-2004/083-516": 14855408.711758545,
  "XI-IATI-EC_INTPA-2004/087-765": 327905.0896795375,
  "XI-IATI-EC_INTPA-2004/16895/0": 3878772.033273009,
  "XI-IATI-EC_INTPA-2004/16897/0": 11794478.521352196,
  "XI-IATI-EC_INTPA-2004/6078/0": 882784.740678606,
  "XI-IATI-EC_INTPA-2005/081-362": 2500767.283733763,
  "XI-IATI-EC_INTPA-2005/081-735": 2484403.7835086007,
  "XI-IATI-EC_INTPA-2005/094-711": 548535.0380658332,
  "XI-IATI-EC_INTPA-2005/095-551": 808677.2575977265,
  "XI-IATI-EC_INTPA-2005/095-751": 1398676.4354461776,
  "XI-IATI-EC_INTPA-2005/095-874": 1005095.8021230026,
  "XI-IATI-EC_INTPA-2005/095-876": 779601.4538761491,
  "XI-IATI-EC_INTPA-2005/096-809": 1254172.639857196,
  "XI-IATI-EC_INTPA-2005/096-911": 1249758.7930605446,
  "XI-IATI-EC_INTPA-2005/099-712": 910676.890266299,
  "XI-IATI-EC_INTPA-2005/100-416": 2568302.981683972,
  "XI-IATI-EC_INTPA-2005/101-078": 883487.4067095382,
  "XI-IATI-EC_INTPA-2005/104-775": 10737514.937480753,
  "XI-IATI-EC_INTPA-2005/104-792": 8569324.56321876,
  "XI-IATI-EC_INTPA-2005/104-945": 3105933.666981385,
  "XI-IATI-EC_INTPA-2005/105-796": 414080.5180762644,
  "XI-IATI-EC_INTPA-2005/111-191": 1893409.526210661,
  "XI-IATI-EC_INTPA-2005/16913/0": 8910191.451286549,
  "XI-IATI-EC_INTPA-2005/17475/0": 688073.8786761711,
  "XI-IATI-EC_INTPA-2005/17545/0": 61365600.35123706,
  "XI-IATI-EC_INTPA-2006/114-223": 618065.583165211,
  "XI-IATI-EC_INTPA-2006/114-670": 2704209.3371516755,
  "XI-IATI-EC_INTPA-2006/115-928": 61332706.56709559,
  "XI-IATI-EC_INTPA-2006/118-114": 968569.1319173605,
  "XI-IATI-EC_INTPA-2006/118-368": 550309.6057969804,
  "XI-IATI-EC_INTPA-2006/118-513": 547219.4016469652,
  "XI-IATI-EC_INTPA-2006/118-538": 655276.8279461878,
  "XI-IATI-EC_INTPA-2006/118-622": 768710.5451985878,
  "XI-IATI-EC_INTPA-2006/118-996": 965233.924822194,
  "XI-IATI-EC_INTPA-2006/119-288": 895404.7225645505,
  "XI-IATI-EC_INTPA-2006/119-686": 1862516.611548412,
  "XI-IATI-EC_INTPA-2006/121-566": 113079.12153684499,
  "XI-IATI-EC_INTPA-2006/121-593": 127412.3512762039,
  "XI-IATI-EC_INTPA-2006/121-594": 120954.81116623561,
  "XI-IATI-EC_INTPA-2006/121-595": 115780.69113841026,
  "XI-IATI-EC_INTPA-2006/121-596": 120716.62715333328,
  "XI-IATI-EC_INTPA-2006/121-642": 119477.58929154903,
  "XI-IATI-EC_INTPA-2006/131-286": 799459.7103214861,
  "XI-IATI-EC_INTPA-2006/18363/0": 23260375.325607277,
  "XI-IATI-EC_INTPA-2007/133-764": 949932.8626639327,
  "XI-IATI-EC_INTPA-2007/133-769": 994301.7062326531,
  "XI-IATI-EC_INTPA-2007/133-807": 859846.3172565717,
  "XI-IATI-EC_INTPA-2007/133-813": 1041835.2749281884,
  "XI-IATI-EC_INTPA-2007/133-828": 773183.814849244,
  "XI-IATI-EC_INTPA-2007/133-865": 1010433.4920130211,
  "XI-IATI-EC_INTPA-2007/133-868": 1274306.4360220288,
  "XI-IATI-EC_INTPA-2007/140-533": 138273.9269128906,
  "XI-IATI-EC_INTPA-2007/140-540": 121029.43404670648,
  "XI-IATI-EC_INTPA-2007/140-546": 125327.48301869669,
  "XI-IATI-EC_INTPA-2007/142-022": 22177097.758807577,
  "XI-IATI-EC_INTPA-2007/144-268": 474.52802107843286,
  "XI-IATI-EC_INTPA-2007/19098/0": 4506844.105431698,
  "XI-IATI-EC_INTPA-2007/19475/0": 1454329.2908610294,
  "XI-IATI-EC_INTPA-2007/19476/0": 3843810.602965506,
  "XI-IATI-EC_INTPA-2007/19477/0": 847429.237450985,
  "XI-IATI-EC_INTPA-2008/157-204": 87027.44921289057,
  "XI-IATI-EC_INTPA-2008/157-211": 145638.54604117482,
  "XI-IATI-EC_INTPA-2008/157-214": 339992.8736990402,
  "XI-IATI-EC_INTPA-2008/157-229": 320602.9442122722,
  "XI-IATI-EC_INTPA-2008/157-238": 306941.48954538227,
  "XI-IATI-EC_INTPA-2008/157-376": 407808.8565228151,
  "XI-IATI-EC_INTPA-2008/157-378": 471663.8900325941,
  "XI-IATI-EC_INTPA-2008/157-386": 351901.55999966647,
  "XI-IATI-EC_INTPA-2008/157-415": 542739.6561159084,
  "XI-IATI-EC_INTPA-2008/157-426": 71861.9799398437,
  "XI-IATI-EC_INTPA-2008/157-454": 545045.9453155616,
  "XI-IATI-EC_INTPA-2008/171-732": 6595.236042925779,
  "XI-IATI-EC_INTPA-2008/172-209": 155846.88293671902,
  "XI-IATI-EC_INTPA-2008/172-525": 279866.40699785925,
  "XI-IATI-EC_INTPA-2009/157-634": 339011.5667746633,
  "XI-IATI-EC_INTPA-2009/204-933": 511174.93651002145,
  "XI-IATI-EC_INTPA-2009/204-944": 361892.12160871294,
  "XI-IATI-EC_INTPA-2009/204-947": 327189.48225546494,
  "XI-IATI-EC_INTPA-2009/204-971": 389643.95325502707,
  "XI-IATI-EC_INTPA-2009/204-994": 437671.38868893596,
  "XI-IATI-EC_INTPA-2009/205-138": 172801.47243269865,
  "XI-IATI-EC_INTPA-2009/205-147": 141284.92560477238,
  "XI-IATI-EC_INTPA-2009/205-181": 296505.1006093223,
  "XI-IATI-EC_INTPA-2009/205-516": 45807.681412230435,
  "XI-IATI-EC_INTPA-2009/21454/0": 2597792.230669041,
  "XI-IATI-EC_INTPA-2009/215-454": 3426836.733664415,
  "XI-IATI-EC_INTPA-2009/21564/0": 83375274.14762126,
  "XI-IATI-EC_INTPA-2009/224-833": 78940696.61286002,
  "XI-IATI-EC_INTPA-2010/22032/0": 10161469.359480988,
  "XI-IATI-EC_INTPA-2010/221-574": 1715455.1469056376,
  "XI-IATI-EC_INTPA-2010/225-274": 563429.5833333344,
  "XI-IATI-EC_INTPA-2010/225-483": 1227616.3998768665,
  "XI-IATI-EC_INTPA-2010/226-139": 325651.20786916354,
  "XI-IATI-EC_INTPA-2010/229-563": 990498.7707500517,
  "XI-IATI-EC_INTPA-2010/229-863": 841447.7880538368,
  "XI-IATI-EC_INTPA-2010/230-242": 310787.42736830004,
  "XI-IATI-EC_INTPA-2010/230-270": 374249.6279861685,
  "XI-IATI-EC_INTPA-2010/230-992": 891167.8085293382,
  "XI-IATI-EC_INTPA-2010/231-116": 1332732.757878014,
  "XI-IATI-EC_INTPA-2010/231-144": 1134432.5309192047,
  "XI-IATI-EC_INTPA-2010/236-681": 160832.42315999215,
  "XI-IATI-EC_INTPA-2010/236-684": 140584.13263195992,
  "XI-IATI-EC_INTPA-2010/237-090": 527158.1576117172,
  "XI-IATI-EC_INTPA-2010/237-102": 1276506.4931087748,
  "XI-IATI-EC_INTPA-2010/237-290": 451945.27661709394,
  "XI-IATI-EC_INTPA-2010/237-304": 378208.45946104213,
  "XI-IATI-EC_INTPA-2010/237-380": 448666.37993438536,
  "XI-IATI-EC_INTPA-2010/237-386": 523833.61447629373,
  "XI-IATI-EC_INTPA-2010/237-414": 472079.5092219586,
  "XI-IATI-EC_INTPA-2010/238-445": 460425.1107597447,
  "XI-IATI-EC_INTPA-2010/245-750": 407358.45065124443,
  "XI-IATI-EC_INTPA-2010/245-904": 391761.0897193096,
  "XI-IATI-EC_INTPA-2010/254-800": 1383093.8624949122,
  "XI-IATI-EC_INTPA-2010/255-964": 3821265.6057500076,
  "XI-IATI-EC_INTPA-2010/256-745": 1298012.1405954703,
  "XI-IATI-EC_INTPA-2010/258-625": 473264.7859922188,
  "XI-IATI-EC_INTPA-2010/258-627": 469624.54007782193,
  "XI-IATI-EC_INTPA-2011/236-682": 152984.5246579297,
  "XI-IATI-EC_INTPA-2011/237-086": 537149.7730756737,
  "XI-IATI-EC_INTPA-2011/237-176": 337561.1484757674,
  "XI-IATI-EC_INTPA-2011/237-287": 430768.4200345649,
  "XI-IATI-EC_INTPA-2011/263-331": 5379516.179018108,
  "XI-IATI-EC_INTPA-2011/264-066": 222712.8404669265,
  "XI-IATI-EC_INTPA-2011/266-458": 682905.2289196416,