{
  "bos_plus_tropen": {
    "BE-BCE_KBO-0479222461-PROG2017-2021_SD1_OUTCOME_BE1": 281177.07047761016,
    "BE-BCE_KBO-0479222461-PROG2017-2021_SD1_OUTCOME_BO1": 837411.3017573307,
    "BE-BCE_KBO-0479222461-PROG2017-2021_SD1_OUTCOME_EC1": 1294105.1287204993,
    "BE-BCE_KBO-0479222461-PROG2017-2021_SD1_OUTCOME_ET1": 237042.59514880422,
    "BE-BCE_KBO-0479222461-PROG2017-2021_SD1_OUTCOME_PE1": 1981210.7035115699,
    "BE-BCE_KBO-0479222461-PROG2017-2021_SD1_OUTCOME_TZ1": 166030.86859819933,
    "BE-BCE_KBO-0479222461-PROG2017-2021_SD1_OUTCOME_UG1": 113584.993926545,
    "BE-BCE_KBO-0479222461-PROG2017-2021_SD2_OUTCOME_BE2": 190521.10562727696,
    "BE-BCE_KBO-0479222461-PROG2017-2021_SD2_OUTCOME_BO2": 597054.3520775613,
    "BE-BCE_KBO-0479222461-PROG2017-2021_SD2_OUTCOME_EC2": 2327433.9306625025,
    "BE-BCE_KBO-0479222461-PROG2017-2021_SD2_OUTCOME_PE2": 1019004.206655578,
    "BE-BCE_KBO-0479222461-PROG2017-2021_SD2_OUTCOME_TZ2": 124301.05805946694,
    "BE-BCE_KBO-0479222461-PROG2017-2021_SD2_OUTCOME_UG2": 261972.19791272635
  }
}