{
  "DE-1-198565202": 10118911.294242023,
  "DE-1-199670324": 2036390.2928244018,
  "DE-1-199765728": 49304064.10006823,
  "DE-1-199965294": 21021353.45826367,
  "DE-1-199966482": 21382765.664061002,
  "DE-1-200066407": 13061174.487124845,
  "DE-1-200066415": 4777647.280803945,
  "DE-1-200070227": 5194683.184324893,
  "DE-1-200266528": 14156433.335862767,
  "DE-1-200266684": 7567086.533089229,
  "DE-1-200266692": 37559596.76930273,
  "DE-1-200270256": 4461442.670909249,
  "DE-1-200420828": 8850530.234926235,
  "DE-1-200470237": 4627754.605565661,
  "DE-1-200565903": 24378588.112711225,
  "DE-1-200570309": 3555210.766437054,
  "DE-1-200665414": 18883059.970644586,
  "DE-1-200666313": 19373938.810237117,
  "DE-1-200730564-0": 273893.76662120986,
  "DE-1-200731752-0": 342367.2082765123,
  "DE-1-200766188": 8378233.5053763455,
  "DE-1-200821256": 2366917.230743118,
  "DE-1-200822205": 7123285.523956411,
  "DE-1-200822221": 12147793.729009392,
  "DE-1-200830224-0": 102738.58785071867,
  "DE-1-200830596-0": 322892.7046736873,
  "DE-1-200832188-0": 396277.41028134344,
  "DE-1-200866780": 73611200.73087706,
  "DE-1-200866798": 19042907.912550375,
  "DE-1-200866806": 21763323.328629,
  "DE-1-200866814": 26531615.52339311,
  "DE-1-200915785-0": 768654.9783795743,
  "DE-1-200932178-0": 229730.2018074203,
  "DE-1-200932848-0": 116953.5572837776,
  "DE-1-200932939-0": 348076.06334457616,
  "DE-1-200933432-0": 626536.9140202372,
  "DE-1-201015635-0": 890277.5058914245,
  "DE-1-201032531-0": 463767.6363736468,
  "DE-1-201033463-0": 397515.1168916973,
  "DE-1-201033851-0": 298136.33766877296,
  "DE-1-201106053-0": 339591.1548638643,
  "DE-1-201115666-0": 745765.0293534559,
  "DE-1-201121102": 2315893.428168783,
  "DE-1-201121110": 1322270.360692434,
  "DE-1-201121128": 15138808.758309066,
  "DE-1-201121136": 7563852.631751413,
  "DE-1-201121144": 8232912.988450362,
  "DE-1-201121540": 5801706.431173586,
  "DE-1-201130434-0": 208804.4779302961,
  "DE-1-201133164-0": 393944.44836182526,
  "DE-1-201134204-0": 788136.6780374611,
  "DE-1-201134394-0": 854187.1025262253,
  "DE-1-201139401-0": 208804.4779302961,
  "DE-1-201165828": 48332690.13232003,
  "DE-1-201165836": 13278611.206389911,
  "DE-1-201165844": 9296778.138902241,
  "DE-1-201165851": 13060388.80433807,
  "DE-1-201165869": 14526311.901402753,
  "DE-1-201166560": 10357954.47658246,
  "DE-1-201170091": 18593556.277804483,
  "DE-1-201197664": 3823594.6911193253,
  "DE-1-201197672": 11977920.445463795,
  "DE-1-201210053-0": 2302406.5280047385,
  "DE-1-201210103-0": 4776931.59143633,
  "DE-1-201230564-0": 308272.00374958845,
  "DE-1-201233493-0": 321116.6705724879,
  "DE-1-201239227-0": 513786.6729159807,
  "DE-1-201306075-0": 388291.7225959232,
  "DE-1-201306398-0": 53290.30869410736,
  "DE-1-201316645-0": 49785.41544666234,
  "DE-1-201332766-0": 212417.77257242595,
  "DE-1-201332774-0": 517768.3206452883,
  "DE-1-201332790-0": 464663.8775021818,
  "DE-1-201339050-0": 165951.3848222078,
  "DE-1-201355221-0": 503513.76049459993,
  "DE-1-201366111": 26044968.746308085,
  "DE-1-201397686": 9561321.093324117,
  "DE-1-201415561-0": 364185.3462575429,
  "DE-1-201420736": 3515510.2476677475,
  "DE-1-201420744": 8313975.878504004,
  "DE-1-201420751": 8224615.52593622,
  "DE-1-201420769": 15544685.112076217,
  "DE-1-201420777": 33314072.352498867,
  "DE-1-201420785": 4382766.836911056,
  "DE-1-201439611-0": 411714.4604370992,
  "DE-1-201439728-0": 438276.68369110563,
  "DE-1-201467307": 2656222.3254006403,
  "DE-1-201467323": 17456141.544686027,
  "DE-1-201467752": 55116613.25206329,
  "DE-1-201468396": 26253775.253596146,
  "DE-1-201498583-0": 611979.0145495178,
  "DE-1-201501352": 17265445.11510416,
  "DE-1-201515634-0": 497988.56156611204,
  "DE-1-201516988-0": 661670.2937019503,
  "DE-1-201522309": 6640555.813501601,
  "DE-1-201530609-0": 557806.6883341344,
  "DE-1-201533082-0": 181951.22928994385,
  "DE-1-201539113-0": 345308.9023020832,
  "DE-1-201555606-0": 164413.52138648613,
  "DE-1-201568674": 44093614.66077433,
  "DE-1-201568682": 7626891.872238215,
  "DE-1-201601228-1657": 571086.471849975,
  "DE-1-201601228-1676": 500096.9911613453,
  "DE-1-201610195-0": 2853314.021945368,
  "DE-1-201622141": 8924907.01334615,
  "DE-1-201630128-0": 504682.24182612164,
  "DE-1-201630185-0": 378511.6813695912,
  "DE-1-201633320-0": 164685.7841748397,
  "DE-1-201639111-0": 251013.0097503605,
  "DE-1-201667328": 10929986.982231567,
  "DE-1-201667336": 81014780.92471953,
  "DE-1-201667344": 6981151.368817265,
  "DE-1-201667351": 46136432.62944453,
  "DE-1-201706019-1271": 130190.08889044293,
  "DE-1-201706019-1363": 66239.54423967846,
  "DE-1-201706019-1866": 90643.58685429685,
  "DE-1-201706019-1950": 478444.07769581414,
  "DE-1-201706019-2475": 566687.7676791114,
  "DE-1-201706019-2507": 432444.94757568854,
  "DE-1-201706019-3049": 74068.75954379686,
  "DE-1-201768787": 23906000.92860576,
  "DE-1-201774231-0": 362574.3474171874,
  "DE-1-201775568-0": 332027.79067508003,
  "DE-1-201801133-3681": 996083.3720252401,
  "DE-1-201801240": 10624889.301602561,
  "DE-1-201806009-1867": 996411.4154824271,
  "DE-1-201806009-3298": 316848.80819657806,
  "DE-1-201820406": 19921667.4405048,
  "DE-1-201820976": 16735138.45587824,
  "DE-1-201820984": 4050739.0462359763,
  "DE-1-201820992": 22843511.998445507,
  "DE-1-201821644": 5390139.153819249,
  "DE-1-201830132-0": 424995.57206410245,
  "DE-1-201839810-0": 551166.1325206328,
  "DE-1-201849645": 31874667.904807683,
  "DE-1-201867498": 7968666.976201921,
  "DE-1-201867514": 1328111.1627003201,
  "DE-1-201868074": 2656222.3254006403,
  "DE-1-201870104": 1434946.0847668874,
  "DE-1-201906015-3065": 66405.558135016,
  "DE-1-201906015-4111": 71400.05297346682,
  "DE-1-201906015-4119": 1188724.5680637588,
  "DE-1-201906015-4166": 637629.2105869863,
  "DE-1-201906015-4405": 252341.12091306082,
  "DE-1-201922822": 2656222.3254006403,
  "DE-1-201961861-0": 381530.6639779719,
  "DE-1-201961879-0": 204396.30793957927,
  "DE-1-201968486": 11391079.101651138,
  "DE-1-201969492": 23906000.92860576,
  "DE-1-202001105": 19656045.20796474,
  "DE-1-202001113": 23241945.347255602,
  "DE-1-202001121-5431": 664055.5813501601,
  "DE-1-202006005-4531": 144509.11939109644,
  "DE-1-202006005-5138": 362553.0976385842,
  "DE-1-202006005-5169": 137459.50533948315,
  "DE-1-202020949": 2656222.3254006403,
  "DE-1-202020956": 13945167.208353361,
  "DE-1-202020972": 17265445.11510416,
  "DE-1-202030914-0": 395777.1264846954,
  "DE-1-202032498-0": 201872.89673044867,
  "DE-1-202075661-0": 478120.0185721153,
  "DE-1-202075679-0": 332027.79067508003,
  "DE-1-202100709-5730": 99127.82658385903,
  "DE-1-202100709-5850": 646553.7324480952,
  "DE-1-202100709-5864": 1107286.1196781378,
  "DE-1-202100709-5883": 279098.5765079842,
  "DE-1-202100709-5890": 101947.14096003928,
  "DE-1-202100709-5926": 390877.72440549394,
  "DE-1-202100709-6341": 258981.67672656244,
  "DE-1-202106003-5904": 6241457.080998992,
  "DE-1-202175164-0": 398433.34881009604,
  "DE-1-202198307-5881": 1061160.8189975559
}