{
  "XI-IATI-EC_INTPA-2007/196-519": 6410075.417678838,
  "XI-IATI-EC_INTPA-2008/20227/1": 5846142.749573056,
  "XI-IATI-EC_INTPA-2013/21913/0": 5309173.378438972,
  "XI-IATI-EC_INTPA-2013/334-924": 5185759.003698412,
  "XI-IATI-EC_INTPA-2017/38944/0": 7849136.971558892,
  "XI-IATI-EC_INTPA-2018/393-443": 7849136.971558892
}