{
  "GB-CHC-1046001-6X7Y-TWGZ-YP": 339192.3352997331,
  "GB-CHC-1046001-GPAF-INN-045": 313852.96347164194,
  "GB-CHC-1046001-UKAD-INN-078": 323811.81684019795
}