{
  "NL-KVK-34219433-70150": 1062678.8500565223,
  "NL-KVK-34219433-EKN-4000003632": 1436263.2390124951
}