{
  "GB-COH-01926828-ET75": {
    "fa-activities.xml": 174644.7520083479
  },
  "GB-COH-01926828-ET85": {
    "fa-activities.xml": 15493929.334498039
  },
  "GB-COH-01926828-ET92UK05UG07": {
    "fa-activities.xml": 1879391.6691420733
  },
  "GB-COH-01926828-RE12RE13": {
    "fa-activities.xml": 7546829.086540862
  }
}