{
  "NL-KVK-41078390-SP": {
    "ejc-activities.xml": 5959459.228816058
  },
  "NL-KVK-41078390-SP-BO": {
    "ejc-activities.xml": 2205986.180359208
  },
  "NL-KVK-41078390-SP-DA": {
    "ejc-activities.xml": 2977156.9726392054
  },
  "NL-KVK-41078390-SP-IP": {
    "ejc-activities.xml": 528743.312156861
  },
  "NL-KVK-41078390-SP-KE": {
    "ejc-activities.xml": 1164028.4017133294
  },
  "NL-KVK-41078390-SP-LA": {
    "ejc-activities.xml": 1717715.6445964647
  },
  "NL-KVK-41078390-SP-PY": {
    "ejc-activities.xml": 197651.68968862676
  },
  "NL-KVK-41078390-SP-SN": {
    "ejc-activities.xml": 530736.0633333315
  },
  "NL-KVK-41078390-SP-TZ": {
    "ejc-activities.xml": 507305.2950003904
  },
  "NL-KVK-41078390-SP-ZW": {
    "ejc-activities.xml": 2272785.8567960705
  }
}