{
  "AU-5-INI124-IR": 82881.00936917767,
  "AU-5-INI188-IR": 80456.67366613045,
  "AU-5-INI855-IR": 128202.13205735563,
  "AU-5-INI916-IR": 204525.76261565927,
  "AU-5-INJ522-IR": 131330.23882053304,
  "AU-5-INK058-IR": 154873.0040240734,
  "AU-5-INK680-IR": 148964.3260146843,
  "AU-5-INL144-IR": 187973.1934500487,
  "AU-5-INL149-IR": 55203.27833884122,
  "AU-5-INL471-IR": 271700.7131562569,
  "AU-5-INL702-IR": 27093.30694594551,
  "AU-5-INL907-IR": 3966.460136886423,
  "AU-5-INM061-IR": 397378.4360864143,
  "AU-5-INM260-IR": 18754.890178215017,
  "AU-5-INM339-IR": 396363.3401861729,
  "AU-5-INM343-IR": 183113.72743509884,
  "AU-5-INM588-IR": 409078.22913590516,
  "AU-5-O14780-IR": 853744.76395712,
  "AU-5-O15360-IR": 300179.483354275,
  "AU-5-O15378-IR": 2578499.0645198124,
  "AU-5-O17093-IR": 57047.66710538287,
  "AU-5-O17094-IR": 54672.48719645498,
  "AU-5-O17095-IR": 54672.48719645498,
  "AU-5-O17096-IR": 23321.918619069897,
  "AU-5-O17097-IR": 31874.372511673362,
  "AU-5-O17098-IR": 12145.02639363584,
  "AU-5-O17099-IR": 10925.827581068294,
  "AU-5-O17100-IR": 15258.950471956512,
  "AU-5-O17101-IR": 10476.078685765598,
  "AU-5-O17102-IR": 27629.75442347523
}