{
  "GB-CHC-285776-DRC538": 406289.5968514203,
  "GB-CHC-285776-DRC543": 627897.558368813,
  "GB-CHC-285776-DRC574": 107207.32861232443,
  "GB-CHC-285776-DRC579": 84974.42559670171,
  "GB-CHC-285776-DRC580": 265834.8337567867,
  "GB-CHC-285776-DRC603": 137985.8300065956,
  "GB-CHC-285776-DRC629": 287708.13334247225,
  "GB-CHC-285776-DRC653": 131807.3600063003,
  "GB-CHC-285776-DRC665": 54528.57302724642,
  "GB-CHC-285776-DRC667": 2634286.146106397,
  "GB-CHC-285776-DRC677": 39151.992312591436,
  "GB-CHC-285776-DRC681": 16475.920000787537,
  "GB-CHC-285776-DRC682": 285648.6927701338,
  "GB-CHC-285776-DRC684": 24590.920210215427,
  "GB-CHC-285776-DRC686": 150113.6393877353,
  "GB-CHC-285776-DRC694": 45224.752810161706,
  "GB-CHC-285776-DRC695": 131807.3600063003,
  "GB-CHC-285776-DRC696": 98361.2424047016,
  "GB-CHC-285776-DRC699": 37366.54628986609,
  "GB-CHC-285776-DRC700": 105048.58767014125,
  "GB-CHC-285776-DRC702": 12445.844064914902,
  "GB-CHC-285776-DRC705": 176074.56529785623,
  "GB-CHC-285776-DRC706": 81231.3931390828,
  "GB-CHC-285776-DRC707": 341930.73205938406,
  "GB-CHC-285776-DRC708": 29006.89514434651,
  "GB-CHC-285776-DRC710": 41211.284601649866,
  "GB-CHC-285776-DRC711": 41302.36348741422,
  "GB-CHC-285776-DRC712": 223642.60583012996,
  "GB-CHC-285776-DRC713": 224584.71541169498,
  "GB-CHC-285776-DRC715": 30372.996051211805,
  "GB-CHC-285776-DRC717": 851900.3772379201,
  "GB-CHC-285776-DRC718": 28653.78322688963,
  "GB-CHC-285776-DRC719": 82539.58118714532,
  "GB-CHC-285776-DRC721": 86590.51563773896,
  "GB-CHC-285776-DRC722": 82379.60000393768,
  "GB-CHC-285776-DRC723": 111125.2694366717,
  "GB-CHC-285776-DRC724": 101055.61550611038,
  "GB-CHC-285776-DRC726": 50428.523859130444,
  "GB-CHC-285776-DRC731": 54989.91526318848,
  "GB-CHC-285776-DRC733": 354409.01721078047,
  "GB-CHC-285776-DRC734": 49427.76000236261,
  "GB-CHC-285776-DRC735": 24713.880001181304,
  "GB-CHC-285776-DRC736": 34094.543909149696,
  "GB-CHC-285776-DRC738": 75789.23200362266,
  "GB-CHC-285776-DRC739": 49427.76000236261,
  "GB-CHC-285776-DRC740": 74141.64000354391,
  "GB-CHC-285776-DRC742": 42812.77697756642,
  "GB-CHC-285776-DRC744": 15816.883200756034,
  "GB-CHC-285776-DRC745": 179661.4719375477
}