{
  "46002-P-SL-AA0-001": 5264271.693588549,
  "46002-P-SL-AA0-002": 11743419.155729983,
  "46002-P-SL-AA0-003": 19202380.449111413,
  "46002-P-SL-AA0-005": 802739.2528718072,
  "46002-P-SL-AA0-007": 38562342.92286299,
  "46002-P-SL-AA0-010": 27820338.63480613,
  "46002-P-SL-AA0-014": 8460654.403974462,
  "46002-P-SL-AA0-015": 9107034.231232775,
  "46002-P-SL-AA0-019": 15191986.534948701,
  "46002-P-SL-AA0-021": 18110445.254709426,
  "46002-P-SL-AA0-023": 2278998.9833946424,
  "46002-P-SL-AAC-001": 3419897.9465402616,
  "46002-P-SL-AAG-001": 10732235.185160844,
  "46002-P-SL-AB0-001": 21399136.95951103,
  "46002-P-SL-AB0-002": 52679388.05884375,
  "46002-P-SL-D00-001": 3785100.1696731104,
  "46002-P-SL-D00-004": 80671245.74427369,
  "46002-P-SL-DB0-002": 16306994.592557587,
  "46002-P-SL-DB0-003": 26285245.20231881,
  "46002-P-SL-DB0-004": 4774142.191898802,
  "46002-P-SL-DB0-005": 69097072.2755577,
  "46002-P-SL-DB0-010": 21826411.105255183,
  "46002-P-SL-E00-001": 1764489.6455841863,
  "46002-P-SL-E00-003": 69897921.62873094,
  "46002-P-SL-E00-004": 24177687.113235492,
  "46002-P-SL-E00-006": 3576918.1060115322,
  "46002-P-SL-E00-007": 2936444.108744553,
  "46002-P-SL-E00-013": 495318.58103723807,
  "46002-P-SL-EA0-001": 85903851.93028927,
  "46002-P-SL-EA0-002": 2215431.4555113744,
  "46002-P-SL-EA0-004": 877655.222113551,
  "46002-P-SL-EA0-005": 2859230.739859239,
  "46002-P-SL-F00-002": 127616612.9936792,
  "46002-P-SL-F00-003": 32723948.94457022,
  "46002-P-SL-F00-005": 2193915.319434737,
  "46002-P-SL-F00-007": 88142544.4898402,
  "46002-P-SL-HA0-004": 2244159.4995241333,
  "46002-P-SL-I00-003": 2172275.1018815394,
  "46002-P-SL-IA0-003": 4593086.547307708,
  "46002-P-SL-IA0-004": 37651286.20755482,
  "46002-P-SL-IAD-001": 12296753.702895198,
  "46002-P-SL-IAZ-001": 49655551.2005977,
  "46002-P-SL-IB0-001": 2942156.904734723,
  "46002-P-SL-IB0-002": 32200123.135261346,
  "46002-P-SL-IB0-003": 54074743.952355035,
  "46002-P-SL-IBE-001": 1491784.733882138,
  "46002-P-SL-IBE-002": 2049579.3269864384,
  "46002-P-SL-IBE-003": 3646398.3734314283,
  "46002-P-SL-IE0-001": 3096121.388835692,
  "46002-P-SL-IE0-002": 29181597.053676154,
  "46002-P-SL-K00-001": 28957496.811834533,
  "46002-P-SL-K00-002": 545436.4149366432,
  "46002-P-SL-K00-004": 8476777.591332445,
  "46002-P-SL-K00-006": 11582683.040565092,
  "46002-P-SL-K00-007": 6961181.838208105,
  "46002-P-SL-KA0-002": 16425877.531660732,
  "46002-P-SL-KA0-004": 30187796.746759262,
  "46002-P-SL-KA0-005": 50662291.19268013,
  "46002-P-SL-KA0-006": 31581216.59483709,
  "46002-P-SL-KA0-010": 374662758.8700759,
  "46002-P-SL-KA0-012": 31528678.67178427,
  "46002-P-SL-KA0-013": 12154661.244771427,
  "46002-P-SL-KA0-016": 45579979.66789285,
  "46002-P-SL-KA0-017": 54695975.601471424,
  "46002-P-SL-KB0-001": 6055540.930785559,
  "46002-P-SL-KF0-006": 392593.00520443293,
  "46002-P-SL-KF0-008": 2359480.510673814,
  "46002-P-SL-KF0-009": 790560.6355303571
}