{
  "wwf-be": {
    "BE-BCE_KBO-0408656248-DGD-DRC-2017-2021-0S1": 4707096.297637102,
    "BE-BCE_KBO-0408656248-DGD-DRC-2017-2021-OS2": 9233738.6917902,
    "BE-BCE_KBO-0408656248-DGD-ECU-2017-2021": 8491274.25627099,
    "BE-BCE_KBO-0408656248-DGD-KHM-2017-2021": 4959949.352278938
  }
}