{
  "BE-BCE_KBO-0413119733-PROG2017-2021_SDI1-COD": {
    "via-db-activities.xml": 3120806.0756291742
  },
  "BE-BCE_KBO-0413119733-PROG2017-2021_SDI10-HAI": {
    "via-db-activities.xml": 3352407.0407543816
  },
  "BE-BCE_KBO-0413119733-PROG2017-2021_SDI11-SLV": {
    "via-db-activities.xml": 2233242.2549937167
  },
  "BE-BCE_KBO-0413119733-PROG2017-2021_SDI3-MLI": {
    "via-db-activities.xml": 1693195.786307239
  },
  "BE-BCE_KBO-0413119733-PROG2017-2021_SDI4-TNZ": {
    "via-db-activities.xml": 2152473.028541869
  },
  "BE-BCE_KBO-0413119733-PROG2017-2021_SDI5-MDG": {
    "via-db-activities.xml": 3240728.4441529997
  },
  "BE-BCE_KBO-0413119733-PROG2017-2021_SDI6-CMR": {
    "via-db-activities.xml": 4273946.61443515
  },
  "BE-BCE_KBO-0413119733-PROG2017-2021_SDI8-ECU": {
    "via-db-activities.xml": 2881489.926824278
  },
  "BE-BCE_KBO-0413119733-PROG2017-2021_SDI9-PER": {
    "via-db-activities.xml": 3875685.4552372983
  },
  "BE-BCE_KBO-0413119733-PROG2017_2021_SDI2-BEN": {
    "via-db-activities.xml": 1841866.8076488895
  },
  "BE-BCE_KBO-0413119733-PROG2017_2021_SDI7-BOL": {
    "via-db-activities.xml": 3982577.751706094
  }
}