{
  "XM-DAC-6-4-009955-03-5": 795824.9670675049,
  "XM-DAC-6-4-009955-04-6": 210407.63547894615,
  "XM-DAC-6-4-010915-01-5": 2608837.9753378183,
  "XM-DAC-6-4-011608-01-5": 191101.91520094906,
  "XM-DAC-6-4-011817-02-4": 1195300.046430288,
  "XM-DAC-6-4-011817-03-5": 1168737.8231762818,
  "XM-DAC-6-4-012130-01-6": 4704169.738284534,
  "XM-DAC-6-4-012229-04-2": 68870.29339297852,
  "XM-DAC-6-4-012279-01-0": 11687378.231762817,
  "XM-DAC-6-4-012590-01-6": 5437187.478476797
}