{
  "NL-KVK-30258482-202001": {
    "kerk_in_actie-activities.xml": 2633859.084964697
  },
  "NL-KVK-30258482-IND202101": {
    "kerk_in_actie-activities.xml": 672221.3968627427
  },
  "NL-KVK-30258482-NPL202101": {
    "kerk_in_actie-activities.xml": 664250.3921568604
  }
}