{
  "DE-1-200732990-0": 694320.6983847669,
  "DE-1-200739060-0": 136946.88331060493,
  "DE-1-200832931-0": 107141.67018717805,
  "DE-1-200975540-0": 111384.34027026438,
  "DE-1-201030303-0": 149730.69402920597,
  "DE-1-201074350-0": 185507.05454945873,
  "DE-1-201074574-0": 410765.6207880872,
  "DE-1-201075878-0": 344513.1013061376,
  "DE-1-201130020-0": 157299.3733741564,
  "DE-1-201174309-0": 208804.4779302961,
  "DE-1-201175769-0": 264485.6720450417,
  "DE-1-201239276-0": 449563.3388014831,
  "DE-1-201274844-0": 956927.678306014,
  "DE-1-201275106-0": 616544.0074991769,
  "DE-1-201275445-0": 642233.3411449759,
  "DE-1-201275692-0": 539476.0065617798,
  "DE-1-201276252-0": 539476.0065617798,
  "DE-1-201373935-0": 570872.7637883947,
  "DE-1-201374040-0": 424835.5451448519,
  "DE-1-201374057-0": 464663.8775021818,
  "DE-1-201374693-0": 252246.10492975582,
  "DE-1-201375179-0": 610701.0961457246,
  "DE-1-201375930-0": 570872.7637883947,
  "DE-1-201474824-0": 1062488.930160256,
  "DE-1-201474964-0": 106248.89301602561,
  "DE-1-201475862-0": 780929.3636677882,
  "DE-1-201574839-0": 132811.116270032,
  "DE-1-201576024-0": 219138.34184555282,
  "DE-1-201576412-0": 571087.7999611377,
  "DE-1-201576818-0": 398433.34881009604,
  "DE-1-201598440-0": 642444.5565107005,
  "DE-1-201673698-0": 597650.023215144,
  "DE-1-201674274-0": 969521.1487712337,
  "DE-1-201675537-0": 544525.5767071312,
  "DE-1-201675545-0": 610931.1348421472,
  "DE-1-201675552-0": 571087.7999611377,
  "DE-1-201675859-0": 637493.3580961537,
  "DE-1-201730365-0": 464838.90694511204,
  "DE-1-201739275-0": 195232.34091694705,
  "DE-1-201739424-0": 551166.1325206328,
  "DE-1-201775519-0": 1142175.5999222754,
  "DE-1-201775790-0": 557806.6883341344,
  "DE-1-201798396-2843": 1434025.8631044757,
  "DE-1-201832369-0": 211169.6748693509,
  "DE-1-201874288-0": 664055.5813501601,
  "DE-1-201875558-0": 151404.6725478365,
  "DE-1-201876291-0": 877881.4785449116,
  "DE-1-201933761-0": 349293.2357901842,
  "DE-1-201974609-0": 1314830.051073317,
  "DE-1-202074433-0": 689289.6934414662,
  "DE-1-202074771-0": 819444.5873860975,
  "DE-1-202074789-0": 544525.5767071312,
  "DE-1-202130433-0": 411714.4604370992,
  "DE-1-202174779-0": 451557.79531810887
}