{
  "47045-MSA-910-G02-H": 28585633.83,
  "47045-QMZ-T-UNDP": 9908561.520000001,
  "47045-QSD-910-G01-H": 16247524.01,
  "47045-QSD-H-SCF": 13156775.08,
  "47045-QSD-T-UNDP": 3326869.9099999997
}