{
  "XI-IATI-EC_FPI-2012/306-067": 1708340.687445636,
  "XI-IATI-EC_FPI-2012/308-009": 393561.2190504427,
  "XI-IATI-EC_FPI-2012/309-303": 318625.5967697761,
  "XI-IATI-EC_FPI-2015/356-247": 1312828.3086477832,
  "XI-IATI-EC_FPI-2018/394-647": 1721304.8871946658,
  "XI-IATI-EC_FPI-2018/401-906": 1460922.2789703521,
  "XI-IATI-EC_FPI-2018/41669/0": 1460922.2789703521
}