{
  "AU-5-INH722-LA": 184396.37383680095,
  "AU-5-INH988-LA": 100533.15943939454,
  "AU-5-INI032-LA": 805239.1001553576,
  "AU-5-INI124-LA": 215490.95245205506,
  "AU-5-INI127-LA": 1780600.6245978742,
  "AU-5-INI168-LA": 794991.9908842316,
  "AU-5-INI267-LA": 358210.92003325373,
  "AU-5-INI276-LA": 130310.01680899052,
  "AU-5-INI308-LA": 9480.128742434452,
  "AU-5-INI325-LA": 66209.00457494627,
  "AU-5-INI358-LA": 439230.8680125935,
  "AU-5-INI384-LA": 6483086.630505653,
  "AU-5-INI418-LA": 820230.4828412571,
  "AU-5-INI479-LA": 310526.1301792678,
  "AU-5-INI500-LA": 109555.1693061563,
  "AU-5-INI556-LA": 40156.564005763765,
  "AU-5-INI592-LA": 2038501.421011068,
  "AU-5-INI595-LA": 80012.7934756478,
  "AU-5-INI599-LA": 12405.03780605573,
  "AU-5-INI651-LA": 5264539.335684163,
  "AU-5-INI691-LA": 11858035.480348544,
  "AU-5-INI697-LA": 537254.0416609067,
  "AU-5-INI699-LA": 651882.1297876749,
  "AU-5-INI717-LA": 278941.35647973843,
  "AU-5-INI718-LA": 88363.3716185555,
  "AU-5-INI855-LA": 264951.7561712973,
  "AU-5-INI872-LA": 229679.58269115497,
  "AU-5-INI883-LA": 106841.94257541953,
  "AU-5-INI940-LA": 2692318.004706999,
  "AU-5-INI941-LA": 10398328.975456867,
  "AU-5-INI946-LA": 1323970.772351101,
  "AU-5-INI953-LA": 4565725.972872605,
  "AU-5-INI980-LA": 427032.9764481428,
  "AU-5-INI997-LA": 1708131.9057925711,
  "AU-5-INJ014-LA": 85406.59528962855,
  "AU-5-INJ043-LA": 7813311.830835802,
  "AU-5-INJ045-LA": 262300.43277411227,
  "AU-5-INJ056-LA": 215029.55400864535,
  "AU-5-INJ071-LA": 14147.471403308758,
  "AU-5-INJ093-LA": 236203.10611733526,
  "AU-5-INJ169-LA": 296744.9680807556,
  "AU-5-INJ225-LA": 1241543.892914107,
  "AU-5-INJ264-LA": 10471387.882701375,
  "AU-5-INJ265-LA": 7237865.437820293,
  "AU-5-INJ332-LA": 2517445.8725994653,
  "AU-5-INJ353-LA": 694151.3238541607,
  "AU-5-INJ396-LA": 44288152.13439895,
  "AU-5-INJ429-LA": 137546.2876861078,
  "AU-5-INJ482-LA": 1952262.8102180755,
  "AU-5-INJ489-LA": 129360.30474252286,
  "AU-5-INJ522-LA": 319560.3656190774,
  "AU-5-INJ554-LA": 1774961.4942814505,
  "AU-5-INJ555-LA": 2272328.784437859,
  "AU-5-INJ573-LA": 40068800.33690395,
  "AU-5-INJ585-LA": 1032377.3474462867,
  "AU-5-INJ639-LA": 975214.8901040562,
  "AU-5-INJ654-LA": 99534.3325435804,
  "AU-5-INJ678-LA": 2839.3012558513396,
  "AU-5-INJ682-LA": 87912.26532247422,
  "AU-5-INJ691-LA": 206353.9437202975,
  "AU-5-INJ703-LA": 4582008.900608005,
  "AU-5-INJ704-LA": 2949449.6048953612,
  "AU-5-INJ705-LA": 17425.139656379277,
  "AU-5-INJ709-LA": 10428269.593007913,
  "AU-5-INJ723-LA": 6541266.867119661,
  "AU-5-INJ725-LA": 3019114.5215650424,
  "AU-5-INJ736-LA": 408955.0933996587,
  "AU-5-INJ756-LA": 852588.8323885159,
  "AU-5-INJ826-LA": 1228354.5568045534,
  "AU-5-INJ860-LA": 18037128.699179813,
  "AU-5-INJ918-LA": 1651803.7559140588,
  "AU-5-INJ996-LA": 619426.4084677721,
  "AU-5-INK047-LA": 307928.56550477725,
  "AU-5-INK048-LA": 12990499.523327649,
  "AU-5-INK058-LA": 393661.8380749469,
  "AU-5-INK119-LA": 483768.753384851,
  "AU-5-INK124-LA": 3871800.02743318,
  "AU-5-INK128-LA": 81468.88827373862,
  "AU-5-INK131-LA": 588570.0490167241,
  "AU-5-INK134-LA": 9368985.13338286,
  "AU-5-INK135-LA": 4010842.4509790945,
  "AU-5-INK150-LA": 221334.64355180564,
  "AU-5-INK159-LA": 1556991.0745057405,
  "AU-5-INK182-LA": 3061795.2852642303,
  "AU-5-INK194-LA": 11982.940273966236,
  "AU-5-INK208-LA": 107537.09239822028,
  "AU-5-INK213-LA": 1758519.537474791,
  "AU-5-INK234-LA": 2068420.7549124993,
  "AU-5-INK235-LA": 111799.45293544205,
  "AU-5-INK246-LA": 36558.367937038674,
  "AU-5-INK284-LA": 36207317.58047006,
  "AU-5-INK347-LA": 191107.35428099992,
  "AU-5-INK350-LA": 1989.8207662258244,
  "AU-5-INK367-LA": 621626.0444797275,
  "AU-5-INK373-LA": 76962.33727197413,
  "AU-5-INK391-LA": 67548888.70819515,
  "AU-5-INK406-LA": 2209.1903545495143,
  "AU-5-INK415-LA": 1429167.8950349889,
  "AU-5-INK447-LA": 426003.4734332667,
  "AU-5-INK475-LA": 6241.125486576465,
  "AU-5-INK493-LA": 321146.5191859318,
  "AU-5-INK547-LA": 200480.182531387,
  "AU-5-INK562-LA": 54488036.859494746,
  "AU-5-INK573-LA": 6310441.103327264,
  "AU-5-INK612-LA": 245146.8523509368,
  "AU-5-INK624-LA": 62162.60444797276,
  "AU-5-INK631-LA": 152207.20907767623,
  "AU-5-INK642-LA": 13319550.967721231,
  "AU-5-INK680-LA": 359828.95443134947,
  "AU-5-INK692-LA": 1025932.6736287442,
  "AU-5-INK695-LA": 1002400.9126569348,
  "AU-5-INK711-LA": 396860.0171157554,
  "AU-5-INK727-LA": 850239.504955659,
  "AU-5-INK729-LA": 6214885.658472996,
  "AU-5-INK757-LA": 204616.08869700946,
  "AU-5-INK770-LA": 1339474.1829754715,
  "AU-5-INK781-LA": 151954.55423374378,
  "AU-5-INK875-LA": 869378.1629922611,
  "AU-5-INK900-LA": 74826.34562842581,
  "AU-5-INK903-LA": 29032.93681631554,
  "AU-5-INK942-LA": 10879.30059019176,
  "AU-5-INK959-LA": 68459.85211374454,
  "AU-5-INK977-LA": 1333284.9197760709,
  "AU-5-INL003-LA": 1020169.1377721736,
  "AU-5-INL021-LA": 42963382.845928706,
  "AU-5-INL062-LA": 13251212.52882551,
  "AU-5-INL075-LA": 193751.68356953142,
  "AU-5-INL144-LA": 419835.2855887995,
  "AU-5-INL149-LA": 1152137.025561531,
  "AU-5-INL155-LA": 11470.81108339558,
  "AU-5-INL174-LA": 1239946.5858869376,
  "AU-5-INL191-LA": 9626318.513013575,
  "AU-5-INL215-LA": 9567120.666976959,
  "AU-5-INL223-LA": 4861651.897907872,
  "AU-5-INL243-LA": 33103.99706427069,
  "AU-5-INL247-LA": 493108.9553405101,
  "AU-5-INL277-LA": 7065372.929577409,
  "AU-5-INL332-LA": 103419233.7678103,
  "AU-5-INL385-LA": 90311.0231531517,
  "AU-5-INL412-LA": 2384211.011243205,
  "AU-5-INL413-LA": 3281082.5572953024,
  "AU-5-INL414-LA": 722488.1852252136,
  "AU-5-INL421-LA": 1571411.8028648398,
  "AU-5-INL471-LA": 772646.0243742425,
  "AU-5-INL475-LA": 31833.732551254445,
  "AU-5-INL481-LA": 1547.0278266134887,
  "AU-5-INL495-LA": 13173054.832392797,
  "AU-5-INL499-LA": 5459276.965631769,
  "AU-5-INL500-LA": 104246.91713591454,
  "AU-5-INL534-LA": 2866506.1930698333,
  "AU-5-INL547-LA": 266982.86530673626,
  "AU-5-INL553-LA": 49966.37977994424,
  "AU-5-INL568-LA": 1393444.900639239,
  "AU-5-INL630-LA": 172516.63197830805,
  "AU-5-INL636-LA": 10949.308447088113,
  "AU-5-INL643-LA": 952450.7559210099,
  "AU-5-INL645-LA": 442484.276600256,
  "AU-5-INL646-LA": 306572.5085263834,
  "AU-5-INL653-LA": 72513.42982036009,
  "AU-5-INL659-LA": 278436.10926301894,
  "AU-5-INL746-LA": 51067.271152181165,
  "AU-5-INL793-LA": 16257764.197833655,
  "AU-5-INL831-LA": 363792.6696859888,
  "AU-5-INL832-LA": 79967.70167142124,
  "AU-5-INL846-LA": 12173514.102779271,
  "AU-5-INL850-LA": 21857.073823525774,
  "AU-5-INL860-LA": 9500719.63571156,
  "AU-5-INL868-LA": 128160.37295663758,
  "AU-5-INL872-LA": 1940014.4376439652,
  "AU-5-INL879-LA": 5632266.8273714,
  "AU-5-INL889-LA": 5639.020285682793,
  "AU-5-INL907-LA": 11930.08615853134,
  "AU-5-INL909-LA": 170415.0944695342,
  "AU-5-INL950-LA": 211055.957998684,
  "AU-5-INL966-LA": 2423.04475119906,
  "AU-5-INL971-LA": 7423.5661031890695,
  "AU-5-INL991-LA": 54499.090032000924,
  "AU-5-INM056-LA": 881044.5392445076,
  "AU-5-INM061-LA": 541683.7106521408,
  "AU-5-INM063-LA": 125115.0852559133,
  "AU-5-INM079-LA": 33657.112108716574,
  "AU-5-INM083-LA": 7539699.757192402,
  "AU-5-INM086-LA": 47027.65908654068,
  "AU-5-INM094-LA": 661215.7684567263,
  "AU-5-INM098-LA": 923986.5276435995,
  "AU-5-INM102-LA": 54069.209561791926,
  "AU-5-INM112-LA": 2022.9669186305982,
  "AU-5-INM136-LA": 2219353.6571385157,
  "AU-5-INM162-LA": 826903.9839744245,
  "AU-5-INM219-LA": 1444976.3704504273,
  "AU-5-INM221-LA": 1288042.9055171956,
  "AU-5-INM242-LA": 25046.859161295095,
  "AU-5-INM247-LA": 3776190.1639766684,
  "AU-5-INM256-LA": 13764247.045937495,
  "AU-5-INM260-LA": 143618.00767953103,
  "AU-5-INM262-LA": 69446.46747407907,
  "AU-5-INM280-LA": 200433.5754554103,
  "AU-5-INM290-LA": 8127.088973552122,
  "AU-5-INM308-LA": 3475799.444985118,
  "AU-5-INM332-LA": 78337.58770350686,
  "AU-5-INM339-LA": 541292.6639218878,
  "AU-5-INM341-LA": 341086.67224482336,
  "AU-5-INM343-LA": 549339.3760848335,