{
  "BE-BCE_KBO-0474198059-PROG2017-2021_OS1-Belgium": {
    "africalia-activities.xml": 1414461.0024424891
  },
  "BE-BCE_KBO-0474198059-PROG2017-2021_OS2_BurkinaFaso": {
    "africalia-activities.xml": 3072792.422849989
  },
  "BE-BCE_KBO-0474198059-PROG2017-2021_OS3_Kenya": {
    "africalia-activities.xml": 1621683.118786257
  },
  "BE-BCE_KBO-0474198059-PROG2017-2021_OS4_RDC": {
    "africalia-activities.xml": 2531233.6083121756
  },
  "BE-BCE_KBO-0474198059-PROG2017-2021_OS5_Rwanda": {
    "africalia-activities.xml": 881123.4290182911
  },
  "BE-BCE_KBO-0474198059-PROG2017-2021_OS6_Senegal": {
    "africalia-activities.xml": 333174.7116980381
  },
  "BE-BCE_KBO-0474198059-PROG2017-2021_OS7_Uganda": {
    "africalia-activities.xml": 1911281.3308478168
  },
  "BE-BCE_KBO-0474198059-PROG2017-2021_OS8_Zimbabwe": {
    "africalia-activities.xml": 3102887.9342076285
  }
}