{
  "XM-DAC-41108-1100000310": 6441300.57745036,
  "XM-DAC-41108-1100000496": 16799102.394535486,
  "XM-DAC-41108-1100001333": 29791976.658844773,
  "XM-DAC-41108-1100001611": 21229801.265502494,
  "XM-DAC-41108-1100001750": 31109964.91473245,
  "XM-DAC-41108-2000002377": 5116267.0
}