{
  "XI-IATI-EC_INTPA-1999/14358/0": 626755.0746748998,
  "XI-IATI-EC_INTPA-1999/181-356": 928232.6778982694,
  "XI-IATI-EC_INTPA-2000/15257/0": 2534733.90312198,
  "XI-IATI-EC_INTPA-2000/15355/0": 628996.4506285633,
  "XI-IATI-EC_INTPA-2002/15918/0": 107038.80770862655,
  "XI-IATI-EC_INTPA-2002/16081/0": 1376001.3364786494,
  "XI-IATI-EC_INTPA-2003/16196/0": 282941.4487527666,
  "XI-IATI-EC_INTPA-2003/16219/0": 87770.0308107795,
  "XI-IATI-EC_INTPA-2003/16326/0": -336328.3386579163,
  "XI-IATI-EC_INTPA-2003/188-913": 51303.86412183955,
  "XI-IATI-EC_INTPA-2003/188-914": 1129490.5350959506,
  "XI-IATI-EC_INTPA-2003/188-915": 271941.77695499716,
  "XI-IATI-EC_INTPA-2003/189-177": 116968.57208427593,
  "XI-IATI-EC_INTPA-2003/190-216": 8525998.60576782,
  "XI-IATI-EC_INTPA-2004/16620/0": 786938.6378530621,
  "XI-IATI-EC_INTPA-2004/16974/0": 3926978.925427373,
  "XI-IATI-EC_INTPA-2004/188-916": 227091.791608773,
  "XI-IATI-EC_INTPA-2004/189-144": 370091.97141065606,
  "XI-IATI-EC_INTPA-2005/188-917": 42737.93162119803,
  "XI-IATI-EC_INTPA-2005/189-801": 114226.43514371688,
  "XI-IATI-EC_INTPA-2005/192-222": 69279.68259149288,
  "XI-IATI-EC_INTPA-2005/192-223": 16283.273619518346,
  "XI-IATI-EC_INTPA-2005/192-224": 67017.17340984436,
  "XI-IATI-EC_INTPA-2005/192-225": 27786.399608224063,
  "XI-IATI-EC_INTPA-2006/188-919": 38121.88686906524,
  "XI-IATI-EC_INTPA-2006/192-226": 37898.87074872357,
  "XI-IATI-EC_INTPA-2006/192-227": 46280.44619193754,
  "XI-IATI-EC_INTPA-2006/192-228": 76329.76593616152,
  "XI-IATI-EC_INTPA-2006/192-229": 147523.24826519648,
  "XI-IATI-EC_INTPA-2006/192-230": 96122.10537760342,
  "XI-IATI-EC_INTPA-2006/193-211": 409554.8479888443,
  "XI-IATI-EC_INTPA-2006/193-212": 155242.74689441817,
  "XI-IATI-EC_INTPA-2006/193-213": 101292.3954573086,
  "XI-IATI-EC_INTPA-2006/193-214": 64747.92751222105,
  "XI-IATI-EC_INTPA-2007/19118/0": 7951195.592400572,
  "XI-IATI-EC_INTPA-2007/19180/0": 124218.56436477383,
  "XI-IATI-EC_INTPA-2007/192-232": 15546.359082747387,
  "XI-IATI-EC_INTPA-2007/192-235": 97758.86111623823,
  "XI-IATI-EC_INTPA-2007/193-215": 1636222.895301924,
  "XI-IATI-EC_INTPA-2007/193-216": 37694.0540353726,
  "XI-IATI-EC_INTPA-2007/195-167": 37646889.22365975,
  "XI-IATI-EC_INTPA-2008/164-991": 7601086.677784039,
  "XI-IATI-EC_INTPA-2008/184-870": 25938.55804408216,
  "XI-IATI-EC_INTPA-2008/184-871": 10067.207454080708,
  "XI-IATI-EC_INTPA-2008/195-168": 32293.30662617715,
  "XI-IATI-EC_INTPA-2008/197-642": 431552.9825880228,
  "XI-IATI-EC_INTPA-2008/20105/0": 14399811.08047128,
  "XI-IATI-EC_INTPA-2008/20164/1": 33830120.94840502,
  "XI-IATI-EC_INTPA-2008/21040/1": 1199755.714585515,
  "XI-IATI-EC_INTPA-2009/21122/0": 14801696.231065331,
  "XI-IATI-EC_INTPA-2009/220-036": 13605699.781938093,
  "XI-IATI-EC_INTPA-2010/21434/1": 20384628.84536424,
  "XI-IATI-EC_INTPA-2010/21900/0": 21584039.87146225,
  "XI-IATI-EC_INTPA-2010/254-927": 14496598.887774022,
  "XI-IATI-EC_INTPA-2011/262-699": 21177989.708493907,
  "XI-IATI-EC_INTPA-2011/264-677": 18071067.325420998,
  "XI-IATI-EC_INTPA-2011/281-017": 102549.88054167584,
  "XI-IATI-EC_INTPA-2012/23150/0": 40235810.71946905,
  "XI-IATI-EC_INTPA-2012/282-938": 613877.1051386273,
  "XI-IATI-EC_INTPA-2012/290-490": 601732.1641987745,
  "XI-IATI-EC_INTPA-2012/299-582": 131996.5613411142,
  "XI-IATI-EC_INTPA-2013/21982/0": 3603421.056143366,
  "XI-IATI-EC_INTPA-2013/24974/0": 350778.26612720545,
  "XI-IATI-EC_INTPA-2013/318-433": 41328782.30099733,
  "XI-IATI-EC_INTPA-2013/323-139": 2827811.5973704206,
  "XI-IATI-EC_INTPA-2014/344-719": 1102.5713250505516,
  "XI-IATI-EC_INTPA-2014/355-255": -10947.62031413874,
  "XI-IATI-EC_INTPA-2015/366-364": 73046.11394851761,
  "XI-IATI-EC_INTPA-2015/366-415": 67368.54497686676,
  "XI-IATI-EC_INTPA-2015/38236/0": 1155634.6784450803,
  "XI-IATI-EC_INTPA-2015/38237/0": 788179.2037582903,
  "XI-IATI-EC_INTPA-2016/382-815": 451400.5469564451,
  "XI-IATI-EC_INTPA-2016/382-888": 219224.5495411237,
  "XI-IATI-EC_INTPA-2016/382-981": 198419.80770742783,
  "XI-IATI-EC_INTPA-2017/393-367": 541066.4713405434,
  "XI-IATI-EC_INTPA-2017/393-394": 497311.95533427433,
  "XI-IATI-EC_INTPA-2017/394-795": 16043.582845419867,
  "XI-IATI-EC_INTPA-2018/398-949": 113841.08032093688,
  "XI-IATI-EC_INTPA-2018/400-172": 79686.66976201921,
  "XI-IATI-EC_INTPA-2018/41552/0": 5312444.6508012805,
  "XI-IATI-EC_INTPA-2019/411-639": 52399.82905764351,
  "XI-IATI-EC_INTPA-2019/413-335": 2452757.023386114,
  "XI-IATI-EC_INTPA-2019/413-562": 1328111.1627003201,
  "XI-IATI-EC_INTPA-2019/413-821": 48377.77721252186,
  "XI-IATI-EC_INTPA-2019/41600/0": 10624889.301602561,
  "XI-IATI-EC_INTPA-2020/417-378": 221130.50858960333,
  "XI-IATI-EC_INTPA-2020/417-724": 205899.72977575604,
  "XI-IATI-EC_INTPA-2020/421-493": 1933445.6371028482
}