{
  "XM-DAC-6-4-007494-01-2": 1386978.7432760643,
  "XM-DAC-6-4-008918-01-1": 905773.185794047,
  "XM-DAC-6-4-010120-01-4": 533900.6874055287,
  "XM-DAC-6-4-010708-01-4": 455409.31768993975,
  "XM-DAC-6-4-010719-01-5": 389443.36434977764,
  "XM-DAC-6-4-010719-02-6": 1367.5560642325197,
  "XM-DAC-6-4-011031-01-6": 1643961.49692478,
  "XM-DAC-6-4-011235-01-1": 2383324.5006946293
}