{
  "GB-CHC-1020488-CIC-SL-001": {
    "cic-sl.xml": 1697790.6992522639
  },
  "GB-CHC-1020488-CIC-SL-002": {
    "cic-sl.xml": 1111982.907141152
  }
}