{
  "GB-CHC-285776-MOZ374": 543705.3600259887,
  "GB-CHC-285776-MOZ382": 255489.10931069218,
  "GB-CHC-285776-MOZ400": 153223.947089564,
  "GB-CHC-285776-MOZ403": 47227.05489193742,
  "GB-CHC-285776-MOZ404": 31070.306413405135
}