{
  "US-GOV-1-720201951122": 415864.33,
  "US-GOV-1-720201951128": 3739801.3000000003,
  "US-GOV-1-720201951129": 343215.8,
  "US-GOV-1-720201951132": 3026779.54,
  "US-GOV-1-720201951135": 3018452.83,
  "US-GOV-1-720201951136": 535126.18,
  "US-GOV-1-720201951137": 12538289.030000001,
  "US-GOV-1-720201951138": 144146.4,
  "US-GOV-1-720201951143": 12745.039999999999,
  "US-GOV-1-720201951155": 660614.3,
  "US-GOV-1-720201951156": 17985.93,
  "US-GOV-1-720201951157": 739795.39,
  "US-GOV-1-720201951158": 145886.28999999998,
  "US-GOV-1-720201951159": 1112405.17,
  "US-GOV-1-720201951160": 2349908.33,
  "US-GOV-1-720201951161": 1686838.41,
  "US-GOV-1-720201951163": 2072363.7299999997,
  "US-GOV-1-720201951167": 114009.05,
  "US-GOV-1-720201951175": 394493.76,
  "US-GOV-1-720201951179": 519703.97000000003,
  "US-GOV-1-720201951181": 1781960.56,
  "US-GOV-1-720201951182": 21233911.630000003,
  "US-GOV-1-720201951214": 66531.2,
  "US-GOV-1-720201951215": 2048.39,
  "US-GOV-1-720201951216": 235925.78,
  "US-GOV-1-720201951223": 38347.94,
  "US-GOV-1-720201951226": 30602.0,
  "US-GOV-1-720201951233": 39945.5,
  "US-GOV-1-720201951234": 578419.9,
  "US-GOV-1-720201951236": 149828.0,
  "US-GOV-1-720201951238": 26873.03,
  "US-GOV-1-720201951259": 6045.84,
  "US-GOV-1-720201951279": 24315.0,
  "US-GOV-1-720201951280": 259332.14,
  "US-GOV-1-720201951287": 45301.68,
  "US-GOV-1-720201951288": 1277872.73,
  "US-GOV-1-720201951299": 6748.86,
  "US-GOV-1-720201951300": 50038.979999999996,
  "US-GOV-1-720201951301": 97758.37,
  "US-GOV-1-720201951302": 409278.05,
  "US-GOV-1-720201951305": -115.51999999999998,
  "US-GOV-1-720201951329": 11362.0,
  "US-GOV-1-720201951353": 25582.52,
  "US-GOV-1-720201951354": 661719.0,
  "US-GOV-1-720201951378": 120024712.38,
  "US-GOV-1-720201951379": 16488593.59,
  "US-GOV-1-720201951380": 27722977.81,
  "US-GOV-1-720201951382": 1831861204.77,
  "US-GOV-1-720201951384": 325851.31,
  "US-GOV-1-720201951387": 2544696.17,
  "US-GOV-1-720201951395": 373174.68,
  "US-GOV-1-720201951406": 8946374.9,
  "US-GOV-1-720201951407": 1457114.86,
  "US-GOV-1-720201951408": 39643075.839999996,
  "US-GOV-1-720201951409": 1717152.18,
  "US-GOV-1-720201951412": 11026520.34,
  "US-GOV-1-720201951415": 7752352.22,
  "US-GOV-1-720201951418": 2865596.0100000002,
  "US-GOV-1-720201951424": 873379.0,
  "US-GOV-1-720201951427": 5114412.41,
  "US-GOV-1-720201951430": 5563.360000000001,
  "US-GOV-1-720201951436": 449650.0,
  "US-GOV-1-720201951448": 2148285.77,
  "US-GOV-1-720201951449": 33048.98,
  "US-GOV-1-720201951450": 9772402.89,
  "US-GOV-1-720201951451": 4386.43,
  "US-GOV-1-720201951452": 132116.72999999998,
  "US-GOV-1-720201951453": 962623.64,
  "US-GOV-1-720201951470": 122081.02,
  "US-GOV-1-720201951471": 62800.79,
  "US-GOV-1-720201951472": 847635.11,
  "US-GOV-1-720201951473": 508729.64,
  "US-GOV-1-720201951474": 4706993.33,
  "US-GOV-1-720201951490": 497766.11,
  "US-GOV-1-720201951491": 13218098.07,
  "US-GOV-1-720201951500": 1578199.78,
  "US-GOV-1-720201951501": 4460615.97,
  "US-GOV-1-720201951502": 7415352.97,
  "US-GOV-1-720201951504": 55551193.78,
  "US-GOV-1-720201951506": 326049.3,
  "US-GOV-1-720201951509": 2372805.92,
  "US-GOV-1-720201951529": 33529784.21,
  "US-GOV-1-720201951530": 2590317.3200000003,
  "US-GOV-1-720201951531": -1215.5200000000004,
  "US-GOV-1-720201951533": 144330466.54,
  "US-GOV-1-720201951535": 235330.0,
  "US-GOV-1-720201951537": 30764.74,
  "US-GOV-1-720201951538": 694339.84,
  "US-GOV-1-720201951543": 2256625.3600000003,
  "US-GOV-1-720201951552": 115555.98,
  "US-GOV-1-720201951566": 54075.06,
  "US-GOV-1-720201951571": 7625072.83,
  "US-GOV-1-720201951574": 28087836.02,
  "US-GOV-1-720201951576": 2359108.17,
  "US-GOV-1-720201951579": 7854803.65,
  "US-GOV-1-720201951581": 13060.09,
  "US-GOV-1-720201951587": 59589.100000000006,
  "US-GOV-1-720201951592": 40806.39,
  "US-GOV-1-720201951599": 45840.81,
  "US-GOV-1-720201951605": 43717.299999999996,
  "US-GOV-1-720201951617": 174359.87,
  "US-GOV-1-720201951619": 82091.87999999999,
  "US-GOV-1-720201951620": 384248.89,
  "US-GOV-1-720201951621": 270133.99,
  "US-GOV-1-720201951639": 20499.440000000002,
  "US-GOV-1-720201951640": 25899.65,
  "US-GOV-1-720201951641": 247226.34,
  "US-GOV-1-720201951642": 35406.31,
  "US-GOV-1-720201951643": 208942.91,
  "US-GOV-1-720201951661": -34471.64,
  "US-GOV-1-720201951662": 414833.17000000004,
  "US-GOV-1-720201951685": 141668.25,
  "US-GOV-1-720201951689": 7128216.46,
  "US-GOV-1-720201951692": 24538223.96,
  "US-GOV-1-720201951699": 1540.02,
  "US-GOV-1-720201951702": 22754.93,
  "US-GOV-1-720201951706": 300418.41,
  "US-GOV-1-720201951709": 3864230.79,
  "US-GOV-1-720201951735": -13081.1,
  "US-GOV-1-720201951737": 9571.73,
  "US-GOV-1-720201951739": 445.76,
  "US-GOV-1-720201951740": -8404.32,
  "US-GOV-1-720201951741": 46658.21,
  "US-GOV-1-720201951763": -216.60000000000036,
  "US-GOV-1-720201951770": 10231.5,
  "US-GOV-1-720201951771": 279617.39,
  "US-GOV-1-720201953296": 2700.0,
  "US-GOV-1-720201953340": -798.29,
  "US-GOV-1-720201953343": 8979656.7,
  "US-GOV-1-720201953352": 591337.0,
  "US-GOV-1-720201953384": 6217.21,
  "US-GOV-1-720201953400": 107419.84,
  "US-GOV-1-720201953452": 37413.27,
  "US-GOV-1-720201953498": 26622.46,
  "US-GOV-1-720201953500": 308190.02,
  "US-GOV-1-720201953551": 13396.19,
  "US-GOV-1-720201954884": 36395.590000000004,
  "US-GOV-1-720201954885": -1672.9799999999998,
  "US-GOV-1-720201954960": 160314.27000000002,
  "US-GOV-1-720201955003": 2388618.0,
  "US-GOV-1-720201955030": -2921.8199999999997,
  "US-GOV-1-720201955086": 84775.90000000001,
  "US-GOV-1-720201956551": 1797108.28,
  "US-GOV-1-720201956555": 1628717.61,
  "US-GOV-1-720201956567": 4234315.05,
  "US-GOV-1-720201956573": 1236053.2,
  "US-GOV-1-720201956577": 3178.79,
  "US-GOV-1-720201956588": 7465.4,
  "US-GOV-1-720201956625": 502864.94,
  "US-GOV-1-720201956642": 141182.03,
  "US-GOV-1-720201956657": 34191.61,
  "US-GOV-1-720201958453": 15607.390000000001,
  "US-GOV-1-720201958463": 10321227.41,
  "US-GOV-1-720201958474": 359671.15,
  "US-GOV-1-720201958488": 87848.3,
  "US-GOV-1-720201958491": 6074066.54,
  "US-GOV-1-720201958541": 372167.04000000004,
  "US-GOV-1-720201958547": 1837304.33,
  "US-GOV-1-720201958566": 1379148.95,
  "US-GOV-1-720201958580": 153360.92,
  "US-GOV-1-720201960847": 7087085.52,
  "US-GOV-1-720201960848": 2177999.21,
  "US-GOV-1-720201960855": 4091148.78,
  "US-GOV-1-720201960875": 3014219.85,
  "US-GOV-1-720201960893": 4000.0,
  "US-GOV-1-720201962306": 906983.37,
  "US-GOV-1-720201962326": 129694.0,
  "US-GOV-1-720202050268": 1256251.3,
  "US-GOV-1-720202050270": 80727.23,
  "US-GOV-1-720202050271": 23683799.78,
  "US-GOV-1-720202050272": 4674726.78,
  "US-GOV-1-720202050273": 511509.07,
  "US-GOV-1-720202050276": 283179.0,
  "US-GOV-1-720202050278": 3127171.08,
  "US-GOV-1-720202050286": 329334.72,
  "US-GOV-1-720202050312": 4976307.9799999995,
  "US-GOV-1-720202050315": 7371775.48,
  "US-GOV-1-720202050316": 1477916.79,
  "US-GOV-1-720202050317": 16381516.38,
  "US-GOV-1-720202050319": 61207403.769999996,
  "US-GOV-1-720202050324": -987.5,
  "US-GOV-1-720202050325": 19584.38,
  "US-GOV-1-720202050328": 18943.460000000003,
  "US-GOV-1-720202050333": 14612.92,
  "US-GOV-1-720202050347": 166250.18,
  "US-GOV-1-720202050348": 7834.32,
  "US-GOV-1-720202050350": 8275.94,
  "US-GOV-1-720202050363": -14674.87,
  "US-GOV-1-720202050364": -199019.91999999998,
  "US-GOV-1-720202050375": -2579.38,
  "US-GOV-1-720202050376": 103386.39,
  "US-GOV-1-720202050390": 558.15,
  "US-GOV-1-720202050404": 26998.850000000002,
  "US-GOV-1-720202050421": 3241155.87,
  "US-GOV-1-720202050422": 3257275.05,
  "US-GOV-1-720202050427": 84851.98999999999,
  "US-GOV-1-720202050430": 389617.55,
  "US-GOV-1-720202050432": 116450.0,
  "US-GOV-1-720202050444": 1379.92,
  "US-GOV-1-720202050445": 11734.0,
  "US-GOV-1-720202050446": 398315.92000000004,
  "US-GOV-1-720202050452": 1103100.26,