{
  "FR---107": 20062380.198162924,
  "FR-6-Aide Humanitaire-0": 531323.7647058822,
  "FR-6-Aide Humanitaire-1": 441729.29488235275,
  "FR-6-Aide Humanitaire-10": 757136.3647058822,
  "FR-6-Aide Humanitaire-100": 1155.6291882352937,
  "FR-6-Aide Humanitaire-101": 332077.3529411764,
  "FR-6-Aide Humanitaire-102": 400036.31906588224,
  "FR-6-Aide Humanitaire-103": 268297.24822588224,
  "FR-6-Aide Humanitaire-104": 1386.7550258823526,
  "FR-6-Aide Humanitaire-105": 366613.39764705865,
  "FR-6-Aide Humanitaire-11": 398492.82352941163,
  "FR-6-Aide Humanitaire-12": 90386.14223294114,
  "FR-6-Aide Humanitaire-13": 584456.1411764703,
  "FR-6-Aide Humanitaire-14": 119547.84705882349,
  "FR-6-Aide Humanitaire-15": 531323.7647058822,
  "FR-6-Aide Humanitaire-16": 478191.38823529397,
  "FR-6-Aide Humanitaire-17": 451625.19999999984,
  "FR-6-Aide Humanitaire-18": 531323.7647058822,
  "FR-6-Aide Humanitaire-19": 13283.094117647055,
  "FR-6-Aide Humanitaire-2": 398492.82352941163,
  "FR-6-Aide Humanitaire-20": 398492.82352941163,
  "FR-6-Aide Humanitaire-21": 650871.6117647056,
  "FR-6-Aide Humanitaire-22": 531323.7647058822,
  "FR-6-Aide Humanitaire-23": 1328309.4117647053,
  "FR-6-Aide Humanitaire-24": 796985.6470588233,
  "FR-6-Aide Humanitaire-25": 531323.7647058822,
  "FR-6-Aide Humanitaire-26": 9268.943075294113,
  "FR-6-Aide Humanitaire-27": 929816.5882352937,
  "FR-6-Aide Humanitaire-28": 664154.7058823528,
  "FR-6-Aide Humanitaire-29": 7167.55758588235,
  "FR-6-Aide Humanitaire-3": 132830.94117647054,
  "FR-6-Aide Humanitaire-30": 796985.6470588233,
  "FR-6-Aide Humanitaire-31": 929816.5882352937,
  "FR-6-Aide Humanitaire-32": 265661.8823529411,
  "FR-6-Aide Humanitaire-33": 796985.6470588233,
  "FR-6-Aide Humanitaire-34": 531323.7647058822,
  "FR-6-Aide Humanitaire-35": 7728.104157647056,
  "FR-6-Aide Humanitaire-36": 309485.4664658822,
  "FR-6-Aide Humanitaire-37": 416292.1696470587,
  "FR-6-Aide Humanitaire-38": 2932.9071811764697,
  "FR-6-Aide Humanitaire-39": 1803.8441811764699,
  "FR-6-Aide Humanitaire-4": 407126.8347058822,
  "FR-6-Aide Humanitaire-40": 92981.65882352939,
  "FR-6-Aide Humanitaire-41": 483393.04789176455,
  "FR-6-Aide Humanitaire-42": 265661.8823529411,
  "FR-6-Aide Humanitaire-43": 265661.8823529411,
  "FR-6-Aide Humanitaire-44": 70070.97808941174,
  "FR-6-Aide Humanitaire-45": 531323.7647058822,
  "FR-6-Aide Humanitaire-46": 1062647.5294117643,
  "FR-6-Aide Humanitaire-47": 1593971.2941176465,
  "FR-6-Aide Humanitaire-48": 369270.0164705881,
  "FR-6-Aide Humanitaire-49": 227672.2331764705,
  "FR-6-Aide Humanitaire-5": 664154.7058823528,
  "FR-6-Aide Humanitaire-50": 1328309.4117647053,
  "FR-6-Aide Humanitaire-51": 796985.6470588233,
  "FR-6-Aide Humanitaire-52": 265661.8823529411,
  "FR-6-Aide Humanitaire-53": 266950.3424823528,
  "FR-6-Aide Humanitaire-54": 147176.68282352938,
  "FR-6-Aide Humanitaire-55": 345360.4470588234,
  "FR-6-Aide Humanitaire-56": 796985.6470588233,
  "FR-6-Aide Humanitaire-57": 66415.47058823527,
  "FR-6-Aide Humanitaire-58": 1439308.2594494112,
  "FR-6-Aide Humanitaire-59": 398492.82352941163,
  "FR-6-Aide Humanitaire-6": 1328309.4117647053,
  "FR-6-Aide Humanitaire-60": 172680.22352941168,
  "FR-6-Aide Humanitaire-61": 379062.3134541175,
  "FR-6-Aide Humanitaire-62": 265661.8823529411,
  "FR-6-Aide Humanitaire-63": 571173.0470588233,
  "FR-6-Aide Humanitaire-64": 225812.59999999992,
  "FR-6-Aide Humanitaire-65": 504757.57647058804,
  "FR-6-Aide Humanitaire-66": 15434.955364705876,
  "FR-6-Aide Humanitaire-67": 4367.481345882351,
  "FR-6-Aide Humanitaire-68": 10036.705915294113,
  "FR-6-Aide Humanitaire-69": 79698.56470588232,
  "FR-6-Aide Humanitaire-7": 265661.8823529411,
  "FR-6-Aide Humanitaire-70": 199246.41176470582,
  "FR-6-Aide Humanitaire-71": 2489.251837647058,
  "FR-6-Aide Humanitaire-72": 3573.1523176470573,
  "FR-6-Aide Humanitaire-73": 220597.65724941168,
  "FR-6-Aide Humanitaire-74": 45537.953372141164,
  "FR-6-Aide Humanitaire-75": 132830.94117647054,
  "FR-6-Aide Humanitaire-76": 767762.8399999997,
  "FR-6-Aide Humanitaire-77": 7999.079277647056,
  "FR-6-Aide Humanitaire-78": 159091.61824705877,
  "FR-6-Aide Humanitaire-79": 4184.174647058822,
  "FR-6-Aide Humanitaire-8": 531323.7647058822,
  "FR-6-Aide Humanitaire-80": 935751.4746870585,
  "FR-6-Aide Humanitaire-81": 3589.0920305882337,
  "FR-6-Aide Humanitaire-82": 92801.00874352938,
  "FR-6-Aide Humanitaire-83": 398492.82352941163,
  "FR-6-Aide Humanitaire-84": 132830.94117647054,
  "FR-6-Aide Humanitaire-85": 584456.1411764703,
  "FR-6-Aide Humanitaire-86": 531323.7647058822,
  "FR-6-Aide Humanitaire-87": 1267.207178823529,
  "FR-6-Aide Humanitaire-88": 35598.692235294104,
  "FR-6-Aide Humanitaire-89": 73362.52881176469,
  "FR-6-Aide Humanitaire-9": 664154.7058823528,
  "FR-6-Aide Humanitaire-90": 374.5832541176469,
  "FR-6-Aide Humanitaire-91": 2523.78788235294,
  "FR-6-Aide Humanitaire-92": 27618.209289411756,
  "FR-6-Aide Humanitaire-93": 79698.56470588232,
  "FR-6-Aide Humanitaire-94": 637588.5176470586,
  "FR-6-Aide Humanitaire-95": 147899.28314352938,
  "FR-6-Aide Humanitaire-96": 132830.94117647054,
  "FR-6-Aide Humanitaire-97": 398492.82352941163,
  "FR-6-Aide Humanitaire-98": 332077.3529411764,
  "FR-6-Aide Humanitaire-99": 398492.82352941163
}