{
  "XI-IATI-EC_INTPA-2002/2368/0": 18468531.271542598,
  "XI-IATI-EC_INTPA-2002/4261/0": 995835.8641488242,
  "XI-IATI-EC_INTPA-2003/062-430": 18603.864341160737,
  "XI-IATI-EC_INTPA-2003/064-416": 4973069.527429653,
  "XI-IATI-EC_INTPA-2003/069-435": 754102.0944403119,
  "XI-IATI-EC_INTPA-2004/073-167": 22454.625210546397,
  "XI-IATI-EC_INTPA-2004/087-249": 11811040.127645427,
  "XI-IATI-EC_INTPA-2004/087-298": 17904.20424078386,
  "XI-IATI-EC_INTPA-2004/087-340": 43174.946369762394,
  "XI-IATI-EC_INTPA-2004/087-416": 54135.53151846395,
  "XI-IATI-EC_INTPA-2004/087-470": 19916.59847520439,
  "XI-IATI-EC_INTPA-2004/16770/13": 495373.70422448206,
  "XI-IATI-EC_INTPA-2004/16770/16": 591054.4695477037,
  "XI-IATI-EC_INTPA-2004/16770/21": 472782.49909562356,
  "XI-IATI-EC_INTPA-2004/16770/25": 3630447.5633772295,
  "XI-IATI-EC_INTPA-2004/16770/8": 907834.4341454082,
  "XI-IATI-EC_INTPA-2004/17025/1": 400274.5214945811,
  "XI-IATI-EC_INTPA-2005/099-655": 24474.502907804475,
  "XI-IATI-EC_INTPA-2005/099-656": 60668.79714836347,
  "XI-IATI-EC_INTPA-2005/099-658": 61632.50217221778,
  "XI-IATI-EC_INTPA-2005/100-810": 110067.41428529525,
  "XI-IATI-EC_INTPA-2005/101-616": 116172.91724026996,
  "XI-IATI-EC_INTPA-2005/104-156": 58220.24140534897,
  "XI-IATI-EC_INTPA-2005/104-157": 50344.41184117984,
  "XI-IATI-EC_INTPA-2005/104-158": 12466.728284408026,
  "XI-IATI-EC_INTPA-2005/104-159": 22513.061332692556,
  "XI-IATI-EC_INTPA-2005/104-162": 89170.53694139085,
  "XI-IATI-EC_INTPA-2005/107-300": 330830.86709794856,
  "XI-IATI-EC_INTPA-2005/107-355": 23030.10465513054,
  "XI-IATI-EC_INTPA-2005/107-370": 171584.5237323183,
  "XI-IATI-EC_INTPA-2005/108-844": 9839336.98131802,
  "XI-IATI-EC_INTPA-2005/113-813": 169266.06762884132,
  "XI-IATI-EC_INTPA-2005/114-297": 714580.863391661,
  "XI-IATI-EC_INTPA-2005/115-220": 2025935.6240193485,
  "XI-IATI-EC_INTPA-2005/17258/0": 503992.75542819937,
  "XI-IATI-EC_INTPA-2005/17334/0": 10458520.038718339,
  "XI-IATI-EC_INTPA-2005/17614/0": 1813136.5981467862,
  "XI-IATI-EC_INTPA-2005/17614/1": 930260.7534489146,
  "XI-IATI-EC_INTPA-2005/17614/2": 1194810.3900014926,
  "XI-IATI-EC_INTPA-2005/17614/3": 2983064.343716923,
  "XI-IATI-EC_INTPA-2005/17614/4": 537225.6734499052,
  "XI-IATI-EC_INTPA-2005/17614/5": 590261.4923763601,
  "XI-IATI-EC_INTPA-2005/17614/6": 7983417.61710005,
  "XI-IATI-EC_INTPA-2006/117-039": 46050.503018374424,
  "XI-IATI-EC_INTPA-2006/117-056": 67504.51690676088,
  "XI-IATI-EC_INTPA-2006/117-057": 61010.77765076939,
  "XI-IATI-EC_INTPA-2006/117-058": 58674.923317646826,
  "XI-IATI-EC_INTPA-2006/117-818": 393823.0099571359,
  "XI-IATI-EC_INTPA-2006/118-623": 37634.31316700493,
  "XI-IATI-EC_INTPA-2006/124-208": 28418.96109362094,
  "XI-IATI-EC_INTPA-2006/124-957": 14940.816943002588,
  "XI-IATI-EC_INTPA-2006/124-986": 15270.793051053246,
  "XI-IATI-EC_INTPA-2006/124-993": 12837.04521614797,
  "XI-IATI-EC_INTPA-2006/127-105": 74156.07472691654,
  "XI-IATI-EC_INTPA-2006/128-997": 93932.9628378104,
  "XI-IATI-EC_INTPA-2006/129-002": 136025.3704141454,
  "XI-IATI-EC_INTPA-2006/130-031": 10202542.806640066,
  "XI-IATI-EC_INTPA-2006/18233/0": 9819726.617329258,
  "XI-IATI-EC_INTPA-2007/124-889": 231030.81632869536,
  "XI-IATI-EC_INTPA-2007/124-937": 197269.64966427934,
  "XI-IATI-EC_INTPA-2007/124-971": 259197.0205187126,
  "XI-IATI-EC_INTPA-2007/124-994": 254928.88825308078,
  "XI-IATI-EC_INTPA-2007/125-004": 195128.78489007006,
  "XI-IATI-EC_INTPA-2007/125-007": 202446.25251882442,
  "XI-IATI-EC_INTPA-2007/133-318": 741034.2020503599,
  "XI-IATI-EC_INTPA-2007/133-319": 204276.41257097168,
  "XI-IATI-EC_INTPA-2007/133-326": 646405.5369434436,
  "XI-IATI-EC_INTPA-2007/138-177": 37035.137555582725,
  "XI-IATI-EC_INTPA-2007/138-224": 49319.89405598417,
  "XI-IATI-EC_INTPA-2007/138-225": 59881.78433937867,
  "XI-IATI-EC_INTPA-2007/140-586": 46877.17992399422,
  "XI-IATI-EC_INTPA-2007/140-588": 115703.80683987626,
  "XI-IATI-EC_INTPA-2007/140-620": 94135.90017735313,
  "XI-IATI-EC_INTPA-2007/140-622": 48102.821028711536,
  "XI-IATI-EC_INTPA-2007/141-950": 106920.5649924601,
  "XI-IATI-EC_INTPA-2007/142-167": 98915.4762075513,
  "XI-IATI-EC_INTPA-2007/142-344": 86509.28045409755,
  "XI-IATI-EC_INTPA-2007/146-988": 281315.56524995045,
  "XI-IATI-EC_INTPA-2007/147-814": 11594783.48600968,
  "XI-IATI-EC_INTPA-2007/19169/0": 11504078.3286847,
  "XI-IATI-EC_INTPA-2007/19222/1": 3988965.2496314845,
  "XI-IATI-EC_INTPA-2007/19225/0": 1958420.5124161858,
  "XI-IATI-EC_INTPA-2008/150-111": 399676.14953685645,
  "XI-IATI-EC_INTPA-2008/150-342": 365072.9365787951,
  "XI-IATI-EC_INTPA-2008/150-403": 379697.3887107506,
  "XI-IATI-EC_INTPA-2008/151-862": 780075.380234035,
  "XI-IATI-EC_INTPA-2008/163-953": 309218.9496075119,
  "XI-IATI-EC_INTPA-2008/164-020": 334540.603598381,
  "XI-IATI-EC_INTPA-2008/164-022": 136719.42350286178,
  "XI-IATI-EC_INTPA-2008/164-189": 90078.7251047445,
  "XI-IATI-EC_INTPA-2008/164-225": 97863.24500022022,
  "XI-IATI-EC_INTPA-2008/164-227": 65764.45284118637,
  "XI-IATI-EC_INTPA-2008/164-229": 149301.1041281693,
  "XI-IATI-EC_INTPA-2008/164-230": 76105.5609863696,
  "XI-IATI-EC_INTPA-2008/164-302": 190041.71385287054,
  "XI-IATI-EC_INTPA-2008/19237/0": 13147593.759873388,
  "XI-IATI-EC_INTPA-2008/19238/0": 2803065.3276777747,
  "XI-IATI-EC_INTPA-2008/19241/1": 7536642.068241043,
  "XI-IATI-EC_INTPA-2009/20590/0": 4176231.625044012,
  "XI-IATI-EC_INTPA-2009/20592/0": 11066364.020203609,
  "XI-IATI-EC_INTPA-2009/21363/0": 12530738.280404743,
  "XI-IATI-EC_INTPA-2009/215-876": 254245.03885776136,
  "XI-IATI-EC_INTPA-2009/215-877": 266080.3306714524,
  "XI-IATI-EC_INTPA-2009/215-893": 194285.4324232226,
  "XI-IATI-EC_INTPA-2009/215-895": 281564.21923250647,
  "XI-IATI-EC_INTPA-2009/216-343": 11138434.027026437,
  "XI-IATI-EC_INTPA-2009/216-405": 129040.66998058255,
  "XI-IATI-EC_INTPA-2009/216-502": 239961.99923152922,
  "XI-IATI-EC_INTPA-2009/216-560": 153103.9600457067,
  "XI-IATI-EC_INTPA-2009/216-561": 376416.44408193266,
  "XI-IATI-EC_INTPA-2009/217-266": 3378154.2602762287,
  "XI-IATI-EC_INTPA-2009/218-481": 288040.9898458124,
  "XI-IATI-EC_INTPA-2009/222-990": 566721.634909942,
  "XI-IATI-EC_INTPA-2009/223-412": 2878903.7686198507,
  "XI-IATI-EC_INTPA-2010/21863/0": 2228662.486557614,
  "XI-IATI-EC_INTPA-2010/22484/0": 17077763.24678439,
  "XI-IATI-EC_INTPA-2010/252-784": 12260350.822899166,
  "XI-IATI-EC_INTPA-2010/255-918": 183575.697839693,
  "XI-IATI-EC_INTPA-2010/255-921": 302644.44384546205,
  "XI-IATI-EC_INTPA-2010/257-432": 298886.6080687297,
  "XI-IATI-EC_INTPA-2010/257-667": 279062.22778654343,
  "XI-IATI-EC_INTPA-2010/257-908": 209069.36287612337,
  "XI-IATI-EC_INTPA-2010/257-912": 161356.68527848422,
  "XI-IATI-EC_INTPA-2010/258-670": 544642.7173028019,
  "XI-IATI-EC_INTPA-2011/22884/0": 17827004.0728517,
  "XI-IATI-EC_INTPA-2011/22885/0": 4729801.378475851,
  "XI-IATI-EC_INTPA-2011/23460/0": 753539.0752151147,
  "XI-IATI-EC_INTPA-2011/248-351": 102120.22747979991,
  "XI-IATI-EC_INTPA-2011/248-356": 161314.20200208292,
  "XI-IATI-EC_INTPA-2011/259-821": 62936.76818037731,
  "XI-IATI-EC_INTPA-2011/259-906": 262467.00980396447,
  "XI-IATI-EC_INTPA-2011/260-296": 262657.45209113124,
  "XI-IATI-EC_INTPA-2011/264-225": 4057411.3309557354,
  "XI-IATI-EC_INTPA-2011/265-290": 134839.6161504572,
  "XI-IATI-EC_INTPA-2011/265-307": 180989.28300824435,
  "XI-IATI-EC_INTPA-2011/266-204": 540531.3907703918,
  "XI-IATI-EC_INTPA-2011/266-206": 1718733.1507604867,
  "XI-IATI-EC_INTPA-2011/268-276": 1097024.2065727485,
  "XI-IATI-EC_INTPA-2011/268-279": 1244991.4382293057,
  "XI-IATI-EC_INTPA-2011/268-403": 496622.20914821385,
  "XI-IATI-EC_INTPA-2011/268-406": 662314.4579113405,
  "XI-IATI-EC_INTPA-2011/268-412": 198954.99825804486,
  "XI-IATI-EC_INTPA-2011/268-475": 313753.9792318735,
  "XI-IATI-EC_INTPA-2011/269-669": 382202.46152956196,
  "XI-IATI-EC_INTPA-2011/269-673": 356564.1248468483,
  "XI-IATI-EC_INTPA-2011/278-433": 273100.39010003593,
  "XI-IATI-EC_INTPA-2011/278-815": 16487659.052102732,