{
  "GB-1-103758-103": 48352.31431787349,
  "GB-1-103765-101": 23511874.514959615,
  "GB-1-103765-102": 31875.734418004813,
  "GB-1-103778-101": 1182122.0671106214,
  "GB-1-103838-101": -49848.98873327101,
  "GB-1-103838-118": 22552.056903219003,
  "GB-1-103849-101": 9827.003526638357,
  "GB-1-103849-103": 827229.2336100193,
  "GB-1-103849-105": 2066284.7820621722,
  "GB-1-103849-106": 281760.9871256496,
  "GB-1-103849-107": 168465.68098260235,
  "GB-1-103849-109": 16384.67819092307,
  "GB-1-103851-101": 620914.7169211721,
  "GB-1-113354-101": 10155.463690724031,
  "GB-1-113414-102": 239254.81973017752,
  "GB-1-113414-103": 885276.5756307292,
  "GB-1-113415-101": 11983380.47111416,
  "GB-1-113456-101": 423956.6262725346,
  "GB-1-113456-104": 106614.49762355968,
  "GB-1-113456-106": 172090.9595152125,
  "GB-1-113609-101": 247443.65168677823,
  "GB-1-113609-102": 38744.51155516253,
  "GB-1-113609-103": 24676.998646535834,
  "GB-1-113635-101": 40509.25078986125,
  "GB-1-113635-102": 461580.7982412551,
  "GB-1-113635-103": 308911.1280490241,
  "GB-1-113635-104": 74101.5703913753,
  "GB-1-113635-109": 53813.22040757461,
  "GB-1-113694-101": 14410858.512959803,
  "GB-1-113900-101": 1062342.4437753414,
  "GB-1-113929-101": 177834.76918540616,
  "GB-1-113929-102": 803168.9329274626,
  "GB-1-114075-101": 25554.673067855518,
  "GB-1-114075-102": 3299324.53477047,
  "GB-1-114075-103": 734439.0799615792,
  "GB-1-114178-102": 788427.4059695569,
  "GB-1-114193-101": 322115.5342174796,
  "GB-1-114193-102": 217417.9495985521,
  "GB-1-200251-101": 2324425.1542682843,
  "GB-1-200268-101": 3939798.6944332505,
  "GB-1-200366-101": 985720.5082723539,
  "GB-1-200366-104": 58339.273344728004,
  "GB-1-200469-101": 281961.25162366196,
  "GB-1-200469-103": 1063826.7165632716,
  "GB-1-200469-105": 215691.98309574992,
  "GB-1-200469-106": 206502.8682718369,
  "GB-1-200469-107": 151166.9350724721,
  "GB-1-200469-108": 84070.78202418155,
  "GB-1-200469-109": 75721.61902389624,
  "GB-1-200469-110": 42692063.63469459,
  "GB-1-200469-111": 1730326.2277762282,
  "GB-1-200469-113": 667714.4942673217,
  "GB-1-200469-114": 1301935.1979775147,
  "GB-1-200469-115": 7133441.166596177,
  "GB-1-200469-116": 68144.03348580057,
  "GB-1-200469-117": 23301079.063416235,
  "GB-1-200883-102": 31979.85043969005,
  "GB-1-200904-102": 81405.80501911907,
  "GB-1-200904-103": 136153.67427648403,
  "GB-1-200904-104": 792153.7788550241,
  "GB-1-201095-101": 37026599.80256726,
  "GB-1-201145-101": 1572472.5677679395,
  "GB-1-201149-102": 546485.5465327277,
  "GB-1-201149-103": 41477.14050265113,
  "GB-1-201196-102": 736182.3035723317,
  "GB-1-201196-104": 19261027.87642637,
  "GB-1-201196-105": 12039245.101822147,
  "GB-1-201196-106": 473072.20117029676,
  "GB-1-201196-108": 4820215.128760415,
  "GB-1-201196-109": 34072.01674290028,
  "GB-1-201196-112": 26192414.233723976,
  "GB-1-201196-113": 19344395.796436645,
  "GB-1-201196-114": 1056361.8488104932,
  "GB-1-201235-102": 7390281.783796512,
  "GB-1-201516-103": 767167.2829546935,
  "GB-1-201551-101": 125420090.69913265,
  "GB-1-201551-103": 27367.843027448205,
  "GB-1-201551-104": 555931.4379135908,
  "GB-1-201551-105": 4743669.783074314,
  "GB-1-201551-106": 677291.171864884,
  "GB-1-201551-108": 378169.7644071393,
  "GB-1-201551-109": 7359018.291242284,
  "GB-1-201551-110": 1901693.9577432715,
  "GB-1-201551-112": 937953.7453831983,
  "GB-1-202051-101": 119941.24310266059,
  "GB-1-202051-102": 7242544.811638561,
  "GB-1-202051-103": 892667.676282868,
  "GB-1-202115-101": 1336145.0374827597,
  "GB-1-202167-101": 58693114.329314575,
  "GB-1-202214-101": 449609.956398119,
  "GB-1-202214-102": 128586761.93088616,
  "GB-1-202214-103": 39834653.68063,
  "GB-1-202214-104": 1092088.233740201,
  "GB-1-202214-106": 32983966.572651252,
  "GB-1-202214-108": 18779439.794793643,
  "GB-1-202214-113": 356112.18248902186,
  "GB-1-202214-115": 41770506.9831326,
  "GB-1-202214-116": 13749542.424777217,
  "GB-1-202214-120": 16014594.240765484,
  "GB-1-202214-121": 24264.087385159804,
  "GB-1-202214-122": 21075571.786271397,
  "GB-1-202214-123": 9312928.10566115,
  "GB-1-202214-125": 16075284.939680386,
  "GB-1-202214-126": 5337321.56131112,
  "GB-1-202214-127": 9770220.560467009,
  "GB-1-202240-101": 1290520.5250417534,
  "GB-1-202366-101": 2858874.213657146,
  "GB-1-202524-101": 62299426.01263467,
  "GB-1-202524-102": 405824.97590739815,
  "GB-1-202524-107": 3197594.688883112,
  "GB-1-202524-108": 12708842.130316466,
  "GB-1-202524-109": 8292568.67656335,
  "GB-1-202524-111": 12951549.363051074,
  "GB-1-202524-112": 1579329.0827046407,
  "GB-1-202524-113": 50210.64039682028,
  "GB-1-202524-114": 348023.1549066039,
  "GB-1-202524-115": 23855.64968283626,
  "GB-1-202524-117": 8225730.8534040805,
  "GB-1-202559-102": 9097957.019782227,
  "GB-1-202559-103": 17360147.468855783,
  "GB-1-202559-104": 18690827.538552582,
  "GB-1-202559-106": 787562.1746375447,
  "GB-1-202559-107": 85172.45310576362,
  "GB-1-202559-108": 41867.657097431955,
  "GB-1-202559-111": 2629364.0638616816,
  "GB-1-202559-112": 1202251.1776414667,
  "GB-1-202623-103": 5517480.032735912,
  "GB-1-202623-104": 1692430.2609993245,
  "GB-1-202623-110": 327004.17462363053,
  "GB-1-202623-111": 41935031.19094006,
  "GB-1-202623-112": 3720997.543912681,
  "GB-1-202623-113": 20374240.403407533,
  "GB-1-202623-114": 162287.81200775722,
  "GB-1-202623-116": 17697421.643357925,
  "GB-1-202623-117": 26564195.016133748,
  "GB-1-202626-101": 634609.1534815831,
  "GB-1-202626-102": 115405.82883194872,
  "GB-1-202656-101": 69466000.80765182,
  "GB-1-202656-102": 15279918.780770656,
  "GB-1-202656-103": 369864.63291367923,
  "GB-1-202656-104": 1800882.860355173,
  "GB-1-202905-101": 307199.6419338481,
  "GB-1-202944-101": 25166.207914471706,
  "GB-1-202944-102": 2429542.931766678,
  "GB-1-202944-103": 42376660.73249068,
  "GB-1-202944-105": 2995607.686789583,
  "GB-1-202944-106": 9637859.609548682,
  "GB-1-203004-101": 33747419.663510814,
  "GB-1-203019-101": 24610213.004806545,
  "GB-1-203019-102": 14260939.277183766,
  "GB-1-203095-101": 950846.9788716357,
  "GB-1-203232-106": 10105224.095341055,
  "GB-1-203364-101": 30579.238840511807,
  "GB-1-203364-102": 47409.23036653976,
  "GB-1-203556-101": 9508469.788716357,
  "GB-1-203556-102": 19650837.56334714,
  "GB-1-203556-103": 2528505.3497805553,
  "GB-1-203556-104": 15632562.423053304,
  "GB-1-203556-105": 5627722.472299189,
  "GB-1-203559-134": 840331.2333521672,
  "GB-1-203559-137": 1397024.5611147766,
  "GB-1-203559-151": 9609020.159179304,
  "GB-1-203559-158": 1399578.3287148986,
  "GB-1-203567-101": 8270347.090433052,
  "GB-1-203567-102": 2141358.870858959,
  "GB-1-203567-103": 13358545.689781485,
  "GB-1-203724-101": 63389798.591442384,
  "GB-1-203811-101": 6168689.211447898,
  "GB-1-203811-102": 10942793.696137313,
  "GB-1-203811-103": 6253024.969221322,
  "GB-1-203811-104": 3126512.484610661,
  "GB-1-203811-106": 237062.71306743182,
  "GB-1-203811-107": 3292093.1175653595,
  "GB-1-203811-108": 361758.48027329176,
  "GB-1-203824-101": 4936527.876362909,
  "GB-1-203824-102": 19088201.8307924,
  "GB-1-203824-103": 23196122.794897664,
  "GB-1-203824-104": 3425569.8086698097,
  "GB-1-203824-105": 269335.15943687403,
  "GB-1-203824-106": 1855971.198288714,
  "GB-1-203824-108": 329518.4000157507,
  "GB-1-203824-109": 11645433.985724643,
  "GB-1-203910-102": 6074819.9875703715,
  "GB-1-203910-103": 39687.19609789702,
  "GB-1-203910-105": 963800.6636001319,
  "GB-1-203913-102": 15570032.173361091,
  "GB-1-203924-101": 2032233.1149969297,
  "GB-1-203924-102": 156325.62423053305,
  "GB-1-203924-103": 6203979.721767184,
  "GB-1-203924-104": 4116609.115308771,
  "GB-1-203993-101": 128825.65318093423,
  "GB-1-204006-102": 464540.3514759366,
  "GB-1-204006-103": 29752.216337422135,
  "GB-1-204013-101": 37197376.020008616,
  "GB-1-204013-102": 607463.8752450363,
  "GB-1-204088-101": 54713968.48068657,
  "GB-1-204088-102": 7881917.5241706725,