{
  "DE-1-200673582-0": 414139.96121876437,
  "DE-1-200673632-0": 376490.8738352403,
  "DE-1-200673921-0": 564736.3107528605,
  "DE-1-200773689-0": 753207.8582083271,
  "DE-1-200873547-0": 352246.5869167498,
  "DE-1-200873562-0": 440308.2336459372,
  "DE-1-200929000-0": 634890.739540507,
  "DE-1-200929216-0": 320229.9782770101,
  "DE-1-200929240-0": 160114.98913850504,
  "DE-1-200973701-0": 626536.9140202372,
  "DE-1-201073592-0": 344513.1013061376,
  "DE-1-201073725-0": 662525.1948194954,
  "DE-1-201129386-0": 122498.62705244037,
  "DE-1-201129394-0": 751696.1205490659,
  "DE-1-201173616-0": 417608.9558605922,
  "DE-1-201229210-0": 201661.26911952242,
  "DE-1-201229376-0": 327539.00398393767,
  "DE-1-201273648-0": 396900.2048275951,
  "DE-1-201273812-0": 680767.3416136744,
  "DE-1-201273887-0": 539476.0065617798,
  "DE-1-201329010-0": 475284.7661308031,
  "DE-1-201329358-0": 378369.15739463374,
  "DE-1-201329408-0": 185865.5510008727,
  "DE-1-201374768-0": 424835.5451448519,
  "DE-1-201374776-0": 743462.2040034909,
  "DE-1-201473776-0": 637493.3580961537,
  "DE-1-201529205-0": 244372.45393685892,
  "DE-1-201574805-0": 531244.465080128,
  "DE-1-201575547-0": 783585.5859931889,
  "DE-1-201576487-0": 836710.0325012017,
  "DE-1-201629005-0": 265622.232540064,
  "DE-1-201629054-0": 185935.5627780448,
  "DE-1-201629070-0": 409058.2381116986,
  "DE-1-201629229-0": 265622.232540064,
  "DE-1-201629294-0": 541869.3543817307,
  "DE-1-201674878-0": 203201.00789314898,
  "DE-1-201675297-0": 557806.6883341344,
  "DE-1-201675305-0": 863272.2557552081,
  "DE-1-201675735-0": 243044.34277415858,
  "DE-1-201729037-0": 517963.3534531249,
  "DE-1-201729276-0": 266950.34370276437,
  "DE-1-201829001-0": 770304.4743661857,
  "DE-1-201829308-0": 282887.67765516817,
  "DE-1-201829324-0": 278903.3441670672,
  "DE-1-201829381-0": 439604.794853806,
  "DE-1-201874627-0": 642805.802746955,
  "DE-1-201874635-0": 239060.00928605764,
  "DE-1-201875392-0": 730461.1394851761,
  "DE-1-201875400-0": 996083.3720252401,
  "DE-1-201929215-0": 338668.3464885816,
  "DE-1-201929314-0": 585697.0227508412,
  "DE-1-201929546-0": 282887.67765516817,
  "DE-1-201975176-0": 863272.2557552081,
  "DE-1-201976158-0": 247028.67626225954,
  "DE-1-201976166-0": 290856.3446313701,
  "DE-1-201976570-0": 952255.7036561295,
  "DE-1-201976976-0": 610931.1348421472,
  "DE-1-202029346-0": 557806.6883341344,
  "DE-1-202029692-0": 293512.5669567708,
  "DE-1-202032829-0": 759679.5850645831,
  "DE-1-202074938-0": 597650.023215144,
  "DE-1-202075901-0": 258981.67672656244,
  "DE-1-202076586-0": 464838.90694511204,
  "DE-1-202076933-0": 567103.4664730367,
  "DE-1-202129179-0": 245700.56509955923,
  "DE-1-202129351-0": 160701.45068673874,
  "DE-1-202129534-0": 355933.7916036858,
  "DE-1-202129740-0": 284215.7888178685,
  "DE-1-202174894-0": 796866.6976201921,
  "DE-1-202176436-0": 464838.90694511204
}