{
  "KR-GOV-170-1352000_2019_037": 7624140.420196802,
  "KR-GOV-170-1790387_1352000_2021_017": 13596557.881539457,
  "KR-GOV-170-1790387_2022_001": 2469511.036814711,
  "KR-GOV-170-1790387_2022_002": 949811.9372364273
}