{
  "GB-COH-871954-QR00012": 14387820.246505186,
  "GB-COH-871954-QR00041": 201767.35603604885,
  "GB-COH-871954-QR00519": 9143.885297389364,
  "GB-COH-871954-QR00650": 491759.93201968627
}