{
  "AU-5-INI079-TK": 42705.910864812904,
  "AU-5-INI504-TK": 122476.02019727582,
  "AU-5-INI595-TK": 10623.645035467402,
  "AU-5-INI898-TK": 109264.59758230366,
  "AU-5-INJ054-TK": 1462795.680772632,
  "AU-5-INJ091-TK": 685556.8912422203,
  "AU-5-INJ201-TK": 3284972.924562817,
  "AU-5-INJ521-TK": 53447.43244174158,
  "AU-5-INJ589-TK": 1069061.3885588087,
  "AU-5-INJ804-TK": 2049.681346137494,
  "AU-5-INJ911-TK": 92787.27453619591,
  "AU-5-INJ927-TK": 2064754.6948925734,
  "AU-5-INK373-TK": 10890.08351510494,
  "AU-5-INK525-TK": 10405.498426861817,
  "AU-5-INK571-TK": 594191.6150500223,
  "AU-5-INK783-TK": 105009.14217132714,
  "AU-5-INK933-TK": 722366.2653439569,
  "AU-5-INK959-TK": 120597.00960490268,
  "AU-5-INL062-TK": 64813.15536911261,
  "AU-5-INL416-TK": 23636.200979642865,
  "AU-5-INL758-TK": 3973685.018738675,
  "AU-5-INL991-TK": 27247.7387955374,
  "AU-5-INM056-TK": 55059.921485782,
  "AU-5-INM120-TK": 508322.81869936665,
  "AU-5-INM292-TK": 33866.633682431886,
  "AU-5-INM403-TK": 12750.110248761957
}