{
  "AU-5-INI079-TK": 42408.00235708899,
  "AU-5-INI504-TK": 121533.62154770478,
  "AU-5-INI595-TK": 10557.248104323342,
  "AU-5-INI898-TK": 109059.85512896061,
  "AU-5-INJ054-TK": 1461578.7221379955,
  "AU-5-INJ091-TK": 684811.2226640416,
  "AU-5-INJ201-TK": 3281191.2513691783,
  "AU-5-INJ521-TK": 53355.24613844419,
  "AU-5-INJ589-TK": 1067559.3584787955,
  "AU-5-INJ804-TK": 2046.958711461565,
  "AU-5-INJ911-TK": 92664.0232553989,
  "AU-5-INJ927-TK": 2062997.3338980165,
  "AU-5-INK373-TK": 10868.384325229194,
  "AU-5-INK525-TK": 10393.01860033108,
  "AU-5-INK571-TK": 593828.3163860785,
  "AU-5-INK783-TK": 104812.37368576703,
  "AU-5-INK933-TK": 721012.6792360012,
  "AU-5-INK959-TK": 120271.43215628402,
  "AU-5-INL062-TK": 64636.568788844146,
  "AU-5-INL416-TK": 23591.91093617626,
  "AU-5-INL758-TK": 3966239.0386357764,
  "AU-5-INL991-TK": 27196.681371518185,
  "AU-5-INM056-TK": 54956.74897011532,
  "AU-5-INM120-TK": 507370.3120019218,
  "AU-5-INM292-TK": 33803.17362473673,
  "AU-5-INM403-TK": 12726.218806240884
}