{
  "XM-DAC-41108-1100000009": 8747046.91,
  "XM-DAC-41108-1100000194": 4193162.1491596843,
  "XM-DAC-41108-1100000237": 1438625.565994173,
  "XM-DAC-41108-1100000280": 5072880.946367579,
  "XM-DAC-41108-1100000287": 13726606.816805365,
  "XM-DAC-41108-1100000343": 8760372.883053226,
  "XM-DAC-41108-1100000431": 28079729.178286295,
  "XM-DAC-41108-1100000480": 18889087.25446107,
  "XM-DAC-41108-1100001029": 33546948.983352173,
  "XM-DAC-41108-1100001062": 22258467.143030856,
  "XM-DAC-41108-1100001074": 31664693.165145576,
  "XM-DAC-41108-1100001076": 37512376.56070558,
  "XM-DAC-41108-1100001165": 48238429.026020326,
  "XM-DAC-41108-1100001235": 32868847.37604677,
  "XM-DAC-41108-1100001284": 39388005.322386205,
  "XM-DAC-41108-1100001322": 58157077.74585256,
  "XM-DAC-41108-1100001355": 33341013.978737198,
  "XM-DAC-41108-1100001402": 71027106.26291147,
  "XM-DAC-41108-1100001466": 56104563.709885895,
  "XM-DAC-41108-1100001537": 115929710.31537902,
  "XM-DAC-41108-1100001585": 196477913.0996805,
  "XM-DAC-41108-1100001647": 123826908.1008373,
  "XM-DAC-41108-1100001648": 102797719.13140742,
  "XM-DAC-41108-1100001758": 47998726.41548626,
  "XM-DAC-41108-2000001464": 98423672.32,
  "XM-DAC-41108-2000001465": 91804024.47,
  "XM-DAC-41108-2000002356": 126292853.17145188
}