{
  "XM-DAC-6-4-009157-01-3": 6040023.362754571,
  "XM-DAC-6-4-009302-01-6": 2190071.6756461803,
  "XM-DAC-6-4-009302-02-0": 1170170.018783568,
  "XM-DAC-6-4-009302-03-1": 3906260.0714529394,
  "XM-DAC-6-4-009494-02-6": 61266.817250239386,
  "XM-DAC-6-4-009497-01-4": 1932726.022693427,
  "XM-DAC-6-4-009497-02-5": 59533.020875205904,
  "XM-DAC-6-4-011860-01-5": 2318882.090074759,
  "XM-DAC-6-4-012127-51-1": 85883.6364471789,
  "XM-DAC-6-4-012382-01-0": 3187466.7904807683,
  "XM-DAC-6-4-012522-01-0": 398433.34881009604
}