{
  "GB-CHC-328434-GEC5170": 10760372.562689405,
  "GB-CHC-328434-GEC5170T": 4367437.282322446
}