{
  "giro555": {
    "NL-KVK-27302841-201701": 91988969.30149262,
    "NL-KVK-27302841-201801": 40431327.16964692,
    "NL-KVK-27302841-202001": 40659499.331524074,
    "NL-KVK-27302841-202101": 21873631.2351462
  }
}