{
  "mondefemmes": {
    "BE-BCE_KBO-0430826290-PROG2017-2021_OSC1": 1117354.1836580352,
    "BE-BCE_KBO-0430826290-PROG2017-2021_OSS1": 272087.58863372455,
    "BE-BCE_KBO-0430826290-PROG2017-2021_OSS2": 266497.25733333244,
    "BE-BCE_KBO-0430826290-PROG2017-2021_OSS3": 147596.42385224655
  }
}