{
  "GB-CHC-261488-AOA24GK": {
    "amrefha-289.xml": 9482319.279914368
  },
  "GB-CHC-261488-ETA27CR": {
    "amrefha-298.xml": 1723368.3314370157
  },
  "GB-CHC-261488-ETA40WF": {
    "amrefha-289.xml": 150901.30369521296
  },
  "GB-CHC-261488-ETA47MP": {
    "amrefha-289.xml": 15322.605600732408
  },
  "GB-CHC-261488-ETA61GK": {
    "amrefha-et.xml": 278309.59306130296
  },
  "GB-CHC-261488-ETP23WF": {
    "amrefha-289.xml": 142351.9488068043
  },
  "GB-CHC-261488-KE6516": {
    "amrefha-298.xml": 2053320.5918541471
  },
  "GB-CHC-261488-KE6517": {
    "amrefha-298.xml": 450283.5984375232
  },
  "GB-CHC-261488-KEA34WF": {
    "amrefha-289.xml": 9213.334464440391
  },
  "GB-CHC-261488-KEA41GK": {
    "amrefha-289.xml": 118377.83761365837
  },
  "GB-CHC-261488-KEA48PL": {
    "amrefha-289.xml": 403660.04001929465
  },
  "GB-CHC-261488-KEA49VB": {
    "amrefha-289.xml": 12272.912808586636
  },
  "GB-CHC-261488-KEP23GK": {
    "amrefha-289.xml": 284703.8976136086
  },
  "GB-CHC-261488-MWA46AN": {
    "amrefha-289.xml": 144988.0960069303
  },
  "GB-CHC-261488-NB6952": {
    "amrefha-289.xml": 1028164.9593211454
  },
  "GB-CHC-261488-SA6951": {
    "amrefha-298.xml": 7507.7637018788655
  },
  "GB-CHC-261488-TZ6810": {
    "amrefha-298.xml": 141264.53808675235
  },
  "GB-CHC-261488-TZA50NF": {
    "amrefha-289.xml": 1167572.1504702892
  },
  "GB-CHC-261488-UG6907": {
    "amrefha-298.xml": 1364769.949095795
  },
  "GB-CHC-261488-UGA52AD": {
    "amrefha-289.xml": 251035.35509199928
  },
  "GB-CHC-261488-UGA54AM": {
    "amrefha-ug.xml": 200102.28913468475
  },
  "GB-CHC-261488-UGA56AD": {
    "amrefha-289.xml": 307264.374870687
  },
  "GB-CHC-261488-UGA57AD": {
    "amrefha-289.xml": 233906.98865918058
  }
}