{
  "NL-KVK-27195046-11433": 1462741.5639361283,
  "NL-KVK-27195046-IDEAL": 10919660.022694865
}