{
  "XI-IATI-EC_FPI-2015/37925/3": 3320277.9067508006,
  "XI-IATI-EC_FPI-2020/421-992": 2397337.06954449,
  "XI-IATI-EC_FPI-2022/44488/1": 8973531945.405497
}