{
  "ES-DIR3-E04585801-009-000465": 236306.6754669265,
  "ES-DIR3-E04585801-009-001159": 50110.389105058464,
  "ES-DIR3-E04585801-009-002417": 91378.38246595349,
  "ES-DIR3-E04585801-009-002693": 618660.6924408572,
  "ES-DIR3-E04585801-009-003289": 102041.45568093404,
  "ES-DIR3-E04585801-009-003627": 4810.597354085612,
  "ES-DIR3-E04585801-009-006647": 267236.04375000007,
  "ES-DIR3-E04585801-009-006785": 48821.96953125001,
  "ES-DIR3-E04585801-009-028663": 16783.194231906647,
  "ES-DIR3-E04585801-009-029351": 13362.77042801559,
  "ES-DIR3-E04585801-009-029623": 31460.972626459203,
  "ES-DIR3-E04585801-009-029759": 46328.94778677051,
  "ES-DIR3-E04585801-009-030787": 111356.42023346324,
  "ES-DIR3-E04585801-009-030865": 42315.43968871603,
  "ES-DIR3-E04585801-009-031115": 13362.77042801559,
  "ES-DIR3-E04585801-009-031783": 69597.76264591452,
  "ES-DIR3-E04585801-009-031863": 11135.642023346325,
  "ES-DIR3-E04585801-009-032431": 48750.53234027246,
  "ES-DIR3-E04585801-009-032461": 13362.77042801559,
  "ES-DIR3-E04585801-009-032969": 80413.25496108965,
  "ES-DIR3-E04585801-009-033297": 234559.82730272418,
  "ES-DIR3-E04585801-009-034151": 60132.466926070156,
  "ES-DIR3-E04585801-009-034545": 8351.731517509743,
  "ES-DIR3-E04585801-009-034557": 8782.402472762662,
  "ES-DIR3-E04585801-009-034873": 25055.194552529232,
  "ES-DIR3-E04585801-009-035819": 12638.953696498078,
  "ES-DIR3-E04585801-009-036071": 25472.781128404717,
  "ES-DIR3-E04585801-009-037311": 11692.424124513642,
  "ES-DIR3-E04585801-009-037641": 41947.963501945604,
  "ES-DIR3-E04585801-009-038249": 2656.8528303502,
  "ES-DIR3-E04585801-009-038955": 17864.35371595334,
  "ES-DIR3-E04585801-009-039553": 152936.9075486384,
  "ES-DIR3-E04585801-009-041299": 5567.8210116731625,
  "ES-DIR3-E04585801-009-042163": 16703.463035019486,
  "ES-DIR3-E04585801-009-043155": 6681.385214007795,
  "ES-DIR3-E04585801-009-043351": 41257.55369649814,
  "ES-DIR3-E04585801-009-043495": 22271.28404669265,
  "ES-DIR3-E04585801-009-044217": 94371.78223735426,
  "ES-DIR3-E04585801-009-045935": 24403.23055116736,
  "ES-DIR3-E04585801-009-046301": 29773.922859922237,
  "ES-DIR3-E04585801-009-047623": 46645.8011994485,
  "ES-DIR3-E04585801-009-048141": 63597.03925781252,
  "ES-DIR3-E04585801-009-050635": 2610.279448875001,
  "ES-DIR3-E04585801-009-058947": 102783.09375000003,
  "ES-DIR3-E04585801-009-059139": 12554.954901562503,
  "ES-DIR3-E04585801-009-059779": 3158.807124445313,
  "ES-DIR3-E04585801-009-060421": 53577.56340864845,
  "ES-DIR3-E04585801-009-060443": 3960.900692296876,
  "ES-DIR3-E04585801-009-060507": 21540.766872656255,
  "ES-DIR3-E04585801-009-060617": 30834.92812500001,
  "ES-DIR3-E04585801-009-061149": 23126.196093750004,
  "ES-DIR3-E04585801-009-061163": 23126.196093750004,
  "ES-DIR3-E04585801-009-061353": 46252.39218750001,
  "ES-DIR3-E04585801-009-061363": 242864.03491738372,
  "ES-DIR3-E04585801-009-061367": 171492.15295856254,
  "ES-DIR3-E04585801-009-061795": 6393.108431250002,
  "ES-DIR3-E04585801-009-061877": 43526.07062578126,
  "ES-DIR3-E04585801-009-062133": 18290.346977634832,
  "ES-DIR3-E04585801-009-062451": 10278.309375000003,
  "ES-DIR3-E04585801-009-062801": 16266.735070382818,
  "ES-DIR3-E04585801-009-063459": 102783.09375000003,
  "ES-DIR3-E04585801-009-063503": 14097.318006375002,
  "ES-DIR3-E04585801-009-064143": 276256.51325490256,
  "ES-DIR3-E04585801-009-064611": 50468.48549019622,
  "ES-DIR3-E04585801-009-065305": 1584.5377890470634,
  "ES-DIR3-E04585801-009-065575": 2297.6442078431437,
  "ES-DIR3-E04585801-009-065819": 643.5661582627469,
  "ES-DIR3-E04585801-009-066055": 39627.78840100011,
  "ES-DIR3-E04585801-009-066169": 11188.066362352973,
  "ES-DIR3-E04585801-009-066865": 46140.15033882363,
  "ES-DIR3-E04585801-009-067475": 11953.06235294121,
  "ES-DIR3-E04585801-009-072561": 11303.904817733364,
  "ES-DIR3-E04585801-009-072629": 9043.155729019632,
  "ES-DIR3-E04585801-009-072641": 7968.70823529414,
  "ES-DIR3-E04585801-009-072677": 8765.579058823554,
  "ES-DIR3-E04585801-009-072749": 47812.25323921582,
  "ES-DIR3-E04585801-009-073197": 5919.9533480000155,
  "ES-DIR3-E04585801-009-073221": 63749.66588235312,
  "ES-DIR3-E04585801-009-073517": 2882.4314235294105,
  "ES-DIR3-E04585801-009-073795": 166532.53500072987,
  "ES-DIR3-E04585801-009-074091": 21252.95058823529,
  "ES-DIR3-E04585801-009-074153": 32047.488286274598,
  "ES-DIR3-E04585801-009-074277": 16450.92610138823,
  "ES-DIR3-E04585801-009-074377": 47812.24941176484,
  "ES-DIR3-E04585801-009-074883": 11302.932883921585,
  "ES-DIR3-E04585801-009-074915": 10168.071708235322,
  "ES-DIR3-E04585801-009-074935": 8991.35912549022,
  "ES-DIR3-E04585801-009-074997": 21046.527193286332,
  "ES-DIR3-E04585801-009-075221": 106249.44313725519,
  "ES-DIR3-E04585801-009-075555": 25499.866352941248,
  "ES-DIR3-E04585801-009-075631": 20471.611839215744,
  "ES-DIR3-E04585801-009-083494": 50483.029803921396,
  "ES-DIR3-E04585801-009-083516": 7971.004705882326,
  "ES-DIR3-E04585801-009-084802": 52874.33121568609,
  "ES-DIR3-E04585801-009-084816": 255072.15058823442,
  "ES-DIR3-E04585801-009-085133": 209730.25939951302,
  "ES-DIR3-E04585801-009-085245": 23981.113067850896,
  "ES-DIR3-E04585801-009-085294": 7041.05415686272,
  "ES-DIR3-E04585801-009-085335": 8150.83057204703,
  "ES-DIR3-E04585801-009-085339": 7782.357594509777,
  "ES-DIR3-E04585801-009-085418": 8320.400412156834,
  "ES-DIR3-E04585801-009-085435": 19807.946694117578,
  "ES-DIR3-E04585801-009-085622": 29009.143126274408,
  "ES-DIR3-E04585801-009-086093": 47826.028235293954,
  "ES-DIR3-E04585801-009-086745": 23913.014117646977,
  "ES-DIR3-E04585801-009-086815": 7971.004705882326,
  "ES-DIR3-E04585801-009-088089": 113879.08723137215,
  "ES-DIR3-E04585801-009-088090": 194173.67463529346,
  "ES-DIR3-E04585801-009-088529": 14618.424080352892,
  "ES-DIR3-E04585801-009-088740": 13019.307686274464,
  "ES-DIR3-E04585801-009-089599": 31646.96114357636,
  "ES-DIR3-E04585801-009-089676": 27415.39387536461,
  "ES-DIR3-E04585801-009-089683": 9299.505490196047,
  "ES-DIR3-E04585801-009-089991": 4696.037712423513,
  "ES-DIR3-E04585801-009-089992": 17429.930290196018,
  "ES-DIR3-E04585801-009-089993": 73972.54444154484,
  "ES-DIR3-E04585801-009-090209": 3586.952117647046,
  "ES-DIR3-E04585801-009-090445": 1835.7489537803856,
  "ES-DIR3-E04585801-009-090627": 122022.26563890155,
  "ES-DIR3-E04585801-009-090838": 7971.004705882326,
  "ES-DIR3-E04585801-009-090843": 50483.029803921396,
  "ES-DIR3-E04585801-009-090852": 7971.004705882326,
  "ES-DIR3-E04585801-009-093711": 47826.028235293954,
  "ES-DIR3-E04585801-009-093938": 66425.03921568605,
  "ES-DIR3-E04585801-009-093950": 1461.3508627450929,
  "ES-DIR3-E04585801-009-094435": 20331.376003137186,
  "ES-DIR3-E04585801-009-094467": 15942.009411764651,
  "ES-DIR3-E04585801-009-094614": 3879.0230150784178
}