{
  "XI-IATI-EC_FPI-2007/142-446": 4171389.9378828225,
  "XI-IATI-EC_FPI-2017/385-519": 1498664.5419919698,
  "XI-IATI-EC_FPI-2017/40472/0": 1498664.54199197
}