{
  "AU-5-INI124-TT": 148842.6486787134,
  "AU-5-INI855-TT": 424608.8265755878,
  "AU-5-INJ115-TT": 410166.28645520646,
  "AU-5-INJ116-TT": 132570.82338508108,
  "AU-5-INJ117-TT": 70729.68879572258,
  "AU-5-INM061-TT": 88390.34122988826
}