{
  "ES-DIR3-E04585801-009-001883": 215432.8507995066,
  "ES-DIR3-E04585801-009-006045": 232422.26808167604
}