{
  "cowater": {
    "CA-CRA_ACR-101182509-CA-CRA_ACR-101182509-Palestine": 971811.3321594918,
    "CA-CRA_ACR-101182509-DFID-Regional-SPARC": 2520579.462475842
  }
}