{
  "cowater": {
    "CA-CRA_ACR-101182509-CA-CRA_ACR-101182509-Palestine": 970558.8536629969,
    "CA-CRA_ACR-101182509-DFID-Regional-SPARC": 2517330.91878121
  }
}