{
  "cibe": {
    "BE-BCE_KBO-0410644946-PROG2017-2021_17/ETR/0022RW": 1069912.7563998,
    "BE-BCE_KBO-0410644946-PROG2017-2021_17_ETR_0022BI": 3550490.510241023,
    "BE-BCE_KBO-0410644946-PROG2017-2021_17_ETR_0022CD": 4707762.887640764,
    "BE-BCE_KBO-0410644946-PROG2017-2021_17_ETR_0022ET": 4004447.2125307354,
    "BE-BCE_KBO-0410644946-PROG2017-2021_17_ETR_0022HT": 3539255.7776583172,
    "BE-BCE_KBO-0410644946-PROG2017-2021_17_ETR_0022NE": 5188185.464440268,
    "BE-BCE_KBO-0410644946-PROG2017-2021_17_ETR_0022RW": 1870385.108113707
  }
}