{
  "DE-1-201118512": 1389852.7741065202,
  "DE-1-201540822": 14594127.23578864,
  "DE-1-201606003-1294": 780418.0744043619,
  "DE-1-201622430": 22584513.333333254,
  "DE-1-201640903": 17270510.19607837,
  "DE-1-201668359": 13285007.843137208,
  "DE-1-201721422": 5314003.137254884,
  "DE-1-201722149": 2657001.568627442,
  "DE-1-201735026": 8076882.658010027,
  "DE-1-201741032": 6642503.921568604,
  "DE-1-201749936": 26038615.37254893,
  "DE-1-201818277": 22980406.567058742,
  "DE-1-201821818": 26570015.686274417,
  "DE-1-201821826": 4516902.666666651,
  "DE-1-201841147": 39855023.52941163,
  "DE-1-202022861": 3985502.3529411624,
  "DE-1-202040822": 13285007.843137208,
  "DE-1-202118248-0": 6642503.921568604,
  "DE-1-202118743-0": 6642503.921568604,
  "DE-1-202120772": 5181153.058823511,
  "DE-1-202167377": 13285007.843137208,
  "DE-1-202267342": 13285007.843137208
}