{
  "AU-5-INI079-FM": 42408.00235708899,
  "AU-5-INI124-FM": 122674.46933819419,
  "AU-5-INI175-FM": 39866.734955444575,
  "AU-5-INI304-FM": 278880.65465479,
  "AU-5-INI371-FM": 839003.0058507673,
  "AU-5-INI468-FM": 116478.94508621955,
  "AU-5-INI486-FM": 113286.9423945238,
  "AU-5-INI504-FM": 121533.62154770478,
  "AU-5-INI587-FM": 38043.5389985852,
  "AU-5-INI591-FM": 22499.95688669185,
  "AU-5-INI595-FM": 86670.03615598053,
  "AU-5-INI677-FM": 6969347.343541952,
  "AU-5-INI727-FM": 1637306.710124936,
  "AU-5-INI731-FM": 31788.805347193058,
  "AU-5-INI808-FM": 21727.724829405524,
  "AU-5-INI851-FM": 428149.9154627669,
  "AU-5-INI855-FM": 152859.51700987414,
  "AU-5-INI885-FM": 127171.61549670807,
  "AU-5-INI898-FM": 19829.39235725223,
  "AU-5-INI962-FM": 313777.33244903217,
  "AU-5-INJ091-FM": 684811.2226640416,
  "AU-5-INJ147-FM": 5653.730537385234,
  "AU-5-INJ201-FM": 8746588.13912033,
  "AU-5-INJ209-FM": 1506398.0060099938,
  "AU-5-INJ270-FM": -361.3580736831172,
  "AU-5-INJ277-FM": 1160567.7696615602,
  "AU-5-INJ488-FM": 2768154.812112198,
  "AU-5-INJ521-FM": 53355.24613844419,
  "AU-5-INJ522-FM": 106877.7994351699,
  "AU-5-INJ523-FM": 14477025.800301032,
  "AU-5-INJ554-FM": 133806.56006554115,
  "AU-5-INJ589-FM": 1067559.3584787955,
  "AU-5-INJ760-FM": 64404.7821207737,
  "AU-5-INJ787-FM": 40031.10622347101,
  "AU-5-INJ804-FM": 7776.123603597617,
  "AU-5-INJ862-FM": 44152.26894008535,
  "AU-5-INJ911-FM": 92671.75492192,
  "AU-5-INK039-FM": 1156082.718129741,
  "AU-5-INK058-FM": 161987.76238198232,
  "AU-5-INK076-FM": 307908.412560516,
  "AU-5-INK124-FM": 1990436.8703672981,
  "AU-5-INK134-FM": 562142.0695171925,
  "AU-5-INK135-FM": 122919.96726909849,
  "AU-5-INK144-FM": 332816.6394310344,
  "AU-5-INK177-FM": 29414.176574005895,
  "AU-5-INK193-FM": 114000.70667237413,
  "AU-5-INK303-FM": 4641722.603144872,
  "AU-5-INK365-FM": 4980255.756337152,
  "AU-5-INK373-FM": 31660.772010756027,
  "AU-5-INK400-FM": 2692065.878441561,
  "AU-5-INK467-FM": 1389797.4758663818,
  "AU-5-INK496-FM": 1976367.8987725743,
  "AU-5-INK525-FM": 15411.339732171895,
  "AU-5-INK573-FM": 143431.58394022702,
  "AU-5-INK680-FM": 164408.08380423096,
  "AU-5-INK684-FM": 527672.8641555035,
  "AU-5-INK686-FM": 82574.27573277711,
  "AU-5-INK730-FM": 128353.778138398,
  "AU-5-INK783-FM": 1221512.3835214498,
  "AU-5-INK933-FM": 2285392.9063780643,
  "AU-5-INK959-FM": 310430.8226777437,
  "AU-5-INK967-FM": 52061.394471911204,
  "AU-5-INK982-FM": 82162.44452126676,
  "AU-5-INK983-FM": 245841.91830205865,
  "AU-5-INL021-FM": 109001.46916110371,
  "AU-5-INL062-FM": 141468.960956065,
  "AU-5-INL143-FM": 363694.7922285942,
  "AU-5-INL144-FM": 141556.6264725672,
  "AU-5-INL290-FM": 439308.000377763,
  "AU-5-INL341-FM": 90141.79633263129,
  "AU-5-INL406-FM": 70970.43908860727,
  "AU-5-INL416-FM": 664090.8391058346,
  "AU-5-INL471-FM": 170185.00722211789,
  "AU-5-INL495-FM": 584944.5390898576,
  "AU-5-INL505-FM": 176196.56361954106,
  "AU-5-INL527-FM": 56688.37287766516,
  "AU-5-INL565-FM": 1206129.6859772862,
  "AU-5-INL630-FM": 86096.23251322279,
  "AU-5-INL643-FM": 950666.0323346826,
  "AU-5-INL703-FM": 546233.1446548091,
  "AU-5-INL786-FM": 129970.94904220442,
  "AU-5-INL849-FM": 498828.4753814417,
  "AU-5-INL887-FM": 188051.1112552454,
  "AU-5-INL966-FM": 215.43889323498877,
  "AU-5-INL991-FM": 54396.96841488967,
  "AU-5-INM056-FM": 27477.923776075997,
  "AU-5-INM061-FM": 357323.88349847705,
  "AU-5-INM106-FM": 801732.855015946,
  "AU-5-INM229-FM": 7332.133713696229,
  "AU-5-INM247-FM": 3122239.596737423,
  "AU-5-INM260-FM": 1295.3376132999115,
  "AU-5-INM292-FM": 33803.17362473673,
  "AU-5-INM311-FM": 128722.48516299747,
  "AU-5-INM339-FM": 111468.44392696852,
  "AU-5-INM388-FM": 112674.54116189912,
  "AU-5-INM394-FM": 196528.04578236607,
  "AU-5-INM403-FM": 12726.218806240884,
  "AU-5-INM424-FM": 3810250.4629180846,
  "AU-5-INM529-FM": 60746.55654856022,
  "AU-5-INM569-FM": 38632.069654275794,
  "AU-5-INM588-FM": 279843.4038787272,
  "AU-5-INM603-FM": 18619.68945046832,
  "AU-5-INM633-FM": 466144.8628671562,
  "AU-5-INN158-FM": 1287739.561287034,
  "AU-5-INN172-FM": 1240276.2998460503,
  "AU-5-INN337-FM": 39571.34717206181,
  "AU-5-O13824-FM": 72217.451376787,
  "AU-5-O14330-FM": 4550.437825814081,
  "AU-5-O18776-FM": 42343.20740929022,
  "AU-5-O18777-FM": 48498.089262882284,
  "AU-5-O18778-FM": 244873.7954094462
}