{
  "GB-CHC-202918-IMPA38": 65903.68000315015,
  "GB-CHC-202918-PTIB22": 1193023.5420784657,
  "GB-CHC-202918-PTIB44": 362874.7403292651,
  "GB-CHC-202918-PTIB46": 10907632.913290897,
  "GB-CHC-202918-PTIB48": 2604242.174177601,
  "GB-CHC-202918-PTIB50": 1611459.0059193466,
  "GB-CHC-202918-PTIB51": 638658.6572340474,
  "GB-CHC-202918-PTIB52": 13114014.37357844,
  "GB-CHC-202918-PTIB53": 9061.756000433144,
  "GB-CHC-202918-PTIB56": 848509.880040558,
  "GB-CHC-202918-PTIB57": 158125.7969045183,
  "GB-CHC-202918-PTIB58": 1030568.7960492604,
  "GB-CHC-202918-PTIB60": 31584.025599029694,
  "GB-CHC-202918-PTIB62": 225692.77045950794
}