{
  "XM-OCHA-CBPF-DRC-20/HCG10/RA1/HLT-PROT-WaSH/INGO/15873": 1400000.54,
  "XM-OCHA-CBPF-DRC-20/HCG10/RA1/HLT-PROT/INGO/15882": 1400000.1,
  "XM-OCHA-CBPF-DRC-20/HCG10/RA1/HLT-PROT/UN/15886": 799901.18,
  "XM-OCHA-CBPF-DRC-20/HCG10/RA1/HLT-WaSH-PROT/INGO/15856": 1260000.0,
  "XM-OCHA-CBPF-DRC-20/HCG10/RA1/HLT-WaSH-PROT/INGO/15867": 1397772.54,
  "XM-OCHA-CBPF-DRC-20/HCG10/RA1/HLT-WaSH-PROT/INGO/15871": 1400000.0,
  "XM-OCHA-CBPF-DRC-20/HCG10/RA1/HLT-WaSH-PROT/INGO/15878": 994286.7999999999,
  "XM-OCHA-CBPF-DRC-20/HCG10/RA1/HLT-WaSH-PROT/INGO/15880": 1400000.0,
  "XM-OCHA-CBPF-DRC-20/HCG10/RA1/HLT-WaSH-PROT/INGO/15884": 1128937.32,
  "XM-OCHA-CBPF-DRC-20/HCG10/RA1/HLT-WaSH/NGO/15858": 814320.14,
  "XM-OCHA-CBPF-DRC-20/HCG10/RA1/HLT-WaSH/O/15866": 800000.48,
  "XM-OCHA-CBPF-DRC-20/HCG10/RA1/HLT/INGO/15859": 1400000.78,
  "XM-OCHA-CBPF-DRC-20/HCG10/RA1/HLT/NGO/15860": 1400000.0,
  "XM-OCHA-CBPF-DRC-20/HCG10/RA1/HLT/UN/15888": 1019721.18,
  "XM-OCHA-CBPF-DRC-20/HCG10/RA1/PROT/INGO/15889": 786394.36,
  "XM-OCHA-CBPF-DRC-20/HCG10/RA1/WaSH-PROT/UN/15887": 1000000.6,
  "XM-OCHA-CBPF-DRC-20/HCG10/RA1/WaSH/INGO/15883": 1400000.0,
  "XM-OCHA-CBPF-DRC-20/HCG10/RA1/WaSH/UN/15972": 400003.35000000003,
  "XM-OCHA-CBPF-DRC-20/HCG10/RA2/LOG/UN/16786": 1301366.1,
  "XM-OCHA-CBPF-DRC-20/HCG10/RA2/LOG/UN/17116": 502897.86,
  "XM-OCHA-CBPF-DRC-20/HCG10/RA2/PROT/UN/16785": 798982.18,
  "XM-OCHA-CBPF-DRC-20/HCG10/RA2/WaSH/UN/16788": 1325981.56,
  "XM-OCHA-CBPF-DRC-20/HCG10/RA3/FSEC/INGO/17151": 1000000.16,
  "XM-OCHA-CBPF-DRC-20/HCG10/RA3/FSEC/INGO/17155": 1038309.72,
  "XM-OCHA-CBPF-DRC-20/HCG10/RA3/HLT/UN/17187": 1399991.02,
  "XM-OCHA-CBPF-DRC-20/HCG10/RA3/NFI/NGO/17180": 1600000.0,
  "XM-OCHA-CBPF-DRC-20/HCG10/RA3/NUT/NGO/17176": 529307.14,
  "XM-OCHA-CBPF-DRC-20/HCG10/RA3/NUT/NGO/17193": 500697.66,
  "XM-OCHA-CBPF-DRC-20/HCG10/RA3/PROT/INGO/17175": 490000.0,
  "XM-OCHA-CBPF-DRC-20/HCG10/RA3/PROT/INGO/17203": 900000.02,
  "XM-OCHA-CBPF-DRC-20/HCG10/RA3/WaSH/NGO/17153": 800000.0,
  "XM-OCHA-CBPF-DRC-20/HCG10/RA3/WaSH/NGO/17185": 600000.0,
  "XM-OCHA-CBPF-DRC-20/HCG10/RA4/NFI-WaSH/O/17303": 1400000.36,
  "XM-OCHA-CBPF-DRC-20/HCG10/RA4/NFI/INGO/17411": 1400000.0,
  "XM-OCHA-CBPF-DRC-20/HCG10/RA4/WaSH/NGO/17325": 1200000.0,
  "XM-OCHA-CBPF-DRC-20/HCG10/RA5/Multi/INGO/17670": 1700023.74,
  "XM-OCHA-CBPF-DRC-20/HCG10/RA6/HLT/INGO/17976": 2140600.0,
  "XM-OCHA-CBPF-DRC-20/HCG10/RA6/NFI-EDU-PROT/INGO/17972": 1880722.4,
  "XM-OCHA-CBPF-DRC-20/HCG10/RA6/NFI-WaSH/INGO/17966": 1119999.17,
  "XM-OCHA-CBPF-DRC-20/HCG10/RA6/NUT-PROT/INGO/17981": 1337271.28,
  "XM-OCHA-CBPF-DRC-20/HCG10/RA6/WaSH/NGO/17969": 840000.08,
  "XM-OCHA-CBPF-DRC-20/HCG10/RA7/CASH/INGO/17989": 376000.0,
  "XM-OCHA-CBPF-DRC-20/HCG10/RA7/EDU-PROT-HLT/INGO/17991": 802134.06,
  "XM-OCHA-CBPF-DRC-20/HCG10/RA7/HLT/INGO/17988": 251441.84,
  "XM-OCHA-CBPF-DRC-20/HCG10/RA7/NFI-FSEC/INGO/17985": 734769.0,
  "XM-OCHA-CBPF-DRC-20/HCG10/RA7/NFI-PROT/INGO/17990": 729940.6499999999,
  "XM-OCHA-CBPF-DRC-20/HCG10/RA7/NUT/INGO/17987": 375999.96,
  "XM-OCHA-CBPF-DRC-20/HCG10/RA7/PROT/NGO/17986": 100000.02,
  "XM-OCHA-CBPF-DRC-20/HCG10/RA7/PROT/NGO/18000": 387211.6,
  "XM-OCHA-CBPF-DRC-20/HCG10/RA7/WaSH/INGO/17984": 580100.16,
  "XM-OCHA-CBPF-DRC-20/HCG10/SA1/EDU-PROT/INGO/16680": 2431760.3,
  "XM-OCHA-CBPF-DRC-20/HCG10/SA1/EDU/NGO/16789": 2052776.82,
  "XM-OCHA-CBPF-DRC-20/HCG10/SA1/EDU/NGO/16912": 1619662.02,
  "XM-OCHA-CBPF-DRC-20/HCG10/SA1/FSEC-NFI/INGO/16849": 1799877.56,
  "XM-OCHA-CBPF-DRC-20/HCG10/SA1/FSEC-PROT/INGO/16729": 1784147.81,
  "XM-OCHA-CBPF-DRC-20/HCG10/SA1/FSEC-PROT/NGO/16791": 2324090.66,
  "XM-OCHA-CBPF-DRC-20/HCG10/SA1/FSEC/INGO/16675": 1559850.0,
  "XM-OCHA-CBPF-DRC-20/HCG10/SA1/FSEC/INGO/16775": 1498944.92,
  "XM-OCHA-CBPF-DRC-20/HCG10/SA1/FSEC/INGO/16867": 1669290.99,
  "XM-OCHA-CBPF-DRC-20/HCG10/SA1/FSEC/INGO/16966": 2999990.36,
  "XM-OCHA-CBPF-DRC-20/HCG10/SA1/FSEC/INGO/17005": 1460024.9,
  "XM-OCHA-CBPF-DRC-20/HCG10/SA1/FSEC/NGO/16794": 2994919.3,
  "XM-OCHA-CBPF-DRC-20/HCG10/SA1/FSEC/NGO/16818": 1889881.76,
  "XM-OCHA-CBPF-DRC-20/HCG10/SA1/FSEC/NGO/16879": 2366802.0,
  "XM-OCHA-CBPF-DRC-20/HCG10/SA1/FSEC/NGO/16965": 2851758.4,
  "XM-OCHA-CBPF-DRC-20/HCG10/SA1/FSEC/UN/16837": 3240845.32,
  "XM-OCHA-CBPF-DRC-20/HCG10/SA1/HLT-NUT-WaSH/INGO/16822": 2342896.68,
  "XM-OCHA-CBPF-DRC-20/HCG10/SA1/HLT-NUT-WaSH/INGO/17035": 2400000.0,
  "XM-OCHA-CBPF-DRC-20/HCG10/SA1/HLT-NUT/INGO/16779": 1804061.96,
  "XM-OCHA-CBPF-DRC-20/HCG10/SA1/HLT-NUT/INGO/16860": 1171600.0,
  "XM-OCHA-CBPF-DRC-20/HCG10/SA1/HLT-PROT/UN/16855": 4446663.2,
  "XM-OCHA-CBPF-DRC-20/HCG10/SA1/HLT/INGO/17009": 1300000.0,
  "XM-OCHA-CBPF-DRC-20/HCG10/SA1/HLT/NGO/16694": 576000.0,
  "XM-OCHA-CBPF-DRC-20/HCG10/SA1/HLT/UN/16973": 2687595.18,
  "XM-OCHA-CBPF-DRC-20/HCG10/SA1/NFI-FSEC/NGO/16957": 862083.54,
  "XM-OCHA-CBPF-DRC-20/HCG10/SA1/NFI-PROT/NGO/16948": 2173983.2,
  "XM-OCHA-CBPF-DRC-20/HCG10/SA1/NFI/INGO/16773": 1110000.0,
  "XM-OCHA-CBPF-DRC-20/HCG10/SA1/NFI/NGO/16724": 458878.06,
  "XM-OCHA-CBPF-DRC-20/HCG10/SA1/NFI/NGO/16752": 864489.66,
  "XM-OCHA-CBPF-DRC-20/HCG10/SA1/NFI/NGO/16905": 222010.02,
  "XM-OCHA-CBPF-DRC-20/HCG10/SA1/NFI/NGO/16971": 468409.8,
  "XM-OCHA-CBPF-DRC-20/HCG10/SA1/NFI/NGO/16990": 602407.86,
  "XM-OCHA-CBPF-DRC-20/HCG10/SA1/NFI/NGO/16993": 396395.04,
  "XM-OCHA-CBPF-DRC-20/HCG10/SA1/NFI/NGO/16995": 1386048.04,
  "XM-OCHA-CBPF-DRC-20/HCG10/SA1/NUT/INGO/16937": 2690829.54,
  "XM-OCHA-CBPF-DRC-20/HCG10/SA1/NUT/INGO/16960": 2090488.36,
  "XM-OCHA-CBPF-DRC-20/HCG10/SA1/NUT/INGO/17031": 2096087.08,
  "XM-OCHA-CBPF-DRC-20/HCG10/SA1/NUT/UN/16959": 2598667.2,
  "XM-OCHA-CBPF-DRC-20/HCG10/SA1/PROT-NFI/INGO/16852": 1799742.22,
  "XM-OCHA-CBPF-DRC-20/HCG10/SA1/PROT-NUT/INGO/16793": 2437817.48,
  "XM-OCHA-CBPF-DRC-20/HCG10/SA1/PROT/INGO/16667": 930000.0,
  "XM-OCHA-CBPF-DRC-20/HCG10/SA1/PROT/INGO/16719": 599996.08,
  "XM-OCHA-CBPF-DRC-20/HCG10/SA1/PROT/INGO/16911": 600000.14,
  "XM-OCHA-CBPF-DRC-20/HCG10/SA1/PROT/INGO/16920": 600000.1,
  "XM-OCHA-CBPF-DRC-20/HCG10/SA1/PROT/INGO/16985": 1080000.0,
  "XM-OCHA-CBPF-DRC-20/HCG10/SA1/PROT/INGO/17012": 999972.14,
  "XM-OCHA-CBPF-DRC-20/HCG10/SA1/PROT/INGO/17044": 800001.34,
  "XM-OCHA-CBPF-DRC-20/HCG10/SA1/PROT/NGO/16769": 498010.1,
  "XM-OCHA-CBPF-DRC-20/HCG10/SA1/PROT/NGO/16896": 500001.2,
  "XM-OCHA-CBPF-DRC-20/HCG10/SA1/PROT/UN/16854": 1399989.62,
  "XM-OCHA-CBPF-DRC-20/HCG10/SA1/WaSH-FSEC/NGO/16862": 1407998.68,
  "XM-OCHA-CBPF-DRC-20/HCG10/SA1/WaSH-NFI/INGO/16997": 2386717.18,
  "XM-OCHA-CBPF-DRC-20/HCG10/SA1/WaSH-NFI/NGO/16888": 3000000.22,
  "XM-OCHA-CBPF-DRC-20/HCG10/SA1/WaSH-PROT/UN/16841": 2053765.1,
  "XM-OCHA-CBPF-DRC-20/HCG10/SA1/WaSH/INGO/16824": 649100.21,
  "XM-OCHA-CBPF-DRC-20/HCG10/SA1/WaSH/INGO/17024": 1532122.0,
  "XM-OCHA-CBPF-DRC-20/HCG10/SA1/WaSH/NGO/16692": 1141000.38,
  "XM-OCHA-CBPF-DRC-20/HCG10/SA1/WaSH/NGO/16706": 600000.0,
  "XM-OCHA-CBPF-DRC-20/HCG10/SA1/WaSH/NGO/16743": 1258125.48,
  "XM-OCHA-CBPF-DRC-20/HCG10/SA1/WaSH/NGO/16766": 1165120.64,
  "XM-OCHA-CBPF-DRC-20/HCG10/SA1/WaSH/NGO/16859": 987615.64
}