{
  "GB-CHC-1001349-GPAF-023": {
    "spuk-activities.xml": 1183776.2649383566
  },
  "GB-CHC-1001349-GPAF-093": {
    "spuk-activities.xml": 1104512.822465854
  },
  "GB-CHC-1001349-UKAM-203559-143": {
    "spuk-activities.xml": 746296.543628698
  }
}