{
  "GH-DSW-5574-WAF-P1928": 3359874.3880010196,
  "GH-DSW-5574-WAF-P1933": 3880198.9508326612
}