{
  "XI-IATI-EC_FPI-2010/22494/0": 19303651.827086475,
  "XI-IATI-EC_FPI-2010/247-227": 11149293.931354113,
  "XI-IATI-EC_FPI-2010/255-815": 3875772.3896940486,
  "XI-IATI-EC_FPI-2011/23333/0": 23836819.091644518,
  "XI-IATI-EC_FPI-2011/260-858": 483123.3873534581,
  "XI-IATI-EC_FPI-2011/276-303": 1946544.0352839679,
  "XI-IATI-EC_FPI-2011/276-306": 1497367.978210933,
  "XI-IATI-EC_FPI-2011/277-647": 1445705.0863734675,
  "XI-IATI-EC_FPI-2011/278-940": 2353676.3634647876,
  "XI-IATI-EC_FPI-2011/279-016": 3827380.9429550935,
  "XI-IATI-EC_FPI-2011/279-701": 1879579.9675768334,
  "XI-IATI-EC_FPI-2012/276-227": 5134873.680864846,
  "XI-IATI-EC_FPI-2012/299-208": 820956.8671234858,
  "XI-IATI-EC_FPI-2014/348-591": 1014477.4460064069,
  "XI-IATI-EC_FPI-2014/349-416": 1949740.9368569348,
  "XI-IATI-EC_FPI-2014/350-417": 3944796.9468985344,
  "XI-IATI-EC_FPI-2014/37613/0": 17229695.032107707,
  "XI-IATI-EC_FPI-2015/352-013": 265622.232540064,
  "XI-IATI-EC_FPI-2015/353-251": 2656222.3254006403,
  "XI-IATI-EC_FPI-2015/353-446": 3589452.8366510877,
  "XI-IATI-EC_FPI-2015/356-515": 1832478.6421808817,
  "XI-IATI-EC_FPI-2015/370-350": 1010935.2141621457,
  "XI-IATI-EC_FPI-2017/40760/0": 4110090.5942714307,
  "XI-IATI-EC_FPI-2018/395-475": 1060189.8634887289,
  "XI-IATI-EC_FPI-2018/396-370": 632876.1132334679,
  "XI-IATI-EC_FPI-2018/396-833": 1190903.99848175,
  "XI-IATI-EC_FPI-2018/399-655": 464838.90694511204,
  "XI-IATI-EC_FPI-2018/400-570": 8940.711536182285,
  "XI-IATI-EC_FPI-2019/410-710": 1001917.7643629826,
  "XI-IATI-EC_FPI-2019/410-913": 5269311.584570263,
  "XI-IATI-EC_FPI-2019/412-006": 970985.2850792179,
  "XI-IATI-EC_FPI-2019/412-155": 922618.9030604719,
  "XI-IATI-EC_FPI-2019/412-301": 1852993.112038858,
  "XI-IATI-EC_FPI-2019/42320/0": 14609216.149147708,
  "XI-IATI-EC_FPI-2019/42396/0": 2642419.7176444912,
  "XI-IATI-EC_FPI-2020/414-727": 1185113.8588079487,
  "XI-IATI-EC_FPI-2020/415-083": 861659.0124069877,
  "XI-IATI-EC_FPI-2020/417-580": 1544013.1632646048,
  "XI-IATI-EC_FPI-2020/42880/0": 2324194.5347255603,
  "XI-IATI-EC_FPI-2021/426-402": 1792950.0696454323,
  "XI-IATI-EC_FPI-2021/426-418": 1530590.1695220906,
  "XI-IATI-EC_FPI-2021/426-488": 2018430.7665051254,
  "XI-IATI-EC_FPI-2021/430-153": 1319724.1407078677,
  "XI-IATI-EC_FPI-2021/43339/0": 6640555.813501601,
  "XI-IATI-EC_FPI-2021/43606/0": 9296778.138902241,
  "XI-IATI-EC_FPI-2022/430-613": 1955024.6544632867
}