{
  "ES-DIR3-E04585801-009-000193": 400904.59762616846,
  "ES-DIR3-E04585801-009-000775": 2146.983323273419,
  "ES-DIR3-E04585801-009-000875": 111362.24902650595,
  "ES-DIR3-E04585801-009-001105": 1670205.328978474,
  "ES-DIR3-E04585801-009-001225": 1799643.3779152788,
  "ES-DIR3-E04585801-009-001351": 333027.85781103774,
  "ES-DIR3-E04585801-009-001375": 935600.0519930389,
  "ES-DIR3-E04585801-009-001499": 398536.33723748307,
  "ES-DIR3-E04585801-009-001535": 426947.38812856143,
  "ES-DIR3-E04585801-009-001571": 333239.41850807675,
  "ES-DIR3-E04585801-009-001669": 2784.059705737281,
  "ES-DIR3-E04585801-009-001837": 536084.2268698834,
  "ES-DIR3-E04585801-009-002253": 300629.92205895536,
  "ES-DIR3-E04585801-009-002281": 195792.61808359175,
  "ES-DIR3-E04585801-009-003751": 28536.61198380713,
  "ES-DIR3-E04585801-009-003787": 27214.183623581925,
  "ES-DIR3-E04585801-009-003817": 77611.78922877934,
  "ES-DIR3-E04585801-009-004607": 53662.75082808609,
  "ES-DIR3-E04585801-009-004661": 68592.27100010226,
  "ES-DIR3-E04585801-009-005761": 308278.9312162891,
  "ES-DIR3-E04585801-009-005913": 48668.442591966275,
  "ES-DIR3-E04585801-009-006433": 250471.0030465406,
  "ES-DIR3-E04585801-009-006499": 506876.2421652608,
  "ES-DIR3-E04585801-009-006511": 457270.1388952228,
  "ES-DIR3-E04585801-009-006953": 463584.36134467367,
  "ES-DIR3-E04585801-009-007217": 115602.00140609566,
  "ES-DIR3-E04585801-009-007223": 77068.00093739711,
  "ES-DIR3-E04585801-009-007291": 130603.88804338069,
  "ES-DIR3-E04585801-009-027907": 50113.07470327106,
  "ES-DIR3-E04585801-009-027909": 5265839.363307718,
  "ES-DIR3-E04585801-009-027911": 1078507.1451965952,
  "ES-DIR3-E04585801-009-027913": 5568119.411474562,
  "ES-DIR3-E04585801-009-028089": 632761.0899199692,
  "ES-DIR3-E04585801-009-028127": 882279.6569869673,
  "ES-DIR3-E04585801-009-028213": 695625.158075517,
  "ES-DIR3-E04585801-009-028465": 737775.8220203795,
  "ES-DIR3-E04585801-009-028685": 551782.8852965051,
  "ES-DIR3-E04585801-009-029513": 164249.22161758837,
  "ES-DIR3-E04585801-009-029531": 696014.9264343203,
  "ES-DIR3-E04585801-009-030179": 57098.55891093647,
  "ES-DIR3-E04585801-009-030195": 116373.69569981835,
  "ES-DIR3-E04585801-009-030311": 348007.46321716014,
  "ES-DIR3-E04585801-009-030585": 412135.4944791127,
  "ES-DIR3-E04585801-009-030599": 21158.853763603336,
  "ES-DIR3-E04585801-009-030637": 16704.358234423686,
  "ES-DIR3-E04585801-009-030729": 184933.95001330462,
  "ES-DIR3-E04585801-009-031043": 510410.9228513373,
  "ES-DIR3-E04585801-009-031097": 30067.844821962637,
  "ES-DIR3-E04585801-009-031961": 8352.179117211843,
  "ES-DIR3-E04585801-009-032023": 6525.27913830704,
  "ES-DIR3-E04585801-009-032233": 686.437761046584,
  "ES-DIR3-E04585801-009-032237": 66427.10776695037,
  "ES-DIR3-E04585801-009-032659": 40090.45976261685,
  "ES-DIR3-E04585801-009-032885": 280542.73639788147,
  "ES-DIR3-E04585801-009-033357": 11136.238822949124,
  "ES-DIR3-E04585801-009-034063": 19488.41794016097,
  "ES-DIR3-E04585801-009-034547": 473173.21946769685,
  "ES-DIR3-E04585801-009-034671": 37879.91635626145,
  "ES-DIR3-E04585801-009-034695": 6681.743293769475,
  "ES-DIR3-E04585801-009-034893": 459813.90896971646,
  "ES-DIR3-E04585801-009-035471": 10022.614940654212,
  "ES-DIR3-E04585801-009-035723": 263771.5607305201,
  "ES-DIR3-E04585801-009-035783": 417607.5638307393,
  "ES-DIR3-E04585801-009-035837": 22272.47764589825,
  "ES-DIR3-E04585801-009-036003": 30067.844821962637,
  "ES-DIR3-E04585801-009-036127": 26832.433356731224,
  "ES-DIR3-E04585801-009-036201": 835217.9117211844,
  "ES-DIR3-E04585801-009-036255": 10562.973088940762,
  "ES-DIR3-E04585801-009-036323": 76561.64190777524,
  "ES-DIR3-E04585801-009-036523": 13920.298528686406,
  "ES-DIR3-E04585801-009-036613": 92569.9852157646,
  "ES-DIR3-E04585801-009-036621": 139202.98528686404,
  "ES-DIR3-E04585801-009-036989": 533219.8192010385,
  "ES-DIR3-E04585801-009-037107": 63699.28606726899,
  "ES-DIR3-E04585801-009-037295": 18344.22508229706,
  "ES-DIR3-E04585801-009-037379": 38698.65263452467,
  "ES-DIR3-E04585801-009-037741": 46521.637682869965,
  "ES-DIR3-E04585801-009-037919": 394401.0341535662,
  "ES-DIR3-E04585801-009-038293": 55681.194114745624,
  "ES-DIR3-E04585801-009-038593": 1288.3236288299267,
  "ES-DIR3-E04585801-009-039571": 49055.132015090894,
  "ES-DIR3-E04585801-009-039603": 33350.78018637098,
  "ES-DIR3-E04585801-009-040283": 83521.79117211844,
  "ES-DIR3-E04585801-009-042229": 111362.38822949125,
  "ES-DIR3-E04585801-009-042559": 91873.97028933027,
  "ES-DIR3-E04585801-009-042583": 34473.59146569482,
  "ES-DIR3-E04585801-009-042699": 278405.9705737281,
  "ES-DIR3-E04585801-009-043599": 69350.92726991567,
  "ES-DIR3-E04585801-009-043907": 10022.614940654212,
  "ES-DIR3-E04585801-009-044255": 696014.9264343203,
  "ES-DIR3-E04585801-009-045285": 277013.94072085945,
  "ES-DIR3-E04585801-009-045549": 28327.807505876834,
  "ES-DIR3-E04585801-009-046067": 5105.6870943516005,
  "ES-DIR3-E04585801-009-046113": 953131.1924382754,
  "ES-DIR3-E04585801-009-046341": 61249.31352622018,
  "ES-DIR3-E04585801-009-046419": 2784059.705737281,
  "ES-DIR3-E04585801-009-046789": 318855.67148047476,
  "ES-DIR3-E04585801-009-046995": 261207.77608676138,
  "ES-DIR3-E04585801-009-047425": 138700.0262777093,
  "ES-DIR3-E04585801-009-047839": 374130.6369435505,
  "ES-DIR3-E04585801-009-048459": 616544.0074991769,
  "ES-DIR3-E04585801-009-048511": 52149.65557297579,
  "ES-DIR3-E04585801-009-049375": 51378.66729159807,
  "ES-DIR3-E04585801-009-049477": 314829.54012401606,
  "ES-DIR3-E04585801-009-049949": 1609.1798595728515,
  "ES-DIR3-E04585801-009-049971": 3596.506710411865,
  "ES-DIR3-E04585801-009-050399": 25625.110311684537,
  "ES-DIR3-E04585801-009-052489": 357081.7376766066,
  "ES-DIR3-E04585801-009-052605": 52491.01543846117,
  "ES-DIR3-E04585801-009-053199": 49516.19060227764,
  "ES-DIR3-E04585801-009-053291": 1036666.9332239024,
  "ES-DIR3-E04585801-009-053413": 2347898.4844914014,
  "ES-DIR3-E04585801-009-053457": 1125120.2798524487,
  "ES-DIR3-E04585801-009-053559": 1953673.8237630166,
  "ES-DIR3-E04585801-009-053561": 1515670.685102143,
  "ES-DIR3-E04585801-009-053787": 642233.3411449759,
  "ES-DIR3-E04585801-009-053789": 385340.0046869855,
  "ES-DIR3-E04585801-009-053795": 1284466.6822899517,
  "ES-DIR3-E04585801-009-053917": 1311183.5892815827,
  "ES-DIR3-E04585801-009-054173": 642233.3411449759,
  "ES-DIR3-E04585801-009-054223": 1926700.0234349277,
  "ES-DIR3-E04585801-009-054225": 1284466.6822899517,
  "ES-DIR3-E04585801-009-054339": 2055146.6916639227,
  "ES-DIR3-E04585801-009-054341": 1027573.3458319614,
  "ES-DIR3-E04585801-009-054381": 1926700.0234349277,
  "ES-DIR3-E04585801-009-055809": 294217.4592246395,
  "ES-DIR3-E04585801-009-055833": 258864.99281530542,
  "ES-DIR3-E04585801-009-055841": 363925.3761598474,
  "ES-DIR3-E04585801-009-055845": 385338.7202203032,
  "ES-DIR3-E04585801-009-058435": 152789.88079175435,
  "ES-DIR3-E04585801-009-058547": 89912.66776029662,
  "ES-DIR3-E04585801-009-058549": 77068.00093739711,
  "ES-DIR3-E04585801-009-058745": 17982.533552059325,
  "ES-DIR3-E04585801-009-058751": 5656.2004141310945,
  "ES-DIR3-E04585801-009-058841": 128446.66822899517,
  "ES-DIR3-E04585801-009-058953": 8991.266776029663,
  "ES-DIR3-E04585801-009-059157": 51378.66729159807,
  "ES-DIR3-E04585801-009-059349": 25339.39354287596,
  "ES-DIR3-E04585801-009-059491": 30886.28584234418,
  "ES-DIR3-E04585801-009-059569": 6422.333411449758,
  "ES-DIR3-E04585801-009-059629": 51378.66729159807,
  "ES-DIR3-E04585801-009-059687": 102757.33458319613,
  "ES-DIR3-E04585801-009-060113": 38710.99241605804,
  "ES-DIR3-E04585801-009-060557": 7727.35156065635,
  "ES-DIR3-E04585801-009-060633": 46240.800562438264,
  "ES-DIR3-E04585801-009-060919": 203115.16668506566,
  "ES-DIR3-E04585801-009-060947": 19879.818576967977,
  "ES-DIR3-E04585801-009-060953": 38494.143467547095,
  "ES-DIR3-E04585801-009-061035": 5137.866729159807,