{
  "AU-5-INI116-MG": 119957.3719488795,
  "AU-5-INI251-MG": 57325.24453576314,
  "AU-5-INI882-MG": 176394.77401732348,
  "AU-5-INI916-MG": 406633.08899719006,
  "AU-5-INI978-MG": 2053338.171328767,
  "AU-5-INJ018-MG": 1941316.8617929933,
  "AU-5-INJ213-MG": 754756.855416785,
  "AU-5-INJ269-MG": 4085.062895561462,
  "AU-5-INJ344-MG": 637234.2563436774,
  "AU-5-INJ482-MG": 766076.2188681621,
  "AU-5-INJ522-MG": 125884.40333888071,
  "AU-5-INJ540-MG": 474839.56864812726,
  "AU-5-INK048-MG": 356215.38386126317,
  "AU-5-INK058-MG": 137736.72354122542,
  "AU-5-INK235-MG": 496867.81731205294,
  "AU-5-INK573-MG": 488869.1929507027,
  "AU-5-INK680-MG": 175389.63353312775,
  "AU-5-INK903-MG": 2754.9108527491203,
  "AU-5-INL021-MG": 298689.45687031624,
  "AU-5-INL144-MG": 173729.82470576657,
  "AU-5-INL149-MG": 741952.6093578679,
  "AU-5-INL420-MG": 13933.217459134818,
  "AU-5-INL471-MG": 423414.947151599,
  "AU-5-INL793-MG": 366859.9841325061,
  "AU-5-INL801-MG": 362438.52902239055,
  "AU-5-INL907-MG": 169214.18007561544,
  "AU-5-INL966-MG": 734.655640110945,
  "AU-5-INM014-MG": 27891.67462124277,
  "AU-5-INM056-MG": 412203.1105237463,
  "AU-5-INM061-MG": 119047.56616261616,
  "AU-5-INM079-MG": 13999.02097045764,
  "AU-5-INM083-MG": 885608.895085496,
  "AU-5-INM162-MG": 137558.184039522,
  "AU-5-INM256-MG": 99428.20419081896,
  "AU-5-INM308-MG": 1175283.16327226,
  "AU-5-INM339-MG": 190563.36311903584,
  "AU-5-INM544-MG": 216340.3111983151,
  "AU-5-INM588-MG": 410698.6439429547,
  "AU-5-INM608-MG": 367500.8923044311,
  "AU-5-O16906-MG": 116682155.28505158,
  "AU-5-O16909-MG": 103261.03337088245,
  "AU-5-O16910-MG": 139139.27114719636,
  "AU-5-O16912-MG": 33806.77929659004,
  "AU-5-O16913-MG": 84729.68288082011
}