{
  "DK-CVR-25191501-DK-CVR-25191501-P19-004EG": 525425.865710744,
  "DK-CVR-25191501-DK-CVR-25191501-P20-007EG": 315884.78369205864,
  "DK-CVR-25191501-P18-004TA": 1323723.1945313727,
  "DK-CVR-25191501-P18-005SY": 425689.8841024565,
  "DK-CVR-25191501-P18-006CA": 184924.79115490557,
  "DK-CVR-25191501-P18-007CA": 65624.08763310536,
  "DK-CVR-25191501-P18-008CA": 43228.47802142096,
  "DK-CVR-25191501-P18-016CA": 64997.138803511516,
  "DK-CVR-25191501-P18-017CA": 212472.7802388884,
  "DK-CVR-25191501-P18-024MY": 305489.01030089287,
  "DK-CVR-25191501-P18-025MY": 276071.21757683164,
  "DK-CVR-25191501-P18-026MY": 286757.8453539993,
  "DK-CVR-25191501-P18-029MY": 239963.0615328745,
  "DK-CVR-25191501-P18-032EG": 440463.0783416131,
  "DK-CVR-25191501-P18-037TA": 58776.452774422214,
  "DK-CVR-25191501-P18-039SY": 126423.1628248195,
  "DK-CVR-25191501-P18-040CA": 110278.16180000048,
  "DK-CVR-25191501-P19-002CA": 65836.03908401918,
  "DK-CVR-25191501-P19-004EG": 525425.865710744,
  "DK-CVR-25191501-P20-004LI": 146951.10612198088,
  "DK-CVR-25191501-P20-007EG": 526510.0240987376,
  "DK-CVR-25191501-P20-013ZA": 8905.52314763973,
  "DK-CVR-25191501-p18-032EG": 440463.0783416131
}