{
  "BE-BCE_KBO-0264814354-2478MRT": {
    "enabel-contractors.xml": 20215.18000746157
  },
  "BE-BCE_KBO-0264814354-2508MOZ": {
    "enabel-contractors.xml": 2288776.466238668
  },
  "BE-BCE_KBO-0264814354-2562NER": {
    "enabel-contractors.xml": 18288.236802611307
  },
  "BE-BCE_KBO-0264814354-2854BFA": {
    "enabel-contractors.xml": 170019.47860424418
  },
  "BE-BCE_KBO-0264814354-BDI1006811": {
    "enabel-all-activities.xml": 1637865.2010657531,
    "enabel-contractors.xml": 288896.05255522445
  },
  "BE-BCE_KBO-0264814354-BDI1088811": {
    "enabel-contractors.xml": 687512.6807057732
  },
  "BE-BCE_KBO-0264814354-BDI1307811": {
    "enabel-all-activities.xml": 202434.6877522709,
    "enabel-contractors.xml": 587763.5637200029
  },
  "BE-BCE_KBO-0264814354-BDI1307911": {
    "enabel-all-activities.xml": 2533071.8897280903,
    "enabel-contractors.xml": 2339425.5260371934
  },
  "BE-BCE_KBO-0264814354-BDI1308211": {
    "enabel-all-activities.xml": 3726670.6257589594,
    "enabel-contractors.xml": 416127.18946184084
  },
  "BE-BCE_KBO-0264814354-BDI180971T": {
    "enabel-all-activities.xml": 163762.74691676296,
    "enabel-contractors.xml": 1391825.8480897008
  },
  "BE-BCE_KBO-0264814354-BDI180981T": {
    "enabel-all-activities.xml": 816451.024825371,
    "enabel-contractors.xml": 415711.43754346913
  },
  "BE-BCE_KBO-0264814354-BEL160611T": {
    "enabel-all-activities.xml": 5004354.735722711
  },
  "BE-BCE_KBO-0264814354-BEL1707111": {
    "enabel-all-activities.xml": 8016022.107819164,
    "enabel-contractors.xml": 1689124.9795013347
  },
  "BE-BCE_KBO-0264814354-BEL1806811": {
    "enabel-all-activities.xml": 1005710.8498436548,
    "enabel-contractors.xml": 3011051.1285169595
  },
  "BE-BCE_KBO-0264814354-BEL2000611SP3": {
    "enabel-contractors.xml": 226146.78445112242
  },
  "BE-BCE_KBO-0264814354-BEN1302811": {
    "enabel-contractors.xml": 359258.16009281774
  },
  "BE-BCE_KBO-0264814354-BEN170311T": {
    "enabel-all-activities.xml": 1982131.5361051166,
    "enabel-contractors.xml": 286016.8403656064
  },
  "BE-BCE_KBO-0264814354-BEN170321T": {
    "enabel-contractors.xml": 141443.83882758408
  },
  "BE-BCE_KBO-0264814354-BEN1803811": {
    "enabel-all-activities.xml": 599725.8609624447,
    "enabel-contractors.xml": 1687182.2583358714
  },
  "BE-BCE_KBO-0264814354-BKF1602611": {
    "enabel-all-activities.xml": 8780421.799955985,
    "enabel-contractors.xml": 19841.980770742783
  },
  "BE-BCE_KBO-0264814354-BKF1803011": {
    "enabel-all-activities.xml": 1075922.7745709699,
    "enabel-contractors.xml": 2057352.9367647977
  },
  "BE-BCE_KBO-0264814354-BKF1803111": {
    "enabel-all-activities.xml": 227110.99315524285,
    "enabel-contractors.xml": 1604740.7141512863
  },
  "BE-BCE_KBO-0264814354-BKF1803211": {
    "enabel-all-activities.xml": 11734171.572358238,
    "enabel-contractors.xml": 4780102.42215851
  },
  "BE-BCE_KBO-0264814354-BKF1803311": {
    "enabel-all-activities.xml": 1035509.6800011618,
    "enabel-contractors.xml": 351409.42155460763
  },
  "BE-BCE_KBO-0264814354-CAF180021T": {
    "enabel-all-activities.xml": 263158.58633325493
  },
  "BE-BCE_KBO-0264814354-GIN170091T": {
    "enabel-all-activities.xml": 5996213.386139401,
    "enabel-contractors.xml": 2198332.0562154413
  },
  "BE-BCE_KBO-0264814354-GIN170111T": {
    "enabel-all-activities.xml": 5686439.426106528,
    "enabel-contractors.xml": 16534984.865453465
  },
  "BE-BCE_KBO-0264814354-GIN1701311": {
    "enabel-all-activities.xml": 470354.5526038065,
    "enabel-contractors.xml": 254765.95971169582
  },
  "BE-BCE_KBO-0264814354-GIN1701411": {
    "enabel-all-activities.xml": 3433528.601816582,
    "enabel-contractors.xml": 5252916.596792304
  },
  "BE-BCE_KBO-0264814354-GIN1701511": {
    "enabel-all-activities.xml": 1362341.8998077582,
    "enabel-contractors.xml": 2449531.506210822
  },
  "BE-BCE_KBO-0264814354-GMB170011T": {
    "enabel-all-activities.xml": 796866.6976201921
  },
  "BE-BCE_KBO-0264814354-GNB180011T": {
    "enabel-contractors.xml": 680611.257297694
  },
  "BE-BCE_KBO-0264814354-JOR180011T": {
    "enabel-contractors.xml": 3037252.3180324975
  },
  "BE-BCE_KBO-0264814354-MIE160021T": {
    "enabel-all-activities.xml": 1653487.772672597,
    "enabel-contractors.xml": 751474.3416469694
  },
  "BE-BCE_KBO-0264814354-MIE170031T": {
    "enabel-all-activities.xml": 4728893.855689364,
    "enabel-contractors.xml": 7951346.268381337
  },
  "BE-BCE_KBO-0264814354-MLI150441T": {
    "enabel-all-activities.xml": 3396451.722487477,
    "enabel-contractors.xml": 14444385.149298338
  },
  "BE-BCE_KBO-0264814354-MLI1604711": {
    "enabel-all-activities.xml": 1391628.079056463,
    "enabel-contractors.xml": 180216.71611145724
  },
  "BE-BCE_KBO-0264814354-MLI1604811": {
    "enabel-all-activities.xml": 2352407.600154803,
    "enabel-contractors.xml": 1815596.9415051283
  },
  "BE-BCE_KBO-0264814354-MLI1604911": {
    "enabel-all-activities.xml": 4822246.789315568,
    "enabel-contractors.xml": 570848.7399518517
  },
  "BE-BCE_KBO-0264814354-MLI170521T": {
    "enabel-all-activities.xml": 1889457.2672830508,
    "enabel-contractors.xml": 1543048.0248826705
  },
  "BE-BCE_KBO-0264814354-MLI1805311": {
    "enabel-all-activities.xml": 302648.64364498627,
    "enabel-contractors.xml": 142091758.65517414
  },
  "BE-BCE_KBO-0264814354-MOR1204311": {
    "enabel-all-activities.xml": 744260.2144656325
  },
  "BE-BCE_KBO-0264814354-MOR1404711": {
    "enabel-all-activities.xml": 1924726.5873197208,
    "enabel-contractors.xml": 123637.87903148416
  },
  "BE-BCE_KBO-0264814354-MOR1605111": {
    "enabel-all-activities.xml": 3864803.483457932
  },
  "BE-BCE_KBO-0264814354-MOR1605211": {
    "enabel-all-activities.xml": 1188768.395732128,
    "enabel-contractors.xml": 455431.89557970566
  },
  "BE-BCE_KBO-0264814354-MOR1605311": {
    "enabel-all-activities.xml": 712029.612769221
  },
  "BE-BCE_KBO-0264814354-MOR1688811": {
    "enabel-all-activities.xml": 1277.642938517708,
    "enabel-contractors.xml": 192569.6108468492
  },
  "BE-BCE_KBO-0264814354-MOR170571T": {
    "enabel-all-activities.xml": 1035168.3554323479,
    "enabel-contractors.xml": 462979.43178732693
  },
  "BE-BCE_KBO-0264814354-MOR180601T": {
    "enabel-contractors.xml": 402184.9042547105
  },
  "BE-BCE_KBO-0264814354-MOZ1302611": {
    "enabel-contractors.xml": 33269.18462564302
  },
  "BE-BCE_KBO-0264814354-MOZ1403011": {
    "enabel-contractors.xml": 9178361.582814686
  },
  "BE-BCE_KBO-0264814354-MOZ1503411": {
    "enabel-all-activities.xml": 202032.2700699727,
    "enabel-contractors.xml": 13069140.051894926
  },
  "BE-BCE_KBO-0264814354-MOZ160551T": {
    "enabel-all-activities.xml": 142518.28075820865
  },
  "BE-BCE_KBO-0264814354-MOZ170571T": {
    "enabel-all-activities.xml": 30679.367858377394,
    "enabel-contractors.xml": 4094446.9588215463
  },
  "BE-BCE_KBO-0264814354-NER1606811": {
    "enabel-all-activities.xml": 9520432.058700975,
    "enabel-contractors.xml": 1534385.0745150554
  },
  "BE-BCE_KBO-0264814354-NER1606911": {
    "enabel-all-activities.xml": 5158103.524472714,
    "enabel-contractors.xml": 1686424.610760886
  },
  "BE-BCE_KBO-0264814354-NER1607011": {
    "enabel-all-activities.xml": 105308.59031283378,
    "enabel-contractors.xml": 168032.35868261196
  },
  "BE-BCE_KBO-0264814354-NER170721T": {
    "enabel-all-activities.xml": 116835.26709390986,
    "enabel-contractors.xml": 564269.8084962993
  },
  "BE-BCE_KBO-0264814354-NER2000411": {
    "enabel-contractors.xml": 1073152.8393678188
  },
  "BE-BCE_KBO-0264814354-PZA1203211": {
    "enabel-contractors.xml": 3491872.2728528865
  },
  "BE-BCE_KBO-0264814354-PZA1303311": {
    "enabel-contractors.xml": 53084.6031731318
  },
  "BE-BCE_KBO-0264814354-PZA170371T": {
    "enabel-contractors.xml": 134823.204681523
  },
  "BE-BCE_KBO-0264814354-PZA170391T": {
    "enabel-all-activities.xml": 1231902.7900743089
  },
  "BE-BCE_KBO-0264814354-PZA170421T": {
    "enabel-all-activities.xml": 1305051.1685823544,