{
  "GB-COH-3799145-781-213227XR": 1903794.0389237998,
  "GB-COH-3799145-781-229822XR": 167081.08550990635
}