{
  "XM-DAC-6-4-010925-01-4": 1823205.5044206756,
  "XM-DAC-6-4-011544-01-3": 1328111.1627003201,
  "XM-DAC-6-4-011545-01-5": 1328111.1627003201,
  "XM-DAC-6-4-012221-01-0": 1328111.1627003201,
  "XM-DAC-6-4-012233-01-0": 1328111.1627003201,
  "XM-DAC-6-4-012484-01-0": 1328111.1627003201
}