{
  "XM-DAC-61-2-2016000050": 225778.89765905443,
  "XM-DAC-61-2-2019000103": 79686.66976201921
}