{
  "XM-DAC-6-4-000252-10-3": -3489.8785653372424,
  "XM-DAC-6-4-000252-12-5": -80021.18194250952,
  "XM-DAC-6-4-000253-03-5": -156064.88567681515,
  "XM-DAC-6-4-000258-01-6": -16215.18902804308,
  "XM-DAC-6-4-000258-02-0": -7980.330781388208,
  "XM-DAC-6-4-000258-03-1": -520994.96418242954,
  "XM-DAC-6-4-000262-01-0": -4828.768225784297,
  "XM-DAC-6-4-000263-01-2": -2590.25768922352,
  "XM-DAC-6-4-000265-01-6": -7970.579585631345,
  "XM-DAC-6-4-000265-02-0": -912138.9005990517,
  "XM-DAC-6-4-000266-01-1": -3915.902196850967,
  "XM-DAC-6-4-000266-02-2": -140416.30223328187,
  "XM-DAC-6-4-000268-02-6": -41.36951442352927,
  "XM-DAC-6-4-000268-03-0": -22531.081031788155,
  "XM-DAC-6-4-000272-01-6": -154155.98946985044,
  "XM-DAC-6-4-000278-02-5": -2171410.286821463,
  "XM-DAC-6-4-000278-03-6": -85592.63524675656,
  "XM-DAC-6-4-000287-31-3": -274.4682620392147,
  "XM-DAC-6-4-000430-02-1": -36387.49034726654,
  "XM-DAC-6-4-000619-02-1": -1451.7059470509753,
  "XM-DAC-6-4-000619-03-2": -101.39117985882316,
  "XM-DAC-6-4-000750-02-4": -403229.38776157115,
  "XM-DAC-6-4-000808-04-3": -136275.8036938348,
  "XM-DAC-6-4-000808-05-4": -1931396.587380495,
  "XM-DAC-6-4-000848-01-3": -175500.74587126213,
  "XM-DAC-6-4-000848-02-4": -21195569.934825722,
  "XM-DAC-6-4-000848-03-5": -65866.88289616448,
  "XM-DAC-6-4-000927-01-0": -52550.3497294155,
  "XM-DAC-6-4-000981-05-0": -13454.750388348974,
  "XM-DAC-6-4-001151-02-1": -93240.77440702713,
  "XM-DAC-6-4-001457-01-3": -49991.97605901551,
  "XM-DAC-6-4-001457-02-4": -113631.68053030942,
  "XM-DAC-6-4-001461-01-4": -91103.62848030949,
  "XM-DAC-6-4-001771-01-1": -41260.00610387829,
  "XM-DAC-6-4-001806-05-5": -3659367.951439548,
  "XM-DAC-6-4-001806-16-2": -747198.8321761972,
  "XM-DAC-6-4-001806-32-4": 1555694.581912658,
  "XM-DAC-6-4-001806-36-1": -25279.76243954109,
  "XM-DAC-6-4-001919-09-4": -305114.848807195,
  "XM-DAC-6-4-001929-01-2": -34700.18807112537,
  "XM-DAC-6-4-002236-01-0": -2245.2991755686194,
  "XM-DAC-6-4-002275-01-1": -110944.54856389372,
  "XM-DAC-6-4-002277-01-5": -2940483.9908108315,
  "XM-DAC-6-4-002456-01-6": -12786.780193996034,
  "XM-DAC-6-4-002660-01-1": -1533.11647511372,
  "XM-DAC-6-4-002803-02-1": 111082.32065632661,
  "XM-DAC-6-4-004407-04-5": -12246.439069992113,
  "XM-DAC-6-4-004412-05-2": -13.7101280941176,
  "XM-DAC-6-4-008568-01-1": 1059171.3591366736,
  "XM-DAC-6-4-008568-04-4": 77940.08546388209,
  "XM-DAC-6-4-008568-05-5": 5396991.924249393,
  "XM-DAC-6-4-008568-05-9": 1381640.8156862697,
  "XM-DAC-6-4-008851-02-1": 588337.4595939766,
  "XM-DAC-6-4-009713-03-4": 1421381.5881482305,
  "XM-DAC-6-4-009989-01-1": 838283.9949019579,
  "XM-DAC-6-4-010174-01-0": 3961199.3159623514,
  "XM-DAC-6-4-010611-01-6": 9299505.490196045,
  "XM-DAC-6-4-010684-04-1": 263965.3606835638,
  "XM-DAC-6-4-010699-01-0": 2643716.5607843045,
  "XM-DAC-6-4-010699-02-1": 2643716.5607843045,
  "XM-DAC-6-4-010699-03-2": 5314003.137254884,
  "XM-DAC-6-4-010699-04-3": 983090.5803921535,
  "XM-DAC-6-4-010699-05-4": 2657001.568627442,
  "XM-DAC-6-4-010699-06-5": 12400226.32078427,
  "XM-DAC-6-4-010699-07-6": 1993391.5138486205,
  "XM-DAC-6-4-010790-01-0": 2657001.568627442,
  "XM-DAC-6-4-010826-01-2": 1062800.6274509768,
  "XM-DAC-6-4-010979-01-0": 9299505.490196045,
  "XM-DAC-6-4-011032-01-1": 1328500.784313721,
  "XM-DAC-6-4-011053-01-1": 1667029.3541725432,
  "XM-DAC-6-4-011053-02-2": 3646973.7830823404,
  "XM-DAC-6-4-011065-01-4": 4782602.823529395,
  "XM-DAC-6-4-011075-01-3": 6642503.921568604,
  "XM-DAC-6-4-011075-02-4": 5314003.137254884,
  "XM-DAC-6-4-011077-01-0": 3985502.3529411624,
  "XM-DAC-6-4-011078-01-2": 2577291.5215686187,
  "XM-DAC-6-4-011079-01-4": 1766906.0431372488,
  "XM-DAC-6-4-011079-02-5": 1588095.1515717593,
  "XM-DAC-6-4-011123-01-1": 2657001.568627442,
  "XM-DAC-6-4-011176-01-2": 2657001.568627442,
  "XM-DAC-6-4-011181-01-5": 5314003.137254884,
  "XM-DAC-6-4-011248-01-6": 5314003.137254884,
  "XM-DAC-6-4-011261-01-4": 7971004.705882325,
  "XM-DAC-6-4-011299-01-3": 7971004.705882325,
  "XM-DAC-6-4-011391-01-5": 6495643.47386586,
  "XM-DAC-6-4-011392-01-0": 1084986.590549016,
  "XM-DAC-6-4-011392-02-1": 8747646.264392126,
  "XM-DAC-6-4-011428-01-2": 398550.23529411625,
  "XM-DAC-6-4-011514-01-6": 3635556.2222216967,
  "XM-DAC-6-4-011670-01-3": 7971004.705882325,
  "XM-DAC-6-4-011709-01-4": 7971004.705882325,
  "XM-DAC-6-4-011722-01-2": 7909314.098051729,
  "XM-DAC-6-4-011754-01-3": 5314003.137254884,
  "XM-DAC-6-4-011759-01-6": 664250.3921568604,
  "XM-DAC-6-4-011779-01-4": 2657001.568627442,
  "XM-DAC-6-4-011814-01-4": 6642503.921568604,
  "XM-DAC-6-4-011945-01-0": 1968543.979139256,
  "XM-DAC-6-4-012012-01-1": 531400.3137254884,
  "XM-DAC-6-4-012012-01-2": 531400.3137254884,
  "XM-DAC-6-4-012015-01-0": 2657001.568627442,
  "XM-DAC-6-4-012026-01-1": 7971004.705882325,
  "XM-DAC-6-4-012082-01-1": 7971004.705882325,
  "XM-DAC-6-4-012082-02-2": 212560.12549019535,
  "XM-DAC-6-4-012083-01-3": 5314003.137254884,
  "XM-DAC-6-4-012094-01-4": 1859901.0980392091,
  "XM-DAC-6-4-012099-01-0": 10628006.274509767,
  "XM-DAC-6-4-012099-02-1": 139492.5823529407,
  "XM-DAC-6-4-012137-01-6": 10096605.960784279,
  "XM-DAC-6-4-012191-01-0": 7971004.705882325,
  "XM-DAC-6-4-012191-01-1": 212560.12549019535,
  "XM-DAC-6-4-012211-01-0": 2657001.568627442,
  "XM-DAC-6-4-012229-02-7": 22318.81317647051,
  "XM-DAC-6-4-012229-02-8": 19396.111450980326,
  "XM-DAC-6-4-012255-01-0": 10096605.960784279,
  "XM-DAC-6-4-012257-01-0": 23913014.117646977,
  "XM-DAC-6-4-012263-01-0": 2657001.568627442,
  "XM-DAC-6-4-012327-01-0": 3876419.153541163,
  "XM-DAC-6-4-012327-01-1": 185990.10980392093,
  "XM-DAC-6-4-012448-01-0": 6556147.38508586,
  "XM-DAC-6-4-012466-01-0": 3985502.3529411624,
  "XM-DAC-6-4-012590-03-0": 2749567.252075912
}