{
  "BE-BCE_KBO-0410757386-PROG2017-2021_SDZ14_SEN": {
    "solidagro_admin-activities.xml": 1845300.785152279
  },
  "BE-BCE_KBO-0410757386-PROG2017-2021_SDZ5_BOL": {
    "solidagro_admin-activities.xml": 1984852.9155641594
  },
  "BE-BCE_KBO-0410757386-PROG2017-2021_SDZ6_BF": {
    "solidagro_admin-activities.xml": 3386569.8715380705
  },
  "BE-BCE_KBO-0410757386-PROG2017-2021_SDZ8_PHIL": {
    "solidagro_admin-activities.xml": 4616070.838980194
  },
  "BE-BCE_KBO-0410757386-PROG2017-2021_SDZ9_MALI": {
    "solidagro_admin-activities.xml": 2820013.281398499
  }
}