{
  "XM-DAC-41108-1100000118": 7253.426665096512,
  "XM-DAC-41108-1100001278": 7405740.0889123585,
  "XM-DAC-41108-1100001757": 36100282.590291575,
  "XM-DAC-41108-2000001605": 16856546.63
}