{
  "XM-DAC-41108-1100000004": 45351.54,
  "XM-DAC-41108-1100000088": 708549.1175346534,
  "XM-DAC-41108-1100000241": 11047400.82543576,
  "XM-DAC-41108-1100001070": 29574484.764117572,
  "XM-DAC-41108-1100001171": 63253436.00168994,
  "XM-DAC-41108-1100001275": 32305431.715651844,
  "XM-DAC-41108-1100001532": 26693329.403069567,
  "XM-DAC-41108-2000001782": 17718610.0,
  "XM-DAC-41108-2000002247": 14000000.0,
  "XM-DAC-41108-2000003459": 6000000.0
}