{
  "FI-3-2022-1993933060": 485485.9981188219,
  "FI-3-2022-1995953702": 96397.27898554869,
  "FI-3-2022-1996963018": 15855.32473558818,
  "FI-3-2022-1997973143": 1275.360752941172,
  "FI-3-2022-1997973675": 7112.407933988211,
  "FI-3-2022-1998983055": 21309.15258039208,
  "FI-3-2022-1998983677": 1328500.784313721,
  "FI-3-2022-1998983684": 996375.5882352906,
  "FI-3-2022-1998983701": 110375.16641274471,
  "FI-3-2022-1999993003": 184687.83362508955,
  "FI-3-2022-1999993005": 387.48382376078297,
  "FI-3-2022-1999993008": 8634.019592309773,
  "FI-3-2022-1999993010": 334247.91448663024,
  "FI-3-2022-1999993148": 99717.25558558005,
  "FI-3-2022-1999993693": 3786227.2352941046,
  "FI-3-2022-1999993834": 5314003.137254884,
  "FI-3-2022-1999993927": 3321251.960784302,
  "FI-3-2022-2000003090": 1019601.8737275102,
  "FI-3-2022-2000003102": 9299505.490196045,
  "FI-3-2022-2000003104": 99912.19979067023,
  "FI-3-2022-2001013014": 664250.3921568604,
  "FI-3-2022-2001013701": 54.20283199999981,
  "FI-3-2022-2001013801": 332125.1960784302,
  "FI-3-2022-2001013805": 4450477.627450965,
  "FI-3-2022-2003033017": 10762.875674133296,
  "FI-3-2022-2004043008": 269085.1901461834,
  "FI-3-2022-2005050101": 450.2554858196063,
  "FI-3-2022-2005050134": 61355.08167250959,
  "FI-3-2022-2006060171": 209903.1239215679,
  "FI-3-2022-2006060248": 69862.86712029387,
  "FI-3-2022-2006060331": 2723426.6078431276,
  "FI-3-2022-2006060415": 2657001.568627442,
  "FI-3-2022-2007070021": 182004.60745097976,
  "FI-3-2022-2007070394": 3985502.3529411624,
  "FI-3-2022-2007079029": 10628006.274509767,
  "FI-3-2022-2007999961": 16586849.47751214,
  "FI-3-2022-2009091213": 398550.23529411625,
  "FI-3-2022-2009091361": 398550.23529411625,
  "FI-3-2022-2009091389": 398550.23529411625,
  "FI-3-2022-2010100033": 126175.94290612898,
  "FI-3-2022-2010100057": 1328572.5233560738,
  "FI-3-2022-2010100062": 664250.3921568604,
  "FI-3-2022-2010100214": 1463.9414392745048,
  "FI-3-2022-2010100216": 26004.844882611676,
  "FI-3-2022-2010100256": 5.088158003921551,
  "FI-3-2022-2010100348": 780.5739208313697,
  "FI-3-2022-2010100569": 66.42503921568604,
  "FI-3-2022-2011110039": 92995.05490196047,
  "FI-3-2022-2011110113": 66425.03921568605,
  "FI-3-2022-2012000037": 2417.884712458815,
  "FI-3-2022-2012000124": 30500.07970148617,
  "FI-3-2022-2012000141": 12246.42578498427,
  "FI-3-2022-2012000418": 66425.03921568605,
  "FI-3-2022-2012000442": 263043.15529411676,
  "FI-3-2022-2012122088": 745901.9899719268,
  "FI-3-2022-2013130089": 168971.4966415563,
  "FI-3-2022-2013130090": 106280.06274509768,
  "FI-3-2022-2013130362": 99535.09155803494,
  "FI-3-2022-2013130365": 19927511.764705814,
  "FI-3-2022-2013130366": 67753539.99999976,
  "FI-3-2022-2013130367": 2125601.2549019535,
  "FI-3-2022-2013130369": 23236146.554991253,
  "FI-3-2022-2013130454": 1149111.5432167882,
  "FI-3-2022-2013130478": 1328500.784313721,
  "FI-3-2022-2013130480": 2524151.4901960697,
  "FI-3-2022-2013130481": 1793476.058823523,
  "FI-3-2022-2013130487": 1328500.784313721,
  "FI-3-2022-2014140989": 1306001.2950305836,
  "FI-3-2022-2015150073": 1300736.2870022543,
  "FI-3-2022-2015150097": 112596.93783942313,
  "FI-3-2022-2015150139": 2723426.6078431276,
  "FI-3-2022-2015150159": 206470.0520497679,
  "FI-3-2022-2015150163": 5314003.137254884,
  "FI-3-2022-2015150195": 464975.2745098023,
  "FI-3-2022-2015150248": 11431211.684462205,
  "FI-3-2022-2015150251": 5201.080570588218,
  "FI-3-2022-2015150266": 66425.03921568605,
  "FI-3-2022-2015150281": 23152.76625881561,
  "FI-3-2022-2016160076": 53140.03137254884,
  "FI-3-2022-2016160192": 73067.54313725464,
  "FI-3-2022-2016160220": 132850.0784313721,
  "FI-3-2022-2016160269": 6642503.921568604,
  "FI-3-2022-2016160270": 6642503.921568604,
  "FI-3-2022-2017170083": 53191.57720298021,
  "FI-3-2022-2017170086": 830422.5915107814,
  "FI-3-2022-2017170149": 40448.65081987437,
  "FI-3-2022-2017170259": 132850.0784313721,
  "FI-3-2022-2017170261": 7919.591725529384,
  "FI-3-2022-2017170276": 23448.038843137172,
  "FI-3-2022-2017170278": 396429.61591715546,
  "FI-3-2022-2017170285": 90082.22393729772,
  "FI-3-2022-2018180067": 79710.04705882326,
  "FI-3-2022-2018180068": 99637.55882352906,
  "FI-3-2022-2018180073": 66425.03921568605,
  "FI-3-2022-2018180091": 56466.73018654882,
  "FI-3-2022-2018180119": 627.1852202745076,
  "FI-3-2022-2018180126": 53140.03137254884,
  "FI-3-2022-2018180162": 99637.55882352906,
  "FI-3-2022-2018180163": 159420.0941176465,
  "FI-3-2022-2018180211": 1228133.1080291488,
  "FI-3-2022-2018180218": 531400.3137254884,
  "FI-3-2022-2018180339": 444.72892255686116,
  "FI-3-2022-2018180381": 42512.02509803907,
  "FI-3-2022-2018180491": 245772.64509803837,
  "FI-3-2022-2018180597": 1660625.980392151,
  "FI-3-2022-2018180598": 2152171.270588228,
  "FI-3-2022-2018180668": 531400.3137254884,
  "FI-3-2022-2018180723": 12620757.450980349,
  "FI-3-2022-2018180787": 1910078.5726627384,
  "FI-3-2022-2019000017": 30322.645136733227,
  "FI-3-2022-2019000019": 56461.28333333314,
  "FI-3-2022-2019000022": 3823.837092498026,
  "FI-3-2022-2019000023": 65403.42211254879,
  "FI-3-2022-2019000061": 79710.04705882326,
  "FI-3-2022-2019000095": 67691.10046313702,
  "FI-3-2022-2019000096": 119565.07058823488,
  "FI-3-2022-2019000097": 99637.55882352906,
  "FI-3-2022-2019000099": 58557.65757098019,
  "FI-3-2022-2019000105": 947.3539092941144,
  "FI-3-2022-2019000109": 59782.53529411744,
  "FI-3-2022-2019000110": 49818.77941176453,
  "FI-3-2022-2019000111": 83031.29901960756,
  "FI-3-2022-2019000125": 73067.54313725464,
  "FI-3-2022-2019000129": 10843.22340156859,
  "FI-3-2022-2019000167": 53140.03137254884,
  "FI-3-2022-2019000169": 37477.00712549007,
  "FI-3-2022-2019000181": 42600.78223543907,
  "FI-3-2022-2019000184": 13285.00784313721,
  "FI-3-2022-2019000212": 94323.55568627418,
  "FI-3-2022-2019000213": 92995.05490196047,
  "FI-3-2022-2019000216": 119565.07058823488,
  "FI-3-2022-2019000217": 239130.14117646977,
  "FI-3-2022-2019000218": 119565.07058823488,
  "FI-3-2022-2019000236": 185990.10980392093,
  "FI-3-2022-2019000237": 101630.30999999965,
  "FI-3-2022-2019000246": 199275.11764705813,
  "FI-3-2022-2019000258": 4861561.603394689,
  "FI-3-2022-2019000266": 112922.56666666627,
  "FI-3-2022-2019000267": 64365.86299999978,
  "FI-3-2022-2019000272": 63677.69959372527,
  "FI-3-2022-2019000276": 63677.69959372527,
  "FI-3-2022-2019000279": 172705.1019607837,
  "FI-3-2022-2019000339": 142005.69400161912,
  "FI-3-2022-2019000343": 94142.87957960751,
  "FI-3-2022-2019000344": 46318.179845097875,
  "FI-3-2022-2019000364": 66425.03921568605,
  "FI-3-2022-2019000365": 86352.55098039185,
  "FI-3-2022-2019000368": 106280.06274509768,
  "FI-3-2022-2019000369": 45025.548581960626,
  "FI-3-2022-2019000375": 92995.05490196047,
  "FI-3-2022-2019000376": 112922.56666666627,
  "FI-3-2022-2019000381": 23248.763725490116,
  "FI-3-2022-2019000420": 99637.55882352906,
  "FI-3-2022-2019000421": 112922.56666666627,
  "FI-3-2022-2019000485": 132850.0784313721,
  "FI-3-2022-2019000521": 588977.537717645,
  "FI-3-2022-2019000534": 106280.06274509768,
  "FI-3-2022-2019000535": 131521.57764705838,
  "FI-3-2022-2019000558": 4691.91935999214,
  "FI-3-2022-2019000585": 3985502.3529411624,
  "FI-3-2022-2019000724": 1328500.784313721,
  "FI-3-2022-2019000731": 339684.3655411753,
  "FI-3-2022-2019000733": 3985502.3529411624,
  "FI-3-2022-2019000744": 6323.663733333311,
  "FI-3-2022-2019000745": 199275.11764705813,
  "FI-3-2022-2019000754": 6224.026174509782,
  "FI-3-2022-2019000769": 45651.27245137239,
  "FI-3-2022-2019190050": 2051459.0609102517,
  "FI-3-2022-2019190106": 464975.2745098023,
  "FI-3-2022-2019190107": 5314003.137254884,
  "FI-3-2022-2019190207": 223564.09748666588,
  "FI-3-2022-2019190208": 464975.2745098023,
  "FI-3-2022-2019190329": 231700.30126507764,
  "FI-3-2022-2019190346": 78051.01527937228,
  "FI-3-2022-2019190520": 6642503.921568604,
  "FI-3-2022-2019190521": 19927.511764705814,