{
  "AU-5-INJ522-PA": 16674.224190999154,
  "AU-5-INJ633-PA": -711.7618209292881,
  "AU-5-INK058-PA": 40805.80465291379,
  "AU-5-INK072-PA": 68328.2112177795,
  "AU-5-INK235-PA": 37161.361516373836,
  "AU-5-INK423-PA": 266577.6449263235,
  "AU-5-INK680-PA": 13134.735172433913,
  "AU-5-INL062-PA": 1165239.71018535,
  "AU-5-INL144-PA": 22434.427375372612,
  "AU-5-INL471-PA": 95609.57088154712,
  "AU-5-INM061-PA": 145787.27845566976,
  "AU-5-INM339-PA": 71810.81006022857,
  "AU-5-INM371-PA": 2004.9047139999677,
  "AU-5-INM588-PA": 31431.848498222917,
  "AU-5-O16783-PA": 67874.1525609827
}