{
  "XI-IATI-EC_FPI-2017/391-006": 731848.7633090769,
  "XI-IATI-EC_FPI-2017/391-011": 661918.0395582404,
  "XI-IATI-EC_FPI-2017/391-020": 731701.5953111382,
  "XI-IATI-EC_FPI-2017/391-022": 787458.358143623,
  "XI-IATI-EC_FPI-2018/41661/0": 645217.6526184187,
  "XI-IATI-EC_FPI-2020/417-979": 657415.0255366585,
  "XI-IATI-EC_FPI-2020/42858/0": 730461.1394851761,
  "XI-IATI-EC_FPI-2021/43647/0": 863272.2557552081
}