{
  "GB-CHC-218186-300055-107": {
    "lcd_admin-activities.xml": 1982771.52652522
  },
  "GB-CHC-218186-62B-LDI-02": {
    "lcd_admin-activities.xml": 1308936.449398009
  },
  "GB-CHC-218186-GPAF-IMP-071": {
    "lcd_admin-activities.xml": 1919575.8547151862
  },
  "GB-CHC-218186-LCD6627": {
    "lcd_admin-activities.xml": 3086858.98287942
  },
  "GB-CHC-218186-LCD6627(GEC-T)": {
    "lcd_admin-activities.xml": 1199500.4320334594
  },
  "GB-CHC-218186-PIN20L3I4-S4PKe": {
    "lcd_admin-activities.xml": 717397.9689611867
  },
  "GB-CHC-218186-PIN50L3L2-Inclusion-100": {
    "lcd_admin-activities.xml": 86612.3974741561
  }
}