{
  "XI-IATI-EC_INTPA-1999/5794/0": 1876637.424332153,
  "XI-IATI-EC_INTPA-2001/011-880": 912225.3367803136,
  "XI-IATI-EC_INTPA-2001/048-043": 58404.35362314503,
  "XI-IATI-EC_INTPA-2001/2783/0": 244306.95677978743,
  "XI-IATI-EC_INTPA-2002/020-128": 338800.2051600347,
  "XI-IATI-EC_INTPA-2002/2369/0": 2511875.873423546,
  "XI-IATI-EC_INTPA-2002/2924/0": 154968.22051298886,
  "XI-IATI-EC_INTPA-2002/4604/0": 11126963.943582613,
  "XI-IATI-EC_INTPA-2002/4606/0": 5516228.001123141,
  "XI-IATI-EC_INTPA-2002/4658/0": 5261018.904807062,
  "XI-IATI-EC_INTPA-2002/5610/0": 4195380.543382147,
  "XI-IATI-EC_INTPA-2002/5611/0": 1665327.1538133197,
  "XI-IATI-EC_INTPA-2002/5612/0": 11234326.723699098,
  "XI-IATI-EC_INTPA-2003/011-611": 1196963.1502338643,
  "XI-IATI-EC_INTPA-2003/020-152": 405383.548602387,
  "XI-IATI-EC_INTPA-2003/034-516": 554341.1196129433,
  "XI-IATI-EC_INTPA-2003/035-492": 279878.3701090527,
  "XI-IATI-EC_INTPA-2003/058-607": 92128.32601157404,
  "XI-IATI-EC_INTPA-2003/061-221": 595801.3139248386,
  "XI-IATI-EC_INTPA-2003/062-757": 76045.13320836872,
  "XI-IATI-EC_INTPA-2003/068-826": 49730695.27429654,
  "XI-IATI-EC_INTPA-2003/068-908": 333685.5056862386,
  "XI-IATI-EC_INTPA-2003/068-909": 106902.34582900969,
  "XI-IATI-EC_INTPA-2003/069-678": 302440.96515671274,
  "XI-IATI-EC_INTPA-2003/070-549": 349599.9015621173,
  "XI-IATI-EC_INTPA-2003/070-903": 570224.5846889026,
  "XI-IATI-EC_INTPA-2003/071-825": 118228.64454199105,
  "XI-IATI-EC_INTPA-2003/072-546": 223384.801779476,
  "XI-IATI-EC_INTPA-2003/073-017": 249121.56427521817,
  "XI-IATI-EC_INTPA-2003/073-041": 497306.95274296537,
  "XI-IATI-EC_INTPA-2003/073-869": 17728992.865286715,
  "XI-IATI-EC_INTPA-2003/074-697": 130013.44319035714,
  "XI-IATI-EC_INTPA-2003/074-709": 196257.21583048385,
  "XI-IATI-EC_INTPA-2003/074-719": 191294.09244210905,
  "XI-IATI-EC_INTPA-2003/074-721": 755027.6949159701,
  "XI-IATI-EC_INTPA-2003/074-728": 220267.1955089142,
  "XI-IATI-EC_INTPA-2003/074-742": 4456507.920655589,
  "XI-IATI-EC_INTPA-2003/075-320": 4910906.158336783,
  "XI-IATI-EC_INTPA-2003/077-686": 18540830.91621192,
  "XI-IATI-EC_INTPA-2003/4778/0": 9361364.790443353,
  "XI-IATI-EC_INTPA-2003/4835/0": 16418593.060789015,
  "XI-IATI-EC_INTPA-2003/4837/0": 90404633.94544838,
  "XI-IATI-EC_INTPA-2003/4843/0": 10723147.24734484,
  "XI-IATI-EC_INTPA-2003/4952/0": 16917431.299784735,
  "XI-IATI-EC_INTPA-2003/5864/0": 759654.8544180113,
  "XI-IATI-EC_INTPA-2003/5965/0": 460628.1833320105,
  "XI-IATI-EC_INTPA-2004/061-180": 746285.7290068835,
  "XI-IATI-EC_INTPA-2004/061-289": 377330.72359695664,
  "XI-IATI-EC_INTPA-2004/074-247": 494343.00330461725,
  "XI-IATI-EC_INTPA-2004/074-378": 41893.46579214223,
  "XI-IATI-EC_INTPA-2004/074-380": 52939.18918240658,
  "XI-IATI-EC_INTPA-2004/074-389": 55230.474765898936,
  "XI-IATI-EC_INTPA-2004/074-402": 50193.539902061966,
  "XI-IATI-EC_INTPA-2004/074-403": 59291.80428803819,
  "XI-IATI-EC_INTPA-2004/074-416": 41547.62773362189,
  "XI-IATI-EC_INTPA-2004/074-418": 49080.096328919244,
  "XI-IATI-EC_INTPA-2004/074-419": 52557.86676308986,
  "XI-IATI-EC_INTPA-2004/074-434": 55169.43483492422,
  "XI-IATI-EC_INTPA-2004/074-436": 44626.80206872044,
  "XI-IATI-EC_INTPA-2004/077-886": 310335.91767312185,
  "XI-IATI-EC_INTPA-2004/078-520": 148073.14517921794,
  "XI-IATI-EC_INTPA-2004/079-417": 149117.48977997815,
  "XI-IATI-EC_INTPA-2004/079-610": 149117.48977997815,
  "XI-IATI-EC_INTPA-2004/080-221": 191715.4831755514,
  "XI-IATI-EC_INTPA-2004/080-912": 73855.39123405088,
  "XI-IATI-EC_INTPA-2004/083-020": 575914.1217865873,
  "XI-IATI-EC_INTPA-2004/083-354": 96607.0184648713,
  "XI-IATI-EC_INTPA-2004/083-372": 120268.50378338719,
  "XI-IATI-EC_INTPA-2004/083-394": 86095.79034107825,
  "XI-IATI-EC_INTPA-2004/083-407": 72904.88691202737,
  "XI-IATI-EC_INTPA-2004/083-571": 571035.6809363952,
  "XI-IATI-EC_INTPA-2004/083-597": 53336.41607219874,
  "XI-IATI-EC_INTPA-2004/083-624": 99823.46516679355,
  "XI-IATI-EC_INTPA-2004/083-898": 32547192.753641598,
  "XI-IATI-EC_INTPA-2004/083-947": 597245.7391746016,
  "XI-IATI-EC_INTPA-2004/083-987": 362114.33606855286,
  "XI-IATI-EC_INTPA-2004/083-989": 578627.3466183632,
  "XI-IATI-EC_INTPA-2004/084-239": 272566.37660889095,
  "XI-IATI-EC_INTPA-2004/084-343": 232023.69793212923,
  "XI-IATI-EC_INTPA-2004/084-486": 321112.0388968259,
  "XI-IATI-EC_INTPA-2004/084-704": 620111.0697566558,
  "XI-IATI-EC_INTPA-2004/084-750": 171893.87934990056,
  "XI-IATI-EC_INTPA-2004/084-868": 389004.9893197774,
  "XI-IATI-EC_INTPA-2004/084-944": 572363.0853749184,
  "XI-IATI-EC_INTPA-2004/085-339": 56568665.87451231,
  "XI-IATI-EC_INTPA-2004/086-553": 206854.82699343644,
  "XI-IATI-EC_INTPA-2004/086-887": 29528.097626066312,
  "XI-IATI-EC_INTPA-2004/087-032": 497306.95274296537,
  "XI-IATI-EC_INTPA-2004/088-236": 625711.607941199,
  "XI-IATI-EC_INTPA-2004/090-644": 621436.4296458076,
  "XI-IATI-EC_INTPA-2004/090-697": 49462658.14760559,
  "XI-IATI-EC_INTPA-2004/090-992": 856518.2638535043,
  "XI-IATI-EC_INTPA-2004/091-485": 279469.37007230095,
  "XI-IATI-EC_INTPA-2004/097-401": 99459.33175754835,
  "XI-IATI-EC_INTPA-2004/097-880": 69600.36261749153,
  "XI-IATI-EC_INTPA-2004/098-349": 2858.5863217898304,
  "XI-IATI-EC_INTPA-2004/16726/0": 353071.79615570797,
  "XI-IATI-EC_INTPA-2004/16758/0": 8181909.104983683,
  "XI-IATI-EC_INTPA-2004/16766/0": 5790595.834005358,
  "XI-IATI-EC_INTPA-2004/17009/0": 3108168.4546435336,
  "XI-IATI-EC_INTPA-2004/17015/0": 2703528.780315818,
  "XI-IATI-EC_INTPA-2005/090-235": 161562.32745308854,
  "XI-IATI-EC_INTPA-2005/090-906": 394932.938254531,
  "XI-IATI-EC_INTPA-2005/091-110": 908575.1066726021,
  "XI-IATI-EC_INTPA-2005/094-715": 395697.44459013245,
  "XI-IATI-EC_INTPA-2005/096-091": 1011735.0819056538,
  "XI-IATI-EC_INTPA-2005/097-241": 111857.72563525423,
  "XI-IATI-EC_INTPA-2005/098-779": 361406.7630610441,
  "XI-IATI-EC_INTPA-2005/098-966": 1318794.9256674424,
  "XI-IATI-EC_INTPA-2005/099-820": 37280.93709061207,
  "XI-IATI-EC_INTPA-2005/099-899": 40833.29374714032,
  "XI-IATI-EC_INTPA-2005/100-466": 1422963.256487578,
  "XI-IATI-EC_INTPA-2005/101-205": 1615.722703620339,
  "XI-IATI-EC_INTPA-2005/101-208": 34717994.89144556,
  "XI-IATI-EC_INTPA-2005/101-659": 249268.7272600732,
  "XI-IATI-EC_INTPA-2005/102-134": 772854.8551408076,
  "XI-IATI-EC_INTPA-2005/102-800": 80042.83269346971,
  "XI-IATI-EC_INTPA-2005/102-808": 97894.37822739051,
  "XI-IATI-EC_INTPA-2005/102-816": 106535.5629153449,
  "XI-IATI-EC_INTPA-2005/102-820": 104951.95727335631,
  "XI-IATI-EC_INTPA-2005/103-079": 87000453.2718644,
  "XI-IATI-EC_INTPA-2005/104-420": 1505963.4953409613,
  "XI-IATI-EC_INTPA-2005/105-371": 683625.4291817478,
  "XI-IATI-EC_INTPA-2005/106-391": 1399980.526258595,
  "XI-IATI-EC_INTPA-2005/106-698": 1534746.6471581846,
  "XI-IATI-EC_INTPA-2005/108-524": 462385.11034127406,
  "XI-IATI-EC_INTPA-2005/108-601": 134983.65334991453,
  "XI-IATI-EC_INTPA-2005/108-732": 203431.91702198234,
  "XI-IATI-EC_INTPA-2005/108-949": 12949655.458600203,
  "XI-IATI-EC_INTPA-2005/108-952": 8265350.756511455,
  "XI-IATI-EC_INTPA-2005/109-516": 183640.57666527625,
  "XI-IATI-EC_INTPA-2005/109-603": 1059865.9553576964,
  "XI-IATI-EC_INTPA-2005/109-901": 589592.3460026259,
  "XI-IATI-EC_INTPA-2005/110-091": 188028.34212244904,
  "XI-IATI-EC_INTPA-2005/111-563": 2375529.976497603,
  "XI-IATI-EC_INTPA-2005/113-515": 291550.9475501993,
  "XI-IATI-EC_INTPA-2005/17081/0": 87000453.2718644,
  "XI-IATI-EC_INTPA-2005/17584/0": 2151491.59430841,
  "XI-IATI-EC_INTPA-2005/17675/0": 1327374.752072254,
  "XI-IATI-EC_INTPA-2005/17676/0": 856917.23013946,
  "XI-IATI-EC_INTPA-2005/17842/0": 7457181.709016949,
  "XI-IATI-EC_INTPA-2006/116-023": 1816162.1630244064,
  "XI-IATI-EC_INTPA-2006/118-259": 50136034.6990595,
  "XI-IATI-EC_INTPA-2006/119-089": 37712457.8407015,
  "XI-IATI-EC_INTPA-2006/119-137": 592656.3903066088,
  "XI-IATI-EC_INTPA-2006/121-343": 2469421.784651661,
  "XI-IATI-EC_INTPA-2006/123-341": 1708585.0057092914,