{
  "FR-3-CLR100903": 12340528.80954035,
  "FR-3-CLR101001": 13285007.843137208,
  "FR-3-CLR101202": 17482728.02005648
}