{
  "XM-DAC-6-4-000364-02-2": -328083.40514725767,
  "XM-DAC-6-4-000780-01-0": -29958.63592183127,
  "XM-DAC-6-4-000798-01-1": 908642.2201096988,
  "XM-DAC-6-4-000798-05-5": -290396.28543936135,
  "XM-DAC-6-4-001049-01-6": -121374.70121659565,
  "XM-DAC-6-4-002247-01-1": -5305.660152329393,
  "XM-DAC-6-4-004417-02-2": -311105.7733281239,
  "XM-DAC-6-4-005063-01-5": 1206827.7797375992,
  "XM-DAC-6-4-005063-02-6": 72013.80900812904,
  "XM-DAC-6-4-005329-02-6": 344956.14054400416,
  "XM-DAC-6-4-005362-01-1": 33415.47297862755,
  "XM-DAC-6-4-005458-01-4": 1067634.105239265,
  "XM-DAC-6-4-005458-03-6": 1017210.6220292022,
  "XM-DAC-6-4-005737-01-2": 2570454.1689701406,
  "XM-DAC-6-4-005737-03-4": 1294146.7538694374,
  "XM-DAC-6-4-012590-04-5": 7622117.018307738
}