{
  "XM-DAC-6-4-000364-02-2": -327987.1851170155,
  "XM-DAC-6-4-000780-01-0": -29949.849677817736,
  "XM-DAC-6-4-000798-01-1": 908375.7342694318,
  "XM-DAC-6-4-000798-05-5": 306092.86135771,
  "XM-DAC-6-4-001049-01-6": -121339.10454441268,
  "XM-DAC-6-4-002247-01-1": -5304.104112699522,
  "XM-DAC-6-4-004417-02-2": -311360.30639865925,
  "XM-DAC-6-4-005063-01-5": 1205260.422279993,
  "XM-DAC-6-4-005063-02-6": 71946.94315566953,
  "XM-DAC-6-4-005329-02-6": 562828.8246965586,
  "XM-DAC-6-4-005362-01-1": 229749.42699333988,
  "XM-DAC-6-4-005458-01-4": 1627082.373848838,
  "XM-DAC-6-4-005458-03-6": 1293171.0249746037,
  "XM-DAC-6-4-005737-01-2": 2568640.5967144766,
  "XM-DAC-6-4-005737-03-4": 1292655.3795094644,
  "XM-DAC-6-4-012590-04-5": 7619881.610120353
}