{
  "XI-IATI-EC_FPI-2013/329-422": 928539.3968448922,
  "XI-IATI-EC_FPI-2015/370-540": 6345.821384275146,
  "XI-IATI-EC_FPI-2018/398-950": 3984333.4881009604,
  "XI-IATI-EC_FPI-2018/41442/0": 3984333.4881009604,
  "XI-IATI-EC_FPI-2020/417-114": 5594568.611413449,
  "XI-IATI-EC_FPI-2020/418-790": 667075.7061341406,
  "XI-IATI-EC_FPI-2020/421-155": 272681.7410198394,
  "XI-IATI-EC_FPI-2020/421-872": 193150.68604275383,
  "XI-IATI-EC_FPI-2020/42698/0": 9296778.138902241,
  "XI-IATI-EC_FPI-2020/42829/0": 996083.3720252401,
  "XI-IATI-EC_FPI-2021/416-940": 3580401.759077285,
  "XI-IATI-EC_FPI-2021/429-545": 2529883.094826447
}