{
  "GB-CHC-1047501-22CFEA3F": 85654.84994929834,
  "GB-CHC-1047501-StartAlert381": 164546.85698584965
}