{
  "waste": {
    "NL-KVK-41172933-0000078": 1107937.611327889,
    "NL-KVK-41172933-087FWASHSDG-ET-INCEP": 19755.65354516726,
    "NL-KVK-41172933-089FFINMON": 6348969.007730746,
    "NL-KVK-41172933-FM2025": 6186635.5740472805
  }
}