{
  "DE-1-199265794": 13130662.6026835,
  "DE-1-199465824": 3534331.0504791243,
  "DE-1-199466194": 7143860.636763507,
  "DE-1-199570524": 2225990.0389718437,
  "DE-1-199670274": 8129806.575212465,
  "DE-1-199770165": 1353573.6003719764,
  "DE-1-199865122": 2717006.6543729473,
  "DE-1-199865296": 5626993.661385365,
  "DE-1-199870130": 2317578.944310792,
  "DE-1-199870510": 1223978.812826976,
  "DE-1-200166165": 12949157.305961717,
  "DE-1-200166173": 12920110.038834546,
  "DE-1-200170381": 1257604.787080655,
  "DE-1-200265215": 6046122.332260462,
  "DE-1-200270090": 2223809.1080574957,
  "DE-1-200365056": 3768657.203302684,
  "DE-1-200521096": 2954781.166990554,
  "DE-1-200565051": 12701937.477022052,
  "DE-1-200565069": 18892851.764705878,
  "DE-1-200565077": 10336398.431372523,
  "DE-1-200610055-0": 2911482.551999996,
  "DE-1-200707109-0": 303149.74227451073,
  "DE-1-200707117-0": 157604.97450980442,
  "DE-1-200720409": 4853493.046874999,
  "DE-1-200720425": 32531065.427336503,
  "DE-1-200733949-0": 169939.27686274564,
  "DE-1-200765370": 13208433.443194594,
  "DE-1-200774273-0": 476926.3576470603,
  "DE-1-200831370-0": 433872.86328124994,
  "DE-1-200832071-0": 551533.3007812499,
  "DE-1-200832089-0": 242674.65234374997,
  "DE-1-200834069-0": 214109.63962968747,
  "DE-1-200866897": 10628006.274509767,
  "DE-1-200932186-0": 284535.61406249984,
  "DE-1-200932871-0": 172953.0203124999,
  "DE-1-200933770-0": 348695.60546874977,
  "DE-1-201029107-0": 174994.60000000036,
  "DE-1-201029131-0": 275749.06666666723,
  "DE-1-201106103-0": 199298.76115758793,
  "DE-1-201129071-0": 347988.81322957267,
  "DE-1-201129253-0": 452385.45719844446,
  "DE-1-201129279-0": 219928.92996108992,
  "DE-1-201179829-0": 628467.7966926082,
  "DE-1-201215466-0": 126764.95909921879,
  "DE-1-201218338-0": 808902.9478125002,
  "DE-1-201218411-0": 1541746.4062500005,
  "DE-1-201218551-0": 899352.0703125002,
  "DE-1-201219989": 9719505.201606717,
  "DE-1-201229186-0": 219698.86289062505,
  "DE-1-201229228-0": 231261.96093750006,
  "DE-1-201229343-0": 353316.8847656251,
  "DE-1-201315506-0": 298193.04651882435,
  "DE-1-201318161-0": 1434367.482352945,
  "DE-1-201318179-0": 1593741.647058828,
  "DE-1-201318211-0": 1992177.058823535,
  "DE-1-201329168-0": 176639.69921568676,
  "DE-1-201415439-0": 218316.51938862668,
  "DE-1-201415462-0": 39750.071967450844,
  "DE-1-201416718-0": 100183.572645882,
  "DE-1-201418128-0": 3719802.1960784183,
  "DE-1-201422807": 51341803.13356974,
  "DE-1-201422815": 20996599.322843436,
  "DE-1-201422823": 21056737.431372475,
  "DE-1-201429042-0": 225845.13333333255,
  "DE-1-201429059-0": 405192.7392156849,
  "DE-1-201429067-0": 191304.11294117582,
  "DE-1-201429208-0": 369323.2180392144,
  "DE-1-201467489": 13285007.843137208,
  "DE-1-201467778": 23588327.27716997,
  "DE-1-201467786": 13285007.843137208,
  "DE-1-201467794": 58454034.50980372,
  "DE-1-201468917": 27739886.236611806,
  "DE-1-201468925": 27672195.348708794,
  "DE-1-201498328-0": 796870.823529414,
  "DE-1-201498534-0": 2223138.4539854825,
  "DE-1-201501170-0": 2085746.2313725417,
  "DE-1-201506427-0": 477415.355854116,
  "DE-1-201518216-0": 3313280.95607842,
  "DE-1-201518232-0": 3194712.26107842,
  "DE-1-201529361-0": 531400.3137254884,
  "DE-1-201529387-0": 438405.2588235279,
  "DE-1-201530427-0": 451690.2666666651,
  "DE-1-201567890": 21072148.25303064,
  "DE-1-201569110": 24589756.655093886,
  "DE-1-201606003-1265": 294529.9523831362,
  "DE-1-201606003-1300": 530944.624671461,
  "DE-1-201606003-1331": 91253.31066367812,
  "DE-1-201606003-1723": 94518.97815164673,
  "DE-1-201621184": 37995122.43137242,
  "DE-1-201629211-0": 212560.12549019535,
  "DE-1-201632959-0": 346738.70470588113,
  "DE-1-201669027": 21626974.432921175,
  "DE-1-201669035": 21142061.96187595,
  "DE-1-201706019-1417": 2391301.4117646976,
  "DE-1-201718469-0": 6642503.921568604,
  "DE-1-201720747": 14673646.735979969,
  "DE-1-201720754": 24338134.368627366,
  "DE-1-201726314-0": 1833331.0823529349,
  "DE-1-201729094-0": 229830.63568627372,
  "DE-1-201730191-0": 371980.21960784186,
  "DE-1-201733393-0": 611110.3607843115,
  "DE-1-201768092": 22717363.411764625,
  "DE-1-201768837": 11135976.484152706,
  "DE-1-201768845": 11956507.058823489,
  "DE-1-201798396-2781": 1255433.2411764662,
  "DE-1-201806009-3719": 310915.01680646953,
  "DE-1-201831783-0": 174033.60274509742,
  "DE-1-201833342-0": 620409.8662745076,
  "DE-1-201906015-4200": 111449.25929686236,
  "DE-1-201906015-4287": 635599.9442423508,
  "DE-1-201906015-4399": 1733693.5235294057,
  "DE-1-201906015-4415": 2028983.0462359732,
  "DE-1-201920800": 31111598.044861346,
  "DE-1-201930635-0": 557970.3294117628,
  "DE-1-201931237-0": 390579.2305882339,
  "DE-1-201932383-0": 592511.3498039196,
  "DE-1-201933373-0": 447704.76431372395,
  "DE-1-201969310": 40120723.68627437,
  "DE-1-202006005-4990": 538107.9141854884,
  "DE-1-202020725": 14214958.392156813,
  "DE-1-202026177-0": 1859901.0980392091,
  "DE-1-202033066-0": 233816.1380392149,
  "DE-1-202033868-0": 108937.06431372512,
  "DE-1-202067379": 19927511.764705814,
  "DE-1-202068633": 9299505.490196045,
  "DE-1-202100709-5047": 47694.506657646896,
  "DE-1-202100709-5979": 547529.6417478413,
  "DE-1-202118529-0": 5181153.058823511,
  "DE-1-202120798": 12089357.13725486,
  "DE-1-202130086-0": 398550.23529411625,
  "DE-1-202130607-0": 559298.8301960765,
  "DE-1-202131373-0": 302898.17882352835,
  "DE-1-202131928-0": 508815.80039215507,
  "DE-1-202132173-0": 256400.65137254813,
  "DE-1-202132231-0": 116908.06901960744,
  "DE-1-202168680": 14527156.076470537,
  "DE-1-202169142": 81304247.99999972,
  "DE-1-202220093": 3304031.0833775257
}