{
  "SE-0-SE-29-2020-03239-252-31182": 814285.4359342359,
  "SE-0-SE-29-2020-03425-252-31282": 176491.9648536043,
  "SE-0-SE-29-2021-03757_3-252-41082": 52466.508878499204,
  "SE-0-SE-6-10453A0101-MDG-72010": 709488.7094883549,
  "SE-0-SE-6-11675A0102-MDG-43010": 466018.10366136103,
  "SE-0-SE-6-13332A0101-MDG-14010": 355236.0409937764,
  "SE-0-SE-6-13606A0101-MDG-15180": 96069.9455602638,
  "SE-0-SE-6-14057A0101-MDG-15150": 234940.7987902825,
  "SE-0-SE-6-14398A0101-MDG-72010": 8476554.140378632,
  "SE-0-SE-6-14399A0101-MDG-72050": 3248208.0748512214,
  "SE-0-SE-6-14409A0102-MDG-72010": 862782.5904462158,
  "SE-0-SE-6-14989A0101-MDG-72050": 992199.9792462905,
  "SE-0-SE-6-5204011601-MDG-72010": 512047.64026099944,
  "SE-0-SE-6-5204011701-MDG-72010": 1369074.27650441,
  "SE-0-SE-6-5204038001-MDG-72010": 149123.1957922608,
  "SE-0-SE-6-5204046901-MDG-72040": 772014.4247296015,
  "SE-0-SE-6-5204046902-MDG-72040": 2861515.4646217427,
  "SE-0-SE-6-5204047601-MDG-72010": 908639.9228207478,
  "SE-0-SE-6-5400017101-MDG-15150": 595953.1057996956,
  "SE-0-SE-6-5400017101-MDG-41010": 1633893.056750049,
  "SE-0-SE-6-5400017101-MDG-41030": 1757293.009708113,
  "SE-0-SE-6-5400017101-MDG-43081": 188370.454885911,
  "SE-0-SE-6-5400017103-MDG-41030": 533501.2020064128,
  "SE-0-SE-6-5400017104-MDG-41010": 1931395.05009886,
  "SE-0-SE-6-5403000301-MDG-15150": 406940.4673391716,
  "SE-0-SE-6-5403000302-MDG-99820": 66036.0053457719,
  "SE-0-SE-6-5403001501-MDG-15150": 14136.3531651309,
  "SE-0-SE-6-5403001502-MDG-99820": 423.64682329059997,
  "SE-0-SE-6-5403006601-MDG-15150": 17331.9072508864,
  "SE-0-SE-6-5403055901-MDG-41030": 6267320.707419756,
  "SE-0-SE-6-6105010303-MDG-33110": 226653.5469978888,
  "SE-0-SE-6-6105011704-MDG-43040": 66040.9466151359,
  "SE-0-SE-6-6105015801-MDG-13020": 1820934.7861719762,
  "SE-0-SE-6-6105030102-MDG-14030": 2244267.886168605,
  "SE-0-SE-6-6105035401-MDG-31110": 640654.7196268874,
  "SE-0-SE-6-6105500001-MDG-31220": 1436571.1439881609,
  "SE-0-SE-6-6105500003-MDG-31220": 115830.8719651103,
  "SE-0-SE-6-7400122301-MDG-73010": 440548.5327256788,
  "SE-0-SE-6-7400181801-MDG-11220": 57421.618121275904,
  "SE-0-SE-6-7400181801-MDG-12110": 29959.1091316444,
  "SE-0-SE-6-7400181801-MDG-13040": 2496.6013799278003,
  "SE-0-SE-6-7400181801-MDG-15162": 24965.9076097037,
  "SE-0-SE-6-7400181801-MDG-16010": 14979.6045658222,
  "SE-0-SE-6-7400181801-MDG-16030": 7489.7029018686,
  "SE-0-SE-6-7400181801-MDG-24040": 2496.6013799278003,
  "SE-0-SE-6-7400181801-MDG-43040": 89877.4286328482,
  "SE-0-SE-6-7400181801-MDG-99810": 19972.806087762903,
  "SE-0-SE-6-7400230501-MDG-11110": 122214.84795126799,
  "SE-0-SE-6-7400230501-MDG-12110": 22151.387019468202,
  "SE-0-SE-6-7400230501-MDG-13040": 13367.1891497075,
  "SE-0-SE-6-7400230501-MDG-15110": 41629.4364072298,
  "SE-0-SE-6-7400230501-MDG-16010": 20241.8596091428,
  "SE-0-SE-6-7400230501-MDG-43010": 8784.1978697606,
  "SE-0-SE-6-7400230501-MDG-43040": 129089.3947719884,
  "SE-0-SE-6-7400230501-MDG-99810": 24442.9437981566,
  "SE-0-SE-6-7400269701-MDG-15150": 36343.3278119279,
  "SE-0-SE-6-7400269701-MDG-15220": 1085.4565715684,
  "SE-0-SE-6-7400290601-MDG-13040": 12907.039414382401,
  "SE-0-SE-6-7400290601-MDG-15150": 600893.7228845991,
  "SE-0-SE-6-7400290601-MDG-16040": 164923.1591513848,
  "SE-0-SE-6-7400290601-MDG-24040": 43023.3706473511,
  "SE-0-SE-6-7400290601-MDG-43040": 612366.5845490717,
  "SE-0-SE-6-7400290602-MDG-99820": 7664.8934776342,
  "SE-0-SE-6-7400325601-MDG-72010": 771086.8858197607,
  "SE-0-SE-6-7400328701-MDG-13040": 1986.4249183339,
  "SE-0-SE-6-7400328701-MDG-15150": 34080.6473322012,
  "SE-0-SE-6-7400328701-MDG-15220": 1441.0785828305,
  "SE-0-SE-6-7400328701-MDG-24040": 272.6017387517,
  "SE-0-SE-6-7400328701-MDG-43081": 1168.4768430787,
  "SE-0-SE-6-7400328702-MDG-99820": 1478.9841227137,
  "SE-0-SE-6-7400333301-MDG-15230": 78273.7438476306,
  "SE-0-SE-6-7400333301-MDG-72010": 82043.8104112664,
  "SE-0-SE-6-7400333301-MDG-72050": 19209.382096626097,
  "SE-0-SE-6-7400336801-MDG-72010": 308301.4974301436,
  "SE-0-SE-71-2503-EKN-reporting-252-60020": 12601820.080560941
}