{
  "BE-BCE_KBO-0410057701-PROG17-21_01OC1": {
    "itm-activities.xml": 5840155.806457293
  },
  "BE-BCE_KBO-0410057701-PROG17-21_01OC2": {
    "itm-activities.xml": 14921623.642864348
  },
  "BE-BCE_KBO-0410057701-PROG17-21_01OC4": {
    "itm-activities.xml": 3888323.2246740293
  },
  "BE-BCE_KBO-0410057701-PROG17-21_02OC1": {
    "itm-activities.xml": 1384872.2344240188
  },
  "BE-BCE_KBO-0410057701-PROG17-21_03OC1": {
    "itm-activities.xml": 2085520.2002490985
  },
  "BE-BCE_KBO-0410057701-PROG17-21_04OC1": {
    "itm-activities.xml": 1086958.7233933138
  },
  "BE-BCE_KBO-0410057701-PROG17-21_05OC1": {
    "itm-activities.xml": 8755599.188202335
  },
  "BE-BCE_KBO-0410057701-PROG17-21_06OC1": {
    "itm-activities.xml": 1334999.5444504267
  },
  "BE-BCE_KBO-0410057701-PROG17-21_07OC1": {
    "itm-activities.xml": 4089860.951861876
  },
  "BE-BCE_KBO-0410057701-PROG17-21_08OC1": {
    "itm-activities.xml": 1513634.6355071282
  },
  "BE-BCE_KBO-0410057701-PROG17-21_09OC1": {
    "itm-activities.xml": 7047057.505771948
  },
  "BE-BCE_KBO-0410057701-PROG17-21_10OC1": {
    "itm-activities.xml": 979530.1717201769
  },
  "BE-BCE_KBO-0410057701-PROG17-21_11OC1": {
    "itm-activities.xml": 986209.222698322
  },
  "BE-BCE_KBO-0410057701-PROG17-21_11OC2": {
    "itm-activities.xml": 424432.8049645397
  }
}