{
  "GB-GOV-13-ICF-0001-CCUS": 123917557.88854177,
  "GB-GOV-13-ICF-0002-CEFTA": 51487250.00246105,
  "GB-GOV-13-ICF-0003-CLIC": 90136062.77545244,
  "GB-GOV-13-ICF-0004-CIF": 3426678302.1334453,
  "GB-GOV-13-ICF-0005-GCF": 1680543840.0803285,
  "GB-GOV-13-ICF-0006-CETP": 27289066.297304396,
  "GB-GOV-13-ICF-0007-NAMA": 475865940.6118695,
  "GB-GOV-13-ICF-0008-NDCP": 21173428.38772239,
  "GB-GOV-13-ICF-0009-GETFiT": 46722707.065276116,
  "GB-GOV-13-ICF-0010-CP3": 187805024.4642799,
  "GB-GOV-13-ICF-0011-GCPF": 131695598.95302199,
  "GB-GOV-13-ICF-0012-CMCI": 4988479.082145317,
  "GB-GOV-13-ICF-0013-REPP": 348695381.3529121,
  "GB-GOV-13-ICF-0014-SIPLA": 378122364.018074,
  "GB-GOV-13-ICF-0015-UKCI": 501159509.42835504,
  "GB-GOV-13-ICF-0016-BioCF": 95654340.77674259,
  "GB-GOV-13-ICF-0017-FCPF": 428373920.0204759,
  "GB-GOV-13-ICF-0018-P4F": 96598318.96461733,
  "GB-GOV-13-ICF-0019-REM": 184992071.32349846,
  "GB-GOV-13-ICF-0020-SPS": 28546914.98100756,
  "GB-GOV-13-ICF-0021-UKPACT": 194437388.0925754,
  "GB-GOV-13-ICF-0022-CBIT": 36247024.00173258,
  "GB-GOV-13-ICF-0023-FijiCOP": 5601812.8002677625,
  "GB-GOV-13-ICF-0024-NSP": 4069552.2401945214,
  "GB-GOV-13-ICF-0025-CiDev": 125389829.48024897,
  "GB-GOV-13-ICF-0026-PMR": 11227753.690331547,
  "GB-GOV-13-ICF-0027-TCAF": 103335334.76274055,
  "GB-GOV-13-ICF-0028-2050C": 12087796.323240971,
  "GB-GOV-13-ICF-0029-KEEP": 37489760.419609025,
  "GB-GOV-13-ICF-0030-Compass": 14314313.896116214,
  "GB-GOV-13-ICF-0031-PMEH": 23313426.80111436,
  "GB-GOV-13-ICF-0032-MAGC": 264484422.86853814,
  "GB-GOV-13-ICF-0033-ESMAP": 113980362.66630018,
  "GB-GOV-13-ICF-0034-CaBIN": 36807652.17461345,
  "GB-GOV-13-ICF-0035-GAP": 51563666.12022245,
  "GB-GOV-13-ICF-0036-CFA": 20715280.354866814,
  "GB-GOV-13-ICF-0037-CEIF": 103293304.6578667,
  "GB-GOV-13-ICF-0038-PMI": 32951840.00157507,
  "GB-GOV-13-ICF-0039-ForTREES": 127470026.33535272,
  "GB-GOV-13-ICF-0040-MFF": 323060268.3095433
}