{
  "GB-CHC-1105489-IMPACT-9K36-SKR4-KU": 2051233.8342064472,
  "GB-CHC-1105489-TTT-WR": 493341.7183398214
}