{
  "sct": {
    "GB-CHC-1105489-IMPACT-9K36-SKR4-KU": 2048590.1870461311,
    "GB-CHC-1105489-TTT-WR": 492705.8954458122
  }
}