{
  "XI-IATI-EC_INTPA-1999/5617/0": 9991938.636346305,
  "XI-IATI-EC_INTPA-2002/4241/0": 881090.4275531821,
  "XI-IATI-EC_INTPA-2003/063-915": 639249.2915438447,
  "XI-IATI-EC_INTPA-2003/1068/0": 9609667.10059439,
  "XI-IATI-EC_INTPA-2004/078-495": 60216.87578090749,
  "XI-IATI-EC_INTPA-2004/083-272": 3321890.8925791592,
  "XI-IATI-EC_INTPA-2004/089-408": 221417.10015984613,
  "XI-IATI-EC_INTPA-2005/112-559": 496104.9762243596,
  "XI-IATI-EC_INTPA-2005/17534/0": 10031179.662209336,
  "XI-IATI-EC_INTPA-2006/116-046": 11171383.115723198,
  "XI-IATI-EC_INTPA-2008/19470/0": 6022628.384346531,
  "XI-IATI-EC_INTPA-2009/20289/0": 4539197.0223096935,
  "XI-IATI-EC_INTPA-2009/217-139": 136302.3903207968,
  "XI-IATI-EC_INTPA-2009/217-153": 27896.02502875389,
  "XI-IATI-EC_INTPA-2009/217-154": 84493.44679888131,
  "XI-IATI-EC_INTPA-2010/21501/1": 13237935.735403297,
  "XI-IATI-EC_INTPA-2010/230-605": 898096.181227339,
  "XI-IATI-EC_INTPA-2010/256-820": 101979.36461771498,
  "XI-IATI-EC_INTPA-2010/257-118": 96205.43500630185,
  "XI-IATI-EC_INTPA-2010/257-541": 87783.75187856595,
  "XI-IATI-EC_INTPA-2010/259-507": 123438.59096744221,
  "XI-IATI-EC_INTPA-2010/259-513": 107985.23137611804,
  "XI-IATI-EC_INTPA-2011/21605/0": 5274833.448700614,
  "XI-IATI-EC_INTPA-2011/22703/0": 15648190.739525685,
  "XI-IATI-EC_INTPA-2011/274-020": 87715.81721832798,
  "XI-IATI-EC_INTPA-2011/274-102": 90368.10011587184,
  "XI-IATI-EC_INTPA-2011/274-164": 122162.12068089408,
  "XI-IATI-EC_INTPA-2012/278-016": 1751261.9322177488,
  "XI-IATI-EC_INTPA-2012/284-652": 513915.4687500001,
  "XI-IATI-EC_INTPA-2012/296-779": 6815579.361873457,
  "XI-IATI-EC_INTPA-2013/324-231": 14253706.322842626,
  "XI-IATI-EC_INTPA-2013/327-598": 3299937.7165764635,
  "XI-IATI-EC_INTPA-2014/351-291": 178032.961361219,
  "XI-IATI-EC_INTPA-2014/351-360": 181784.0763207837,
  "XI-IATI-EC_INTPA-2015/368-260": 248055.28843065404,
  "XI-IATI-EC_INTPA-2015/368-614": 228501.98876687372,
  "XI-IATI-EC_INTPA-2015/368-805": 234774.47864999526,
  "XI-IATI-EC_INTPA-2017/385-147": 4875597.878431356,
  "XI-IATI-EC_INTPA-2018/396-015": 1252149.7053529485,
  "XI-IATI-EC_INTPA-2019/408-985": 2507830.858060776,
  "XI-IATI-EC_INTPA-2019/412-516": 462945.01975619054,
  "XI-IATI-EC_INTPA-2020/417-301": 358695.2117647046,
  "XI-IATI-EC_INTPA-2020/420-637": 254054.86439765402,
  "XI-IATI-EC_INTPA-2021/422-120": 1833331.0823529349,
  "XI-IATI-EC_INTPA-2021/423-230": 1399210.2385588186,
  "XI-IATI-EC_INTPA-2021/424-794": 1361221.7586313677,
  "XI-IATI-EC_INTPA-2021/427-950": 265704.1423650971
}