{
  "GB-SC-044007-GPAF-INN-029": 544923.6393182157,
  "GB-SC-044007-GPAF-INN-072": 567884.1951029928,
  "GB-SC-044007-SG-TWP-PIB7": 876745.1452662837
}