{
  "GB-COH-03259922-105041": {
    "cal-ke.xml": 116013.51397835428
  },
  "GB-COH-03259922-106106": {
    "cal-679.xml": 124505017.10291196
  },
  "GB-COH-03259922-106206": {
    "cal-679.xml": 1613359.5032914372
  },
  "GB-COH-03259922-106874": {
    "cal-679.xml": 1350102.5743575739
  },
  "GB-COH-03259922-106886": {
    "cal-689.xml": 798575.7985406513
  },
  "GB-COH-03259922-106916": {
    "cal-zw.xml": 21278175.51
  },
  "GB-COH-03259922-107494": {
    "cal-zw.xml": 5000.0
  }
}