{
  "GB-COH-03259922-106106": {
    "cal-679.xml": 125103406.5601523
  },
  "GB-COH-03259922-106206": {
    "cal-679.xml": 1728791.971845848
  },
  "GB-COH-03259922-106874": {
    "cal-679.xml": 1449535.3707290522
  },
  "GB-COH-03259922-106886": {
    "cal-689.xml": 797546.5874351676
  },
  "GB-COH-03259922-107494": {
    "cal-zw.xml": 5000.0
  }
}