{
  "plan_uk": {
    "GB-COH-1364201-ARO100083": 759784.2120576444,
    "GB-COH-1364201-ARO100086": 693585.8502821365,
    "GB-COH-1364201-ARO100098": 352314.61609166337,
    "GB-COH-1364201-ARO100104": 1082290.0926520708,
    "GB-COH-1364201-BFA100331": 6053.678868509409,
    "GB-COH-1364201-BFA100424": 134823.60287953264,
    "GB-COH-1364201-BFA100442": 543232.3535458294,
    "GB-COH-1364201-BFA100470": 131812.54698982695,
    "GB-COH-1364201-BFA100475": 974386.5886635338,
    "GB-COH-1364201-BGD0134": 1088526.8767246045,
    "GB-COH-1364201-BGD100173": 19625943.46645101,
    "GB-COH-1364201-BGD100190": 123498.7614105878,
    "GB-COH-1364201-BGD100199": 192454.00393064975,
    "GB-COH-1364201-BGD100203": 787583.785339931,
    "GB-COH-1364201-BGD100213": 135892.66731033378,
    "GB-COH-1364201-BGD100219": 22694005.393228725,
    "GB-COH-1364201-BGD100223": 415928.24235374323,
    "GB-COH-1364201-BGD100240": 3714678.2219920605,
    "GB-COH-1364201-BGD100245": 237195.70944807236,
    "GB-COH-1364201-BGD100249": 2826034.4305117377,
    "GB-COH-1364201-BGD100253": 445446.01419313526,
    "GB-COH-1364201-BGD100270": 1026280.8203111422,
    "GB-COH-1364201-BGD100276": 2329930.731592736,
    "GB-COH-1364201-BGD100288": 107741.99101719464,
    "GB-COH-1364201-BGD100289": 573953.4651770988,
    "GB-COH-1364201-BGD100315": 784687.4109498718,
    "GB-COH-1364201-BGD100326": 498988.3438095891,
    "GB-COH-1364201-BGD100338": 93746.21581542712,
    "GB-COH-1364201-BOL100133": 233455.78975438376,
    "GB-COH-1364201-BOL100226": 1420182.5315534603,
    "GB-COH-1364201-BOL100236": 615009.1549624231,
    "GB-COH-1364201-BOL100266": 26343.951803434527,
    "GB-COH-1364201-BOL100272": 327536.1134234712,
    "GB-COH-1364201-BRA100256": 924583.1289916089,
    "GB-COH-1364201-CMR100116": 18212.046131193838,
    "GB-COH-1364201-CMR100120": 384057.2401844799,
    "GB-COH-1364201-CMR100134": 359619.1176351556,
    "GB-COH-1364201-CMR100138": 1578776.2879408645,
    "GB-COH-1364201-CMR100258": 406213.50607832015,
    "GB-COH-1364201-CMR100277": 221305.87199846588,
    "GB-COH-1364201-CMR100279": 263751.6963314189,
    "GB-COH-1364201-CMR100304": 632883.8509588371,
    "GB-COH-1364201-CMR100309": 119669.99268009888,
    "GB-COH-1364201-CMR100347": 230673.30240275306,
    "GB-COH-1364201-COL0583": 1313924.18486766,
    "GB-COH-1364201-COL0700": 208948.1808749113,
    "GB-COH-1364201-DOM100128": 822967.7833868229,
    "GB-COH-1364201-DOM100156": 342821.3422984551,
    "GB-COH-1364201-DOM100166": 189261.17696404844,
    "GB-COH-1364201-DOM100167": 1019437.3728779574,
    "GB-COH-1364201-DOM100175": 240291.2242919443,
    "GB-COH-1364201-ECU100188": 312758.3116447048,
    "GB-COH-1364201-ECU100233": 194213.0098318285,
    "GB-COH-1364201-ECU100273": 19620.37,
    "GB-COH-1364201-ECU100280": 360000.0,
    "GB-COH-1364201-EGY100348": 386224.1658871124,
    "GB-COH-1364201-EGY100354": 702525.927842463,
    "GB-COH-1364201-EGY100387": 1818698.1429752212,
    "GB-COH-1364201-EGY100397": 326408.73708751844,
    "GB-COH-1364201-EGY100436": 657845.7423293631,
    "GB-COH-1364201-ETH102115": 317807.44505103986,
    "GB-COH-1364201-ETH102130": 14760.972214509753,
    "GB-COH-1364201-ETH102153": 1524778.3866650853,
    "GB-COH-1364201-ETH102169": 331572.74883431284,
    "GB-COH-1364201-ETH102170": 1190122.1919021087,
    "GB-COH-1364201-ETH102173": 682279.0837799298,
    "GB-COH-1364201-ETH102184": 7395748.92280803,
    "GB-COH-1364201-ETH102208": 673913.7469795357,
    "GB-COH-1364201-ETH102220": 1044503.9094100902,
    "GB-COH-1364201-ETH102226": 1580244.2002534925,
    "GB-COH-1364201-ETH102235": 213417.273510647,
    "GB-COH-1364201-ETH102239": 121906.18446653658,
    "GB-COH-1364201-ETH102286": 4538046.390515958,
    "GB-COH-1364201-ETH102287": 971247.0756100437,
    "GB-COH-1364201-ETH102382": 406728.48612235155,
    "GB-COH-1364201-GHA0214": 531540.6485270998,
    "GB-COH-1364201-GHA100246": 873121.0786706218,
    "GB-COH-1364201-GHA100258": 7044204.002345926,
    "GB-COH-1364201-GTM100174": 77310.77464235267,
    "GB-COH-1364201-GTM100197": 61530.842326274294,
    "GB-COH-1364201-GTM100250": 149202.8625719192,
    "GB-COH-1364201-GTM100299": 25168.2783131838,
    "GB-COH-1364201-HND100080": 61362.12272666645,
    "GB-COH-1364201-HND100087": 52271.60005869486,
    "GB-COH-1364201-HND100174": 106515.36001710792,
    "GB-COH-1364201-HND100196": 235902.60151776337,
    "GB-COH-1364201-INC100505": 3252390.7879119446,
    "GB-COH-1364201-IND100314": 331621.043315791,
    "GB-COH-1364201-JOR100023": 525472.5432258806,
    "GB-COH-1364201-JOR100035": 190508.8493340302,
    "GB-COH-1364201-KEN0233": 5031611.437655901,
    "GB-COH-1364201-KEN100259": 244062.48015569165,
    "GB-COH-1364201-KEN100265": 3197323.1418406037,
    "GB-COH-1364201-KEN100312": 402746.49971776403,
    "GB-COH-1364201-KEN100320": 92259.77724339605,
    "GB-COH-1364201-KHM0124": 3770891.278255854,
    "GB-COH-1364201-KHM100166": 1026714.5606466631,
    "GB-COH-1364201-KHM100195": 31626477.533826724,
    "GB-COH-1364201-KHM100239": 1.6454685698584965,
    "GB-COH-1364201-LBN100008": 231419.81489448546,
    "GB-COH-1364201-LBN100015": 603127.2968505425,
    "GB-COH-1364201-LBR100103": 1.6454685698584965,
    "GB-COH-1364201-MLI100176": 3319378.362648293,
    "GB-COH-1364201-MLI100228": 591438.9954070887,
    "GB-COH-1364201-MLI100242": 91450.55225542533,
    "GB-COH-1364201-MLI100321": 664530.5995422879,
    "GB-COH-1364201-MLI100332": 2135491.345415816,
    "GB-COH-1364201-MMR0022": 7863107.142803973,
    "GB-COH-1364201-MOZ100069": 525547.095080133,
    "GB-COH-1364201-MOZ100070": 519213.0,
    "GB-COH-1364201-MOZ100077": 115843.20921594078,
    "GB-COH-1364201-MOZ100079": 658988.8863197196,
    "GB-COH-1364201-MOZ100081": 120444.31226231722,
    "GB-COH-1364201-MOZ100085": 347612.7120868733,
    "GB-COH-1364201-MOZ100092": 155249.64692712086,
    "GB-COH-1364201-MOZ100095": 119623.67273985737,
    "GB-COH-1364201-MOZ100098": 633332.0,
    "GB-COH-1364201-MOZ100110": 538000.717457202,
    "GB-COH-1364201-MOZ100117": 1378474.23,
    "GB-COH-1364201-MOZ100121": 197046.5067091248,
    "GB-COH-1364201-MWI101150": 1552342.8154161554,
    "GB-COH-1364201-MWI101179": 4305013.002424797,
    "GB-COH-1364201-MWI101197": 1725956.2700406683,
    "GB-COH-1364201-MWI101231": 541357.26719459,
    "GB-COH-1364201-MWI101240": 442497.762337777,
    "GB-COH-1364201-MWI101262": 1367721.491650422,
    "GB-COH-1364201-MWI101276": 393828.1988213438,
    "GB-COH-1364201-MWI1150": 29929582.1299339,
    "GB-COH-1364201-NER100150": 1453728.6992871654,
    "GB-COH-1364201-NGA100039": 2566336.8890067926,
    "GB-COH-1364201-NGA100052": 330547.8968203118,
    "GB-COH-1364201-NGA100072": 432291.49118237034,
    "GB-COH-1364201-NGA100075": 4642816.708087924,
    "GB-COH-1364201-NGA100093": 2342374.081952615,
    "GB-COH-1364201-NGA100106": 571008.4238942099,
    "GB-COH-1364201-NGA100115": 156246.6699152191,
    "GB-COH-1364201-NGA100127": 768090.8482171003,
    "GB-COH-1364201-NGA100136": 7556689.119385831,
    "GB-COH-1364201-NGA100141": 214141.1875586149,
    "GB-COH-1364201-NGA100147": 276971.11109200516,
    "GB-COH-1364201-NGA100149": 92633.45,
    "GB-COH-1364201-NGA100169": 360024.24,
    "GB-COH-1364201-NGA100170": 160000.0,
    "GB-COH-1364201-NIC100093": 62727.82153294096,
    "GB-COH-1364201-NIC100106": 240817.61613593064,
    "GB-COH-1364201-NIC100131": 152101.58582332468,
    "GB-COH-1364201-NIC100141": 49364.0570957549,
    "GB-COH-1364201-NPL100464": 1408158.434526076,
    "GB-COH-1364201-NPL100495": 107703.37186986006,
    "GB-COH-1364201-NPL100498": 52355.84804947161,
    "GB-COH-1364201-PAK100193": 1516451.7612752889,
    "GB-COH-1364201-PAK100256": 16766280.69350519,
    "GB-COH-1364201-PAK100298": 725490.4162971223,
    "GB-COH-1364201-PAK100300": 2164232.6650359016,
    "GB-COH-1364201-PER100546": 281821.04742823454,
    "GB-COH-1364201-PER100702": 3067479.2240665276,
    "GB-COH-1364201-PHL100453": 2000853.580639395,