{
  "XI-IATI-EC_FPI-2012/309-028": 328584.3583290166,
  "XI-IATI-EC_FPI-2013/328-198": 599452.9717162697
}