{
  "defra_transparency": {
    "GB-GOV-7--7-P00052-IWT009": 34592.27437699271,
    "GB-GOV-7-AEWA-BC01": 295081.87863272417,
    "GB-GOV-7-ALB-JNCC001": 930043.1228001134,
    "GB-GOV-7-ALB-KEW001": 35903222.31298926,
    "GB-GOV-7-AQ-ICPVEG001": 709322.0092203213,
    "GB-GOV-7-AQ-TFEIP001": 595992.0069398872,
    "GB-GOV-7-BIOFIN": 3290937.139716993,
    "GB-GOV-7-BPFGPAP": 7569155.421349084,
    "GB-GOV-7-DAR23": 19235771.42363319,
    "GB-GOV-7-DAR24": 28772516.998752322,
    "GB-GOV-7-DAR25": 18191911.749951225,
    "GB-GOV-7-DAR26": 10072568.17714152,
    "GB-GOV-7-DPLUS": 5867611.76728735,
    "GB-GOV-7-DPS-GBIF": 847011.6927557975,
    "GB-GOV-7-DPS-UKCDR": 274472.5164327321,
    "GB-GOV-7-EQ": 4364845.619960861,
    "GB-GOV-7-GB-GOV-7-ICF-PO014-GPS": 32086637.112240683,
    "GB-GOV-7-GESVD01": 338943.62046835787,
    "GB-GOV-7-ICF-P0001-BV": 11224682.323026763,
    "GB-GOV-7-ICF-P0003-EcoB": 53683704.98503889,
    "GB-GOV-7-ICF-P0004-ISFL": 14627536.484708568,
    "GB-GOV-7-ICF-P0005-SriL": 64173274.22448137,
    "GB-GOV-7-ICF-P0006-GEF": 69109679.93405685,
    "GB-GOV-7-ICF-PO0015-GEF7": 41137898.98383271,
    "GB-GOV-7-ICF-PO002-Brazil": 15841697.532547675,
    "GB-GOV-7-ICF-PO008-UKBLUECARBONFUND": 11509394.45873224,
    "GB-GOV-7-ICF-PO012-LCP1": 40832530.30372382,
    "GB-GOV-7-ICF-PO013-LCP2": 110937490.97985984,
    "GB-GOV-7-ICF-UNDPCP": 4936405.70957549,
    "GB-GOV-7-INTLSUB-EPPO": 1256419.477066177,
    "GB-GOV-7-INTSUB001-MP": 98636729.11244877,
    "GB-GOV-7-INTSUB001-UNEP": 43440370.24426431,
    "GB-GOV-7-INTSUB002-CBD": 8748128.698792301,
    "GB-GOV-7-INTSUB003-NAG": 1753922.9994023829,
    "GB-GOV-7-INTSUB004-CART": 1383989.660534509,
    "GB-GOV-7-INTSUB005-CITES": 3161647.161863502,
    "GB-GOV-7-INTSUB006-CMS": 2210073.831844083,
    "GB-GOV-7-INTSUB007-AEWA": 976453.5309036009,
    "GB-GOV-7-INTSUB008-IPBES": 2945388.740046709,
    "GB-GOV-7-INTSUB009-BAS": 2907761.514075412,
    "GB-GOV-7-INTSUB010-MIN": 1422152.6510721517,
    "GB-GOV-7-IWT-KAZA01": 1511172.4842468107,
    "GB-GOV-7-IWT016": 202056.95850434396,
    "GB-GOV-7-IWT017": 570019.9310332406,
    "GB-GOV-7-IWT018": 425221.9878228327,
    "GB-GOV-7-IWT019": 299611.24478217383,
    "GB-GOV-7-IWT020": 90780.33645223627,
    "GB-GOV-7-IWT022": 206489.85083154275,
    "GB-GOV-7-IWT023": 278831.9550429724,
    "GB-GOV-7-IWT024": 54127.68860549524,
    "GB-GOV-7-IWT025": 160926.82613216096,
    "GB-GOV-7-IWT026": 297890.28211433016,
    "GB-GOV-7-IWT027": 180213.3632394724,
    "GB-GOV-7-IWT028": 91809.33022239727,
    "GB-GOV-7-IWT029": 376112.9783554058,
    "GB-GOV-7-IWT030": 197893.92302260196,
    "GB-GOV-7-IWT031": 351983.41587985837,
    "GB-GOV-7-IWT032": 459389.2541229166,
    "GB-GOV-7-IWT033": 277629.380793377,
    "GB-GOV-7-IWTCF-R3": 7639086.338191671,
    "GB-GOV-7-IWTCF-R4": 12247060.486802658,
    "GB-GOV-7-IWTCF-R5": 12358808.15714226,
    "GB-GOV-7-IWTCF-R6": 5755784.884090797,
    "GB-GOV-7-MAR-P001": 1955915.1593544458,
    "GB-GOV-7-MAR-P002": 1057720.1465426863,
    "GB-GOV-7-MAR-P004": 398173.87419961294,
    "GB-GOV-7-MAR-P005": 335031.6012169478,
    "GB-GOV-7-MAR-P006": 608536.9934977456,
    "GB-GOV-7-MOHC-001": 45214345.3679355,
    "GB-GOV-7-P001-APHA": 329093.7139716993,
    "GB-GOV-7-PO009-LDN": 16454685.698584966,
    "GB-GOV-7-PO020-C4F": 1842924.798241516,
    "GB-GOV-7-PS-OTPPS001": 164546.85698584965,
    "GB-GOV-7-SUB-AAR": 390630.8981832103,
    "GB-GOV-7-SUB-ITPGRFA": 1777416.5060022515,
    "GB-GOV-7-SUB-IUCN": 4799533.577098948,
    "GB-GOV-7-SUB-RAM": 1542398.1134751874,
    "GB-GOV-7-TNFD-PO002": 2479482.541834125,
    "GB-GOV-7-VMD-AMR001": 935785.3309230342
  }
}