{
  "FR-3-CCI120101": 205784771.2377802,
  "FR-3-CCI120102": 41316374.39215672,
  "FR-3-CCI120201": 20252864.077795703,
  "FR-3-CCI135201": 1328013.290950917,
  "FR-3-CCI135202": 3985502.3529411624,
  "FR-3-CCI136701": 188381411.2156856,
  "FR-3-CCI136703": 110265565.09803884,
  "FR-3-CCI136801": 166193019.59164274,
  "FR-3-CCI136901": 43746183.72765554,
  "FR-3-CCI136902": 795897.5662680678,
  "FR-3-CCI137401": 405458439.3725476,
  "FR-3-CCI143401": 217639946.81957012,
  "FR-3-CCI143402": 6723949.907317283,
  "FR-3-CCI143403": 17270510.19607837,
  "FR-3-CCI147801": 18225419.249477852,
  "FR-3-CCI147901": 440390843.64164764,
  "FR-3-CCI147902": 88302790.1317644,
  "FR-3-CCI148101": 49117019.88933322,
  "FR-3-CCI148201": 507487299.6078414,
  "FR-3-CCI148301": 81038547.84313697,
  "FR-3-CCI148402": 146023892.71175838,
  "FR-3-CCI148602": 25861924.768235207,
  "FR-3-CCI148603": 62491634.81810221,
  "FR-3-CCI151801": 1296616.7654901915,
  "FR-3-CCI153201": 145658729.80020532,
  "FR-3-CCI158701": 1720063.1054823468,
  "FR-3-CCI159603": 146135086.2745093,
  "FR-3-CCI159801": 190374162.3921562,
  "FR-3-CCI161101": 1594200.941176465,
  "FR-3-CCI161301": 153961441.0251439,
  "FR-3-CCI162401": 19939020.6998504,
  "FR-3-CCI163101": 37891092.848955944,
  "FR-3-CCI163601": 66425039.215686046,
  "FR-3-CCI164003": 9963755.882352907,
  "FR-3-CCI164006": 2178741.286274502,
  "FR-3-CCI164007": 19927511.764705814,
  "FR-3-CCI166501": 73731793.52941151,
  "FR-3-CCI167901": 33870844.88650184,
  "FR-3-CCI168101": 147547297.15531838,
  "FR-3-CCI168102": 9153370.403921537,
  "FR-3-CCI168103": 4242557.636360189,
  "FR-3-CCI168104": 1680553.492156857,
  "FR-3-CCI168302": 67753539.99999976,
  "FR-3-CCI170401": 130268709.35563117,
  "FR-3-CCI171401": 172705101.96078372,
  "FR-3-CCI173201": 1222220.721568623,
  "FR-3-CCI182301": 265700156.86274418,
  "FR-3-CCI188101": 1121845.8448098
}