{
  "XM-DAC-6-4-000781-03-4": -999.4567743784988,
  "XM-DAC-6-4-005736-01-0": 22600.356059783233,
  "XM-DAC-6-4-006009-01-0": 25328.838345352175,
  "XM-DAC-6-4-006457-01-0": 42709.98760290653,
  "XM-DAC-6-4-010591-01-1": 1504370.2403580467,
  "XM-DAC-6-4-010591-02-2": 55382.93938351958,
  "XM-DAC-6-4-011778-01-2": 3984333.4881009604,
  "XM-DAC-6-4-012074-01-6": 3718711.2555608964,
  "XM-DAC-6-4-012226-01-0": 2656222.3254006403,
  "XM-DAC-6-4-012226-01-1": 2656222.3254006403
}