{
  "46002-P-BF-HA0-001": 46763952.43348394,
  "46002-P-BF-HB0-001": 3036515.5322631793,
  "46002-P-BJ-BB0-001": 1841460.8272047753,
  "46002-P-BW-BZ0-001": 1144416.3288273523,
  "46002-P-BW-HAA-001": 29130755.954418734,
  "46002-P-BW-HAA-004": 86778395.97550806,
  "46002-P-CD-B00-001": 32390448.318852697,
  "46002-P-CD-B00-002": 32390448.318852697,
  "46002-P-CD-HAB-005": 32949443.14004684,
  "46002-P-CI-AAA-005": 125995680.21963161,
  "46002-P-CI-AAA-006": 117076284.97143894,
  "46002-P-CI-D00-001": 66635029.50838269,
  "46002-P-CI-D00-002": 3001577.901644299,
  "46002-P-CI-DA0-001": 55594979.644364946,
  "46002-P-CI-F00-007": 39805936.88694627,
  "46002-P-CI-F00-011": 96049898.01167332,
  "46002-P-CI-FA0-001": 12376597.039118351,
  "46002-P-CI-FA0-004": 39491634.0892419,
  "46002-P-CI-FA0-005": 58085908.94003597,
  "46002-P-CI-FAB-001": 108271034.83140029,
  "46002-P-CI-HZ0-003": 43709602.29314807,
  "46002-P-CM-F00-006": 154531610.75900185,
  "46002-P-CM-FA0-002": 72255732.96219288,
  "46002-P-CM-FA0-005": 35821569.51824378,
  "46002-P-CM-FAA-002": 27512633.011767503,
  "46002-P-CV-FE0-001": 16673038.989590775,
  "46002-P-DJ-D00-001": 86842747.50632025,
  "46002-P-EG-BC0-001": 13808554.46777565,
  "46002-P-EG-FC0-002": 213788627.39834258,
  "46002-P-EG-FC0-003": 27396378.257923983,
  "46002-P-EG-FF0-010": 13016759.39860551,
  "46002-P-EG-FF0-011": 14101489.348489301,
  "46002-P-EG-FF0-012": 13884543.358512545,
  "46002-P-EG-H00-005": 17220456.737491556,
  "46002-P-EG-HAB-002": 59073381.552684374,
  "46002-P-ET-BB0-001": 60412774.01914963,
  "46002-P-ET-D00-005": 145585240.56163135,
  "46002-P-ET-D00-009": 35768054.449563384,
  "46002-P-ET-DA0-008": 6546881.096517972,
  "46002-P-ET-DA0-009": 18337509.82001265,
  "46002-P-ET-DA0-010": 18491271.99120019,
  "46002-P-GA-AAG-002": 12682033.687410628,
  "46002-P-GA-DD0-002": 47548187.92000236,
  "46002-P-GA-F00-008": 23415257.00036592,
  "46002-P-GH-A00-007": 56291513.028953955,
  "46002-P-GH-AA0-033": 35153650.27617519,
  "46002-P-GH-AA0-036": 15186219.298373094,
  "46002-P-GH-AAG-002": 8802501.22019816,
  "46002-P-GH-DA0-001": 135642321.15403846,
  "46002-P-GH-FD0-002": 25603131.748563245,
  "46002-P-GH-HA0-006": 4219527.2583868075,
  "46002-P-GH-KE0-002": 80891056.44511758,
  "46002-P-GN-D00-001": 108420032.1027504,
  "46002-P-GN-HA0-001": 8895196.744314017,
  "46002-P-KE-AA0-022": 917551.6624995903,
  "46002-P-KE-DB0-030": 172204567.39011088,
  "46002-P-KE-F00-013": 375653.2146108748,
  "46002-P-KE-FAA-001": 33153648.346303675,
  "46002-P-KE-FF0-001": 20203215.610423706,
  "46002-P-KE-FZ0-004": 140325791.81760722,
  "46002-P-KE-FZ0-005": 6101120.819164979,
  "46002-P-KE-FZ0-007": 24404485.738303542,
  "46002-P-KE-FZ0-013": 32801037.98516086,
  "46002-P-KE-HAB-008": 27118248.747094814,
  "46002-P-KE-HAB-013": 108472994.95798859,
  "46002-P-KE-HAB-021": 902713.1026500956,
  "46002-P-KE-HAB-022": 81354746.2260891,
  "46002-P-KE-HAB-025": 84583384.53400122,
  "46002-P-KE-HAB-026": 8677839.59907034,
  "46002-P-KE-HAB-030": 113035267.63089794,
  "46002-P-KE-HB0-009": 108549278.28529271,
  "46002-P-LR-AAD-001": 1389605.3639421274,
  "46002-P-LR-KB0-001": 2750033.838482663,
  "46002-P-LS-BZ0-001": 1050447.8547265085,
  "46002-P-MA-B00-002": 213966845.66280365,
  "46002-P-MA-BAA-002": 284780369.5607969,
  "46002-P-MA-BB0-003": 53491711.411902085,
  "46002-P-MA-HA0-005": 123063032.70689851,
  "46002-P-MA-HAA-012": 121230960.30340724,
  "46002-P-MG-BAA-002": 172880621.56068805,
  "46002-P-ML-HA0-003": 6709940.40141968,
  "46002-P-MR-BAA-002": 190981215.92615,
  "46002-P-MR-BAA-006": 11303526.761570262,
  "46002-P-MR-HA0-001": 7459138.64561012,
  "46002-P-MR-HAB-003": 8935560.962665094,
  "46002-P-MR-HAB-004": 5584725.607443739,
  "46002-P-MR-HAB-007": 10763166.643408693,
  "46002-P-MR-HAB-009": 12061030.92565319,
  "46002-P-MU-HAB-001": 108472994.95798859,
  "46002-P-MU-HAB-002": 161676282.1389541,
  "46002-P-MZ-F00-013": 1098100.093724194,
  "46002-P-MZ-FD0-003": 457766528.38550746,
  "46002-P-MZ-HAB-001": 19433775.848116614,
  "46002-P-NA-HAA-004": 318541106.8440798,
  "46002-P-NG-BG0-002": 90066420.84328726,
  "46002-P-NG-BG0-003": 22516605.21462065,
  "46002-P-NG-DB0-008": 58761820.94241209,
  "46002-P-NG-FD0-002": 112566583.493293,
  "46002-P-NG-FD0-003": 329759787.9068517,
  "46002-P-NG-GB0-004": 24460582.36397159,
  "46002-P-NG-H00-011": 16406797.46783302,
  "46002-P-NG-H00-016": 53927370.97354194,
  "46002-P-NG-HA0-005": 79101150.5837794,
  "46002-P-NG-HAA-002": 108457152.65661314,
  "46002-P-NG-HAA-003": 53271780.405957885,
  "46002-P-NG-HAA-004": 501662654.3091184,
  "46002-P-NG-HAB-009": 98291594.19689177,
  "46002-P-NG-HAB-016": 1355912.4373547407,
  "46002-P-NG-HAB-017": 131835250.96283543,
  "46002-P-NG-HAB-019": 108472994.95798859,
  "46002-P-NG-HAB-022": 36041066.31813197,
  "46002-P-NG-HAB-035": 16270949.248256886,
  "46002-P-NG-HAB-037": 211006700.4967007,
  "46002-P-NG-HAB-038": 55081491.375060216,
  "46002-P-NG-HAB-042": 54236497.478994295,
  "46002-P-NG-HB0-005": 8555978.54494628,
  "46002-P-NG-IAD-001": 43405027.24519814,
  "46002-P-RW-BG0-002": 621693.9784203568,
  "46002-P-RW-E00-008": 21686689.28084455,
  "46002-P-RW-FG0-001": 28181272.418797858,
  "46002-P-RW-HAA-004": 8676572.21495995,
  "46002-P-RW-HAA-007": 21694598.99767585,
  "46002-P-RW-HAB-001": 13341203.051075455,
  "46002-P-RW-HAB-004": 6687546.20634247,
  "46002-P-RW-HAB-006": 15566594.294951865,
  "46002-P-SC-GB0-002": 9285680.98501583,
  "46002-P-SC-K00-016": 918424.3607511139,
  "46002-P-SD-AAZ-009": 80574700.35065536,
  "46002-P-SD-AAZ-010": 68510701.44255538,
  "46002-P-SL-HAB-002": 2169459.899767585,
  "46002-P-SN-AAG-001": 16895253.450250342,
  "46002-P-SN-DA0-001": 86471097.9847097,
  "46002-P-SN-DB0-012": 11376900.449071053,
  "46002-P-SN-DB0-017": 1825333.4500855696,
  "46002-P-SN-DD0-002": 25403594.864671618,
  "46002-P-SN-F00-005": 6092413.028352828,
  "46002-P-SN-F00-009": 60933002.82211942,
  "46002-P-SN-FAA-001": 8819575.429808674,
  "46002-P-SN-H00-009": 1092917.589319569,
  "46002-P-SN-HA0-002": 18303364.31132532,
  "46002-P-SN-I00-009": 1148030.4471400597,
  "46002-P-SZ-HAA-001": 16280989.912725374,
  "46002-P-TD-FF0-002": 21821572.855221115,
  "46002-P-TG-DD0-001": 50911862.25653401,
  "46002-P-TN-DA0-001": 80406757.48918548,
  "46002-P-TN-FD0-004": 162625075.84449527,
  "46002-P-TN-FD0-006": 84437269.54343092,
  "46002-P-TN-FF0-003": 1130426.5801690074,
  "46002-P-TN-HAA-025": 27473731.6895005,
  "46002-P-TN-HAA-028": 93145063.35856527,
  "46002-P-TN-HAA-037": 41878267.07885925,
  "46002-P-TN-HAB-003": 76620909.285448,
  "46002-P-TN-HAB-009": 18459454.899956644,
  "46002-P-TN-HAB-013": 122022428.72190838,
  "46002-P-TN-HAB-015": 43072061.45349261,
  "46002-P-TZ-BZ0-002": 862622.2275199224,
  "46002-P-TZ-HAB-004": 21311824.71910929,
  "46002-P-TZ-HAB-009": 97625695.474346,
  "46002-P-TZ-HAB-014": 65254492.68044247,
  "46002-P-UG-FAB-004": 121696885.72575533,
  "46002-P-UG-FAB-005": 10476980.664186934,
  "46002-P-UG-FAB-006": 4772131.0007454315,
  "46002-P-UG-FAB-007": 21843473.50594658,
  "46002-P-UG-FAB-008": 74326063.47061811,
  "46002-P-UG-HA0-002": 13308340.335954538,
  "46002-P-UG-HA0-003": 5423649.749418963,
  "46002-P-UG-HAA-006": 5446901.842495276,
  "46002-P-UG-HAA-007": 16270949.248256886,
  "46002-P-Z1-A00-032": 1075974.9775688043,
  "46002-P-Z1-AAD-005": 769167.2340451318,
  "46002-P-Z1-AAG-004": 52290257.751775034,
  "46002-P-Z1-AAG-012": 111207047.91241649,
  "46002-P-Z1-AAG-014": 109919929.29721878,
  "46002-P-Z1-AAG-025": 64894326.51682332,
  "46002-P-Z1-AAG-028": 1148030.4471400597,
  "46002-P-Z1-AAG-031": 1144416.3288273523,
  "46002-P-Z1-AAG-047": 65141924.52854707,
  "46002-P-Z1-AAZ-038": 109919929.29721878,
  "46002-P-Z1-AAZ-055": 121230960.30340724,
  "46002-P-Z1-BB0-007": 14858808.722151617,
  "46002-P-Z1-C00-076": 1148030.4471400597,
  "46002-P-Z1-D00-032": 117131347.42634644,
  "46002-P-Z1-D00-033": 14768225.068818288,
  "46002-P-Z1-D00-034": 98748455.84286341,