{
  "DE-1-201118587-0": 658812.4212062269,
  "DE-1-201173939-0": 668138.5214007795,
  "DE-1-201218239-0": 1070007.5945837111,
  "DE-1-201218320-0": 578154.9023437501,
  "DE-1-201406925-0": 863525.5098039185,
  "DE-1-201473610-0": 650965.3843137232,
  "DE-1-201628239-0": 2986469.7631372446,
  "DE-1-201775493-0": 730675.4313725465
}