{
  "XM-DAC-6-4-010311-01-1": 1317074.5589382804,
  "XM-DAC-6-4-010311-02-2": 39729.68840881734
}