{
  "XM-DAC-6-4-001160-08-4": -15970.004312683453,
  "XM-DAC-6-4-002152-05-4": 20479.427546319515,
  "XM-DAC-6-4-002489-06-0": -15750.468711811905,
  "XM-DAC-6-4-002763-01-4": 142283.99434293763,
  "XM-DAC-6-4-003006-01-0": -35627.35344159035,
  "XM-DAC-6-4-003389-01-3": -21827.799143435557,
  "XM-DAC-6-4-004119-01-0": -39604.567056179345,
  "XM-DAC-6-4-004580-01-5": 67832.44923866792,
  "XM-DAC-6-4-004580-02-6": 29581.83859939611,
  "XM-DAC-6-4-004599-02-2": 28005.16950394857,
  "XM-DAC-6-4-005461-02-4": 33580.72389927357,
  "XM-DAC-6-4-008204-04-4": 173066.4403371455,
  "XM-DAC-6-4-008205-02-4": 278984.97137121484,
  "XM-DAC-6-4-009329-02-5": 579809.0406789635,
  "XM-DAC-6-4-012314-02-1": 1673420.0650024035
}