{
  "tdh_nl": {
    "NL-KVK-41149287-5000": 6723327.252284682,
    "NL-KVK-41149287-5001": 14016900.181228187,
    "NL-KVK-41149287-5005": 1921698.9690231306,
    "NL-KVK-41149287-5010": 4625536.8328015525,
    "NL-KVK-41149287-AFCT0271": 255828.0675345089,
    "NL-KVK-41149287-AFGE0373": 157863.09119843083,
    "NL-KVK-41149287-AFHA0289": 1347099.795294113,
    "NL-KVK-41149287-ASCE0263": 186197.35592627386,
    "NL-KVK-41149287-ASCL0261": 111081.26457960745,
    "NL-KVK-41149287-BDCE0260": 127719.40840235249,
    "NL-KVK-41149287-BDCT0251": 185782.86368156798,
    "NL-KVK-41149287-BFHA0351": 1874992.866949013,
    "NL-KVK-41149287-CHCT0278": 66425.03921568605,
    "NL-KVK-41149287-ETCE0243": 138828.33196078383,
    "NL-KVK-41149287-ETCT0240": 189311.36176470522,
    "NL-KVK-41149287-ETCT0292": 79372.60785960757,
    "NL-KVK-41149287-ETGE0376": 104064.12343686238,
    "NL-KVK-41149287-ETGE0377": 136403.81802941128,
    "NL-KVK-41149287-IDCE0067": 289613.17098039115,
    "NL-KVK-41149287-IDCE0085": 355929.27313176345,
    "NL-KVK-41149287-IDCE0153": 404451.4357780378,
    "NL-KVK-41149287-IDCE0236": 435607.43617176317,
    "NL-KVK-41149287-INCA0249": 133628.57989097992,
    "NL-KVK-41149287-INCA0250": 170443.99362588176,
    "NL-KVK-41149287-INCL0277": 130826.77173686228,
    "NL-KVK-41149287-ITGE0400": 102860.50172627416,
    "NL-KVK-41149287-JOGE0397": 476325.9852109787,
    "NL-KVK-41149287-KECE0266": 353381.20862744976,
    "NL-KVK-41149287-KEGE0374": 205909.65056392085,
    "NL-KVK-41149287-KEGE0375": 102387.55544705846,
    "NL-KVK-41149287-LBGE0395": 299545.0428439205,
    "NL-KVK-41149287-MEGE0398": 330856.47782941064,
    "NL-KVK-41149287-MLGE0396": 541542.0887129393,
    "NL-KVK-41149287-NGHA0285": 3219414.4046619493,
    "NL-KVK-41149287-NGHA0353": 3780295.4792921436,
    "NL-KVK-41149287-NGHA0380": 1928645.6996243072,
    "NL-KVK-41149287-NLCL0279": 57125.53372549,
    "NL-KVK-41149287-PHCE0021": 698739.6010184289,
    "NL-KVK-41149287-PHCE0101": 770170.4311894091,
    "NL-KVK-41149287-PHCE0173": 750422.2670305857,
    "NL-KVK-41149287-PHCE0256": 703220.6341639191,
    "NL-KVK-41149287-PHCE0257": 38090.774487843,
    "NL-KVK-41149287-PHCE0265": 62784.94706666645,
    "NL-KVK-41149287-PHCL0258": 176211.0155305876,
    "NL-KVK-41149287-PHCT0254": 144101.151573725,
    "NL-KVK-41149287-SYHA0288": 2283109.6363909724,
    "NL-KVK-41149287-SYHA0352": 2976545.8622784214,
    "NL-KVK-41149287-SYHA0382": 1783427.2788909741,
    "NL-KVK-41149287-THCE0056": 307999.6218352931,
    "NL-KVK-41149287-THCE0090": 581363.899722743,
    "NL-KVK-41149287-THCE0168": 645902.4678247037,
    "NL-KVK-41149287-THCE0248": 616049.72670039,
    "NL-KVK-41149287-UGCL0273": 97644.80764705848,
    "NL-KVK-41149287-UGCL0274": 106280.06274509768,
    "NL-KVK-41149287-UGCT0268": 92995.05490196047,
    "NL-KVK-41149287-UGCT0270": 114690.80121058783,
    "NL-KVK-41149287-UGGE0378": 127121.58304941132,
    "NL-KVK-41149287-UGGE0379": 102542.99003882318,
    "NL-KVK-41149287-UGGE0381": 117050.218603529,
    "NL-KVK-41149287-VZHA0284": 716445.8594717623
  }
}