{
  "gsma_foundation": {
    "US-EIN-37-1552838-10": 1069554.5704080227,
    "US-EIN-37-1552838-100": 493640.570957549,
    "US-EIN-37-1552838-101": 329093.7139716993,
    "US-EIN-37-1552838-102": 147707.1316419178,
    "US-EIN-37-1552838-103": 822734.2849292483,
    "US-EIN-37-1552838-104": 615704.720406792,
    "US-EIN-37-1552838-105": 493640.570957549,
    "US-EIN-37-1552838-106": 543234.993653084,
    "US-EIN-37-1552838-107": 658187.4279433986,
    "US-EIN-37-1552838-108": 722854.3427388376,
    "US-EIN-37-1552838-109": 752610.9963561586,
    "US-EIN-37-1552838-11": 1069554.5704080227,
    "US-EIN-37-1552838-110": 481194.24669513927,
    "US-EIN-37-1552838-111": 156220.78602236568,
    "US-EIN-37-1552838-112": 724348.428200269,
    "US-EIN-37-1552838-113": 584575.7460022089,
    "US-EIN-37-1552838-114": 491666.0086737188,
    "US-EIN-37-1552838-115": 794389.4433448658,
    "US-EIN-37-1552838-116": 472249.4795493885,
    "US-EIN-37-1552838-12": 1069554.5704080227,
    "US-EIN-37-1552838-13": 724006.1707377385,
    "US-EIN-37-1552838-14": 724006.1707377385,
    "US-EIN-37-1552838-15": 724006.1707377385,
    "US-EIN-37-1552838-16": 724006.1707377385,
    "US-EIN-37-1552838-17": 724006.1707377385,
    "US-EIN-37-1552838-18": 724006.1707377385,
    "US-EIN-37-1552838-19": 724006.1707377385,
    "US-EIN-37-1552838-2": 692005.0979911304,
    "US-EIN-37-1552838-21": 1027295.6465969168,
    "US-EIN-37-1552838-22": 1076481.993087127,
    "US-EIN-37-1552838-23": 250111.22261849148,
    "US-EIN-37-1552838-24": 512234.36579694995,
    "US-EIN-37-1552838-25": 822734.2849292483,
    "US-EIN-37-1552838-26": 642762.805569545,
    "US-EIN-37-1552838-27": 658187.4279433986,
    "US-EIN-37-1552838-28": 477185.885258964,
    "US-EIN-37-1552838-29": 477185.885258964,
    "US-EIN-37-1552838-3": 658187.4279433986,
    "US-EIN-37-1552838-30": 493064.65695809847,
    "US-EIN-37-1552838-33": 493640.570957549,
    "US-EIN-37-1552838-34": 689122.2370567383,
    "US-EIN-37-1552838-35": 857052.1774222171,
    "US-EIN-37-1552838-37": 602225.0418825111,
    "US-EIN-37-1552838-38": 822734.2849292483,
    "US-EIN-37-1552838-39": 822734.2849292483,
    "US-EIN-37-1552838-4": 822734.2849292483,
    "US-EIN-37-1552838-40": 822734.2849292483,
    "US-EIN-37-1552838-41": 427821.8281632091,
    "US-EIN-37-1552838-42": 690063.4450786974,
    "US-EIN-37-1552838-43": 163592.48521533172,
    "US-EIN-37-1552838-45": 164546.85698584965,
    "US-EIN-37-1552838-47": 164546.85698584965,
    "US-EIN-37-1552838-48": 987274.5600408185,
    "US-EIN-37-1552838-49": 605532.4337079268,
    "US-EIN-37-1552838-50": 987175.831926627,
    "US-EIN-37-1552838-51": 987205.4503608844,
    "US-EIN-37-1552838-52": 599049.2875426842,
    "US-EIN-37-1552838-53": 358027.6333040911,
    "US-EIN-37-1552838-54": 89214.01492058797,
    "US-EIN-37-1552838-55": 776532.8184247614,
    "US-EIN-37-1552838-56": 987281.141915098,
    "US-EIN-37-1552838-57": 163684.6314552438,
    "US-EIN-37-1552838-58": 804410.346935304,
    "US-EIN-37-1552838-59": 987281.141915098,
    "US-EIN-37-1552838-6": 821417.9100733615,
    "US-EIN-37-1552838-60": 164546.85698584965,
    "US-EIN-37-1552838-61": 984905.0853002223,
    "US-EIN-37-1552838-62": 957169.0670866874,
    "US-EIN-37-1552838-63": 164546.85698584965,
    "US-EIN-37-1552838-64": 812206.5770192936,
    "US-EIN-37-1552838-65": 987106.722246693,
    "US-EIN-37-1552838-66": 543004.6280533038,
    "US-EIN-37-1552838-67": 1645468.5698584965,
    "US-EIN-37-1552838-68": 111891.86275037777,
    "US-EIN-37-1552838-69": 987281.141915098,
    "US-EIN-37-1552838-7": 863870.9991757107,
    "US-EIN-37-1552838-70": 943261.5667342434,
    "US-EIN-37-1552838-71": 987281.141915098,
    "US-EIN-37-1552838-72": 987277.8509779582,
    "US-EIN-37-1552838-73": 292893.40543481236,
    "US-EIN-37-1552838-74": 156786.827210397,
    "US-EIN-37-1552838-75": 164546.85698584965,
    "US-EIN-37-1552838-78": 548490.6202652121,
    "US-EIN-37-1552838-8": 1069554.5704080227,
    "US-EIN-37-1552838-80": 822734.2849292483,
    "US-EIN-37-1552838-81": 164546.85698584965,
    "US-EIN-37-1552838-82": 164546.85698584965,
    "US-EIN-37-1552838-83": 362003.08536886924,
    "US-EIN-37-1552838-84": 493640.570957549,
    "US-EIN-37-1552838-85": 493640.570957549,
    "US-EIN-37-1552838-86": 987281.141915098,
    "US-EIN-37-1552838-87": 987281.141915098,
    "US-EIN-37-1552838-88": 161571.8498115455,
    "US-EIN-37-1552838-89": 929442.9216845718,
    "US-EIN-37-1552838-9": 1069554.5704080227,
    "US-EIN-37-1552838-90": 375183.2886134358,
    "US-EIN-37-1552838-91": 393981.12155549927,
    "US-EIN-37-1552838-92": 493640.570957549,
    "US-EIN-37-1552838-93": 246820.2854787745,
    "US-EIN-37-1552838-94": 987281.141915098,
    "US-EIN-37-1552838-95": 971774.2461127514,
    "US-EIN-37-1552838-96": 493640.570957549,
    "US-EIN-37-1552838-97": 987281.141915098,
    "US-EIN-37-1552838-98": 164546.85698584965,
    "US-EIN-37-1552838-99": 164546.85698584965
  }
}