{
  "BO-0000373": {
    "edukans_foundation-03.xml": 132261.55258392112
  },
  "CD-0000246": {
    "edukans_foundation-03.xml": 119917.12329607802
  },
  "CD-0000376": {
    "edukans_foundation-03.xml": 33925.92452901949
  },
  "ET-0000210": {
    "edukans_foundation-03.xml": 83684.9214054899
  },
  "ET-0000214": {
    "edukans_foundation-03.xml": 79710.04705882326
  },
  "ET-0000266": {
    "edukans_foundation-03.xml": 35869.521176470465
  },
  "ET-0000379": {
    "edukans_foundation-03.xml": 2563565.4514650893
  },
  "ET-0000386": {
    "edukans_foundation-03.xml": 43196.20300196064
  },
  "ET-0000410": {
    "edukans_foundation-03.xml": 711749.6091992132
  },
  "ET-0000440": {
    "edukans_foundation-03.xml": 159420.0941176465
  },
  "GH-0000244": {
    "edukans_foundation-03.xml": 38108.044998039084
  },
  "GH-0000439": {
    "edukans_foundation-03.xml": 47310.56993098023
  },
  "GH-0000441": {
    "edukans_foundation-03.xml": 118884.87818666626
  },
  "GH-0000444": {
    "edukans_foundation-03.xml": 58998.71983137234
  },
  "IN-0000385": {
    "edukans_foundation-03.xml": 28091.149084313627
  },
  "IN-0000427": {
    "edukans_foundation-03.xml": 18980.29070549013
  },
  "IN-0000429": {
    "edukans_foundation-03.xml": 11996.3620823529
  },
  "KE-0000321": {
    "edukans_foundation-03.xml": 92862.20482352909
  },
  "KE-0000392": {
    "edukans_foundation-03.xml": 33212.51960784302
  },
  "KE-0000393": {
    "edukans_foundation-03.xml": 40512.63141764692
  },
  "KE-0000415": {
    "edukans_foundation-03.xml": 27846.704939999905
  },
  "LB-0000365": {
    "edukans_foundation-03.xml": 106280.06274509768
  },
  "LB-0000366": {
    "edukans_foundation-03.xml": 166912.8385411759
  },
  "ML-0000243": {
    "edukans_foundation-03.xml": 134171.93671176423
  },
  "MW-0000150": {
    "edukans_foundation-03.xml": -7362.551346666641
  },
  "MW-0000172": {
    "edukans_foundation-03.xml": -14772.928721568576
  },
  "MW-0000345": {
    "edukans_foundation-03.xml": 179147.00226392093
  },
  "MW-0000377": {
    "edukans_foundation-03.xml": 776697.3555427423
  },
  "MW-0000420": {
    "edukans_foundation-03.xml": 241294.26895411682
  },
  "MW-0000435": {
    "edukans_foundation-03.xml": 43036.782907842986
  },
  "MW-0000442": {
    "edukans_foundation-03.xml": 57860.194659215485
  },
  "NL-KVK-32092131-2009": {
    "edukans_foundation-03.xml": 26570.01568627442
  },
  "NL-KVK-32092131-2018": {
    "edukans_foundation-03.xml": 3121.976843137244
  },
  "NL-KVK-32092131-2032": {
    "edukans_foundation-03.xml": 16606.25980392151
  },
  "NL-KVK-32092131-2033": {
    "edukans_foundation-03.xml": 5314.003137254884
  },
  "NL-KVK-32092131-2034": {
    "edukans_foundation-03.xml": 14470.030542745048
  },
  "NL-KVK-32092131-2035": {
    "edukans_foundation-03.xml": 57012.61115882333
  },
  "NL-KVK-32092131-2036": {
    "edukans_foundation-03.xml": 14141.890849019559
  },
  "NL-KVK-32092131-2039": {
    "edukans_foundation-03.xml": 40976.27819137241
  },
  "NL-KVK-32092131-2050": {
    "edukans_foundation-03.xml": -2.51434326171875e-24
  },
  "NL-KVK-32092131-2055": {
    "edukans_foundation-03.xml": 113702.39662705842
  },
  "NL-KVK-32092131-2058": {
    "edukans_foundation-03.xml": 221773.27842941097
  },
  "NL-KVK-32092131-2059": {
    "edukans_foundation-03.xml": 82005.69641411737
  },
  "NL-KVK-32092131-2060": {
    "edukans_foundation-03.xml": 74024.06370196052
  },
  "NL-KVK-32092131-2061": {
    "edukans_foundation-03.xml": 69480.5910196076
  },
  "NL-KVK-32092131-2062": {
    "edukans_foundation-03.xml": 62470.092380784095
  },
  "NL-KVK-32092131-2063": {
    "edukans_foundation-03.xml": 66134.09754392134
  },
  "NL-KVK-32092131-2064": {
    "edukans_foundation-03.xml": 132273.50909097993
  },
  "NL-KVK-32092131-2065": {
    "edukans_foundation-03.xml": 89283.22371058793
  },
  "NL-KVK-32092131-2066": {
    "edukans_foundation-03.xml": 32221.458022744988
  },
  "NL-KVK-32092131-2067": {
    "edukans_foundation-03.xml": 217839.58760705809
  },
  "NL-KVK-32092131-2068": {
    "edukans_foundation-03.xml": 31884.018823529303
  },
  "NL-KVK-32092131-2071": {
    "edukans_foundation-03.xml": 121265.55159215644
  },
  "NL-KVK-32092131-2072": {
    "edukans_foundation-03.xml": 275168.38195254805
  },
  "NL-KVK-32092131-2081": {
    "edukans_foundation-03.xml": 52317.68938705864
  },
  "PE-0000220": {
    "edukans_foundation-03.xml": 43176.27549019593
  },
  "SR-0000416": {
    "edukans_foundation-03.xml": 79710.04705882326
  },
  "SR-0000445": {
    "edukans_foundation-03.xml": 42326.034988235144
  },
  "SS-0000198": {
    "edukans_foundation-03.xml": 60400.28815882332
  },
  "UG-0000359": {
    "edukans_foundation-03.xml": 79710.04705882326
  },
  "UG-0000372": {
    "edukans_foundation-03.xml": 328814.5721239204
  },
  "UG-0000396": {
    "edukans_foundation-03.xml": 83198.69011843108
  },
  "UG-0000443": {
    "edukans_foundation-03.xml": 19382.826443137186
  }
}