{
  "GB-CHC-285776-INN147": 37812.55509631998,
  "GB-CHC-285776-INN149": 51769.73214488802,
  "GB-CHC-285776-INN156": 16454.685698584966
}