{
  "GB-CHC-285776-INN147": 37861.351119329745,
  "GB-CHC-285776-INN149": 51836.53950647775,
  "GB-CHC-285776-INN156": 16475.920000787537
}