{
  "XM-DAC-41108-1100000006": 560000.0,
  "XM-DAC-41108-1100000135": 7137065.197545997,
  "XM-DAC-41108-1100000275": 21600080.85521217,
  "XM-DAC-41108-1100000321": 22319094.353019487,
  "XM-DAC-41108-1100001043": 25274506.13141037,
  "XM-DAC-41108-1100001297": 27417414.433699436,
  "XM-DAC-41108-1100001354": 25390977.65691845,
  "XM-DAC-41108-1100001588": 65066971.25598964,
  "XM-DAC-41108-1100001734": 4708908.414012054,
  "XM-DAC-41108-2000002282": 23468000.0
}