{
  "XI-IATI-EC_FPI-2006/132-819": 867513.774920516,
  "XI-IATI-EC_FPI-2006/18726/0": 1406779.3499034934,
  "XI-IATI-EC_FPI-2007/136-361": 616715.1176470608,
  "XI-IATI-EC_FPI-2007/140-844": 94173.76894274539,
  "XI-IATI-EC_FPI-2008/162-340": 500728.3498146888,
  "XI-IATI-EC_FPI-2008/163-841": 3657440.339722916,
  "XI-IATI-EC_FPI-2008/163-852": 2032485.792711941,
  "XI-IATI-EC_FPI-2008/164-152": 957461.0427835422,
  "XI-IATI-EC_FPI-2008/170-871": 984091.8834179826,
  "XI-IATI-EC_FPI-2008/20264/0": 9280295.659512345,
  "XI-IATI-EC_FPI-2015/362-698": 1434780.8470588184,
  "XI-IATI-EC_FPI-2015/38325/0": 1434780.8470588184,
  "XI-IATI-EC_FPI-2016/39992/0": 10400883.986947434,
  "XI-IATI-EC_FPI-2017/383-112": 10400883.986947434,
  "XI-IATI-EC_FPI-2019/411-374": 3175949.8445015578,
  "XI-IATI-EC_FPI-2019/411-458": 5978253.529411744,
  "XI-IATI-EC_FPI-2019/411-490": 1992751.1764705812,
  "XI-IATI-EC_FPI-2019/42303/0": 11292256.666666627
}