{
  "XI-IATI-EC_FPI-2006/132-819": 866814.1119984512,
  "XI-IATI-EC_FPI-2006/18726/0": 1405936.1157150448,
  "XI-IATI-EC_FPI-2007/136-361": 616260.9748977221,
  "XI-IATI-EC_FPI-2007/140-844": 94104.42033571527,
  "XI-IATI-EC_FPI-2008/162-340": 499872.8202853319,
  "XI-IATI-EC_FPI-2008/163-841": 3650794.2146172207,
  "XI-IATI-EC_FPI-2008/163-852": 2028336.7455415602,
  "XI-IATI-EC_FPI-2008/164-152": 956026.5412075191,
  "XI-IATI-EC_FPI-2008/170-871": 983620.273912958,
  "XI-IATI-EC_FPI-2008/20264/0": 9260478.846856007,
  "XI-IATI-EC_FPI-2015/362-698": 1434360.0557163458,
  "XI-IATI-EC_FPI-2015/38325/0": 1434360.0557163458,
  "XI-IATI-EC_FPI-2016/39992/0": 10397833.624277245,
  "XI-IATI-EC_FPI-2017/383-112": 10397833.624277245,
  "XI-IATI-EC_FPI-2019/411-374": 3175018.404552778,
  "XI-IATI-EC_FPI-2019/411-458": 5976500.23215144,
  "XI-IATI-EC_FPI-2019/411-490": 1992166.7440504802,
  "XI-IATI-EC_FPI-2019/42303/0": 11288944.882952722
}