{
  "icdi": {
    "NL-KVK-41169161-HC-BD": 1234396.9828378602,
    "NL-KVK-41169161-HC-ET": 1349229.458298418,
    "NL-KVK-41169161-HC-NP": 1412252.317302036,
    "NL-KVK-41169161-HC-PK": 1478227.5674203373,
    "NL-KVK-41169161-HC-SL": 483625.03934150806
  }
}