{
  "XM-DAC-46004-37904-014-LN2016": 40000000.0,
  "XM-DAC-46004-41325-013-LN2665": 603351911.3399999,
  "XM-DAC-46004-41682-013-LN2608": 146937769.54,
  "XM-DAC-46004-41682-039-LN3582": 190200000.0,
  "XM-DAC-46004-43936-014-LN2628": 65698573.53808,
  "XM-DAC-46004-44931-014-LN2678": 143491629.54,
  "XM-DAC-46004-44946-014-LN2762": 170000000.0,
  "XM-DAC-46004-45923-014-LN2875": 25752750.23561,
  "XM-DAC-46004-45924-014-LN2945": 4961309.11799,
  "XM-DAC-46004-46907-014-LN2912": 184000000.0,
  "XM-DAC-46004-46934-014-LN2992": 51999999.975,
  "XM-DAC-46004-48233-001-LN3219": 53000000.0,
  "XM-DAC-46004-49067-001-LN3581": 37073010.45029,
  "XM-DAC-46004-49087-001-LN3490": 43563784.0,
  "XM-DAC-46004-49366-001-LN3412": 47000000.0,
  "XM-DAC-46004-51051-001-LN3729": 419835000.0,
  "XM-DAC-46004-51274-001-LN3669": 186500659.59679002,
  "XM-DAC-46004-51274-001-LN3672": 186085899.84679002,
  "XM-DAC-46004-53174-001-LN3889": 15258820.99663,
  "XM-DAC-46004-53239-001-LN3848": 63931490.39,
  "XM-DAC-46004-53283-001-LN4060": 19297124.34602,
  "XM-DAC-46004-53437-001-LN4139": 4710454.26,
  "XM-DAC-46004-54177-001-LN3945": 1000000000.0,
  "XM-DAC-46004-54177-001-LN3949": 2000000000.0,
  "XM-DAC-46004-54268-001-LN3966": 97222517.57000001
}