{
  "KR-GOV-160-1192000_2019_019": 456327.80688961776,
  "KR-GOV-160-1192000_2019_021": 1631371.9096303836,
  "KR-GOV-160-1192000_2020_005": 1335214.965216972,
  "KR-GOV-160-1192000_2021_010": 1081118.768192581,
  "KR-GOV-160-1192000_2021_015": 412285.3314597151,
  "KR-GOV-160-1192000_2021_017": 327985.61120191275,
  "KR-GOV-160-1192000_2022_001": 190136.5862040074,
  "KR-GOV-160-1192000_2022_004": 542479.8216086098,
  "KR-GOV-160-1192000_2022_006": 747660.9927658142,
  "KR-GOV-160-1192000_2022_008": 190136.5862040074,
  "KR-GOV-160-1192000_2022_009": 1665400.0403221413,
  "KR-GOV-160-192000_2022_003": 2540224.791685539,
  "KR-GOV-160-GRP_0000142932": 1576277.9324119105,
  "KR-GOV-160-GRP_0000143260": 727462.5788165324,
  "KR-GOV-160-GRP_0000143267": 470588.0508549183,
  "KR-GOV-160-GRP_0000169612": 10457.512241220407,
  "KR-GOV-160-GRP_0000169614": 1370096.1370479532
}