{
  "XM-DAC-47059-P13-0075-1": {
    "idlo-activities.xml": 956607.1820243566
  },
  "XM-DAC-47059-P16-0026": {
    "idlo-activities.xml": 5155940.107443164
  },
  "XM-DAC-47059-P16-0039": {
    "idlo-activities.xml": 275173.4380478197
  },
  "XM-DAC-47059-P20-0012": {
    "idlo-activities.xml": 1873200.0
  },
  "XM-DAC-47059-P21-0001": {
    "idlo-activities.xml": 49000.0
  }
}