{
  "XM-DAC-41108-1100000479": 4492558.2631085785,
  "XM-DAC-41108-1100001065": 15175190.634611033,
  "XM-DAC-41108-1100001434": 17431221.59711451,
  "XM-DAC-41108-1100001626": 39532116.72502186,
  "XM-DAC-41108-1100001709": 62133003.77425741,
  "XM-DAC-41108-2000001232": 37034195.39363751,
  "XM-DAC-41108-2000001978": 33586240.16824854
}