{
  "opml": {
    "GB-COH-03122495-A0268DFID Programme Directorate education": 40860225.715632446,
    "GB-COH-03122495-A0534": 12073774.953905117,
    "GB-COH-03122495-A0648 Kenya Extractives Programme": 7414164.0003543915,
    "GB-COH-03122495-A2119 Women 's Integrated Sexual Health (WISH) Evaluation": 3781223.6401807396,
    "GB-COH-03122495-A4335": 961781.8300459724
  }
}