{
  "GB-COH-05322719-203559-104": {
    "opportunity-international-uk-activities.xml": 7122262.612461216
  },
  "GB-COH-05322719-205210-219": {
    "opportunity-international-uk-activities.xml": 5078581.8916004365
  },
  "GB-COH-05322719-GB-COH-03580586-GEC-Recipient-8980": {
    "opportunity-international-uk-activities.xml": 2981818.7724506333
  },
  "GB-COH-05322719-GB-COH-05322719-GPAF-IMP-104": {
    "opportunity-international-uk-activities.xml": 2180543.684873652
  },
  "GB-COH-05322719-PO40092317_UKAMIV_GH_Moz": {
    "opportunity-international-uk-activities.xml": 4201330.471768313
  }
}