{
  "SE-0-SE-24-T103-SI2015-265-616-43081": 395.798322087,
  "SE-0-SE-6-5204009101-TKM-72010": 428437.4828335273,
  "SE-0-SE-6-7400176901-TKM-72050": 1947594.9856844386,
  "SE-0-SE-6-8889998801-TKM-15153": 111696.7006718856
}