{
  "ES-DIR3-E04585801-009-066057": 67307.04059617931,
  "ES-DIR3-E04585801-009-066353": 42992.161557445834,
  "ES-DIR3-E04585801-009-080372": 33447.97495036574,
  "ES-DIR3-E04585801-009-089904": 169.99822882564098,
  "ES-DIR3-E04585801-009-093803": 1907.1676296376597
}