{
  "BE-BCE_KBO-0408643875-Prog2017-2021_commun_ASE": {
    "oxsol-activities.xml": 12642318.820763143
  },
  "BE-BCE_KBO-0408643875-Prog2017-2021_commun_BEL-OS3-plaidoyer": {
    "oxsol-activities.xml": 664250.3921568604
  },
  "BE-BCE_KBO-0408643875-Prog2017-2021_commun_BKF": {
    "oxsol-activities.xml": 6971552.495820674
  },
  "BE-BCE_KBO-0408643875-Prog2017-2021_commun_CUB": {
    "oxsol-activities.xml": 4325222.534863483
  },
  "BE-BCE_KBO-0408643875-Prog2017-2021_commun_GLA": {
    "oxsol-activities.xml": 324095.7373380381
  },
  "BE-BCE_KBO-0408643875-Prog2017-2021_commun_MLI": {
    "oxsol-activities.xml": 5380361.180176017
  },
  "BE-BCE_KBO-0408643875-Prog2017-2021_commun_MOZ": {
    "oxsol-activities.xml": 7736605.714694008
  },
  "BE-BCE_KBO-0408643875-Prog2017-2021_commun_NIC": {
    "oxsol-activities.xml": 4254876.027032659
  },
  "BE-BCE_KBO-0408643875-Prog2017-2021_commun_RDC": {
    "oxsol-activities.xml": 6095543.661971912
  },
  "BE-BCE_KBO-0408643875-Prog2017-2021_commun_SAL": {
    "oxsol-activities.xml": 4157560.010044711
  }
}