{
  "XM-DAC-701-8-2005003057": 1907688.9864752823,
  "XM-DAC-701-8-2005003064": 2761892.235065994,
  "XM-DAC-701-8-2006003043": 37060190.99781932,
  "XM-DAC-701-8-2006003044": 5019321.04219068,
  "XM-DAC-701-8-2006003045": 2356785.6333758594,
  "XM-DAC-701-8-2007003007": 1442096.0726207893,
  "XM-DAC-701-8-2007003047": 2720841.179945042,
  "XM-DAC-701-8-2007003048": 4197351.878452449,
  "XM-DAC-701-8-2007003049": 11030219.418122787,
  "XM-DAC-701-8-2007003050": 5170916.047129255,
  "XM-DAC-701-8-2007003051": 5533454.695587732,
  "XM-DAC-701-8-2007003052": 3788073.8069578763,
  "XM-DAC-701-8-2008003037": 12019047.374038562,
  "XM-DAC-701-8-2008003038": 917818.1631083993,
  "XM-DAC-701-8-2008003040": 743659.2987730899,
  "XM-DAC-701-8-2008003041": 2621294.741430031,
  "XM-DAC-701-8-2008003042": 126566.18611194225,
  "XM-DAC-701-8-2008003043": 1564395.982796374,
  "XM-DAC-701-8-2008003096": 2860585.418393733,
  "XM-DAC-701-8-2008003097": 1545908.7870721577,
  "XM-DAC-701-8-2010003005": 3011516.780408873,
  "XM-DAC-701-8-2010003019": 18843951.1986277,
  "XM-DAC-701-8-2010003020": 909949.2541591175,
  "XM-DAC-701-8-2010003022": 224311.30812049092,
  "XM-DAC-701-8-2010003039": 48287701.976465665,
  "XM-DAC-701-8-2010003040": 103149.07152793497,
  "XM-DAC-701-8-2010010628": 218054.1034138331,
  "XM-DAC-701-8-2011003048": 19652931.92229302,
  "XM-DAC-701-8-2011003049": 929100.0928067671,
  "XM-DAC-701-8-2011003050": 5202391.682926382,
  "XM-DAC-701-8-2012003001": 9531144.860218644,
  "XM-DAC-701-8-2012003002": 1356675.7477617182,
  "XM-DAC-701-8-2012003003": 8610198.094756916,
  "XM-DAC-701-8-2012003009": 310205.66363915737,
  "XM-DAC-701-8-2013003046": 3869417.468144428,
  "XM-DAC-701-8-2013003072": 4740306.595952894,
  "XM-DAC-701-8-2013003088": 2658743.1635380588,
  "XM-DAC-701-8-2015003012": 51384923.500129364,
  "XM-DAC-701-8-2015003013": 4114586.1252871114,
  "XM-DAC-701-8-2015010601": 6778638.432212638,
  "XM-DAC-701-8-2015950026": 3129781.146018902,
  "XM-DAC-701-8-2015950038": 243415.38224044075,
  "XM-DAC-701-8-2015950050": 154444.43652931438,
  "XM-DAC-701-8-2015950052": 461356.17746102915,
  "XM-DAC-701-8-2015950056": 146079.64676160162,
  "XM-DAC-701-8-2015950057": 134140.81045677525,
  "XM-DAC-701-8-2015950058": 369058.3267286533,
  "XM-DAC-701-8-2015950059": 113266.85780916482,
  "XM-DAC-701-8-2015950180": 334154.3403342883,
  "XM-DAC-701-8-2015950184": 669544.3882478978,
  "XM-DAC-701-8-2015950187": 182770.65642452342,
  "XM-DAC-701-8-2015950210": 941019.8379818477,
  "XM-DAC-701-8-2015950226": 1304698.0840189946,
  "XM-DAC-701-8-2015950282": 1350723.4386272507,
  "XM-DAC-701-8-2015950316": 271133.25378890714,
  "XM-DAC-701-8-2015950353": 2253170.1892484417,
  "XM-DAC-701-8-2015950367": 113152.79249415055,
  "XM-DAC-701-8-2015950368": 14124993.121503929,
  "XM-DAC-701-8-2015950388": 8022.593822669948,
  "XM-DAC-701-8-2015950482": 150376.10696047224,
  "XM-DAC-701-8-2015950483": 1788734.248282027,
  "XM-DAC-701-8-2015950504": 1116889.542848008,
  "XM-DAC-701-8-2015950545": 2082813.6412746368,
  "XM-DAC-701-8-2015950553": 159311.2233032563,
  "XM-DAC-701-8-2015950554": 16748.590421261193,
  "XM-DAC-701-8-2015950555": 813989.0988276283,
  "XM-DAC-701-8-2015950635": 22851.08477452435,
  "XM-DAC-701-8-2015950636": 53439.600084182995,
  "XM-DAC-701-8-2015950690": 75283.10790941468,
  "XM-DAC-701-8-2015950804": 1970174.1426980507,
  "XM-DAC-701-8-2015950810": 28022.045721837687,
  "XM-DAC-701-8-2015950823": 1603035.915438804,
  "XM-DAC-701-8-2015950865": 1577.9035243639946,
  "XM-DAC-701-8-2015950866": 1577.9035243639946,
  "XM-DAC-701-8-2015950867": 3174.8179345637,
  "XM-DAC-701-8-2015950917": 924347.2911039295,
  "XM-DAC-701-8-2015950925": 15645.959042789971,
  "XM-DAC-701-8-2015950964": 108685.23432275852,
  "XM-DAC-701-8-2015950977": 15303.763097747174,
  "XM-DAC-701-8-2015950978": 14600.360321825878,
  "XM-DAC-701-8-2015951028": 1594328.9297260484,
  "XM-DAC-701-8-2015951029": 2737510.5276848446,
  "XM-DAC-701-8-2015951087": 17128.80813797541,
  "XM-DAC-701-8-2015951088": 229651.50089538618,
  "XM-DAC-701-8-2015951089": 239232.98735658443,
  "XM-DAC-701-8-2015951090": 62888.01034453125,
  "XM-DAC-701-8-2015951091": 185945.4743590871,
  "XM-DAC-701-8-2015951092": 53895.86134424005,
  "XM-DAC-701-8-2015951251": 157619.25446387805,
  "XM-DAC-701-8-2015951259": 7813.474078477128,
  "XM-DAC-701-8-2015951260": 7946.550279327105,
  "XM-DAC-701-8-2015951282": 57831.114712232185,
  "XM-DAC-701-8-2015951313": 242673.95769284808,
  "XM-DAC-701-8-2015951376": 26805.349028352197,
  "XM-DAC-701-8-2015951390": 3667656.1389686656,
  "XM-DAC-701-8-2015951398": 18003.308886418105,
  "XM-DAC-701-8-2015951426": 22451.85617197443,
  "XM-DAC-701-8-2015951527": 382993.30604622926,
  "XM-DAC-701-8-2015951551": 13117.511226640436,
  "XM-DAC-701-8-2015951552": 28345.230781044767,
  "XM-DAC-701-8-2015951588": 1235460.4378053362,
  "XM-DAC-701-8-2015951633": 36272.77017453616,
  "XM-DAC-701-8-2015951634": 173341.25705001087,
  "XM-DAC-701-8-2015951687": 19105.94026488933,
  "XM-DAC-701-8-2015951754": 93609.60185503987,
  "XM-DAC-701-8-2015951807": 749751.3155887617,
  "XM-DAC-701-8-2015951824": 1523019.0969562975,
  "XM-DAC-701-8-2015951967": 162105.82352110578,
  "XM-DAC-701-8-2015951999": 14353.218805961636,
  "XM-DAC-701-8-2015952018": 621541.9015127282,
  "XM-DAC-701-8-2015952023": 8101412.955344805,
  "XM-DAC-701-8-2015952060": 197218.9296596636,
  "XM-DAC-701-8-2015952115": 88590.72799441223,
  "XM-DAC-701-8-2015952132": 46576.67029749141,
  "XM-DAC-701-8-2015952207": 166763.49055085494,
  "XM-DAC-701-8-2015952208": 743838.9300938556,
  "XM-DAC-701-8-2015952209": 5266.015376491885,
  "XM-DAC-701-8-2015952210": 26938.425229202174,
  "XM-DAC-701-8-2015952211": 32565.64743657256,
  "XM-DAC-701-8-2015952212": 306170.31638412207,
  "XM-DAC-701-8-2015952213": 31577.081373115598,
  "XM-DAC-701-8-2015952214": 230735.12138802168,
  "XM-DAC-701-8-2015952215": 116536.73017290706,
  "XM-DAC-701-8-2015952216": 14847.501837690117,
  "XM-DAC-701-8-2015952217": 134007.7342559253,
  "XM-DAC-701-8-2015952218": 26406.120425802274,
  "XM-DAC-701-8-2015952219": 962882.3566929152,
  "XM-DAC-701-8-2015952220": 1787.023268556813,
  "XM-DAC-701-8-2015952221": 27831.93686348058,
  "XM-DAC-701-8-2015952222": 361948.2554260974,
  "XM-DAC-701-8-2015952795": 11843.781875647815,
  "XM-DAC-701-8-2015952817": 234157.08083844962,
  "XM-DAC-701-8-2015952831": 17851.22179973242,
  "XM-DAC-701-8-2015952879": 2881042.7157444614,
  "XM-DAC-701-8-2015952936": 41633.839980206605,
  "XM-DAC-701-8-2015952964": 30265.330250451556,
  "XM-DAC-701-8-2015953045": 99350.88937742454,
  "XM-DAC-701-8-2015953126": 24257.89032636695,
  "XM-DAC-701-8-2015953147": 23345.367806252834,
  "XM-DAC-701-8-2015953148": 46975.89890004133,
  "XM-DAC-701-8-2015953165": 5208.982718984753,
  "XM-DAC-701-8-2015953185": 44827.668800606014,
  "XM-DAC-701-8-2015953211": 16596.503334575507,
  "XM-DAC-701-8-2015953318": 19657.255954124943,
  "XM-DAC-701-8-2015953345": 13782.892230890313,
  "XM-DAC-701-8-2015953357": 42736.47135867782,
  "XM-DAC-701-8-2015953358": 50188.738606276456,
  "XM-DAC-701-8-2015953359": 25151.40196064536,
  "XM-DAC-701-8-2015953360": 48363.69356604821,
  "XM-DAC-701-8-2015953382": 21425.268336846046,
  "XM-DAC-701-8-2015953444": 76575.84814624302,
  "XM-DAC-701-8-2015953535": 2982903.0420521996,
  "XM-DAC-701-8-2015953601": 10532.030752983772,
  "XM-DAC-701-8-2015953639": 16577.4924487398,
  "XM-DAC-701-8-2015953646": 237217.83345799908,
  "XM-DAC-701-8-2015953661": 53857.839572568635,
  "XM-DAC-701-8-2015953769": 28060.06749350911,
  "XM-DAC-701-8-2015953823": 658575.1071206927,
  "XM-DAC-701-8-2015953849": 561182.3389843465,
  "XM-DAC-701-8-2015953885": 8649.953055248405,
  "XM-DAC-701-8-2015953917": 19505.168867439257,
  "XM-DAC-701-8-2015953918": 37736.60838388589,
  "XM-DAC-701-8-2015954014": 227655.35788263654,
  "XM-DAC-701-8-2015954099": 19239.016465739303,