{
  "GB-CHC-202918-THAB04": 310212.268173685,
  "GB-CHC-202918-THAB08": 15833.408548516825,
  "GB-CHC-202918-THAB10": 38664.931165528156,
  "GB-CHC-202918-THAB17": 129447.18446618748,
  "GB-CHC-202918-THAB18": 16333.633955660733,
  "GB-CHC-202918-THAB24": 523906.7906664024,
  "GB-CHC-202918-THAB26": 13624.251291131224,
  "GB-CHC-202918-THAB29": 362686.53589509614,
  "GB-CHC-202918-THAB30": 490132.86816046794,
  "GB-CHC-202918-THAB31": 775384.0793605827,
  "GB-CHC-202918-THAB33": 125774.53713881192,
  "GB-CHC-202918-THAB34": 14031.997359310719
}