{
  "GB-CHC-202918-THAB04": 309963.8298797391,
  "GB-CHC-202918-THAB08": 15813.002320397247,
  "GB-CHC-202918-THAB10": 38615.09948189706,
  "GB-CHC-202918-THAB17": 129280.35186235742,
  "GB-CHC-202918-THAB18": 16312.583032891984,
  "GB-CHC-202918-THAB24": 523231.5752539424,
  "GB-CHC-202918-THAB26": 13606.692243188174,
  "GB-CHC-202918-THAB29": 362219.1024827203,
  "GB-CHC-202918-THAB30": 489501.18085915584,
  "GB-CHC-202918-THAB31": 774384.7579349254,
  "GB-CHC-202918-THAB33": 125612.43787328585,
  "GB-CHC-202918-THAB34": 14013.912804856762
}