{
  "irc_inc": {
    "US-EIN-13-5660870-CPPB": 536356.95,
    "US-EIN-13-5660870-DF080": 68453592.90391608,
    "US-EIN-13-5660870-DF084": 3589114.4129715567,
    "US-EIN-13-5660870-DF089": 4851777.846479911,
    "US-EIN-13-5660870-DF091": 2264209.7811447876,
    "US-EIN-13-5660870-DF098": 3126512.484610661,
    "US-EIN-13-5660870-DF103": 1500720.33,
    "US-EIN-13-5660870-DF104": 2480482.14,
    "US-EIN-13-5660870-DF117": 697600.3383853447,
    "US-EIN-13-5660870-DF119": 61637508.59369454,
    "US-EIN-13-5660870-DF126": 18412416.31372985,
    "US-EIN-13-5660870-DF127": 3317808.237080025,
    "US-EIN-13-5660870-DF130": 1139739.5483713152,
    "US-EIN-13-5660870-DF131": 9419735.570654023,
    "US-EIN-13-5660870-DF132": 23333.33,
    "US-EIN-13-5660870-DF133": 2245591.0088421796,
    "US-EIN-13-5660870-DF139": 1647592.0000787536,
    "US-EIN-13-5660870-DF141": 10743381.812640216,
    "US-EIN-13-5660870-DF143": 17345187.33,
    "US-EIN-13-5660870-DF151": 6311101.156301666,
    "US-EIN-13-5660870-DF152": 622707.3964297649,
    "US-EIN-13-5660870-DF153": 12697372.119027834,
    "US-EIN-13-5660870-DF154": 1165752.072063722,
    "US-EIN-13-5660870-DF156": 805438.5299744994,
    "US-EIN-13-5660870-DF158": 1639169.3978954626,
    "US-EIN-13-5660870-DF164": 3622872.1652877787,
    "US-EIN-13-5660870-DF166": 2993999.239767111,
    "US-EIN-13-5660870-DF168": 90037655.54234025,
    "US-EIN-13-5660870-DF169": 213834.3753222211,
    "US-EIN-13-5660870-DF170": 2434738.9636683785,
    "US-EIN-13-5660870-DF171": 8368537.764886267,
    "US-EIN-13-5660870-DF173": 2736284.814091118,
    "US-EIN-13-5660870-DF175": 1042882.898657849,
    "US-EIN-13-5660870-DF176": 1153073.5907262368,
    "US-EIN-13-5660870-DF177": 600000.0,
    "US-EIN-13-5660870-DF178": 913567.6698904734,
    "US-EIN-13-5660870-DF180": 352502.30841684935,
    "US-EIN-13-5660870-DF182": 2300864.1100000003,
    "US-EIN-13-5660870-DF183": 5815508.711888768,
    "US-EIN-13-5660870-DF185": 6773211.34579674,
    "US-EIN-13-5660870-DF186": 5789473.875071052,
    "US-EIN-13-5660870-DF187": 2380571.0814817892,
    "US-EIN-13-5660870-DF190": 116168.14069071416,
    "US-EIN-13-5660870-DF191": 4914573.0,
    "US-EIN-13-5660870-DF192": 2441655.5548847094,
    "US-EIN-13-5660870-DF194": 109276807.27000001,
    "US-EIN-13-5660870-DF195": 13108.950417186597,
    "US-EIN-13-5660870-DF196": 11027753.300354391,
    "US-EIN-13-5660870-DF198": 261008.89,
    "US-EIN-13-5660870-DF199": 41867.0,
    "US-EIN-13-5660870-DF200": 357185.0,
    "US-EIN-13-5660870-DF204": 7370554.199999999,
    "US-EIN-13-5660870-DF205": 2258399.1239196258,
    "US-EIN-13-5660870-DF206": 2155780.16010238,
    "US-EIN-13-5660870-DF207": 104071479.65,
    "US-EIN-13-5660870-DF210": 1434712.85,
    "US-EIN-13-5660870-DF213": 841448.7785299006,
    "US-EIN-13-5660870-DF215": 791763.201864372,
    "US-EIN-13-5660870-DF218": 51566.8,
    "US-EIN-13-5660870-DF219": 56968.24,
    "US-EIN-13-5660870-DF220": 686872.08,
    "US-EIN-13-5660870-DF221": 150434488.60181132,
    "US-EIN-13-5660870-DF225": 611496.97,
    "US-EIN-13-5660870-DF228": 124207.0,
    "US-EIN-13-5660870-DF229": 21049.0,
    "US-EIN-13-5660870-DF231": 1524372.5218130255,
    "US-EIN-13-5660870-ED007": 1733672.1607281896,
    "US-EIN-13-5660870-EI078": 421348.0,
    "US-EIN-13-5660870-EN017": 38547266.34803239,
    "US-EIN-13-5660870-ES100": 329670.0,
    "US-EIN-13-5660870-ES102": 8775629.719554428,
    "US-EIN-13-5660870-ES103": 60880.7,
    "US-EIN-13-5660870-ES119": 777846.0,
    "US-EIN-13-5660870-ES188": -476.0,
    "US-EIN-13-5660870-EX078": 2937046.9271003883,
    "US-EIN-13-5660870-EX079": 82249.44023593146,
    "US-EIN-13-5660870-EX092": 209279.08000856335,
    "US-EIN-13-5660870-EX119": 115750.0,
    "US-EIN-13-5660870-HFA4": 652735.73,
    "US-EIN-13-5660870-OX060": 1117813.4917340686,
    "US-EIN-13-5660870-SV544": 347973.9239530134,
    "US-EIN-13-5660870-SV551": 373268.07999999996
  }
}