{
  "US-18-VUT-2750BXCOMD-MON & EVAL-0016": 1859774.1199999999,
  "US-18-VUT-2750BXCOMD-NA-NA": 1.85536919161118e-10,
  "US-18-VUT-2750BXCOMD-PGM ADMIN-0017": 3065747.98,
  "US-18-VUT-2750BXCOMD-PGM ADMIN-0031": 599530.0,
  "US-18-VUT-2750BXCOMD-PGM ADMIN-0059": 5113388.22,
  "US-18-VUT-2750BXCOMD-TRANSPORTI-0039": 116669198.34,
  "US-18-VUT-2750BXCOMD-TRANSPORTI-0090": 3499396.7,
  "US-18-VUT-2750BXDILD-AUDIT-NA": 112920.0,
  "US-18-VUT-2750BXDILD-BSLNE DATA-NA": 108384.48,
  "US-18-VUT-2750BXDILD-ENVML ASMT-NA": 2449.4400000000014,
  "US-18-VUT-2750BXDILD-FIN ACCY-EIF": 110528.78000000001,
  "US-18-VUT-2750BXDILD-FIN ACCY-NA": 678799.5,
  "US-18-VUT-2750BXDILD-FISCALPROC-EIF": 102637.64,
  "US-18-VUT-2750BXDILD-FISCALPROC-NA": 17992.0,
  "US-18-VUT-2750BXDILD-HOUSEHOLD-NA": 195242.0,
  "US-18-VUT-2750BXDILD-INFRSTRE-EIF": 661245.18,
  "US-18-VUT-2750BXDILD-INFRSTRE-NA": 1740105.58,
  "US-18-VUT-2750BXDILD-LEGAL REG-NA": 300289.96,
  "US-18-VUT-2750BXDILD-MON & EVAL-EIF": 31771.200000000004,
  "US-18-VUT-2750BXDILD-MON & EVAL-NA": 143410.66,
  "US-18-VUT-2750BXDILD-PGM DEVEL-NA": 92034.06
}