{
  "DK-CVR-18243717-SPAHUM2018-2021-HumProject": 5451209.110499993,
  "DK-CVR-18243717-SPAII-2022-2025": 4300131.351466867
}