{
  "XI-IATI-EC_FPI-2006/125-835": 562591.125010763,
  "XI-IATI-EC_FPI-2006/18431/0": 508262.67967757443,
  "XI-IATI-EC_FPI-2008/168-990": 4049641.387616448,
  "XI-IATI-EC_FPI-2008/170-980": 3288766.7273868467,
  "XI-IATI-EC_FPI-2008/20430/0": 3467895.092982419,
  "XI-IATI-EC_FPI-2014/354-176": 330205.6221598552,
  "XI-IATI-EC_FPI-2014/354-177": 281728.8209790424,
  "XI-IATI-EC_FPI-2014/354-250": 317251.2258788763,
  "XI-IATI-EC_FPI-2019/412-367": 1511.8287798366553,
  "XI-IATI-EC_FPI-2021/423-358": 379.6140136346325,
  "XI-IATI-EC_FPI-2022/44495/1": 1328111.1627003201
}