{
  "XI-IATI-EC_INTPA-1999/3141/1": 3111392.4662736244,
  "XI-IATI-EC_INTPA-2004/090-311": 482444.6457232988,
  "XI-IATI-EC_INTPA-2004/4989/0": 4346938.729566234,
  "XI-IATI-EC_INTPA-2005/17649/0": 5535362.083915888,
  "XI-IATI-EC_INTPA-2005/4965/0": 1274419.273497091,
  "XI-IATI-EC_INTPA-2006/116-449": 1847152.0955039219,
  "XI-IATI-EC_INTPA-2006/119-819": 931118.124360098,
  "XI-IATI-EC_INTPA-2006/119-835": 485502.1311601385,
  "XI-IATI-EC_INTPA-2006/130-268": 4562688.353303128,
  "XI-IATI-EC_INTPA-2010/206-858": 597282.7264564002,
  "XI-IATI-EC_INTPA-2010/21807/0": 3710141.0909891743,
  "XI-IATI-EC_INTPA-2010/21841/0": 8747893.26055601,
  "XI-IATI-EC_INTPA-2010/248-173": 479967.6751277576,
  "XI-IATI-EC_INTPA-2011/22962/0": 5390595.860380036,
  "XI-IATI-EC_INTPA-2011/275-213": 3656908.8652146594,
  "XI-IATI-EC_INTPA-2011/275-227": 8673005.117745688,
  "XI-IATI-EC_INTPA-2013/24444/1": 6107010.961457246,
  "XI-IATI-EC_INTPA-2013/311-305": 4976045.280639684,
  "XI-IATI-EC_INTPA-2013/312-047": 2253470.8223616984,
  "XI-IATI-EC_INTPA-2015/357-004": 57865.80335885295,
  "XI-IATI-EC_INTPA-2015/37512/2": 417860.9588980763,
  "XI-IATI-EC_INTPA-2016/373-553": 1181.1689436591566,
  "XI-IATI-EC_INTPA-2016/375-429": 3518806.393794672,
  "XI-IATI-EC_INTPA-2016/38274/0": 36257434.74171874,
  "XI-IATI-EC_INTPA-2016/39052/0": 3320277.9067508006,
  "XI-IATI-EC_INTPA-2016/39053/0": 21913834.18455528,
  "XI-IATI-EC_INTPA-2016/39054/0": 6640555.813501601,
  "XI-IATI-EC_INTPA-2017/384-495": 30944990.09091746,
  "XI-IATI-EC_INTPA-2017/384-588": 3984333.4881009604,
  "XI-IATI-EC_INTPA-2017/385-280": 19921667.440504804,
  "XI-IATI-EC_INTPA-2017/385-725": 6640555.813501601,
  "XI-IATI-EC_INTPA-2017/387-488": 2629660.102146634,
  "XI-IATI-EC_INTPA-2017/39571/1": 5312444.6508012805,
  "XI-IATI-EC_INTPA-2018/396-369": 5312444.6508012805,
  "XI-IATI-EC_INTPA-2018/39757/2": 18479.869962277342,
  "XI-IATI-EC_INTPA-2019/39758/2": 3.76708984375e-23,
  "XI-IATI-EC_INTPA-2020/40821/0": 1992166.7440504802,
  "XI-IATI-EC_INTPA-2020/415-446": 1221718.2493098113,
  "XI-IATI-EC_INTPA-2020/415-853": 773291.6752744429,
  "XI-IATI-EC_INTPA-2020/417-080": 625011.6365779798,
  "XI-IATI-EC_INTPA-2021/43160/0": 19921667.4405048
}