{
  "US-EIN-26-1931968-PROG207": {
    "pmo-us-rw.xml": 2508972.912975954
  },
  "US-EIN-26-1931968-PROG207A": {
    "pmo-us-289.xml": 463912.4738823513
  },
  "US-EIN-26-1931968-PROG207B": {
    "pmo-us-589.xml": 157863.09119843083
  },
  "US-EIN-26-1931968-PROG325": {
    "pmo-us-rw.xml": 696252.6475501937
  }
}