{
  "SE-0-SE-6-7600150601-HUN-15140": 13801.1920616553,
  "SE-0-SE-6-7600155801-HUN-14015": 104515.7339038928,
  "SE-0-SE-6-7600162501-HUN-15120": 9701.6642758852,
  "SE-0-SE-6-7600162801-HUN-15130": 81363.776470225,
  "SE-0-SE-6-7600185001-HUN-16020": 11841.8997136888,
  "SE-0-SE-6-7600187801-HUN-16020": 11719.1635069256,
  "SE-0-SE-6-7600187901-HUN-25010": 40962.9264567051,
  "SE-0-SE-6-7600187902-HUN-25010": 27009.0739158961,
  "SE-0-SE-6-7600213901-HUN-16020": 24078.6492130439,
  "SE-0-SE-6-7600217901-HUN-16020": 45558.4435757638,
  "SE-0-SE-6-7600217902-HUN-16020": 28173.0852551962,
  "SE-0-SE-6-7600221401-HUN-14010": 16921.5058121592,
  "SE-0-SE-6-7600222901-HUN-41010": 26958.6075506635,
  "SE-0-SE-6-7600239401-HUN-15140": 4757.401501903099,
  "SE-0-SE-6-7600269901-HUN-15140": 2553.9732935344,
  "SE-0-SE-6-7600308701-HUN-15140": 11159.4259263605
}