{
  "GB-CHC-202918-CHDA68": 43906.03784953427,
  "GB-CHC-202918-CHHA25": 877422.6834046085,
  "GB-CHC-202918-CHHA26": 3087595.5145361032,
  "GB-CHC-202918-CHHA27": 330218.589195426,
  "GB-CHC-202918-CHHA28": 597042.7044404845,
  "GB-CHC-202918-CHHA29": 303550.15099001536,
  "GB-CHC-202918-CHHA30": 917005.4171336965,
  "GB-CHC-202918-CHHA31": 2080716.6609524481
}