{
  "AU-5-INJ522-CR": 35117.29748229968,
  "AU-5-INJ554-CR": 372.86832054541134,
  "AU-5-INJ633-CR": -711.3266378805201,
  "AU-5-INK048-CR": 930442.5410871264,
  "AU-5-INK058-CR": 31003.629302936435,
  "AU-5-INK072-CR": 68278.2593595468,
  "AU-5-INK131-CR": 2695403.943674077,
  "AU-5-INK423-CR": 266177.30986548465,
  "AU-5-INK573-CR": 1855385.4820016546,
  "AU-5-INK680-CR": 79129.96938935482,
  "AU-5-INL062-CR": 4422272.022979827,
  "AU-5-INL144-CR": 66544.66726159227,
  "AU-5-INL400-CR": 49406.71856991521,
  "AU-5-INL471-CR": 105831.87740228909,
  "AU-5-INL889-CR": 674.260636568082,
  "AU-5-INM061-CR": 212444.38276081876,
  "AU-5-INM256-CR": 928.4605022261022,
  "AU-5-INM260-CR": 370.48278292711456,
  "AU-5-INM339-CR": 134224.7404111413,
  "AU-5-INM588-CR": 51407.866448499626,
  "AU-5-INM603-CR": 19121.779256041074,
  "AU-5-O14780-CR": 115624.78605775454,
  "AU-5-O15360-CR": 54382.75370972941,
  "AU-5-O16769-CR": 76177.02924478005
}