{
  "AU-5-INJ522-CR": 35146.74463935019,
  "AU-5-INJ554-CR": 373.3682305825959,
  "AU-5-INJ633-CR": -711.7618209292881,
  "AU-5-INK048-CR": 931713.1315987482,
  "AU-5-INK058-CR": 31026.31132368749,
  "AU-5-INK072-CR": 68328.2112177795,
  "AU-5-INK131-CR": 2698921.7043512575,
  "AU-5-INK423-CR": 266577.6449263235,
  "AU-5-INK573-CR": 1857653.8513592973,
  "AU-5-INK680-CR": 79287.6259558431,
  "AU-5-INL062-CR": 4434353.62748779,
  "AU-5-INL144-CR": 66724.87471345968,
  "AU-5-INL400-CR": 49499.471790242445,
  "AU-5-INL471-CR": 106030.55984318929,
  "AU-5-INL889-CR": 675.5264531855747,
  "AU-5-INM061-CR": 212843.21314688487,
  "AU-5-INM256-CR": 930.2035384774625,
  "AU-5-INM260-CR": 371.1783051594535,
  "AU-5-INM339-CR": 134476.725915969,
  "AU-5-INM588-CR": 51504.37650424241,
  "AU-5-INM603-CR": 19157.67734147807,
  "AU-5-O14780-CR": 115787.64983315041,
  "AU-5-O15360-CR": 54572.09919419422,
  "AU-5-O16769-CR": 76320.03944626544
}