{
  "saferworld": {
    "GB-CHC-1043843-DFATD_E011": 678888.3881373103,
    "GB-CHC-1043843-DFID_A012_300358-102": 2451744.8781520203,
    "GB-CHC-1043843-ECSomalia_D003_D015_D019_N032": 6930140.420882187,
    "GB-CHC-1043843-FinlandEmbassyKenya_F018": 132850.0784313721,
    "GB-CHC-1043843-USStateDpt_U006": 28337.0
  }
}