{
  "XM-DAC-21018-MDR00001": 9717825.798394326,
  "XM-DAC-21018-MDR42004": -810937.7584225768,
  "XM-DAC-21018-MDR65002": -89184.6730692546,
  "XM-DAC-21018-MDRAF004": -289983.049214918,
  "XM-DAC-21018-MDRAF005": -382729.2917217086,
  "XM-DAC-21018-MDRAM004": -275684.3156815628,
  "XM-DAC-21018-MDRAR016": -154461.88755304716,
  "XM-DAC-21018-MDRBA010": -222086.4026532142,
  "XM-DAC-21018-MDRBD018": -109351.22620620245,
  "XM-DAC-21018-MDRBD021": -295434.2953222781,
  "XM-DAC-21018-MDRBI014": -276928.6451548084,
  "XM-DAC-21018-MDRBI015": -151079.65412648933,
  "XM-DAC-21018-MDRBJ015": -136579.68153154687,
  "XM-DAC-21018-MDRBO011": -75578.53739732165,
  "XM-DAC-21018-MDRBO012": -183910.17277037748,
  "XM-DAC-21018-MDRBR009": -255401.81743946852,
  "XM-DAC-21018-MDRCD023": -218832.5803715903,
  "XM-DAC-21018-MDRCD025": -359060.21880937606,
  "XM-DAC-21018-MDRCD026": -546756.1310310123,
  "XM-DAC-21018-MDRCD027": -287612.3146307675,
  "XM-DAC-21018-MDRCF017": -63524.02094237975,
  "XM-DAC-21018-MDRCF024": -83805.18323653095,
  "XM-DAC-21018-MDRCG015": -91233.13865465276,
  "XM-DAC-21018-MDRCG016": -347570.6854718904,
  "XM-DAC-21018-MDRCI010": -201872.99251583696,
  "XM-DAC-21018-MDRCM021": -203393.28074353657,
  "XM-DAC-21018-MDRCM026": -154091.18689620812,
  "XM-DAC-21018-MDRCM027": -273378.06551550614,
  "XM-DAC-21018-MDRCN006": -408981.1312458054,
  "XM-DAC-21018-MDRCR014": 2.76611328125e-24,
  "XM-DAC-21018-MDRCR017": -306756.10574900877,
  "XM-DAC-21018-MDRCU005": -78635.56027714224,
  "XM-DAC-21018-MDRDO011": -111649.78898105683,
  "XM-DAC-21018-MDRDZ004": -289785.12349548476,
  "XM-DAC-21018-MDREC013": -110583.90977385711,
  "XM-DAC-21018-MDREG014": -71735.49790353088,
  "XM-DAC-21018-MDRET016": -1.075439453125e-23,
  "XM-DAC-21018-MDRET019": -370297.15081432543,
  "XM-DAC-21018-MDRET020": -437404.9048248098,
  "XM-DAC-21018-MDRGE011": -58749.04469538585,
  "XM-DAC-21018-MDRGE012": -119670.70142328179,
  "XM-DAC-21018-MDRGH015": -191062.83647652518,
  "XM-DAC-21018-MDRGT014": -182183.51690858154,
  "XM-DAC-21018-MDRGW003": -292969.35465675103,
  "XM-DAC-21018-MDRHT015": -60115.432007322845,
  "XM-DAC-21018-MDRHT016": -351958.95017954527,
  "XM-DAC-21018-MDRIN020": -361030.85912708327,
  "XM-DAC-21018-MDRIN021": -297814.40130651445,
  "XM-DAC-21018-MDRIN022": -518300.7549476343,
  "XM-DAC-21018-MDRIR002": -546483.8464777588,
  "XM-DAC-21018-MDRKE039": 4.89013671875e-23,
  "XM-DAC-21018-MDRKE044": -421002.2208938795,
  "XM-DAC-21018-MDRKM007": -139394.38209409453,
  "XM-DAC-21018-MDRKP010": -233436.43663142863,
  "XM-DAC-21018-MDRKP011": -309119.2185526927,
  "XM-DAC-21018-MDRKP012": -365503.5101760015,
  "XM-DAC-21018-MDRKP013": -84141.39451662454,
  "XM-DAC-21018-MDRLB006": -108426.11483249799,
  "XM-DAC-21018-MDRLK008": -337740.7428891683,
  "XM-DAC-21018-MDRLK009": -400125.9782988533,
  "XM-DAC-21018-MDRMA009": -272864.114752337,
  "XM-DAC-21018-MDRMD006": -176604.41734754108,
  "XM-DAC-21018-MDRME007": -401979.4925181711,
  "XM-DAC-21018-MDRMG013": -218702.4524124049,
  "XM-DAC-21018-MDRMG014": -97647.36446535261,
  "XM-DAC-21018-MDRML013": -192136.2499832105,
  "XM-DAC-21018-MDRMM011": -318156.48503176856,
  "XM-DAC-21018-MDRMN008": -346588.47088786104,
  "XM-DAC-21018-MDRMN009": -123399.57823691328,
  "XM-DAC-21018-MDRMR009": -245907.94398024603,
  "XM-DAC-21018-MDRMU002": -97441.78416008495,
  "XM-DAC-21018-MDRMW014": -526817.0284445733,
  "XM-DAC-21018-MDRNE022": -363050.24822143326,
  "XM-DAC-21018-MDRNG024": -277392.34902953584,
  "XM-DAC-21018-MDRNG026": -311269.35890821734,
  "XM-DAC-21018-MDRNI008": -364488.41367825196,
  "XM-DAC-21018-MDRPE012": -437151.20998001145,
  "XM-DAC-21018-MDRPG009": -74644.45922306828,
  "XM-DAC-21018-MDRPH026": -3.6328125e-23,
  "XM-DAC-21018-MDRPH028": -349568.87136347895,
  "XM-DAC-21018-MDRPH030": -433152.23563765065,
  "XM-DAC-21018-MDRPH031": -46474.271137636046,
  "XM-DAC-21018-MDRPK015": -344835.81130447326,
  "XM-DAC-21018-MDRPY018": -224276.08441213507,
  "XM-DAC-21018-MDRPY019": -137422.8779017003,
  "XM-DAC-21018-MDRPY020": -315271.6137873644,
  "XM-DAC-21018-MDRRU022": -78669.64505435072,
  "XM-DAC-21018-MDRRU023": -316715.4655079458,
  "XM-DAC-21018-MDRRU025": -202979.93310847713,
  "XM-DAC-21018-MDRRW017": -206277.96609085618,
  "XM-DAC-21018-MDRSD022": -195716.82466386116,
  "XM-DAC-21018-MDRSD026": -464516.3543381136,
  "XM-DAC-21018-MDRSN011": -164026.83930930367,
  "XM-DAC-21018-MDRSO007": -313635.7194433196,
  "XM-DAC-21018-MDRSS007": -300708.2174812223,
  "XM-DAC-21018-MDRSV012": -164760.5860371473,
  "XM-DAC-21018-MDRSY004": -546756.1310310123,
  "XM-DAC-21018-MDRTD017": -321164.8356808048,
  "XM-DAC-21018-MDRTG007": -169744.81492762602,
  "XM-DAC-21018-MDRTG008": -68038.33294549916,
  "XM-DAC-21018-MDRTJ027": -142677.78388240718,
  "XM-DAC-21018-MDRTN008": -321986.8725886873,
  "XM-DAC-21018-MDRTO001": -155693.52134893023,
  "XM-DAC-21018-MDRTT001": -230162.3406324661,
  "XM-DAC-21018-MDRTZ021": -195449.77803434298,
  "XM-DAC-21018-MDRTZ022": -57654.340504958185,
  "XM-DAC-21018-MDRTZ023": -137243.4434746185,
  "XM-DAC-21018-MDRTZ024": -137594.46091074042,
  "XM-DAC-21018-MDRUA007": 2033.686323115573,
  "XM-DAC-21018-MDRUA009": -119251.88622691203,
  "XM-DAC-21018-MDRUG041": -403927.02692178095,
  "XM-DAC-21018-MDRVE003": -351463.5891248312,
  "XM-DAC-21018-MDRVE004": -1093512.2620620246,
  "XM-DAC-21018-MDRVU006": -289805.05822402216,
  "XM-DAC-21018-MDRVU007": -143722.503627336,
  "XM-DAC-21018-MDRZW013": -227851.86950907786,
  "XM-DAC-21018-MDRZW014": -250572.86729020262
}