{
  "XM-DAC-6-4-003857-02-2": -7547.226240694092,
  "XM-DAC-6-4-004730-01-4": -113186.98267505046,
  "XM-DAC-6-4-005080-01-4": -297097.75840910483,
  "XM-DAC-6-4-005240-04-5": 40226.70502464122,
  "XM-DAC-6-4-005309-04-3": 591465.7285415102,
  "XM-DAC-6-4-005338-02-3": 60200.322231899445,
  "XM-DAC-6-4-005482-01-3": 796333.0856911521,
  "XM-DAC-6-4-005570-02-5": 769668.3954822802,
  "XM-DAC-6-4-005759-01-4": 1657555.6982304445,
  "XM-DAC-6-4-005759-02-5": 6901747.141499197,
  "XM-DAC-6-4-005917-01-5": 534777.0861416401,
  "XM-DAC-6-4-006002-01-0": 1034193.4838047408,
  "XM-DAC-6-4-006002-02-1": 2972316.0645321477,
  "XM-DAC-6-4-006272-02-2": 196032.66294571388,
  "XM-DAC-6-4-006603-02-6": 34873.455631011886,
  "XM-DAC-6-4-006870-01-0": 262476.80213994446,
  "XM-DAC-6-4-006907-01-4": 114095.92833275531,
  "XM-DAC-6-4-007467-01-4": 220089.40667114433,
  "XM-DAC-6-4-007745-02-1": 4214438.5117984265,
  "XM-DAC-6-4-007765-01-5": 1277030.6034709895,
  "XM-DAC-6-4-007765-02-6": 3317075.6709492677,
  "XM-DAC-6-4-007765-03-0": 442406.3577756769,
  "XM-DAC-6-4-007960-02-4": 356443.4447721787,
  "XM-DAC-6-4-007961-03-0": 1215893.548495938,
  "XM-DAC-6-4-008098-02-0": 382809.90961547947,
  "XM-DAC-6-4-008333-01-0": 439721.95019608014,
  "XM-DAC-6-4-008339-01-5": 1482846.1886300978,
  "XM-DAC-6-4-008691-02-3": 50055.78836536572,
  "XM-DAC-6-4-009054-01-0": 6274300.501975979,
  "XM-DAC-6-4-009201-02-1": 81680.63256566612,
  "XM-DAC-6-4-009437-02-4": 54770.0868727547,
  "XM-DAC-6-4-010000-02-3": 1300723.1843778237,
  "XM-DAC-6-4-010104-01-0": 79105.2072217409,
  "XM-DAC-6-4-010155-01-4": 51377.42967195276,
  "XM-DAC-6-4-010155-02-5": 1859633.1764705875,
  "XM-DAC-6-4-010167-01-0": 1312615.798433376,
  "XM-DAC-6-4-010167-02-1": 61452.912470266456,
  "XM-DAC-6-4-010170-01-6": 7968698.907999837,
  "XM-DAC-6-4-010170-02-0": 263446.5811272893,
  "XM-DAC-6-4-010420-01-2": 767528.308829566,
  "XM-DAC-6-4-010539-01-2": 1328500.784313721,
  "XM-DAC-6-4-010539-02-3": 151503.35866880338,
  "XM-DAC-6-4-010552-02-1": 2274299.9889949765,
  "XM-DAC-6-4-010580-01-0": 2079991.4981000908,
  "XM-DAC-6-4-010580-02-1": 39615.3221328979,
  "XM-DAC-6-4-010686-01-2": 199009.4174901954,
  "XM-DAC-6-4-010694-01-4": 927539.3599510988,
  "XM-DAC-6-4-010881-01-0": 1345062.193931164,
  "XM-DAC-6-4-010881-02-1": 2018207.5630893968,
  "XM-DAC-6-4-010893-01-3": 3188401.88235293,
  "XM-DAC-6-4-010916-01-0": 3321251.960784302,
  "XM-DAC-6-4-010941-01-1": 1839767.6155129033,
  "XM-DAC-6-4-010946-01-4": 1552414.2775066614,
  "XM-DAC-6-4-010950-01-5": 2302953.930866549,
  "XM-DAC-6-4-010952-01-2": 1539908.4885135554,
  "XM-DAC-6-4-010956-01-3": 3175471.4247991103,
  "XM-DAC-6-4-010966-01-2": 1769025.42700848,
  "XM-DAC-6-4-011001-01-2": 531400.3137254884,
  "XM-DAC-6-4-011014-01-0": 288772.2299839206,
  "XM-DAC-6-4-011117-01-3": 7434898.842378797,
  "XM-DAC-6-4-011178-01-6": 2657001.568627442,
  "XM-DAC-6-4-011390-01-3": 4251202.509803907,
  "XM-DAC-6-4-011521-01-6": 4521957.612150964,
  "XM-DAC-6-4-011523-01-3": 4770445.978552298,
  "XM-DAC-6-4-011561-01-2": 2457726.4509803834,
  "XM-DAC-6-4-011635-01-3": 1859901.0980392091,
  "XM-DAC-6-4-011646-01-4": 1394593.0340829364,
  "XM-DAC-6-4-011836-01-6": 9576046.21345879,
  "XM-DAC-6-4-011862-01-2": 2388987.588518674,
  "XM-DAC-6-4-011863-01-4": 1681485.70115721,
  "XM-DAC-6-4-011864-01-6": 3616374.6902173995,
  "XM-DAC-6-4-011918-01-2": 717390.4235294092,
  "XM-DAC-6-4-011921-01-1": 2427170.932941168,
  "XM-DAC-6-4-011978-01-3": 73067.54313725464,
  "XM-DAC-6-4-011985-01-3": 292270.1725490186,
  "XM-DAC-6-4-012069-01-3": 2391301.4117646976,
  "XM-DAC-6-4-012127-03-2": 354266.86696032033,
  "XM-DAC-6-4-012127-06-1": 175649.0596988229,
  "XM-DAC-6-4-012127-08-5": 49456.178407693944,
  "XM-DAC-6-4-012127-11-0": 23549.004902745015,
  "XM-DAC-6-4-012127-11-4": 166062.5980392151,
  "XM-DAC-6-4-012127-15-6": 148124.64904909753,
  "XM-DAC-6-4-012127-16-0": 62345.63842730959,
  "XM-DAC-6-4-012127-16-2": 133939.79448471326,
  "XM-DAC-6-4-012127-35-6": 128832.16065929367,
  "XM-DAC-6-4-012127-58-1": 88481.02179698793,
  "XM-DAC-6-4-012145-01-1": 1461350.862745093,
  "XM-DAC-6-4-012201-01-0": 4280465.396579985,
  "XM-DAC-6-4-012314-02-5": 2184284.0705318237,
  "XM-DAC-6-4-012332-01-0": 2657001.568627442,
  "XM-DAC-6-4-012590-02-1": 5230595.885798323,
  "XM-DAC-6-4-012590-03-6": 3826082.258823516,
  "XM-DAC-6-4-012590-07-2": 1603017.3107864298
}