{
  "XM-DAC-6-4-003875-01-2": 76416.14999721252,
  "XM-DAC-6-4-004730-01-4": 23629.520838000048,
  "XM-DAC-6-4-004789-01-3": 135407.19762129438,
  "XM-DAC-6-4-005240-04-5": 26609.03326021118,
  "XM-DAC-6-4-005309-04-3": 297442.30546293926,
  "XM-DAC-6-4-005338-02-3": 28813.932784610897,
  "XM-DAC-6-4-005482-01-3": 443057.6548224842,
  "XM-DAC-6-4-005570-02-5": 420843.5539849951,
  "XM-DAC-6-4-005624-01-0": 177071.09101695722,
  "XM-DAC-6-4-005625-01-2": 757196.9265828799,
  "XM-DAC-6-4-005759-01-4": 826606.6966448745,
  "XM-DAC-6-4-005759-02-5": 3429711.6704126843,
  "XM-DAC-6-4-005812-01-5": 260524.6696105427,
  "XM-DAC-6-4-005893-01-6": 426596.51820092276,
  "XM-DAC-6-4-005917-01-5": 290295.1111753663,
  "XM-DAC-6-4-005967-02-1": 49064.556025982616,
  "XM-DAC-6-4-006002-01-0": 529526.9543859204,
  "XM-DAC-6-4-006002-02-1": 2257273.2885308894,
  "XM-DAC-6-4-006028-01-3": 314499.4432747936,
  "XM-DAC-6-4-006141-01-5": 823879.2029348951,
  "XM-DAC-6-4-006272-02-2": 96003.8740271718,
  "XM-DAC-6-4-006294-01-3": 362437.46396003314,
  "XM-DAC-6-4-006433-01-1": 1166184.3785435213,
  "XM-DAC-6-4-006450-01-0": 416387.92076776037,
  "XM-DAC-6-4-006603-02-6": 17628.40739679437,
  "XM-DAC-6-4-006661-01-2": 778752.7480458836,
  "XM-DAC-6-4-006870-01-0": 132917.46729642252,
  "XM-DAC-6-4-006881-01-1": 639733.1577748513,
  "XM-DAC-6-4-006893-01-4": 576212.8246436031,
  "XM-DAC-6-4-006907-01-4": 57301.872811285066,
  "XM-DAC-6-4-007131-01-4": 499823.8256910927,
  "XM-DAC-6-4-007137-01-2": 608433.8361326193,
  "XM-DAC-6-4-007185-01-0": 911122.3799600665,
  "XM-DAC-6-4-007272-01-6": 558804.2061778919,
  "XM-DAC-6-4-007274-01-3": 626661.6253536331,
  "XM-DAC-6-4-007289-01-5": 377559.4290950334,
  "XM-DAC-6-4-007367-01-0": 805519.3997379171,
  "XM-DAC-6-4-007444-01-0": 327208.79004644847,
  "XM-DAC-6-4-007467-01-4": 110251.40251127156,
  "XM-DAC-6-4-007517-01-6": 658999.5737633072,
  "XM-DAC-6-4-007745-02-1": 2108636.993480658,
  "XM-DAC-6-4-007765-01-5": 1277030.6034709895,
  "XM-DAC-6-4-007765-02-6": 3317075.6709492677,
  "XM-DAC-6-4-007765-03-0": 442406.3577756769,
  "XM-DAC-6-4-007790-01-6": 422477.2733656113,
  "XM-DAC-6-4-007960-02-4": 356443.4447721787,
  "XM-DAC-6-4-007961-03-0": 607196.6921582384,
  "XM-DAC-6-4-007968-01-5": 945015.1871788942,
  "XM-DAC-6-4-008038-01-5": 623128.7431925801,
  "XM-DAC-6-4-008098-02-0": 382809.90961547947,
  "XM-DAC-6-4-008135-01-3": 970889.8245466778,
  "XM-DAC-6-4-008250-01-2": 352703.53629432706,
  "XM-DAC-6-4-008270-01-0": 661751.3480071534,
  "XM-DAC-6-4-008318-01-5": 805061.1926062723,
  "XM-DAC-6-4-008333-01-0": 214766.10000000044,
  "XM-DAC-6-4-008339-01-5": 758221.2218285201,
  "XM-DAC-6-4-008370-01-4": 384800.3845186399,
  "XM-DAC-6-4-008669-01-0": 1032993.975477577,
  "XM-DAC-6-4-008670-01-2": 1045636.0629725058,
  "XM-DAC-6-4-008691-01-2": 1146615.1494133344,
  "XM-DAC-6-4-008691-02-3": 24930.391590899813,
  "XM-DAC-6-4-008693-01-6": 991163.1605392429,
  "XM-DAC-6-4-008752-01-5": 714243.7390968234,
  "XM-DAC-6-4-008799-01-1": 996217.6924736903,
  "XM-DAC-6-4-008815-01-5": 1044508.9674587398,
  "XM-DAC-6-4-008845-01-2": 903743.3705333569,
  "XM-DAC-6-4-008881-01-4": 1130066.7139792738,
  "XM-DAC-6-4-008957-01-2": 1051534.3008422032,
  "XM-DAC-6-4-008958-01-4": 1111580.5891286407,
  "XM-DAC-6-4-008986-01-4": 612750.192645745,
  "XM-DAC-6-4-008987-01-6": 510303.6823415859,
  "XM-DAC-6-4-009054-01-0": 6274300.501975979,
  "XM-DAC-6-4-009149-01-1": 1083260.1772003789,
  "XM-DAC-6-4-009173-01-0": 148480.26666666695,
  "XM-DAC-6-4-009201-01-0": 1080320.9171878262,
  "XM-DAC-6-4-009201-02-1": 81680.63256566612,
  "XM-DAC-6-4-009437-02-4": 54770.0868727547,
  "XM-DAC-6-4-009731-01-3": 460142.4244924638,
  "XM-DAC-6-4-010000-02-3": 1300723.1843778237,
  "XM-DAC-6-4-010104-01-0": 79105.2072217409,
  "XM-DAC-6-4-010155-01-4": 51377.42967195276,
  "XM-DAC-6-4-010155-02-5": 1859633.1764705875,
  "XM-DAC-6-4-010167-01-0": 1312615.798433376,
  "XM-DAC-6-4-010167-02-1": 61452.912470266456,
  "XM-DAC-6-4-010170-01-6": 7968698.907999837,
  "XM-DAC-6-4-010170-02-0": 263446.5811272893,
  "XM-DAC-6-4-010420-01-2": 767528.308829566,
  "XM-DAC-6-4-010539-01-2": 1328500.784313721,
  "XM-DAC-6-4-010539-02-3": 151503.35866880338,
  "XM-DAC-6-4-010552-02-1": 2274299.9889949765,
  "XM-DAC-6-4-010580-01-0": 2079991.4981000908,
  "XM-DAC-6-4-010580-02-1": 39615.3221328979,
  "XM-DAC-6-4-010686-01-2": 199009.4174901954,
  "XM-DAC-6-4-010694-01-4": 927539.3599510988,
  "XM-DAC-6-4-010881-01-0": 1345062.193931164,
  "XM-DAC-6-4-010881-02-1": 2018207.5630893968,
  "XM-DAC-6-4-010893-01-3": 3188401.88235293,
  "XM-DAC-6-4-010916-01-0": 3321251.960784302,
  "XM-DAC-6-4-010941-01-1": 1839767.6155129033,
  "XM-DAC-6-4-010946-01-4": 1552414.2775066614,
  "XM-DAC-6-4-010950-01-5": 2302953.930866549,
  "XM-DAC-6-4-010952-01-2": 1539908.4885135554,
  "XM-DAC-6-4-010956-01-3": 3175471.4247991103,
  "XM-DAC-6-4-010966-01-2": 1769025.42700848,
  "XM-DAC-6-4-011001-01-2": 531400.3137254884,
  "XM-DAC-6-4-011014-01-0": 288772.2299839206,
  "XM-DAC-6-4-011117-01-3": 7434898.842378797,
  "XM-DAC-6-4-011178-01-6": 2657001.568627442,
  "XM-DAC-6-4-011390-01-3": 4251202.509803907,
  "XM-DAC-6-4-011521-01-6": 4521957.612150964,
  "XM-DAC-6-4-011523-01-3": 4770445.978552298,
  "XM-DAC-6-4-011561-01-2": 2457726.4509803834,
  "XM-DAC-6-4-011635-01-3": 1859901.0980392091,
  "XM-DAC-6-4-011646-01-4": 1394593.0340829364,
  "XM-DAC-6-4-011836-01-6": 9576046.21345879,
  "XM-DAC-6-4-011862-01-2": 2388987.588518674,
  "XM-DAC-6-4-011863-01-4": 1681485.70115721,
  "XM-DAC-6-4-011864-01-6": 3616374.6902173995,
  "XM-DAC-6-4-011918-01-2": 717390.4235294092,
  "XM-DAC-6-4-011921-01-1": 2427170.932941168,
  "XM-DAC-6-4-011978-01-3": 73067.54313725464,
  "XM-DAC-6-4-011985-01-3": 292270.1725490186,
  "XM-DAC-6-4-012069-01-3": 2391301.4117646976,
  "XM-DAC-6-4-012127-03-2": 354266.86696032033,
  "XM-DAC-6-4-012127-06-1": 175649.0596988229,
  "XM-DAC-6-4-012127-08-5": 49456.178407693944,
  "XM-DAC-6-4-012127-11-0": 23549.004902745015,
  "XM-DAC-6-4-012127-11-4": 166062.5980392151,
  "XM-DAC-6-4-012127-15-6": 148124.64904909753,
  "XM-DAC-6-4-012127-16-0": 62345.63842730959,
  "XM-DAC-6-4-012127-16-2": 133939.79448471326,
  "XM-DAC-6-4-012127-35-6": 128832.16065929367,
  "XM-DAC-6-4-012127-58-1": 88481.02179698793,
  "XM-DAC-6-4-012145-01-1": 1461350.862745093,
  "XM-DAC-6-4-012201-01-0": 4280465.396579985,
  "XM-DAC-6-4-012314-02-5": 2184284.0705318237,
  "XM-DAC-6-4-012332-01-0": 2657001.568627442,
  "XM-DAC-6-4-012590-02-1": 5230595.885798323,
  "XM-DAC-6-4-012590-03-6": 3826082.258823516,
  "XM-DAC-6-4-012590-07-2": 2564827.6866302816
}