{
  "GB-CHC-285776-HAI094": 82273.42849292482,
  "GB-CHC-285776-HAI095": 329093.6975170136
}