{
  "XI-IATI-EC_INTPA-2000/011-634": 199725.38464566955,
  "XI-IATI-EC_INTPA-2000/14885/0": 6474786.476542043,
  "XI-IATI-EC_INTPA-2001/3507/0": 3417606.062299579,
  "XI-IATI-EC_INTPA-2002/3444/0": 3292918.7482365235,
  "XI-IATI-EC_INTPA-2003/16177/0": 146437.77499584373,
  "XI-IATI-EC_INTPA-2003/189-120": 191808.4862117031,
  "XI-IATI-EC_INTPA-2003/6019/0": 1507124.7964059883,
  "XI-IATI-EC_INTPA-2004/16564/0": 510216.306619627,
  "XI-IATI-EC_INTPA-2004/16921/0": 3331376.641953251,
  "XI-IATI-EC_INTPA-2004/191-337": 167425.65491835936,
  "XI-IATI-EC_INTPA-2005/105-819": 260482.51585160277,
  "XI-IATI-EC_INTPA-2005/17067/0": 771291.0745747744,
  "XI-IATI-EC_INTPA-2005/17446/0": 8307335.520993217,
  "XI-IATI-EC_INTPA-2005/17616/0": 2911513.673223479,
  "XI-IATI-EC_INTPA-2005/191-338": 15841.889550328122,
  "XI-IATI-EC_INTPA-2005/191-339": 112161.60636854685,
  "XI-IATI-EC_INTPA-2005/193-761": 933810.7091237186,
  "XI-IATI-EC_INTPA-2006/127-715": 1234389.5699215725,
  "XI-IATI-EC_INTPA-2006/18439/0": 2591749.123253396,
  "XI-IATI-EC_INTPA-2006/18466/0": 3628625.635271313,
  "XI-IATI-EC_INTPA-2006/191-340": 94501.42183220311,
  "XI-IATI-EC_INTPA-2006/191-342": 63189.933200730455,
  "XI-IATI-EC_INTPA-2006/193-901": 1313596.5400416872,
  "XI-IATI-EC_INTPA-2006/193-902": 40741.57373049999,
  "XI-IATI-EC_INTPA-2006/193-903": 1127318.6497410897,
  "XI-IATI-EC_INTPA-2007/138-394": 380129.8010446286,
  "XI-IATI-EC_INTPA-2007/146-426": 272758.9554570312,
  "XI-IATI-EC_INTPA-2007/146-429": 487990.7815093749,
  "XI-IATI-EC_INTPA-2007/146-438": 1168005.7479416993,
  "XI-IATI-EC_INTPA-2007/146-482": 91114.35488234147,
  "XI-IATI-EC_INTPA-2007/146-484": 614168.4949472734,
  "XI-IATI-EC_INTPA-2007/191-343": 120658.0430510781,
  "XI-IATI-EC_INTPA-2007/19245/0": 2298596.6795994984,
  "XI-IATI-EC_INTPA-2007/19275/0": 8044707.578437536,
  "XI-IATI-EC_INTPA-2007/193-904": 34296.840926875,
  "XI-IATI-EC_INTPA-2007/193-905": 865048.6250000002,
  "XI-IATI-EC_INTPA-2008/166-276": 925178.0998237226,
  "XI-IATI-EC_INTPA-2008/170-629": 300043.753409767,
  "XI-IATI-EC_INTPA-2008/191-344": 12455.828064843749,
  "XI-IATI-EC_INTPA-2008/193-762": 13367.79940835156,
  "XI-IATI-EC_INTPA-2008/193-906": 267497.67152829433,
  "XI-IATI-EC_INTPA-2008/193-907": 222249.84296128908,
  "XI-IATI-EC_INTPA-2008/193-908": 1790215.8208323559,
  "XI-IATI-EC_INTPA-2008/193-909": 392750.2071584167,
  "XI-IATI-EC_INTPA-2008/193-910": 342612.6378210116,
  "XI-IATI-EC_INTPA-2008/193-911": 21980.205159593745,
  "XI-IATI-EC_INTPA-2008/193-912": 405040.30128700007,
  "XI-IATI-EC_INTPA-2008/193-913": 240051.39914987434,
  "XI-IATI-EC_INTPA-2008/193-914": 38879.12666531249,
  "XI-IATI-EC_INTPA-2008/193-915": -1592.7782122968754,
  "XI-IATI-EC_INTPA-2008/193-916": 179054.2209425885,
  "XI-IATI-EC_INTPA-2008/193-917": -4835.160839847657,
  "XI-IATI-EC_INTPA-2008/20032/0": 11864536.808215505,
  "XI-IATI-EC_INTPA-2008/20121/0": 2648151.3350204625,
  "XI-IATI-EC_INTPA-2009/21189/1": 18267940.511272673,
  "XI-IATI-EC_INTPA-2009/21190/1": 2237211.7723484742,
  "XI-IATI-EC_INTPA-2009/21208/1": 14746864.381054364,
  "XI-IATI-EC_INTPA-2010/22223/0": 21279796.133486297,
  "XI-IATI-EC_INTPA-2010/22636/0": 3809614.8496917724,
  "XI-IATI-EC_INTPA-2010/241-293": 588441.348014762,
  "XI-IATI-EC_INTPA-2010/242-929": -3557.204961513422,
  "XI-IATI-EC_INTPA-2011/232-693": 2119044.311841492,
  "XI-IATI-EC_INTPA-2011/269-356": 475587.4477893893,
  "XI-IATI-EC_INTPA-2011/270-047": 2972408.2673257375,
  "XI-IATI-EC_INTPA-2012/23374/0": 4795766.041089577,
  "XI-IATI-EC_INTPA-2012/23509/0": 708289.125376922,
  "XI-IATI-EC_INTPA-2012/23809/0": 16334354.977640336,
  "XI-IATI-EC_INTPA-2012/275-984": 3247913.282920683,
  "XI-IATI-EC_INTPA-2012/279-074": 884475.9461025135,
  "XI-IATI-EC_INTPA-2012/279-264": 475778.09680027567,
  "XI-IATI-EC_INTPA-2012/290-283": 7481792.866794732,
  "XI-IATI-EC_INTPA-2012/291-033": 25869.090906862766,
  "XI-IATI-EC_INTPA-2012/291-336": 639016.9440628536,
  "XI-IATI-EC_INTPA-2012/292-191": -59391.212103089994,
  "XI-IATI-EC_INTPA-2012/295-661": 3768079.608476731,
  "XI-IATI-EC_INTPA-2012/306-304": 1317957.4706709723,
  "XI-IATI-EC_INTPA-2012/308-583": -18887.75395975325,
  "XI-IATI-EC_INTPA-2012/309-749": 294550.86333088944,
  "XI-IATI-EC_INTPA-2013/24562/0": 7360674.243430209,
  "XI-IATI-EC_INTPA-2013/24668/1": 11177215.77303558,
  "XI-IATI-EC_INTPA-2013/298-047": 2053806.2808970308,
  "XI-IATI-EC_INTPA-2013/313-804": 1336995.1801898077,
  "XI-IATI-EC_INTPA-2013/314-350": 753680.306313448,
  "XI-IATI-EC_INTPA-2013/321-091": 96022.71189336888,
  "XI-IATI-EC_INTPA-2013/331-514": 1892852.4231427503,
  "XI-IATI-EC_INTPA-2013/333-526": 721073.8650041734,
  "XI-IATI-EC_INTPA-2013/334-982": 927768.3270612751,
  "XI-IATI-EC_INTPA-2014/336-976": 1934227.4620946404,
  "XI-IATI-EC_INTPA-2014/339-772": 1959.9504921058754,
  "XI-IATI-EC_INTPA-2014/342-781": 989.2681090392122,
  "XI-IATI-EC_INTPA-2014/352-224": 1009660.596078428,
  "XI-IATI-EC_INTPA-2015/357-769": 241359.44520259523,
  "XI-IATI-EC_INTPA-2015/358-116": 714909.1958995544,
  "XI-IATI-EC_INTPA-2015/358-638": 245619.20325745014,
  "XI-IATI-EC_INTPA-2015/359-798": 636859.628686037,
  "XI-IATI-EC_INTPA-2015/360-361": 1745688.5571109743,
  "XI-IATI-EC_INTPA-2015/360-550": 1147847.8865557567,
  "XI-IATI-EC_INTPA-2015/362-165": 6642503.921568604,
  "XI-IATI-EC_INTPA-2015/365-031": 1606730.4439085708,
  "XI-IATI-EC_INTPA-2015/365-095": 320530.25379306555,
  "XI-IATI-EC_INTPA-2015/365-097": 834489.0792715343,
  "XI-IATI-EC_INTPA-2015/365-098": 274119.45087328536,
  "XI-IATI-EC_INTPA-2015/365-136": 499470.3553448375,
  "XI-IATI-EC_INTPA-2015/365-138": 1388170.52989125,
  "XI-IATI-EC_INTPA-2015/366-700": 155948.56214814063,
  "XI-IATI-EC_INTPA-2015/38355/0": 914623.6354709773,
  "XI-IATI-EC_INTPA-2016/376-954": 864986.913806695,
  "XI-IATI-EC_INTPA-2016/377-930": 1938282.6443137187,
  "XI-IATI-EC_INTPA-2016/378-610": 876810.5176470558,
  "XI-IATI-EC_INTPA-2016/378-662": 446112.4232736455,
  "XI-IATI-EC_INTPA-2016/380-527": 1140131.9938554862,
  "XI-IATI-EC_INTPA-2017/382-917": 199275.11764705813,
  "XI-IATI-EC_INTPA-2017/383-444": 379.75194919607713,
  "XI-IATI-EC_INTPA-2017/387-810": 596162.3887994018,
  "XI-IATI-EC_INTPA-2017/390-022": 2687818.801321167,
  "XI-IATI-EC_INTPA-2017/390-969": 209229.4411738424,
  "XI-IATI-EC_INTPA-2017/391-810": 219821.8303423247,
  "XI-IATI-EC_INTPA-2017/39230/0": 1793476.058823523,
  "XI-IATI-EC_INTPA-2017/39232/0": 14542482.990019165,
  "XI-IATI-EC_INTPA-2018/39231/0": 18618938.4921568,
  "XI-IATI-EC_INTPA-2018/399-318": 9703135.500654135,
  "XI-IATI-EC_INTPA-2019/407-600": 249430.16717734816,
  "XI-IATI-EC_INTPA-2019/411-087": 328349.8891195832,
  "XI-IATI-EC_INTPA-2021/427-801": 2325303.8176763644,
  "XI-IATI-EC_INTPA-2021/43455/0": 1328500.784313721,
  "XI-IATI-EC_INTPA-2022/430-681": 228681.48250784233,
  "XI-IATI-EC_INTPA-2022/430-706": 181772.11981372486,
  "XI-IATI-EC_INTPA-2022/431-498": 1935931.1979254836
}