{
  "GB-CHC-1099776-B8": {
    "malariaconsortium-b8.xml": 56322942.151798114
  },
  "GB-CHC-1099776-B8-NG": {
    "malariaconsortium-b8.xml": 2341062.08766299
  },
  "GB-CHC-1099776-C8": {
    "malariaconsortium-c8.xml": 549928.0
  },
  "GB-CHC-1099776-C9": {
    "malariaconsortium-c9.xml": 20537898.0
  },
  "GB-CHC-1099776-D3": {
    "malariaconsortium-d3.xml": 1575000.0
  },
  "GB-CHC-1099776-E1": {
    "malariaconsortium-e1.xml": 6771517.983387942
  },
  "GB-CHC-1099776-E6": {
    "malariaconsortium-e6.xml": 10000000.0
  },
  "GB-CHC-1099776-E6-298": {
    "malariaconsortium-e6.xml": 2152620.0
  },
  "GB-CHC-1099776-F2": {
    "malariaconsortium-f2.xml": 83241.0
  },
  "GB-CHC-1099776-G8": {
    "malariaconsortium-g8.xml": 10122211.102074577
  },
  "GB-CHC-1099776-H1": {
    "malariaconsortium-h1.xml": 3997405.0
  },
  "GB-CHC-1099776-H3": {
    "malariaconsortium-h3.xml": 11420624.0
  },
  "GB-CHC-1099776-H8": {
    "malariaconsortium-h8.xml": 1805735.2054387052
  },
  "GB-CHC-1099776-I1": {
    "malariaconsortium-i1.xml": 4297778.74662773
  },
  "GB-CHC-1099776-I3": {
    "malariaconsortium-i3.xml": 1862922.0
  },
  "GB-CHC-1099776-I4": {
    "malariaconsortium-i4.xml": 49500.0
  },
  "GB-CHC-1099776-I5": {
    "malariaconsortium-i5.xml": 215497.0
  },
  "GB-CHC-1099776-J1": {
    "malariaconsortium-j1.xml": 17277730.0
  },
  "GB-CHC-1099776-J4": {
    "malariaconsortium-j4.xml": 2865408.0474833706
  },
  "GB-CHC-1099776-J7": {
    "malariaconsortium-j7.xml": 12849052.55096911
  },
  "GB-CHC-1099776-J7-GB": {
    "malariaconsortium-j7.xml": 251408.27989824227
  },
  "GB-CHC-1099776-J9": {
    "malariaconsortium-j9.xml": 8420112.0
  },
  "GB-CHC-1099776-K1": {
    "malariaconsortium-k1.xml": 2133381.0
  },
  "GB-CHC-1099776-K2": {
    "malariaconsortium-k2.xml": 3354278.0
  },
  "GB-CHC-1099776-K6": {
    "malariaconsortium-k6.xml": 1694339.0
  },
  "GB-CHC-1099776-K7": {
    "malariaconsortium-k7.xml": 250000.0
  },
  "GB-CHC-1099776-K8": {
    "malariaconsortium-k8.xml": 215059.0
  },
  "GB-CHC-1099776-L1": {
    "malariaconsortium-l1.xml": 140236.0
  },
  "GB-CHC-1099776-L2": {
    "malariaconsortium-l2.xml": 220230.0
  },
  "GB-CHC-1099776-L3": {
    "malariaconsortium-l3.xml": 250000.0
  },
  "GB-CHC-1099776-L4": {
    "malariaconsortium-l4.xml": 9987549.0
  },
  "GB-CHC-1099776-L4-UG": {
    "malariaconsortium-l4.xml": 44183.670082417026
  },
  "GB-CHC-1099776-L5": {
    "malariaconsortium-l5.xml": 1388971.0
  },
  "GB-CHC-1099776-L5-MZ": {
    "malariaconsortium-l5.xml": 1134.2436855296676
  },
  "GB-CHC-1099776-L6": {
    "malariaconsortium-l6.xml": 4567996.297871137
  },
  "GB-CHC-1099776-L7": {
    "malariaconsortium-l7.xml": 91382.94021471379
  },
  "GB-CHC-1099776-L9": {
    "malariaconsortium-l9.xml": 2337590.209831399
  },
  "GB-CHC-1099776-M1": {
    "malariaconsortium-m1.xml": 3205828.0
  },
  "GB-CHC-1099776-M2": {
    "malariaconsortium-m2.xml": 653266.0
  },
  "GB-CHC-1099776-M3": {
    "malariaconsortium-m3.xml": 100000.0
  },
  "GB-CHC-1099776-M4": {
    "malariaconsortium-m4.xml": 3273903.0
  },
  "GB-CHC-1099776-M5": {
    "malariaconsortium-m5.xml": 2015683.0
  },
  "GB-CHC-1099776-M7": {
    "malariaconsortium-m7.xml": 8799027.684916588
  },
  "GB-CHC-1099776-M7-MM": {
    "malariaconsortium-m7.xml": 14304.721404627031
  },
  "GB-CHC-1099776-M8": {
    "malariaconsortium-m8.xml": 131613.0
  },
  "GB-CHC-1099776-M9": {
    "malariaconsortium-m9.xml": 67433672.0
  },
  "GB-CHC-1099776-M9-298": {
    "malariaconsortium-m9.xml": 41891569.15790583
  },
  "GB-CHC-1099776-M9-BF": {
    "malariaconsortium-m9.xml": 228536.81586656897
  },
  "GB-CHC-1099776-M9-TD": {
    "malariaconsortium-m9.xml": 38491.625437868504
  },
  "GB-CHC-1099776-N1": {
    "malariaconsortium-n1.xml": 493597.14452759357
  },
  "GB-CHC-1099776-N1-ET": {
    "malariaconsortium-n1.xml": 1309.3251638769975
  },
  "GB-CHC-1099776-N2": {
    "malariaconsortium-n2.xml": 820359.1231272125
  },
  "GB-CHC-1099776-N2-UG": {
    "malariaconsortium-n2.xml": 589264.5740121664
  },
  "GB-CHC-1099776-N3": {
    "malariaconsortium-n3.xml": 77063.0
  },
  "GB-CHC-1099776-N4": {
    "malariaconsortium-n4.xml": 2471388.0001181304
  },
  "GB-CHC-1099776-N5": {
    "malariaconsortium-n5.xml": 876289.0
  },
  "GB-CHC-1099776-N5-MM": {
    "malariaconsortium-n5.xml": 381700.29706900666
  },
  "GB-CHC-1099776-N6": {
    "malariaconsortium-n6.xml": 332018.49389694113
  },
  "GB-CHC-1099776-N8": {
    "malariaconsortium-n8.xml": 330001.0
  },
  "GB-CHC-1099776-N9": {
    "malariaconsortium-n9.xml": 906030.6119473076
  },
  "GB-CHC-1099776-O2": {
    "malariaconsortium-o2.xml": 855000.0
  },
  "GB-CHC-1099776-O4": {
    "malariaconsortium-o4.xml": 92000.0
  },
  "GB-CHC-1099776-Q1": {
    "malariaconsortium-q1.xml": 760383.0
  },
  "GB-CHC-1099776-Q2": {
    "malariaconsortium-q2.xml": 409357.0
  },
  "GB-CHC-1099776-Q3": {
    "malariaconsortium-q3.xml": 899698.0
  },
  "GB-CHC-1099776-Q4": {
    "malariaconsortium-q4.xml": 2416749.4336503544
  },
  "GB-CHC-1099776-Q5": {
    "malariaconsortium-q5.xml": 1282014.0
  },
  "GB-CHC-1099776-Q5-KH": {
    "malariaconsortium-q5.xml": 348977.0
  },
  "GB-CHC-1099776-Q5-TH": {
    "malariaconsortium-q5.xml": 143760.0
  },
  "GB-CHC-1099776-Q6": {
    "malariaconsortium-q6.xml": 447620.0
  },
  "GB-CHC-1099776-Q7": {
    "malariaconsortium-q7.xml": 110000.0
  },
  "GB-CHC-1099776-Q7-798": {
    "malariaconsortium-q7.xml": 68357.0
  },
  "GB-CHC-1099776-Q8": {
    "malariaconsortium-q8.xml": 130383.0
  },
  "GB-CHC-1099776-Q9": {
    "malariaconsortium-q9.xml": 428804.0
  },
  "GB-CHC-1099776-R1": {
    "malariaconsortium-r1.xml": 3299635.79374172
  },
  "GB-CHC-1099776-R1-798": {
    "malariaconsortium-r1.xml": 68816.02760396198
  },
  "GB-CHC-1099776-R2": {
    "malariaconsortium-r2.xml": 1286055.0
  },
  "GB-CHC-1099776-R3": {
    "malariaconsortium-r3.xml": 417264.0
  },
  "GB-CHC-1099776-R4": {
    "malariaconsortium-r4.xml": 23871687.0
  },
  "GB-CHC-1099776-R4-UG": {
    "malariaconsortium-r4.xml": 10915106.342732113
  },
  "GB-CHC-1099776-R5": {
    "malariaconsortium-r5.xml": 1086614.0
  },
  "GB-CHC-1099776-R5-MZ": {
    "malariaconsortium-r5.xml": 3000.0
  },
  "GB-CHC-1099776-R6": {
    "malariaconsortium-r6.xml": 150000.0
  },
  "GB-CHC-1099776-R7": {
    "malariaconsortium-r7.xml": 3746172.0
  },
  "GB-CHC-1099776-R7-SS": {
    "malariaconsortium-r7.xml": 1406223.2797618487
  },
  "GB-CHC-1099776-S2": {
    "malariaconsortium-s2.xml": 750000.0
  },
  "GB-CHC-1099776-S3-298": {
    "malariaconsortium-s3.xml": -218979.0
  },
  "GB-CHC-1099776-S3-BF": {
    "malariaconsortium-s3.xml": 6579960.518759571
  },
  "GB-CHC-1099776-S3-GW": {
    "malariaconsortium-s3.xml": 340181.0
  },
  "GB-CHC-1099776-S3-MZ": {
    "malariaconsortium-s3.xml": 58239.3662862295
  },
  "GB-CHC-1099776-S3-NG": {
    "malariaconsortium-s3.xml": -690.3410480329977
  },
  "GB-CHC-1099776-S3-TD": {
    "malariaconsortium-s3.xml": 5578346.804711096
  },
  "GB-CHC-1099776-S3-TG": {
    "malariaconsortium-s3.xml": 7397862.138141687
  },
  "GB-CHC-1099776-S3-UG": {
    "malariaconsortium-s3.xml": 117257.0
  },
  "GB-CHC-1099776-S4": {
    "malariaconsortium-s4.xml": 298366.0
  },
  "GB-CHC-1099776-S5": {
    "malariaconsortium-s5.xml": 353810.0
  },
  "GB-CHC-1099776-S6": {
    "malariaconsortium-s6.xml": 7311049.455029463
  },
  "GB-CHC-1099776-S7": {
    "malariaconsortium-s7.xml": 1895959.9037226255
  },
  "GB-CHC-1099776-S8": {
    "malariaconsortium-s8.xml": 590292.6714202155
  },
  "GB-CHC-1099776-S9": {
    "malariaconsortium-s9.xml": 253866.0
  },
  "GB-CHC-1099776-T1": {
    "malariaconsortium-t1.xml": 681037.0
  },
  "GB-CHC-1099776-T3-TH": {
    "malariaconsortium-t3.xml": 147006.87477893793
  },
  "GB-CHC-1099776-T4": {
    "malariaconsortium-t4.xml": 90505.56963920749
  },
  "GB-CHC-1099776-T6": {
    "malariaconsortium-t6.xml": 200000.0
  },
  "GB-CHC-1099776-T7-UG": {
    "malariaconsortium-t7.xml": 294173.0
  },