{
  "SE-ON-802007-2446-0-111801": 69916.34339219201,
  "SE-ON-802007-2446-0-311801": 104874.58796624585,
  "SE-ON-802007-2446-0-511704": 55929.02269929753,
  "SE-ON-802007-2446-0-641701": 26210.849050072262,
  "SE-ON-802007-2446-0-641703": 78605.2907939835,
  "SE-ON-802007-2446-0-641704": 34958.244574053846,
  "SE-ON-802007-2446-0-641705": 52437.148227207246,
  "SE-ON-802007-2446-0-641706": 52437.148227207246,
  "SE-ON-802007-2446-0-641709": 102300.24698339913,
  "SE-ON-802007-2446-0-641710": 50154.02756390122,
  "SE-ON-802007-2446-0-641711": 183532.93391353905,
  "SE-ON-802007-2446-0-641712": 12231.690688456205,
  "SE-ON-802007-2446-0-641713": 76320.7125715206,
  "SE-ON-802007-2446-0-641714": 139832.68678438402,
  "SE-ON-802007-2446-0-641715": 256955.43585755856,
  "SE-ON-802007-2446-0-641716": 174790.78560252217,
  "SE-ON-802007-2446-0-641718": 4543.357647849335,
  "SE-ON-802007-2446-0-641719": 17479.04940906908,
  "SE-ON-802007-2446-0-641724": 99629.26982845258,
  "SE-ON-802007-2446-0-RRR17-100": -128955.94308814517,
  "SE-ON-802007-2446-0-RRR17-200": -279421.66967774095,
  "SE-ON-802007-2446-AO-151701": 14.575591568603302,
  "SE-ON-802007-2446-AO-151702": 14.575591568603302,
  "SE-ON-802007-2446-AO-151703": 14.575591568603302,
  "SE-ON-802007-2446-MZ-211701": 559351.2987216478,
  "SE-ON-802007-2446-MZ-211703": 419498.06035315205,
  "SE-ON-802007-2446-MZ-211704": 285085.4530494688,
  "SE-ON-802007-2446-MZ-221701": 629247.0905297281,
  "SE-ON-802007-2446-MZ-221702": 174790.78560252217,
  "SE-ON-802007-2446-MZ-221703": 209749.03017657602,
  "SE-ON-802007-2446-NA-311701": 171273.40384518684,
  "SE-ON-802007-2446-NA-311702": 402019.010944083,
  "SE-ON-802007-2446-NA-331701": 174790.78560252217,
  "SE-ON-802007-2446-NA-351701": 629246.9447738123,
  "SE-ON-802007-2446-SE-17Admin-999": 947938.1732556843,
  "SE-ON-802007-2446-SE-D17-100": 938717.5082734703,
  "SE-ON-802007-2446-ZA-421701": 14.575591568603302,
  "SE-ON-802007-2446-ZA-421702": 349581.71696096,
  "SE-ON-802007-2446-ZA-421703": 209749.03017657602,
  "SE-ON-802007-2446-ZA-421704": 524372.5025634822,
  "SE-ON-802007-2446-ZA-421705": 524377.6040205312,
  "SE-ON-802007-2446-ZA-421706": 192275.08222455595,
  "SE-ON-802007-2446-ZA-431701": 209749.03017657602,
  "SE-ON-802007-2446-ZA-431702": 209749.03017657602,
  "SE-ON-802007-2446-ZA-431703": 209749.03017657602,
  "SE-ON-802007-2446-ZA-451701": 104874.58796624585,
  "SE-ON-802007-2446-ZW-511701": 279665.37356876803,
  "SE-ON-802007-2446-ZW-521701": 349581.57120504434,
  "SE-ON-802007-2446-ZW-521702": 244707.12899471418,
  "SE-ON-802007-2446-ZW-521703": 244696.92608061613,
  "SE-ON-802007-2446-ZW-521704": 17479.04940906908,
  "SE-ON-802007-2446-ZW-531701": 244707.12899471418
}