{
  "afrikagrupperna": {
    "SE-ON-802007-2446-0-111801": 70059.61087864419,
    "SE-ON-802007-2446-0-311801": 105089.48934526034,
    "SE-ON-802007-2446-0-511704": 56043.628385365926,
    "SE-ON-802007-2446-0-641701": 26264.55841585126,
    "SE-ON-802007-2446-0-641703": 78766.36303957742,
    "SE-ON-802007-2446-0-641704": 35029.87846661615,
    "SE-ON-802007-2446-0-641705": 52544.59861804206,
    "SE-ON-802007-2446-0-641706": 52544.59861804206,
    "SE-ON-802007-2446-0-641709": 102509.87321008173,
    "SE-ON-802007-2446-0-641710": 50256.799549904936,
    "SE-ON-802007-2446-0-641711": 183909.01625490937,
    "SE-ON-802007-2446-0-641712": 12256.754979507094,
    "SE-ON-802007-2446-0-641713": 76477.10342555922,
    "SE-ON-802007-2446-0-641714": 140119.22175728838,
    "SE-ON-802007-2446-0-641715": 257481.97025051212,
    "SE-ON-802007-2446-0-641716": 175148.95416931642,
    "SE-ON-802007-2446-0-641718": 4552.667565941153,
    "SE-ON-802007-2446-0-641719": 17514.86620601402,
    "SE-ON-802007-2446-0-641724": 99833.42288298694,
    "SE-ON-802007-2446-0-RRR17-100": -129220.19022884121,
    "SE-ON-802007-2446-0-RRR17-200": -279994.24024325877,
    "SE-ON-802007-2446-AO-151701": 14.605458810885608,
    "SE-ON-802007-2446-AO-151702": 14.605458810885608,
    "SE-ON-802007-2446-AO-151703": 14.605458810885608,
    "SE-ON-802007-2446-MZ-211701": 560497.4807260769,
    "SE-ON-802007-2446-MZ-211703": 420357.66527186515,
    "SE-ON-802007-2446-MZ-211704": 285669.6294279927,
    "SE-ON-802007-2446-MZ-221701": 630536.4979077977,
    "SE-ON-802007-2446-MZ-221702": 175148.95416931642,
    "SE-ON-802007-2446-MZ-221703": 210178.83263593257,
    "SE-ON-802007-2446-NA-311701": 171624.3648490735,
    "SE-ON-802007-2446-NA-311702": 402842.79906585114,
    "SE-ON-802007-2446-NA-331701": 175148.95416931642,
    "SE-ON-802007-2446-NA-351701": 630536.3518532097,
    "SE-ON-802007-2446-SE-17Admin-999": 949880.6192247564,
    "SE-ON-802007-2446-SE-D17-100": 940641.059926402,
    "SE-ON-802007-2446-ZA-421701": 14.605458810885608,
    "SE-ON-802007-2446-ZA-421702": 350298.0543932209,
    "SE-ON-802007-2446-ZA-421703": 210178.83263593257,
    "SE-ON-802007-2446-ZA-421704": 525447.0085625374,
    "SE-ON-802007-2446-ZA-421705": 525452.1204731212,
    "SE-ON-802007-2446-ZA-421706": 192669.07834050237,
    "SE-ON-802007-2446-ZA-431701": 210178.83263593257,
    "SE-ON-802007-2446-ZA-431702": 210178.83263593257,
    "SE-ON-802007-2446-ZA-431703": 210178.83263593257,
    "SE-ON-802007-2446-ZA-451701": 105089.48934526034,
    "SE-ON-802007-2446-ZW-511701": 280238.44351457676,
    "SE-ON-802007-2446-ZW-521701": 350297.90833863284,
    "SE-ON-802007-2446-ZW-521702": 245208.5650479606,
    "SE-ON-802007-2446-ZW-521703": 245198.34122679298,
    "SE-ON-802007-2446-ZW-521704": 17514.86620601402,
    "SE-ON-802007-2446-ZW-531701": 245208.5650479606
  }
}