{
  "AU-5-INI079-NU": 42408.00235708899,
  "AU-5-INI215-NU": 14081.219354396664,
  "AU-5-INI304-NU": 427319.4039949146,
  "AU-5-INI486-NU": 110699.17998862565,
  "AU-5-INI504-NU": 121533.62154770478,
  "AU-5-INI591-NU": 22499.95688669185,
  "AU-5-INI595-NU": 41927.31778046898,
  "AU-5-INI677-NU": 235307.39276339565,
  "AU-5-INI756-NU": 491582.82699289144,
  "AU-5-INI848-NU": 2344658.527880644,
  "AU-5-INI851-NU": 455141.97495661,
  "AU-5-INI885-NU": 127171.61549670807,
  "AU-5-INI898-NU": 9914.696178626114,
  "AU-5-INI979-NU": 19229.426833085814,
  "AU-5-INJ054-NU": 3064024.7897477136,
  "AU-5-INJ075-NU": 27568.83852112687,
  "AU-5-INJ091-NU": 684811.2226640416,
  "AU-5-INJ201-NU": 8746588.13912033,
  "AU-5-INJ209-NU": 1506398.0060099938,
  "AU-5-INJ270-NU": -361.3580736831172,
  "AU-5-INJ277-NU": 1160567.7696615602,
  "AU-5-INJ429-NU": 1297.0579237782615,
  "AU-5-INJ488-NU": 6922747.518786058,
  "AU-5-INJ521-NU": 53355.24613844419,
  "AU-5-INJ589-NU": 1067559.3584787955,
  "AU-5-INJ787-NU": 40031.10622347101,
  "AU-5-INJ862-NU": 238455.9381141332,
  "AU-5-INJ911-NU": 82999.44010402229,
  "AU-5-INJ927-NU": 2062997.3338980165,
  "AU-5-INK039-NU": 1156082.718129741,
  "AU-5-INK045-NU": 9610394.703266386,
  "AU-5-INK177-NU": 29414.176574005895,
  "AU-5-INK193-NU": 114000.70667237413,
  "AU-5-INK303-NU": 4641722.603144872,
  "AU-5-INK373-NU": 5048.036386699789,
  "AU-5-INK496-NU": 445359.9674687781,
  "AU-5-INK525-NU": 5151.962258084359,
  "AU-5-INK573-NU": 35085.467128322794,
  "AU-5-INK705-NU": 71421.7766772534,
  "AU-5-INK730-NU": 128353.778138398,
  "AU-5-INK783-NU": 509588.70160966786,
  "AU-5-INK933-NU": 793470.4579640969,
  "AU-5-INK959-NU": 188968.36246266804,
  "AU-5-INK982-NU": 45070.898166315645,
  "AU-5-INK983-NU": 245841.91830205865,
  "AU-5-INL224-NU": 19398005.718075775,
  "AU-5-INL416-NU": 680381.2645390677,
  "AU-5-INL630-NU": 114794.67621164261,
  "AU-5-INL966-NU": 230.76299861153612,
  "AU-5-INL982-NU": 67920.04070071102,
  "AU-5-INL991-NU": 27196.681371518185,
  "AU-5-INM120-NU": 507370.3120019218,
  "AU-5-INM292-NU": 33803.17362473673,
  "AU-5-INM311-NU": 128722.48516299747,
  "AU-5-INM339-NU": 48329.52410374027,
  "AU-5-INM388-NU": 112674.54116189912,
  "AU-5-INM403-NU": 12726.218806240884,
  "AU-5-INM424-NU": 3810250.4629180846,
  "AU-5-INM569-NU": 38632.069654275794,
  "AU-5-INN158-NU": 1287739.561287034,
  "AU-5-INN172-NU": 1144870.2226075935,
  "AU-5-O13798-NU": 839684.5647358542,
  "AU-5-O13927-NU": 12478.661390708365,
  "AU-5-O14450-NU": 11552.785069828893,
  "AU-5-O17138-NU": 11630.094562836088
}