{
  "KE-NCB-218/051/9384/74-GB636": {
    "csom1-so.xml": 1844205.0509290418
  },
  "KE-NCB-218/051/9384/74-GB663": {
    "csom1-so.xml": 9098876.647923805
  },
  "KE-NCB-218/051/9384/74-GB720": {
    "csom1-so.xml": 6672516.499766141
  }
}