{
  "XI-IATI-EC_NEAR-/25240/0": -112.83259536226979,
  "XI-IATI-EC_NEAR-2010/22782/0": 2399093.081972272,
  "XI-IATI-EC_NEAR-2010/22808/0": 11802862.72904656,
  "XI-IATI-EC_NEAR-2011/276-706": 5979494.310069923,
  "XI-IATI-EC_NEAR-2011/276-708": 12242052.703143764,
  "XI-IATI-EC_NEAR-2011/276-722": 7788345.373205538,
  "XI-IATI-EC_NEAR-2011/280-406": 12133657.04562993,
  "XI-IATI-EC_NEAR-2012/282-405": 1500041.5276410314,
  "XI-IATI-EC_NEAR-2012/291-626": 161428.18715284235,
  "XI-IATI-EC_NEAR-2012/295-499": 439686.4966464886,
  "XI-IATI-EC_NEAR-2012/303-786": 8349033.434884686,
  "XI-IATI-EC_NEAR-2012/303-789": 4179638.3456907542,
  "XI-IATI-EC_NEAR-2012/304-553": 1327904.3154050857,
  "XI-IATI-EC_NEAR-2012/307-713": 154136.00187479422,
  "XI-IATI-EC_NEAR-2012/311-109": 20570861.639860447,
  "XI-IATI-EC_NEAR-2013/24852/1": 10088643.995295854,
  "XI-IATI-EC_NEAR-2013/24899/0": 5025748.363037563,
  "XI-IATI-EC_NEAR-2013/24962/0": 6524505.833959202,
  "XI-IATI-EC_NEAR-2013/301-405": 499512.5659460083,
  "XI-IATI-EC_NEAR-2013/314-902": 191750.8509122075,
  "XI-IATI-EC_NEAR-2013/314-914": 525824.8789062997,
  "XI-IATI-EC_NEAR-2013/314-917": 456087.76547787985,
  "XI-IATI-EC_NEAR-2013/332-806": 1576673.076894359,
  "XI-IATI-EC_NEAR-2013/332-877": 7367963.470885005,
  "XI-IATI-EC_NEAR-2013/333-897": 220856.91769008705,
  "XI-IATI-EC_NEAR-2013/335-154": 1381235.6092083328,
  "XI-IATI-EC_NEAR-2014/324-141": 2372026.4582502125,
  "XI-IATI-EC_NEAR-2014/324-891": 2656222.3254006403,
  "XI-IATI-EC_NEAR-2014/341-813": 10093644.836522432,
  "XI-IATI-EC_NEAR-2014/347-020": 4454140.075320149,
  "XI-IATI-EC_NEAR-2014/347-032": 2008001.3618855607,
  "XI-IATI-EC_NEAR-2014/37555/0": 9335557.736428598,
  "XI-IATI-EC_NEAR-2015/359-488": 3226246.3880071244,
  "XI-IATI-EC_NEAR-2015/359-555": 3818443.1071015513,
  "XI-IATI-EC_NEAR-2015/371-830": 7968666.976201921,
  "XI-IATI-EC_NEAR-2016/378-942": 9545740.545017391,
  "XI-IATI-EC_NEAR-2016/381-086": 2654744.7486076895,
  "XI-IATI-EC_NEAR-2016/39371/0": 9828022.603982368,
  "XI-IATI-EC_NEAR-2017/378-709": 5843689.115881409,
  "XI-IATI-EC_NEAR-2017/378-718": 2656222.3254006403,
  "XI-IATI-EC_NEAR-2017/387-420": 28544.42916433663,
  "XI-IATI-EC_NEAR-2017/388-956": 43442.51613192747,
  "XI-IATI-EC_NEAR-2017/40359/0": 14447541.19297871,
  "XI-IATI-EC_NEAR-2018/391-272": 639315.154740253,
  "XI-IATI-EC_NEAR-2018/396-428": 796866.6976201921,
  "XI-IATI-EC_NEAR-2018/396-499": 1152736.354735831,
  "XI-IATI-EC_NEAR-2018/398-457": 92938.562943443,
  "XI-IATI-EC_NEAR-2018/399-479": 1529321.3319605812,
  "XI-IATI-EC_NEAR-2018/399-480": 2784478.02038261,
  "XI-IATI-EC_NEAR-2018/399-481": 2598159.642843029,
  "XI-IATI-EC_NEAR-2018/399-482": 5126327.136793946,
  "XI-IATI-EC_NEAR-2018/41351/0": 26562223.254006404,
  "XI-IATI-EC_NEAR-2019/405-347": 10871773.213748086,
  "XI-IATI-EC_NEAR-2019/405-560": 2712972.515382825,
  "XI-IATI-EC_NEAR-2019/409-843": 1328111.1627003201,
  "XI-IATI-EC_NEAR-2019/412-139": 357751.97578542255,
  "XI-IATI-EC_NEAR-2019/412-496": 4436000.188534411,
  "XI-IATI-EC_NEAR-2019/42170/0": 41860816.751932316,
  "XI-IATI-EC_NEAR-2020/416-037": 2963509.3574380223,
  "XI-IATI-EC_NEAR-2020/416-639": 2167761.7395646335,
  "XI-IATI-EC_NEAR-2020/417-450": 13025861.783270488,
  "XI-IATI-EC_NEAR-2020/418-262": 836118.3589782187,
  "XI-IATI-EC_NEAR-2020/418-532": 831446.7279634203,
  "XI-IATI-EC_NEAR-2020/419-165": 2930342.291279679,
  "XI-IATI-EC_NEAR-2020/419-577": 1772954.8514087372,
  "XI-IATI-EC_NEAR-2020/422-410": 1303089.548395046,
  "XI-IATI-EC_NEAR-2020/42691/0": 13073926.285621952,
  "XI-IATI-EC_NEAR-2021/427-626": 1454281.7231568506,
  "XI-IATI-EC_NEAR-2021/429-522": 1445298.3792523455,
  "XI-IATI-EC_NEAR-2021/429-523": 1236897.8161572248,
  "XI-IATI-EC_NEAR-2021/429-524": 1465012.861351469,
  "XI-IATI-EC_NEAR-2021/43108/0": 10624889.301602561,
  "XI-IATI-EC_NEAR-2021/43121/0": 15937333.952403842,
  "XI-IATI-EC_NEAR-2021/43501/0": 73046113.9485176
}