{
  "NL-KVK-41210098-AMBE": 4707492.046185866,
  "NL-KVK-41210098-FGG3": 96928466.73914869,
  "NL-KVK-41210098-GAGGA": 17622665.1984819
}