{
  "GB-CHC-202918-SLEA58": -141235.50375666434,
  "GB-CHC-202918-SLEA73": 297041.5494259972,
  "GB-CHC-202918-SLEA77": 37737.834368562704,
  "GB-CHC-202918-SLEA79": 1715489.839380255,
  "GB-CHC-202918-SLEA88": 34191.35595994668,
  "GB-CHC-202918-SLEA89": 146511.27090408743,
  "GB-CHC-202918-SLEA90": 7828414.577117647,
  "GB-CHC-202918-SLEA96": 28637.915991359958,
  "GB-CHC-202918-SLEB05": 85822.96747308077,
  "GB-CHC-202918-SLEB06": 137513.53612507292,
  "GB-CHC-202918-SLEB09": 480390.896029963,
  "GB-CHC-202918-SLEB10": 234907.8664032268,
  "GB-CHC-202918-SLEB13": 161367.41679642626,
  "GB-CHC-202918-SLEB16": 1119286.3732744553,
  "GB-CHC-202918-SLEB17": 530767.9529413799,
  "GB-CHC-202918-SLEB18": 541636.3057546666
}