{
  "GB-CHC-202918-SLEA58": -141417.76414275967,
  "GB-CHC-202918-SLEA73": 297424.87306661665,
  "GB-CHC-202918-SLEA77": 37786.53396660617,
  "GB-CHC-202918-SLEA79": 1717703.6300501048,
  "GB-CHC-202918-SLEA88": 34235.478928836426,
  "GB-CHC-202918-SLEA89": 146700.33951709216,
  "GB-CHC-202918-SLEA90": 7838516.922670915,
  "GB-CHC-202918-SLEA96": 28674.872404490638,
  "GB-CHC-202918-SLEB05": 85933.71956282757,
  "GB-CHC-202918-SLEB06": 137690.99341818152,
  "GB-CHC-202918-SLEB09": 481010.8267687519,
  "GB-CHC-202918-SLEB10": 235211.0082994829,
  "GB-CHC-202918-SLEB13": 161575.65684164318,
  "GB-CHC-202918-SLEB16": 1120730.78038965,
  "GB-CHC-202918-SLEB17": 531452.893834123,
  "GB-CHC-202918-SLEB18": 542335.2719464832
}