{
  "NL-KVK-41201463-PIDNO002": 710026.8211358689,
  "NL-KVK-41201463-PIDNS-002": 1487258.7233266996
}