{
  "XI-IATI-EC_NEAR-2008/19751/1": 9619540.69468492,
  "XI-IATI-EC_NEAR-2009/21067/0": 25791182.98093092,
  "XI-IATI-EC_NEAR-2009/227-540": 22443643.060462955,
  "XI-IATI-EC_NEAR-2012/23280/0": 50673510.415035814,
  "XI-IATI-EC_NEAR-2012/23281/0": 25010034.270145632,
  "XI-IATI-EC_NEAR-2012/292-623": 26125778.449902717,
  "XI-IATI-EC_NEAR-2013/24706/0": 23610675.743364938,
  "XI-IATI-EC_NEAR-2013/24707/0": 38956369.5796193,
  "XI-IATI-EC_NEAR-2013/335-432": 10624889.301602561,
  "XI-IATI-EC_NEAR-2014/344-543": 5602711.314076412,
  "XI-IATI-EC_NEAR-2014/348-049": 265622.232540064,
  "XI-IATI-EC_NEAR-2014/37364/0": 15421606.540498681,
  "XI-IATI-EC_NEAR-2014/37376/0": 49335903.65891826,
  "XI-IATI-EC_NEAR-2014/37381/0": 52312934.42313595,
  "XI-IATI-EC_NEAR-2014/37382/0": 11713847.062239863,
  "XI-IATI-EC_NEAR-2015/350-731": 1340234.440296793,
  "XI-IATI-EC_NEAR-2015/360-626": 3928699.721643253,
  "XI-IATI-EC_NEAR-2015/369-518": 5252681.8531442955,
  "XI-IATI-EC_NEAR-2015/371-112": 11381912.664341742,
  "XI-IATI-EC_NEAR-2015/37832/0": 103030106.70810604,
  "XI-IATI-EC_NEAR-2015/37836/0": 61748426.216029726,
  "XI-IATI-EC_NEAR-2015/37862/1": 17423363.92056392,
  "XI-IATI-EC_NEAR-2015/37875/0": 7416550.952015501,
  "XI-IATI-EC_NEAR-2016/376-357": 1992042.127380084,
  "XI-IATI-EC_NEAR-2016/379-221": 2515324.8715053913,
  "XI-IATI-EC_NEAR-2016/379-223": 2903377.61050004,
  "XI-IATI-EC_NEAR-2016/379-230": 2542713.9767692946,
  "XI-IATI-EC_NEAR-2016/381-129": 5048297.777108526,
  "XI-IATI-EC_NEAR-2016/381-344": 726914.2326896221,
  "XI-IATI-EC_NEAR-2016/382-282": 1055743.466846013,
  "XI-IATI-EC_NEAR-2016/382-617": 4694477.183019147,
  "XI-IATI-EC_NEAR-2016/383-076": 6927469.434367597,
  "XI-IATI-EC_NEAR-2016/39318/0": 102928615.1092748,
  "XI-IATI-EC_NEAR-2016/39337/0": 41496979.91532498,
  "XI-IATI-EC_NEAR-2017/375-223": 2641621.602522378,
  "XI-IATI-EC_NEAR-2017/379-225": 3897555.302380145,
  "XI-IATI-EC_NEAR-2017/385-374": 2652362.4359284844,
  "XI-IATI-EC_NEAR-2017/385-375": 2356866.334950221,
  "XI-IATI-EC_NEAR-2017/387-351": 657415.0255366585,
  "XI-IATI-EC_NEAR-2017/387-662": 33036765.172170464,
  "XI-IATI-EC_NEAR-2017/387-744": 531244.465080128,
  "XI-IATI-EC_NEAR-2017/388-111": 5139790.199650239,
  "XI-IATI-EC_NEAR-2017/388-508": 1268296.621832437,
  "XI-IATI-EC_NEAR-2017/388-767": 5976500.23215144,
  "XI-IATI-EC_NEAR-2017/390-659": 8655440.031801187,
  "XI-IATI-EC_NEAR-2017/391-200": 392766.3117599654,
  "XI-IATI-EC_NEAR-2017/391-206": 529112.7138528777,
  "XI-IATI-EC_NEAR-2017/392-880": 732514.9969927339,
  "XI-IATI-EC_NEAR-2017/392-939": 531001.699640698,
  "XI-IATI-EC_NEAR-2017/393-893": 717180.0278581729,
  "XI-IATI-EC_NEAR-2017/393-903": 615675.1479153129,
  "XI-IATI-EC_NEAR-2017/394-110": 12989486.359133074,
  "XI-IATI-EC_NEAR-2017/394-129": 15667010.432126718,
  "XI-IATI-EC_NEAR-2017/394-151": 870372.1122521063,
  "XI-IATI-EC_NEAR-2017/394-334": 5285412.276195678,
  "XI-IATI-EC_NEAR-2017/394-803": 520064.65109141445,
  "XI-IATI-EC_NEAR-2017/40318/0": 63284496.90267026,
  "XI-IATI-EC_NEAR-2017/40319/0": 64878230.29791064,
  "XI-IATI-EC_NEAR-2018/386-153": 1323847.925868052,
  "XI-IATI-EC_NEAR-2018/395-919": 301579.38134789624,
  "XI-IATI-EC_NEAR-2018/395-929": 10733794.416943988,
  "XI-IATI-EC_NEAR-2018/396-004": 549564.6031128675,
  "XI-IATI-EC_NEAR-2018/396-317": 59100946.74016425,
  "XI-IATI-EC_NEAR-2018/399-433": 1423002.1287396024,
  "XI-IATI-EC_NEAR-2018/399-591": 1503123.9142807454,
  "XI-IATI-EC_NEAR-2018/400-915": 5378850.208936296,
  "XI-IATI-EC_NEAR-2018/401-347": 5644472.441476361,
  "XI-IATI-EC_NEAR-2018/401-348": 3984333.48810096,
  "XI-IATI-EC_NEAR-2018/401-349": 6397003.4682077095,
  "XI-IATI-EC_NEAR-2018/401-351": 6025079.550232902,
  "XI-IATI-EC_NEAR-2018/401-352": 3585900.1392908646,
  "XI-IATI-EC_NEAR-2018/401-896": 644082.1175743099,
  "XI-IATI-EC_NEAR-2018/402-466": 2292398.676937147,
  "XI-IATI-EC_NEAR-2018/402-468": 1195300.046430288,
  "XI-IATI-EC_NEAR-2018/402-469": 1937556.552865866,
  "XI-IATI-EC_NEAR-2018/402-471": 1195300.046430288,
  "XI-IATI-EC_NEAR-2018/402-475": 1727123.9664107023,
  "XI-IATI-EC_NEAR-2018/402-519": 400126.06633029255,
  "XI-IATI-EC_NEAR-2018/402-523": 399050.9205007517,
  "XI-IATI-EC_NEAR-2018/402-646": 1062488.930160256,
  "XI-IATI-EC_NEAR-2018/402-764": 1672987.7913811677,
  "XI-IATI-EC_NEAR-2018/403-206": 1954644.7349840847,
  "XI-IATI-EC_NEAR-2018/403-314": 5512591.003020219,
  "XI-IATI-EC_NEAR-2018/403-393": 16999822.882564098,
  "XI-IATI-EC_NEAR-2018/403-497": 4100996.1007437194,
  "XI-IATI-EC_NEAR-2018/403-777": 491401.13019911846,
  "XI-IATI-EC_NEAR-2018/403-849": 3289387.7543697907,
  "XI-IATI-EC_NEAR-2018/404-140": 352840.7800790963,
  "XI-IATI-EC_NEAR-2018/404-204": 2952882.515813011,
  "XI-IATI-EC_NEAR-2018/404-227": 3931209.0415929477,
  "XI-IATI-EC_NEAR-2018/41405/0": 24755992.07273397,
  "XI-IATI-EC_NEAR-2018/41415/0": 36113600.75435609,
  "XI-IATI-EC_NEAR-2018/41443/0": 35809601.63415643,
  "XI-IATI-EC_NEAR-2019/396-937": 1195300.046430288,
  "XI-IATI-EC_NEAR-2019/404-655": 1997168.90209034,
  "XI-IATI-EC_NEAR-2019/404-871": 1905101.6066318515,
  "XI-IATI-EC_NEAR-2019/406-898": 1792950.0696454323,
  "XI-IATI-EC_NEAR-2019/409-119": 4316361.27877604,
  "XI-IATI-EC_NEAR-2019/409-668": 1792950.0696454323,
  "XI-IATI-EC_NEAR-2019/409-705": 647960.7466949716,
  "XI-IATI-EC_NEAR-2019/409-707": 1434360.0557163458,
  "XI-IATI-EC_NEAR-2019/409-831": 1992166.7440504802,
  "XI-IATI-EC_NEAR-2019/409-948": 7968666.976201921,
  "XI-IATI-EC_NEAR-2019/409-955": 462863.5806506046,
  "XI-IATI-EC_NEAR-2019/409-956": 530916.1958440434,
  "XI-IATI-EC_NEAR-2019/410-150": 528781.5758966818,
  "XI-IATI-EC_NEAR-2019/410-189": 908289.061734954,
  "XI-IATI-EC_NEAR-2019/411-554": 1553890.0603593746,
  "XI-IATI-EC_NEAR-2019/411-903": 459492.26343187125,
  "XI-IATI-EC_NEAR-2019/411-936": 476924.71852568496,
  "XI-IATI-EC_NEAR-2019/411-946": 244050.745569918,
  "XI-IATI-EC_NEAR-2019/411-990": 247325.17707933238,
  "XI-IATI-EC_NEAR-2019/412-866": 929677.8138902241,
  "XI-IATI-EC_NEAR-2019/412-869": 1460922.2789703521,
  "XI-IATI-EC_NEAR-2019/413-050": 1328111.1627003201,
  "XI-IATI-EC_NEAR-2019/413-158": 1859355.6277804482,
  "XI-IATI-EC_NEAR-2019/413-280": 5179633.534531248,
  "XI-IATI-EC_NEAR-2019/413-295": 332027.79067508003,
  "XI-IATI-EC_NEAR-2019/414-051": 2465156.773883326,
  "XI-IATI-EC_NEAR-2019/414-075": 1091925.1859703462,
  "XI-IATI-EC_NEAR-2019/41934/1": 71718002.7858173,
  "XI-IATI-EC_NEAR-2019/41936/1": 14609222.789703522,
  "XI-IATI-EC_NEAR-2019/41937/0": 73046113.9485176,
  "XI-IATI-EC_NEAR-2019/42246/0": 1328111.1627003201,
  "XI-IATI-EC_NEAR-2019/42419/0": 1284814.7387962898,
  "XI-IATI-EC_NEAR-2020/408-363": 766864.5070814523,
  "XI-IATI-EC_NEAR-2020/414-971": 1528548.6767294572,
  "XI-IATI-EC_NEAR-2020/415-426": 1692272.363896925,
  "XI-IATI-EC_NEAR-2020/416-172": 1460922.2789703521,
  "XI-IATI-EC_NEAR-2020/416-391": 65751.74229073027,
  "XI-IATI-EC_NEAR-2020/416-398": 65626.11625585044,
  "XI-IATI-EC_NEAR-2020/416-404": 71612.37810504773,
  "XI-IATI-EC_NEAR-2020/417-111": 2457005.6509955926,
  "XI-IATI-EC_NEAR-2020/417-180": 2656222.3254006403,
  "XI-IATI-EC_NEAR-2020/417-289": 1077602.2375417624,
  "XI-IATI-EC_NEAR-2020/417-316": 418355.01625060086,
  "XI-IATI-EC_NEAR-2020/417-363": 681540.8288626912,
  "XI-IATI-EC_NEAR-2020/417-373": 1628741.077378002,
  "XI-IATI-EC_NEAR-2020/417-374": 463762.80487553414,
  "XI-IATI-EC_NEAR-2020/417-449": 1195300.046430288,
  "XI-IATI-EC_NEAR-2020/417-626": 76937.214032997,
  "XI-IATI-EC_NEAR-2020/417-748": 919465.87419244,
  "XI-IATI-EC_NEAR-2020/417-883": 912980.3886382952,
  "XI-IATI-EC_NEAR-2020/417-906": 464838.90694511204,
  "XI-IATI-EC_NEAR-2020/418-066": 1035412.8872596242,
  "XI-IATI-EC_NEAR-2020/418-070": 1780693.1973471034,
  "XI-IATI-EC_NEAR-2020/418-090": 2110786.2089614733,
  "XI-IATI-EC_NEAR-2020/418-101": 1198689.9439241877,
  "XI-IATI-EC_NEAR-2020/418-130": 1733185.0673239178,
  "XI-IATI-EC_NEAR-2020/418-131": 1467358.797065928,