{
  "XM-DAC-41108-1100000433": 15612120.064788822,
  "XM-DAC-41108-1100001038": 26026781.310059115,
  "XM-DAC-41108-1100001177": 32815433.20435284,
  "XM-DAC-41108-1100001307": 30497836.94875557,
  "XM-DAC-41108-1100001411": 28738615.79489468,
  "XM-DAC-41108-1100001538": 28341017.541000955,
  "XM-DAC-41108-1100001690": 33301255.778653823
}