{
  "FR-3-CKE105302": 7536584.949411739,
  "FR-3-CKE106001": 1992751.1764705812,
  "FR-3-CKE109301": 31814847.773192436,
  "FR-3-CKE109302": 10850418.070271142,
  "FR-3-CKE110602": 41401109.838842414,
  "FR-3-CKE111001": 55897573.814108096,
  "FR-3-CKE111002": 1426931.2008995833,
  "FR-3-CKE111003": 7997574.7215686,
  "FR-3-CKE111004": 3659535.382393395,
  "FR-3-CKE111005": 496993.4054875081,
  "FR-3-CKE111701": 79710047.05882326,
  "FR-3-CKE111702": 37884414.475513205,
  "FR-3-CKE111703": 1025871.4940489376,
  "FR-3-CKE112101": 645774.9317494095,
  "FR-3-CKE112701": 124879073.72548977,
  "FR-3-CKE113001": 62877942.12156841,
  "FR-3-CKE113004": 79710047.05882326,
  "FR-3-CKE114202": 797100.4705882325,
  "FR-3-CKE114701": 1637193.8835584256,
  "FR-3-CKE115801": 6210741.166666645,
  "FR-3-CKE117501": 1328500.784313721
}