{
  "GB-CHC-202918-PFDA28": 838219.7896401866,
  "GB-CHC-202918-SRLD47": 53330.524902141595,
  "GB-CHC-202918-SRLD53": 49364.0570957549,
  "GB-CHC-202918-SRLD54": 244378.41012110448
}