{
  "GB-COH-03613839-P1090": {
    "iodparc-activities.xml": 12371.355480553482
  },
  "GB-COH-03613839-P3122": {
    "iodparc-activities.xml": 74792.58012746852
  },
  "GB-COH-03613839-P714": {
    "iodparc-activities.xml": 375964.01849797077
  },
  "GB-COH-03613839-P786": {
    "iodparc-activities.xml": 45606.99415417998
  },
  "GB-COH-03613839-P814P815P823P1009P1010P1011": {
    "iodparc-activities.xml": 69658.54217132962
  },
  "GB-COH-03613839-P830": {
    "iodparc-activities.xml": 282502.7147015034
  },
  "GB-COH-03613839-P866": {
    "iodparc-activities.xml": 3493929.727943007
  },
  "GB-COH-03613839-P892": {
    "iodparc-activities.xml": 89553.21557228058
  },
  "GB-COH-03613839-P902": {
    "iodparc-activities.xml": 1248558.92562512
  },
  "GB-COH-03613839-P959": {
    "iodparc-activities.xml": 23793.782248737323
  },
  "GB-COH-03613839-P978": {
    "iodparc-activities.xml": 21332.180945099662
  }
}