{
  "XM-DAC-41108-1100000212": 689742.882292466,
  "XM-DAC-41108-1100000338": 8381455.462736773,
  "XM-DAC-41108-1100000464": 7620786.220178009,
  "XM-DAC-41108-1100001047": 25536056.641162142,
  "XM-DAC-41108-1100001164": 29764147.577427022,
  "XM-DAC-41108-1100001334": 15778609.556236444,
  "XM-DAC-41108-1100001365": 31466743.03690394,
  "XM-DAC-41108-1100001534": 120181381.82353388,
  "XM-DAC-41108-1100001670": 103856808.81041123,
  "XM-DAC-41108-2000001501": 69880419.74,
  "XM-DAC-41108-2000001600": 79299205.72302845
}