{
  "XI-IATI-EC_INTPA-2001/2776/0": 425255.12785618805,
  "XI-IATI-EC_INTPA-2001/2792/0": 753136.0009506358,
  "XI-IATI-EC_INTPA-2001/3286/0": -1969024.142962021,
  "XI-IATI-EC_INTPA-2001/3863/0": 1333681.7982090218,
  "XI-IATI-EC_INTPA-2002/2550/0": -25740.778631268186,
  "XI-IATI-EC_INTPA-2002/2927/0": 321983.762848628,
  "XI-IATI-EC_INTPA-2003/020-126": 28075.136358599208,
  "XI-IATI-EC_INTPA-2003/020-151": 445245.9026891479,
  "XI-IATI-EC_INTPA-2003/4194/0": 5542578.039215669,
  "XI-IATI-EC_INTPA-2003/5720/0": 19735700.461125307,
  "XI-IATI-EC_INTPA-2003/5936/0": 513643.1484052603,
  "XI-IATI-EC_INTPA-2003/6009/0": 627642.1574084781,
  "XI-IATI-EC_INTPA-2004/060-064": 1287786.256419088,
  "XI-IATI-EC_INTPA-2004/061-268": 846660.0203680814,
  "XI-IATI-EC_INTPA-2004/079-641": 33958.53324324333,
  "XI-IATI-EC_INTPA-2004/083-460": 102199.01433204659,
  "XI-IATI-EC_INTPA-2004/084-046": 2525.121702702709,
  "XI-IATI-EC_INTPA-2004/085-904": 1883.2681073359122,
  "XI-IATI-EC_INTPA-2004/086-363": 59707.311196911345,
  "XI-IATI-EC_INTPA-2004/086-955": 5971.33257815904,
  "XI-IATI-EC_INTPA-2004/086-959": 21203.582925096533,
  "XI-IATI-EC_INTPA-2004/086-964": 9680.045047170799,
  "XI-IATI-EC_INTPA-2004/087-602": 74634.13899613918,
  "XI-IATI-EC_INTPA-2004/090-778": 19653.656602316652,
  "XI-IATI-EC_INTPA-2004/095-660": 470849.55882352876,
  "XI-IATI-EC_INTPA-2004/095-906": 48287.885007462784,
  "XI-IATI-EC_INTPA-2004/095-910": 40068.211446019326,
  "XI-IATI-EC_INTPA-2004/095-916": 53590.17402694988,
  "XI-IATI-EC_INTPA-2004/095-926": 59492.44172082788,
  "XI-IATI-EC_INTPA-2004/095-936": 108967.35096781116,
  "XI-IATI-EC_INTPA-2004/095-938": 99546.8143196661,
  "XI-IATI-EC_INTPA-2004/095-939": 107367.16051057761,
  "XI-IATI-EC_INTPA-2004/095-945": 113441.77757934439,
  "XI-IATI-EC_INTPA-2004/095-948": 49878.696406500305,
  "XI-IATI-EC_INTPA-2004/096-007": 119541.28616708676,
  "XI-IATI-EC_INTPA-2004/16727/0": 228513.35319233773,
  "XI-IATI-EC_INTPA-2004/6091/0": -1258578.8627995169,
  "XI-IATI-EC_INTPA-2004/6116/0": 451130.9854986147,
  "XI-IATI-EC_INTPA-2004/6263/0": 12724894.65100217,
  "XI-IATI-EC_INTPA-2005/088-625": 651916.0369562403,
  "XI-IATI-EC_INTPA-2005/107-863": 31087.68665764344,
  "XI-IATI-EC_INTPA-2005/107-873": 60651.36028737283,
  "XI-IATI-EC_INTPA-2005/107-951": 113056.39508835835,
  "XI-IATI-EC_INTPA-2005/108-178": 80743.20767603739,
  "XI-IATI-EC_INTPA-2005/17326/0": 23543267.078903627,
  "XI-IATI-EC_INTPA-2006/120-132": 1874066.7377429733,
  "XI-IATI-EC_INTPA-2006/18087/0": 21322225.207892407,
  "XI-IATI-EC_INTPA-2006/18162/0": 11394603.712991737,
  "XI-IATI-EC_INTPA-2006/18163/0": 10658355.959695095,
  "XI-IATI-EC_INTPA-2007/142-910": 37688.14607843149,
  "XI-IATI-EC_INTPA-2008/148-371": 756835.0340210584,
  "XI-IATI-EC_INTPA-2008/157-286": 257382.20703124994,
  "XI-IATI-EC_INTPA-2008/166-898": 304623.6212890624,
  "XI-IATI-EC_INTPA-2008/171-949": 2277737.4908122565,
  "XI-IATI-EC_INTPA-2009/172-706": 189921.94325703112,
  "XI-IATI-EC_INTPA-2009/214-436": 735706.0875680947,
  "XI-IATI-EC_INTPA-2009/226-267": 733872.6839315838,
  "XI-IATI-EC_INTPA-2010/253-144": 1137215.8607735913,
  "XI-IATI-EC_INTPA-2010/255-118": 1109844.2316251337,
  "XI-IATI-EC_INTPA-2010/256-657": 1096881.4672209804,
  "XI-IATI-EC_INTPA-2010/256-706": 1154419.1311472533,
  "XI-IATI-EC_INTPA-2010/256-710": 1169445.120752533
}