{
  "US-GOV-1-632-14-DCHA-AFR": 92484.0,
  "US-GOV-1-632-15-DCHA-AFR": 53950.0,
  "US-GOV-1-632-15-DCHA-AFRA": 53949.0,
  "US-GOV-1-632-16-ITCR-0001": 188254.0,
  "US-GOV-1-632-17-ITCR-0001": 178286.44,
  "US-GOV-1-632-18-ITCR-0001": 218562.24,
  "US-GOV-1-632-19-ITCR-0001": 202818.0,
  "US-GOV-1-632-20-ITCR-0001": 202818.0,
  "US-GOV-1-632-20-ITCR-0001AA": 1650.0,
  "US-GOV-1-632-21-ITCR-0001A": 111250.0,
  "US-GOV-1-632-22-ITCR-0001": 319302.0,
  "US-GOV-1-632-DFRFII-14-632-01": 18077.579999999998,
  "US-GOV-1-632-DFRFII-14-632-02": 17777.2,
  "US-GOV-1-632-DFRFII-14-632-03": 14460.26,
  "US-GOV-1-632-DHRF-01-632-004-1": -55.09,
  "US-GOV-1-632-DHRFII-632-09-001": -148.31,
  "US-GOV-1-632-MFD-17-RHAP-FSN-SALARY": 200000.0,
  "US-GOV-1-632-MO-15-ICASS-LESOTHO": 90526.8,
  "US-GOV-1-632-MOD-11-MWALE-RES-UTILITIES": 487.33,
  "US-GOV-1-632-PO-16-PR4925575": 1514.0,
  "US-GOV-1-632-PO-16-PR5596866": 2728.06,
  "US-GOV-1-632-PO-17-PR5747936": 13685.14,
  "US-GOV-1-632-PO-17-PR5835013": 123.84,
  "US-GOV-1-632-PO-17-PR5956461": 8355.22,
  "US-GOV-1-632-PO-19-PR6897156": -3.4259033203125e-25,
  "US-GOV-1-632-PO-21-PR9563633": 28232.84,
  "US-GOV-1-632-PO-SLT600-12-M-0651": 21.68,
  "US-GOV-1-632-PO-SLT600-M-0507": -1288.78,
  "US-GOV-1-632-SSH-05-632-001-1": 2623.66,
  "US-GOV-1-632-SSH-07-005": 0.02,
  "US-GOV-1-632-SSH-07-010": 2.92,
  "US-GOV-1-632-SSH-10-002": -0.5,
  "US-GOV-1-632-SSH-10-003": -11.36,
  "US-GOV-1-632-SSH-10-004": -4.16,
  "US-GOV-1-632-SSH-10-005": -65.28,
  "US-GOV-1-632-SSH-10-006": -24.13,
  "US-GOV-1-632-SSH-10-007": -737.32,
  "US-GOV-1-632-SSH-10-011": -1.73,
  "US-GOV-1-632-SSH-10-012": -23.46,
  "US-GOV-1-632-SSH-11-632-001": -126.73,
  "US-GOV-1-632-SSH-11-632-002": -5199.32,
  "US-GOV-1-632-SSH-11-632-003": -54.3,
  "US-GOV-1-632-SSH-11-632-004": -431.44,
  "US-GOV-1-632-SSH-11-632-005": -33.35,
  "US-GOV-1-632-SSH-11-632-006": 0.03,
  "US-GOV-1-632-SSH-11-632-007": -6.25,
  "US-GOV-1-632-SSH-11-632-008": 556.0200000000001,
  "US-GOV-1-632-SSH-11-632-009": -453.03,
  "US-GOV-1-632-SSH-11-632-011": -10.29,
  "US-GOV-1-632-SSH-11-632-012": 168.51999999999998,
  "US-GOV-1-632-SSH-12-001": 7.330000000000005,
  "US-GOV-1-632-SSH-12-002": 3260.7200000000003,
  "US-GOV-1-632-SSH-12-003": 667.42,
  "US-GOV-1-632-SSH-12-004": 7300.0,
  "US-GOV-1-632-SSH-12-005": 3500.0,
  "US-GOV-1-632-SSH-12-006": 2131.9300000000003,
  "US-GOV-1-632-SSH-12-007": 1462.16,
  "US-GOV-1-632-SSH-12-008": 1432.55,
  "US-GOV-1-632-SSH-12-009": 3666.7400000000002,
  "US-GOV-1-632-SSH-13-001": 10724.36,
  "US-GOV-1-632-SSH-13-002": 13041.46,
  "US-GOV-1-632-SSH-13-003": 12785.42,
  "US-GOV-1-632-SSH-13-004": 10800.0,
  "US-GOV-1-632-SSH-13-005": 10799.48,
  "US-GOV-1-632-SSH-13-007": 19200.0,
  "US-GOV-1-632-SSH-13-008": 8800.0,
  "US-GOV-1-632-TA-17-8647025-MAKUBAKUBE": 382.16,
  "US-GOV-1-632-TA-17-MNKANE-8496958": 1076.72,
  "US-GOV-1-632-TA-674-16-00038": 13134.18,
  "US-GOV-1-632-TA-674-16-00039": 1.0497665405273436e-25,
  "US-GOV-1-674-A-00-09-00072-00": 852386.0,
  "US-GOV-1-674-A-00-09-00120-00": -25700.7,
  "US-GOV-1-690-AA-11-0020-IL#16": 900000.0,
  "US-GOV-1-690-AA-11-0020-IL#17": 500000.0,
  "US-GOV-1-720201750806": 29.54,
  "US-GOV-1-720201851237": -399.08,
  "US-GOV-1-72067419CA00016": 51642798.27,
  "US-GOV-1-72067420FA00001": 12001430.1,
  "US-GOV-1-72067421C00001": 11415964.2,
  "US-GOV-1-72067421S00024": 188259.81,
  "US-GOV-1-72DFFP20IO00128": 6472528.0,
  "US-GOV-1-AID-674-A-00-09-00120": 7472658.19,
  "US-GOV-1-AID-674-A-00-10-00031": 28415811.56,
  "US-GOV-1-AID-674-A-12-00001": 21498891.24,
  "US-GOV-1-AID-674-A-15-00008": 19966310.6,
  "US-GOV-1-AID-674-A-16-00005": 183292920.83,
  "US-GOV-1-AID-674-F-16-00001": 6000000.0,
  "US-GOV-1-AID-674-F-16-00007": 100000.0,
  "US-GOV-1-AID-674-IO-12-00001": 847769.0,
  "US-GOV-1-AID-674-IO-15-00001": 990308.0,
  "US-GOV-1-AID-DFD-G-00-09-00228": 2603.0,
  "US-GOV-1-AID-FFP-G-09-00042": -1124.0,
  "US-GOV-1-AID-FFP-G-16-00105": 9297248.0,
  "US-GOV-1-AID-FFP-IO-13-00003": 5000000.0,
  "US-GOV-1-AID-OFDA-G-11-00034": 39289.0,
  "US-GOV-1-AID-OFDA-G-11-00078": 25793.0,
  "US-GOV-1-AID-OFDA-G-12-00101": 2003215.0,
  "US-GOV-1-AID-OFDA-G-13-00006": 1997592.0,
  "US-GOV-1-AID-OFDA-G-16-00099": 523572.0,
  "US-GOV-1-AID-OFDA-G-16-00132": 3362690.0,
  "US-GOV-1-AID-OFDA-G-17-00239": 3778604.0,
  "US-GOV-1-AID-OFDA-IO-16-00076": 1966202.26,
  "US-GOV-1-AID-OFDA-IO-17-00072": 1981138.0,
  "US-GOV-1-B96628B01867": 3640.0,
  "US-GOV-1-DFD-G-00-09-00052-00": -8442.0,
  "US-GOV-1-GPO-A-00-03-00001-16": -5256.87
}