{
  "XI-IATI-EC_INTPA-2001/2826/0": 702978.80718592,
  "XI-IATI-EC_INTPA-2002/020-047": 555257.2843680477,
  "XI-IATI-EC_INTPA-2002/3396/0": 16770479.713294862,
  "XI-IATI-EC_INTPA-2003/020-247": 365565.4307202236,
  "XI-IATI-EC_INTPA-2003/020-251": 548288.4676851387,
  "XI-IATI-EC_INTPA-2003/020-390": 736723.6075722536,
  "XI-IATI-EC_INTPA-2003/4150/0": 44848836.44222155,
  "XI-IATI-EC_INTPA-2003/5714/0": 6262487.251704228,
  "XI-IATI-EC_INTPA-2003/5716/0": 19711318.26290393,
  "XI-IATI-EC_INTPA-2003/5722/0": 20906158.064753745,
  "XI-IATI-EC_INTPA-2003/5731/0": 1915449.1395494966,
  "XI-IATI-EC_INTPA-2003/6010/0": 689688.1014037703,
  "XI-IATI-EC_INTPA-2004/078-438": 25626.87552664099,
  "XI-IATI-EC_INTPA-2004/079-174": 11941.46223938227,
  "XI-IATI-EC_INTPA-2004/081-933": 34499.19205117264,
  "XI-IATI-EC_INTPA-2004/085-230": 79167.41659876468,
  "XI-IATI-EC_INTPA-2004/086-141": 20462.19310810816,
  "XI-IATI-EC_INTPA-2004/086-166": 19365.320045328237,
  "XI-IATI-EC_INTPA-2004/086-444": 180365.83590733635,
  "XI-IATI-EC_INTPA-2004/087-306": 2384.2497653474966,
  "XI-IATI-EC_INTPA-2004/088-097": 2247.6568519613957,
  "XI-IATI-EC_INTPA-2004/095-173": 45765893.90421398,
  "XI-IATI-EC_INTPA-2004/16732/0": 815295.1221493189,
  "XI-IATI-EC_INTPA-2004/6223/0": 92861242.68292406,
  "XI-IATI-EC_INTPA-2004/6224/0": 16753430.290717125,
  "XI-IATI-EC_INTPA-2005/097-147": 3998277.287241608,
  "XI-IATI-EC_INTPA-2005/101-899": 17314792.767260477,
  "XI-IATI-EC_INTPA-2005/102-640": 512773.1679657833,
  "XI-IATI-EC_INTPA-2005/103-484": 635182.9665973958,
  "XI-IATI-EC_INTPA-2005/106-875": 29580.863960964798,
  "XI-IATI-EC_INTPA-2005/106-983": 106498.69121192557,
  "XI-IATI-EC_INTPA-2005/107-019": 90641.96012449781,
  "XI-IATI-EC_INTPA-2005/108-936": 112452.45371794209,
  "XI-IATI-EC_INTPA-2005/109-511": 67364.43806314348,
  "XI-IATI-EC_INTPA-2005/109-529": 115284.2129066668,
  "XI-IATI-EC_INTPA-2005/110-988": 118082.94198964679,
  "XI-IATI-EC_INTPA-2005/111-031": 109062.81421992434,
  "XI-IATI-EC_INTPA-2005/111-846": 119627.14490278748,
  "XI-IATI-EC_INTPA-2005/111-958": 738160.1437129979,
  "XI-IATI-EC_INTPA-2005/114-991": 66690236.30729297,
  "XI-IATI-EC_INTPA-2005/17203/0": 5823525.0622351505,
  "XI-IATI-EC_INTPA-2005/17240/0": 847461.5193962408,
  "XI-IATI-EC_INTPA-2005/17543/0": 99171360.00856423,
  "XI-IATI-EC_INTPA-2006/117-711": 980844.3868655375,
  "XI-IATI-EC_INTPA-2006/119-624": 561978.8655717025,
  "XI-IATI-EC_INTPA-2006/123-768": 117293.42080024978,
  "XI-IATI-EC_INTPA-2006/123-785": 140051.33299724327,
  "XI-IATI-EC_INTPA-2006/123-800": 81594.08601673115,
  "XI-IATI-EC_INTPA-2006/123-805": 104677.99329318653,
  "XI-IATI-EC_INTPA-2006/123-808": 137665.13815799504,
  "XI-IATI-EC_INTPA-2006/123-809": 133196.54818261613,
  "XI-IATI-EC_INTPA-2006/123-827": 78304.35960198847,
  "XI-IATI-EC_INTPA-2006/124-021": 137290.84774816214,
  "XI-IATI-EC_INTPA-2006/124-023": 126936.88440917915,
  "XI-IATI-EC_INTPA-2006/124-032": 109449.56325925082,
  "XI-IATI-EC_INTPA-2006/124-236": 14206167.539828451,
  "XI-IATI-EC_INTPA-2006/125-212": 905075.3089228222,
  "XI-IATI-EC_INTPA-2006/126-779": 9313.040149870576,
  "XI-IATI-EC_INTPA-2006/127-180": 1066506.302779606,
  "XI-IATI-EC_INTPA-2006/127-280": 908494.8890305661,
  "XI-IATI-EC_INTPA-2006/132-325": 72680423.09035024,
  "XI-IATI-EC_INTPA-2006/18249/0": 101380012.81300013,
  "XI-IATI-EC_INTPA-2006/18254/0": 12555988.2352941,
  "XI-IATI-EC_INTPA-2007/123-797": 111697.99482968748,
  "XI-IATI-EC_INTPA-2007/124-019": 120920.69967193954,
  "XI-IATI-EC_INTPA-2007/127-893": 3258107.720139742,
  "XI-IATI-EC_INTPA-2007/133-076": 142132.02636484758,
  "XI-IATI-EC_INTPA-2007/135-665": 129731.44969420908,
  "XI-IATI-EC_INTPA-2007/136-275": 136341.24575676458,
  "XI-IATI-EC_INTPA-2007/142-409": 13704780.392156906,
  "XI-IATI-EC_INTPA-2007/142-596": 109335.4815893956,
  "XI-IATI-EC_INTPA-2007/142-597": 137354.58867417302,
  "XI-IATI-EC_INTPA-2007/142-598": 61975.04451195667,
  "XI-IATI-EC_INTPA-2007/143-097": 102115.6919506816,
  "XI-IATI-EC_INTPA-2007/143-311": 143326.84665364586,
  "XI-IATI-EC_INTPA-2007/145-503": 560866.4548903645,
  "XI-IATI-EC_INTPA-2008/157-695": 7346723.600521874,
  "XI-IATI-EC_INTPA-2010/22628/0": 1939228.1970618826
}