{
  "XM-OCHA-CBPF-NGA-22/NIG_ERF/RA1/DMS-S/NFI/UN/23285": 1336000.0,
  "XM-OCHA-CBPF-NGA-22/NIG_ERF/RA1/DMS/INGO/23242": 360000.0,
  "XM-OCHA-CBPF-NGA-22/NIG_ERF/RA1/DMS/NGO/23288": 208000.0,
  "XM-OCHA-CBPF-NGA-22/NIG_ERF/RA1/DMS/UN/23300": 960000.02,
  "XM-OCHA-CBPF-NGA-22/NIG_ERF/RA1/H/NGO/23253": 378002.06,
  "XM-OCHA-CBPF-NGA-22/NIG_ERF/RA1/H/NGO/23262": 364800.10000000003,
  "XM-OCHA-CBPF-NGA-22/NIG_ERF/RA1/H/NGO/23274": 320076.9,
  "XM-OCHA-CBPF-NGA-22/NIG_ERF/RA1/H/NGO/23289": 396000.97000000003,
  "XM-OCHA-CBPF-NGA-22/NIG_ERF/RA1/N-H/INGO/23296": 951120.0,
  "XM-OCHA-CBPF-NGA-22/NIG_ERF/RA1/N/INGO/23244": 689600.02,
  "XM-OCHA-CBPF-NGA-22/NIG_ERF/RA1/N/INGO/23292": 320001.44,
  "XM-OCHA-CBPF-NGA-22/NIG_ERF/RA1/N/INGO/23303": 540000.0,
  "XM-OCHA-CBPF-NGA-22/NIG_ERF/RA1/N/NGO/23241": 288033.73,
  "XM-OCHA-CBPF-NGA-22/NIG_ERF/RA1/S/NFI/INGO/23275": 396000.0,
  "XM-OCHA-CBPF-NGA-22/NIG_ERF/RA1/S/NFI/UN/23301": 930000.0,
  "XM-OCHA-CBPF-NGA-22/NIG_ERF/RA1/WASH-S/NFI/INGO/23251": 843200.03,
  "XM-OCHA-CBPF-NGA-22/NIG_ERF/RA1/WASH-S/NFI/INGO/23295": 666000.0,
  "XM-OCHA-CBPF-NGA-22/NIG_ERF/RA1/WASH/INGO/23247": 432000.0,
  "XM-OCHA-CBPF-NGA-22/NIG_ERF/RA1/WASH/INGO/23280": 400000.16,
  "XM-OCHA-CBPF-NGA-22/NIG_ERF/RA1/WASH/NGO/23239": 164800.0,
  "XM-OCHA-CBPF-NGA-22/NIG_ERF/RA1/WASH/NGO/23245": 190398.69999999998,
  "XM-OCHA-CBPF-NGA-22/NIG_ERF/RA1/WASH/UN/23250": 796000.0,
  "XM-OCHA-CBPF-NGA-22/NIG_ERF/RA1/WASH/UN/23287": 800000.0,
  "XM-OCHA-CBPF-NGA-22/NIG_ERF/SA1/DMS-S/NFI-WASH/UN/23377": 1159492.0,
  "XM-OCHA-CBPF-NGA-22/NIG_ERF/SA1/DMS/UN/23457": 1161014.9,
  "XM-OCHA-CBPF-NGA-22/NIG_ERF/SA1/E/NGO/23321": 260000.0,
  "XM-OCHA-CBPF-NGA-22/NIG_ERF/SA1/E/NGO/23334": 200000.33,
  "XM-OCHA-CBPF-NGA-22/NIG_ERF/SA1/E/NGO/23358": 336000.85,
  "XM-OCHA-CBPF-NGA-22/NIG_ERF/SA1/E/NGO/23368": 360000.65,
  "XM-OCHA-CBPF-NGA-22/NIG_ERF/SA1/E/NGO/23405": 100000.32,
  "XM-OCHA-CBPF-NGA-22/NIG_ERF/SA1/F/INGO/23385": 450000.0,
  "XM-OCHA-CBPF-NGA-22/NIG_ERF/SA1/F/NGO/23369": 225000.0,
  "XM-OCHA-CBPF-NGA-22/NIG_ERF/SA1/F/NGO/23402": 174999.78,
  "XM-OCHA-CBPF-NGA-22/NIG_ERF/SA1/F/NGO/23404": 99512.87,
  "XM-OCHA-CBPF-NGA-22/NIG_ERF/SA1/H/NGO/23372": 172481.31,
  "XM-OCHA-CBPF-NGA-22/NIG_ERF/SA1/H/NGO/23396": 140000.0,
  "XM-OCHA-CBPF-NGA-22/NIG_ERF/SA1/H/NGO/23413": 240474.74,
  "XM-OCHA-CBPF-NGA-22/NIG_ERF/SA1/H/NGO/23423": 237163.98,
  "XM-OCHA-CBPF-NGA-22/NIG_ERF/SA1/H/NGO/23452": 205850.4,
  "XM-OCHA-CBPF-NGA-22/NIG_ERF/SA1/H/NGO/23464": 160514.69,
  "XM-OCHA-CBPF-NGA-22/NIG_ERF/SA1/H/NGO/23466": 126343.61,
  "XM-OCHA-CBPF-NGA-22/NIG_ERF/SA1/N-H/INGO/23455": 372000.0,
  "XM-OCHA-CBPF-NGA-22/NIG_ERF/SA1/N-WASH/INGO/23449": 478800.39,
  "XM-OCHA-CBPF-NGA-22/NIG_ERF/SA1/N/NGO/23351": 200000.0,
  "XM-OCHA-CBPF-NGA-22/NIG_ERF/SA1/N/NGO/23384": 324024.08,
  "XM-OCHA-CBPF-NGA-22/NIG_ERF/SA1/N/NGO/23437": 140004.58,
  "XM-OCHA-CBPF-NGA-22/NIG_ERF/SA1/N/NGO/23469": 100000.73,
  "XM-OCHA-CBPF-NGA-22/NIG_ERF/SA1/P-E-WASH/NGO/23408": 250000.77,
  "XM-OCHA-CBPF-NGA-22/NIG_ERF/SA1/P/INGO/23319": 450000.0,
  "XM-OCHA-CBPF-NGA-22/NIG_ERF/SA1/P/INGO/23370": 100000.53,
  "XM-OCHA-CBPF-NGA-22/NIG_ERF/SA1/P/INGO/23387": 250000.0,
  "XM-OCHA-CBPF-NGA-22/NIG_ERF/SA1/P/INGO/23460": 314969.6,
  "XM-OCHA-CBPF-NGA-22/NIG_ERF/SA1/P/NGO/23340": 140000.0,
  "XM-OCHA-CBPF-NGA-22/NIG_ERF/SA1/P/NGO/23406": 261324.2,
  "XM-OCHA-CBPF-NGA-22/NIG_ERF/SA1/P/NGO/23410": 139917.4,
  "XM-OCHA-CBPF-NGA-22/NIG_ERF/SA1/S/NFI/INGO/23429": 280000.0,
  "XM-OCHA-CBPF-NGA-22/NIG_ERF/SA1/S/NFI/UN/23434": 950000.88,
  "XM-OCHA-CBPF-NGA-22/NIG_ERF/SA1/WASH-S/NFI-F/INGO/23361": 700000.0,
  "XM-OCHA-CBPF-NGA-22/NIG_ERF/SA1/WASH/INGO/23467": 250000.0,
  "XM-OCHA-CBPF-NGA-22/NIG_ERF/SA1/WASH/NGO/23305": 280000.0,
  "XM-OCHA-CBPF-NGA-22/NIG_ERF/SA1/WASH/NGO/23325": 176400.0,
  "XM-OCHA-CBPF-NGA-22/NIG_ERF/SA1/WASH/NGO/23350": 262000.24,
  "XM-OCHA-CBPF-NGA-22/NIG_ERF/SA1/WASH/NGO/23407": 300000.35,
  "XM-OCHA-CBPF-NGA-22/NIG_ERF/SA1/WASH/NGO/23444": 200000.0,
  "XM-OCHA-CBPF-NGA-22/NIG_ERF/SA1/WASH/NGO/23459": 210000.63,
  "XM-OCHA-CBPF-NGA-22/NIG_ERF/SA1/WASH/UN/23443": 699844.2
}