{
  "nl-kvk-54436222-27541": {
    "NL-KVK-54436222-XM-DAC-7-PPR-4000004571-01-RAF": 607934.9160590953,
    "NL-KVK-54436222-XM-DAC-7-PPR-4000004571-01-TUN": 22079.84807989282,
    "NL-KVK-54436222-XM-DAC-7-PPR-4000004571-02-IDN": 61981.61985206124,
    "NL-KVK-54436222-XM-DAC-7-PPR-4000004571-02-KHM": 88319.39231957129,
    "NL-KVK-54436222-XM-DAC-7-PPR-4000004571-02-VNM": 21249.778603205123,
    "NL-KVK-54436222-XM-DAC-7-PPR-4000004571-03-RLA": 734124.0700719035,
    "NL-KVK-54436222-XM-DAC7-PPR-4000004318-ID": 534855.5993315101,
    "NL-KVK-54436222-XM-DAC7-PPR-4000004318-KM": 448001.11362439743,
    "NL-KVK-54436222-XM-DAC7-PPR-4000004318-NL": 252424.79191631096,
    "NL-KVK-54436222-XM-DAC7-PPR-4000004318-TN": 146486.67691235722,
    "NL-KVK-54436222-XM-DAC7-PPR-4000004318-VN": 418887.5888268437
  }
}