{
  "nl-kvk-54436222-27541": {
    "NL-KVK-54436222-XM-DAC-7-PPR-4000004571-01-RAF": 608113.2630148998,
    "NL-KVK-54436222-XM-DAC-7-PPR-4000004571-01-TUN": 22086.32553921561,
    "NL-KVK-54436222-XM-DAC-7-PPR-4000004571-02-IDN": 61999.80310313704,
    "NL-KVK-54436222-XM-DAC-7-PPR-4000004571-02-KHM": 88345.30215686244,
    "NL-KVK-54436222-XM-DAC-7-PPR-4000004571-02-VNM": 21256.012549019535,
    "NL-KVK-54436222-XM-DAC-7-PPR-4000004571-03-RLA": 734339.4365356837,
    "NL-KVK-54436222-XM-DAC7-PPR-4000004318-ID": 535012.5073580374,
    "NL-KVK-54436222-XM-DAC7-PPR-4000004318-KM": 448132.54156627296,
    "NL-KVK-54436222-XM-DAC7-PPR-4000004318-NL": 252498.84456901872,
    "NL-KVK-54436222-XM-DAC7-PPR-4000004318-TN": 146529.65100745048,
    "NL-KVK-54436222-XM-DAC7-PPR-4000004318-VN": 419010.4758733319
  }
}