{
  "GB-CHC-202918-TJKA74": -1742.7815810799282,
  "GB-CHC-202918-TJKA83": -80.90228132093922,
  "GB-CHC-202918-TJKA88": 670323.959838161,
  "GB-CHC-202918-TJKA91": 51210.20701239334,
  "GB-CHC-202918-TJKA92": 40298.430283548005,
  "GB-CHC-202918-TJKB09": 991052.3419662995
}