{
  "NL-KVK-34308169-FG-BBB-THAILAND": 576400.244611939,
  "NL-KVK-34308169-FG-DtZ-THAILAND": 1743865.7372943538,
  "NL-KVK-34308169-FG-VfC-THAILAND": 185098.8527455436
}