{
  "GB-CHC-299717-ET0001": 1001515.8333875494,
  "GB-CHC-299717-ET0003": 2702273.5588082457,
  "GB-CHC-299717-ET0004": 2775045.0463448092
}