{
  "NL-KVK-41208813-DCIID059DtZ_DominicanRepublic": 480662.0233375236,
  "NL-KVK-41208813-DCIID221DtzVfc_DominicanRepublic": 46483.8906945112
}