{
  "NL-KVK-41208813-DCIID059DtZ_DominicanRepublic": 480803.032854116,
  "NL-KVK-41208813-DCIID221DtzVfc_DominicanRepublic": 46497.52745098023
}