{
  "DE-1-200135053": 2579819.561131569,
  "DE-1-200328245-0": 5275585.015045127,
  "DE-1-200535039": 28200575.49626576,
  "DE-1-201015726-0": 1764744.5105336765,
  "DE-1-201021104": 3577636.0520252753,
  "DE-1-201022383": 9048194.043646164,
  "DE-1-201022391": 9828890.871431638,
  "DE-1-201119940": 3001141.958789153,
  "DE-1-201120328": 3510720.406027579,
  "DE-1-201121334": 8994494.83555623,
  "DE-1-201121573": 14771366.846334444,
  "DE-1-201122332": 5780100.070304783,
  "DE-1-201122381": 19258128.41013003,
  "DE-1-201122738": 4872104.485040242,
  "DE-1-201128305-0": 7679142.427558825,
  "DE-1-201128321-0": 4196970.006398952,
  "DE-1-201128347-0": 3452234.0351142287,
  "DE-1-201155860-0": 1240298.5989059587,
  "DE-1-201222637": 349798.81158802257,
  "DE-1-201228279-0": 4387136.568197824,
  "DE-1-201234426-0": 621216.8972893477,
  "DE-1-201320670": 3984333.4881009604,
  "DE-1-201322205": 10660452.155672895,
  "DE-1-201322213": 6533046.560808246,
  "DE-1-201324615": 12024616.07127871,
  "DE-1-201326008-0": 1062755.3236235757,
  "DE-1-201409572-0": 1085559.5491675234,
  "DE-1-201410034-0": 11391209.442480646,
  "DE-1-201421429": 23433676.428557657,
  "DE-1-201421437": 5191287.988887288,
  "DE-1-201421452": 5312444.6508012805,
  "DE-1-201428234-0": 9484440.246191796,
  "DE-1-201428267-0": 3990974.043914462,
  "DE-1-201428317-0": 3112428.5097882003,
  "DE-1-201498591-0": 708799.6464215339,
  "DE-1-201520840": 5870335.063263112,
  "DE-1-201528280-0": 5817126.892627402,
  "DE-1-201579804-0": 796866.6976201921,
  "DE-1-201621697": 9296778.138902241,
  "DE-1-201622307": 9378603.532475114,
  "DE-1-201626100-0": 2048259.5190071282,
  "DE-1-201628098-0": 7789984.839414517,
  "DE-1-201698349-0": 1186003.2682913858,
  "DE-1-201721109": 9304353.631849837,
  "DE-1-201721117": 33235924.963574417,
  "DE-1-201726108-0": 4094919.992174365,
  "DE-1-201728104-0": 9968138.331647253,
  "DE-1-201728195-0": 3917927.9299659445,
  "DE-1-201728294-0": 4449172.395046072,
  "DE-1-201821347": 5312444.6508012805,
  "DE-1-201821529": 9679791.65227448,
  "DE-1-201828011-0": 4648389.069451121,
  "DE-1-201828060-0": 6215560.2414374985,
  "DE-1-201828169-0": 26827845.486546468,
  "DE-1-201918648-0": 3984333.4881009604,
  "DE-1-201922020": 9296778.138902241,
  "DE-1-201922038": 10624889.301602561,
  "DE-1-201926096-0": 1354673.3859543265,
  "DE-1-201926161-0": 2324199.847170211,
  "DE-1-201926187-0": 3323772.167219865,
  "DE-1-201931633-0": 70389.89162311697,
  "DE-1-201933290-0": 169998.22882564098,
  "DE-1-201975101-0": 931005.9250529244,
  "DE-1-201976968-0": 1593733.3952403842,
  "DE-1-202006005-5197": 3474238.396420137,
  "DE-1-202006005-5209": 2656222.3254006403,
  "DE-1-202010098-0": 3253872.348615784,
  "DE-1-202022127": 13281111.627003202,
  "DE-1-202022135": 7968666.976201921,
  "DE-1-202026029-0": 796866.6976201921,
  "DE-1-202026128-0": 2584508.306948311,
  "DE-1-202026201-0": 3999473.955355744,
  "DE-1-202028207-0": 8992707.088202003,
  "DE-1-202028280-0": 4417890.064719829,
  "DE-1-202028348-0": 3020374.468879116,
  "DE-1-202031383-0": 254997.34323846147,
  "DE-1-202074482-0": 3187466.7904807683,
  "DE-1-202076925-0": 1421078.9440893426,
  "DE-1-202122463": 13281111.627003202,
  "DE-1-202128247-0": 4714794.627586137,
  "DE-1-202128262-0": 2324194.5347255603,
  "DE-1-202128429-0": 28119407.030049276,
  "DE-1-202174159-0": 1296236.4947955124,
  "DE-1-202176741-0": 883193.9231957129
}