{
  "GB-CHC-290836-IMP061": 536424.7258386489,
  "GB-CHC-290836-P193": 749951.4584160676,
  "GB-CHC-290836-P197": 867100.2970628008
}