{
  "AU-5-INI504-CU": 46949.54472496317,
  "AU-5-INJ115-CU": 869714.9986544253,
  "AU-5-INJ116-CU": 23528.12697555436,
  "AU-5-INJ117-CU": 270670.1930139411,
  "AU-5-INJ963-CU": 208612.64365745502,
  "AU-5-INK680-CU": 59517.35993513157,
  "AU-5-INL021-CU": 7794.46105601488,
  "AU-5-INL062-CU": 32406.577684556305,
  "AU-5-INM061-CU": 71752.10789517904,
  "AU-5-INM256-CU": 930.2035384774625,
  "AU-5-INM339-CU": 107859.35806204061,
  "AU-5-O16770-CU": 75772.75464595735,
  "AU-5-O16771-CU": 76320.03944626544
}