{
  "KE-NCB-2180511403539790-JISRAETHIOPIA_F2A": 325192.0025206615,
  "KE-NCB-2180511403539790-JISRA_INDONESIA_F2A": 355982.93171670573,
  "KE-NCB-2180511403539790-JISRA_KENYA_F2A": 221947.296954664,
  "KE-NCB-2180511403539790-JISRA_UGANDA_F2A": 238805.01194281917,
  "KE-NCB-2180511403539790-YW4AF2A": 90071.17094317301
}