{
  "XI-IATI-EC_INTPA-2000/3253/0": 13913008.168695526,
  "XI-IATI-EC_INTPA-2000/3257/0": 7729056.284897365,
  "XI-IATI-EC_INTPA-2000/3258/0": 11023745.239203664,
  "XI-IATI-EC_INTPA-2001/011-756": 1512286.9282266852,
  "XI-IATI-EC_INTPA-2001/011-841": 403473.69300416653,
  "XI-IATI-EC_INTPA-2002/2469/0": 12785921.103379449,
  "XI-IATI-EC_INTPA-2003/019-895": 637329.3828112069,
  "XI-IATI-EC_INTPA-2003/019-913": 669131.5107329044,
  "XI-IATI-EC_INTPA-2003/031-167": 398957.13216259546,
  "XI-IATI-EC_INTPA-2003/5012/0": 451347.3140314521,
  "XI-IATI-EC_INTPA-2003/5013/0": 142251.25377532182,
  "XI-IATI-EC_INTPA-2003/5976/0": 800156.1575393715,
  "XI-IATI-EC_INTPA-2004/062-725": 614073.0998697899,
  "XI-IATI-EC_INTPA-2004/062-759": 730159.9629676158,
  "XI-IATI-EC_INTPA-2004/089-038": 1088653.077590599,
  "XI-IATI-EC_INTPA-2004/094-207": 249390.17000017254,
  "XI-IATI-EC_INTPA-2004/094-556": 396431.05476391164,
  "XI-IATI-EC_INTPA-2004/3252/0": 21958131.288708914,
  "XI-IATI-EC_INTPA-2004/3265/0": 14741629.204822114,
  "XI-IATI-EC_INTPA-2004/5779/0": 16656386.965961415,
  "XI-IATI-EC_INTPA-2004/6069/0": 34932806.12763649,
  "XI-IATI-EC_INTPA-2004/6083/0": 29685665.282748282,
  "XI-IATI-EC_INTPA-2005/088-428": 820783.9859749178,
  "XI-IATI-EC_INTPA-2005/088-683": 372946.62737401243,
  "XI-IATI-EC_INTPA-2005/095-258": 926262.2580513654,
  "XI-IATI-EC_INTPA-2005/099-066": 771103.4301016204,
  "XI-IATI-EC_INTPA-2005/099-772": 852379.0493303083,
  "XI-IATI-EC_INTPA-2005/102-769": 557611.2999397956,
  "XI-IATI-EC_INTPA-2005/103-671": 593616.3109949334,
  "XI-IATI-EC_INTPA-2005/105-827": 347935.21912762715,
  "XI-IATI-EC_INTPA-2005/106-153": 261279.06924397763,
  "XI-IATI-EC_INTPA-2005/109-093": 927050.6948467363,
  "XI-IATI-EC_INTPA-2005/109-260": 279191.3862422107,
  "XI-IATI-EC_INTPA-2005/109-281": 249178.9179718756,
  "XI-IATI-EC_INTPA-2005/109-353": 808400.9013374278,
  "XI-IATI-EC_INTPA-2005/110-046": 35777070.247220024,
  "XI-IATI-EC_INTPA-2005/110-374": 406981.2177356028,
  "XI-IATI-EC_INTPA-2005/110-461": 616913.5370537997,
  "XI-IATI-EC_INTPA-2005/110-744": 752558.5206785199,
  "XI-IATI-EC_INTPA-2005/110-914": 337495.10349114717,
  "XI-IATI-EC_INTPA-2005/113-210": 236455.69967505216,
  "XI-IATI-EC_INTPA-2005/113-217": 257600.66356237602,
  "XI-IATI-EC_INTPA-2005/113-806": 313321.2488301189,
  "XI-IATI-EC_INTPA-2005/115-636": 421521.4824479098,
  "XI-IATI-EC_INTPA-2005/17224/0": 244853.71168908625,
  "XI-IATI-EC_INTPA-2006/115-467": 183790.3134488716,
  "XI-IATI-EC_INTPA-2006/115-599": 290497.01490987145,
  "XI-IATI-EC_INTPA-2006/116-141": 189669.16944603992,
  "XI-IATI-EC_INTPA-2006/116-327": 530758.7042245327,
  "XI-IATI-EC_INTPA-2006/116-360": 232753.13809881953,
  "XI-IATI-EC_INTPA-2006/116-930": 783716.5299572373,
  "XI-IATI-EC_INTPA-2006/119-817": 798743.3942935468,
  "XI-IATI-EC_INTPA-2006/120-244": 2385248.646501122,
  "XI-IATI-EC_INTPA-2006/120-702": 13120570.86717571,
  "XI-IATI-EC_INTPA-2006/125-893": 109557.50664848393,
  "XI-IATI-EC_INTPA-2006/126-013": 82788.65598641666,
  "XI-IATI-EC_INTPA-2006/126-016": 82168.12998636295,
  "XI-IATI-EC_INTPA-2006/126-018": 73951.31698772665,
  "XI-IATI-EC_INTPA-2006/129-726": 368921.8294934198,
  "XI-IATI-EC_INTPA-2006/18029/0": 22322607.88714271,
  "XI-IATI-EC_INTPA-2006/18178/0": 11450362.351158902,
  "XI-IATI-EC_INTPA-2006/18194/0": 7628647.436050164,
  "XI-IATI-EC_INTPA-2006/18237/0": 8698723.223360492,
  "XI-IATI-EC_INTPA-2007/128-076": 378445.2356941086,
  "XI-IATI-EC_INTPA-2007/132-943": 440357.8619527936,
  "XI-IATI-EC_INTPA-2007/135-068": 1001222.3370965674,
  "XI-IATI-EC_INTPA-2007/135-122": 842140.141886818,
  "XI-IATI-EC_INTPA-2007/135-126": 368904.6111171098,
  "XI-IATI-EC_INTPA-2007/139-770": 1370039.7186128555,
  "XI-IATI-EC_INTPA-2007/140-250": 8200412.108813852,
  "XI-IATI-EC_INTPA-2007/145-702": 9246685.92533456,
  "XI-IATI-EC_INTPA-2007/146-573": 21277350.61740341,
  "XI-IATI-EC_INTPA-2007/19460/0": 4830371.63875126,
  "XI-IATI-EC_INTPA-2007/19530/0": 3816821.0023787036,
  "XI-IATI-EC_INTPA-2008/148-024": 1090078.366819395,
  "XI-IATI-EC_INTPA-2008/149-087": 842108.8014344957,
  "XI-IATI-EC_INTPA-2008/149-680": 3674891.0694990233,
  "XI-IATI-EC_INTPA-2008/150-045": 721120.9476635358,
  "XI-IATI-EC_INTPA-2008/150-164": 715605.2247059267,
  "XI-IATI-EC_INTPA-2008/152-438": 3161181.1375837703,
  "XI-IATI-EC_INTPA-2008/152-569": 2372305.687698443,
  "XI-IATI-EC_INTPA-2008/152-738": 1197902.167725759,
  "XI-IATI-EC_INTPA-2008/153-224": 966242.0619166009,
  "XI-IATI-EC_INTPA-2008/162-720": 3862455.709547109,
  "XI-IATI-EC_INTPA-2008/168-221": 1640084.5749042374,
  "XI-IATI-EC_INTPA-2008/19218/0": 10787027.651251268,
  "XI-IATI-EC_INTPA-2008/19646/0": 6734454.432221813,
  "XI-IATI-EC_INTPA-2008/19804/0": 861939.3711312944,
  "XI-IATI-EC_INTPA-2008/20128/0": 7898200.639851766,
  "XI-IATI-EC_INTPA-2008/20141/0": 11827479.126639944,
  "XI-IATI-EC_INTPA-2008/20142/0": 2425227.9493074697,
  "XI-IATI-EC_INTPA-2009/167-381": 790258.0809741202,
  "XI-IATI-EC_INTPA-2009/200-304": 514041.22100021044,
  "XI-IATI-EC_INTPA-2009/200-439": 784805.0172061234,
  "XI-IATI-EC_INTPA-2009/20127/0": 26134400.924666252,
  "XI-IATI-EC_INTPA-2009/202-864": 2087581.687828625,
  "XI-IATI-EC_INTPA-2009/202-893": 1914016.340632363,
  "XI-IATI-EC_INTPA-2009/202-901": 778521.5925989766,
  "XI-IATI-EC_INTPA-2009/202-994": 2437849.5175322792,
  "XI-IATI-EC_INTPA-2009/21756/0": 1251266.0329809207,
  "XI-IATI-EC_INTPA-2009/219-005": 974799.829168587,
  "XI-IATI-EC_INTPA-2009/220-849": 537908.0598163035,
  "XI-IATI-EC_INTPA-2009/221-803": 731383.2761533007,
  "XI-IATI-EC_INTPA-2009/222-392": 798575.3917077418,
  "XI-IATI-EC_INTPA-2009/222-490": 636191.7159215064,
  "XI-IATI-EC_INTPA-2009/222-983": 709292.9519134008,
  "XI-IATI-EC_INTPA-2009/223-201": 778356.973319021,
  "XI-IATI-EC_INTPA-2010/21123/0": 11592551.123859266,
  "XI-IATI-EC_INTPA-2010/21520/0": 5444099.146291766,
  "XI-IATI-EC_INTPA-2010/21677/0": 8146957.406887738,
  "XI-IATI-EC_INTPA-2010/21975/0": 6975952.548746259,
  "XI-IATI-EC_INTPA-2010/222-185": 9296622.140728204,
  "XI-IATI-EC_INTPA-2010/22627/0": 1580874.3544704586,
  "XI-IATI-EC_INTPA-2010/229-653": 2021129.2830275223,
  "XI-IATI-EC_INTPA-2010/240-213": 10202720.369072486,
  "XI-IATI-EC_INTPA-2010/253-133": 782558.1256491819,
  "XI-IATI-EC_INTPA-2010/255-344": 1172316.4563016978,
  "XI-IATI-EC_INTPA-2011/230-238": 2315784.4592360887,
  "XI-IATI-EC_INTPA-2011/23043/0": 6163199.307434222,
  "XI-IATI-EC_INTPA-2011/23093/0": 31014433.95563255,
  "XI-IATI-EC_INTPA-2011/23458/0": 4956998.576138284,
  "XI-IATI-EC_INTPA-2011/240-116": 1178781.1631771822,
  "XI-IATI-EC_INTPA-2011/240-124": 880541.7723497283,
  "XI-IATI-EC_INTPA-2011/240-165": 382354.7697155956,
  "XI-IATI-EC_INTPA-2011/262-880": 2083237.407039683,
  "XI-IATI-EC_INTPA-2011/262-965": 1496232.5722306233,
  "XI-IATI-EC_INTPA-2011/263-057": 1047289.1915008989,
  "XI-IATI-EC_INTPA-2011/263-084": 1784772.1163064344,
  "XI-IATI-EC_INTPA-2011/263-220": 1232807.5542212387,
  "XI-IATI-EC_INTPA-2011/264-469": 700449.8890755399,
  "XI-IATI-EC_INTPA-2012/283-013": 1291404.8025856311,
  "XI-IATI-EC_INTPA-2012/283-014": 1303077.789655878,
  "XI-IATI-EC_INTPA-2012/283-260": 813238.840135584,
  "XI-IATI-EC_INTPA-2012/283-263": 495470.0422342804,
  "XI-IATI-EC_INTPA-2012/290-016": 6787682.417265907,
  "XI-IATI-EC_INTPA-2012/291-595": 2234338.3437379985,
  "XI-IATI-EC_INTPA-2012/292-487": 5278875.95712726,
  "XI-IATI-EC_INTPA-2012/294-804": 15674537.720389225,
  "XI-IATI-EC_INTPA-2012/297-072": 978933.3976719183,
  "XI-IATI-EC_INTPA-2012/298-416": 1157154.5784751284,
  "XI-IATI-EC_INTPA-2012/299-301": 712152.9475211462,
  "XI-IATI-EC_INTPA-2012/299-421": 530206.0741278316,
  "XI-IATI-EC_INTPA-2012/299-481": 972811.8181066489,
  "XI-IATI-EC_INTPA-2012/299-491": 573189.5627001268,
  "XI-IATI-EC_INTPA-2012/299-495": 1180892.8795716062,
  "XI-IATI-EC_INTPA-2012/299-560": 1216853.7226241778,
  "XI-IATI-EC_INTPA-2012/299-562": 1169007.7929018883,