{
  "XI-IATI-EC_INTPA-1992/10785/0": -3808067.5652919672,
  "XI-IATI-EC_INTPA-1992/174-474": 3749002.4299604576,
  "XI-IATI-EC_INTPA-1993/7649/0": -1513403.7001252733,
  "XI-IATI-EC_INTPA-1995/178-808": 878939.6414456805,
  "XI-IATI-EC_INTPA-1998/14134/0": 24661822.690222323,
  "XI-IATI-EC_INTPA-1999/14560/0": 1983682.575791465,
  "XI-IATI-EC_INTPA-1999/14590/0": 5483924.724734446,
  "XI-IATI-EC_INTPA-2000/14841/0": 654649.0103379671,
  "XI-IATI-EC_INTPA-2000/15039/0": 772165.5197379133,
  "XI-IATI-EC_INTPA-2000/15080/0": 1843151.4857497246,
  "XI-IATI-EC_INTPA-2000/15189/0": 2675025.8617020096,
  "XI-IATI-EC_INTPA-2001/183-451": 130443.25157383694,
  "XI-IATI-EC_INTPA-2002/15902/0": 36592939.07166374,
  "XI-IATI-EC_INTPA-2002/16041/0": 1790294.2235368653,
  "XI-IATI-EC_INTPA-2002/183-990": 1478102.1035031055,
  "XI-IATI-EC_INTPA-2003/176-503": 27258.939698198476,
  "XI-IATI-EC_INTPA-2003/176-504": 27342.201985180924,
  "XI-IATI-EC_INTPA-2003/176-505": 18078.146103152645,
  "XI-IATI-EC_INTPA-2003/176-506": 13165.75923283502,
  "XI-IATI-EC_INTPA-2003/176-507": 1828474.1955306367,
  "XI-IATI-EC_INTPA-2003/176-508": 577778.158843354,
  "XI-IATI-EC_INTPA-2003/176-509": 1886542.412307391,
  "XI-IATI-EC_INTPA-2003/176-510": 2127598.0930740023,
  "XI-IATI-EC_INTPA-2003/176-511": 1958284.3719261375,
  "XI-IATI-EC_INTPA-2003/176-512": 894.4127919461137,
  "XI-IATI-EC_INTPA-2003/176-513": 44158.65952176225,
  "XI-IATI-EC_INTPA-2003/176-514": 43868.11479532042,
  "XI-IATI-EC_INTPA-2003/176-515": 39402.4206280366,
  "XI-IATI-EC_INTPA-2003/176-516": 57269.05733268686,
  "XI-IATI-EC_INTPA-2003/176-517": 30567.019488403766,
  "XI-IATI-EC_INTPA-2003/176-518": 40737.30309998099,
  "XI-IATI-EC_INTPA-2003/176-519": 43720.02445940417,
  "XI-IATI-EC_INTPA-2003/176-520": 48941.78657162256,
  "XI-IATI-EC_INTPA-2003/176-521": 38319.62929679563,
  "XI-IATI-EC_INTPA-2003/176-522": 39688.67968767095,
  "XI-IATI-EC_INTPA-2003/176-523": 44450.96548113867,
  "XI-IATI-EC_INTPA-2003/176-524": 42138.217130031146,
  "XI-IATI-EC_INTPA-2003/176-525": 44214.57866743529,
  "XI-IATI-EC_INTPA-2003/176-526": 44680.87976380746,
  "XI-IATI-EC_INTPA-2003/176-527": 50012.8363499663,
  "XI-IATI-EC_INTPA-2003/176-528": 33557.00593368211,
  "XI-IATI-EC_INTPA-2003/176-530": 40449.79650035131,
  "XI-IATI-EC_INTPA-2003/176-531": 50101.74925928054,
  "XI-IATI-EC_INTPA-2003/176-532": 42008.839894044846,
  "XI-IATI-EC_INTPA-2003/176-533": 628249.8257266615,
  "XI-IATI-EC_INTPA-2003/176-534": 3380433.279252807,
  "XI-IATI-EC_INTPA-2003/176-535": 2653377.9776802333,
  "XI-IATI-EC_INTPA-2003/176-536": 287449.1247282435,
  "XI-IATI-EC_INTPA-2003/183-340": 60707.717868050415,
  "XI-IATI-EC_INTPA-2003/183-992": 318153.75521660276,
  "XI-IATI-EC_INTPA-2003/183-993": 25453.661263309008,
  "XI-IATI-EC_INTPA-2003/183-994": 112102.98997919487,
  "XI-IATI-EC_INTPA-2003/183-995": 361739.83791133185,
  "XI-IATI-EC_INTPA-2003/183-996": 82491.76225050745,
  "XI-IATI-EC_INTPA-2003/185-636": 371669.0234111057,
  "XI-IATI-EC_INTPA-2003/197-956": 881412.9652148031,
  "XI-IATI-EC_INTPA-2004/066-128": 938048.648349315,
  "XI-IATI-EC_INTPA-2004/16964/0": 2893672.2319091177,
  "XI-IATI-EC_INTPA-2004/17394/0": 1082843.9163608246,
  "XI-IATI-EC_INTPA-2004/176-537": 140515.69869589803,
  "XI-IATI-EC_INTPA-2004/176-538": 47929.06295729578,
  "XI-IATI-EC_INTPA-2004/176-539": 44115.83220756963,
  "XI-IATI-EC_INTPA-2004/176-540": 44598.95307846707,
  "XI-IATI-EC_INTPA-2004/176-541": 47668.91417591664,
  "XI-IATI-EC_INTPA-2004/176-542": 43229.60914876933,
  "XI-IATI-EC_INTPA-2004/176-543": 43184.40417011501,
  "XI-IATI-EC_INTPA-2004/176-544": 46611.82216857948,
  "XI-IATI-EC_INTPA-2004/176-545": 39207.34940359033,
  "XI-IATI-EC_INTPA-2004/176-546": 43247.177447291804,
  "XI-IATI-EC_INTPA-2004/176-547": 49541.54509361281,
  "XI-IATI-EC_INTPA-2004/183-341": 103580.10494686279,
  "XI-IATI-EC_INTPA-2004/183-997": 506056.1011567682,
  "XI-IATI-EC_INTPA-2004/183-998": 317979.7454026659,
  "XI-IATI-EC_INTPA-2004/183-999": 1111903.6310331693,
  "XI-IATI-EC_INTPA-2004/185-638": 530694.8489861207,
  "XI-IATI-EC_INTPA-2004/187-874": 20206.62545847935,
  "XI-IATI-EC_INTPA-2004/187-875": 2249336.832469128,
  "XI-IATI-EC_INTPA-2004/187-876": 60518.458712288266,
  "XI-IATI-EC_INTPA-2004/187-877": 83657.08202167478,
  "XI-IATI-EC_INTPA-2004/187-878": 638859.1113241249,
  "XI-IATI-EC_INTPA-2004/188-601": 726674.2147963528,
  "XI-IATI-EC_INTPA-2004/188-602": 94960.9538577146,
  "XI-IATI-EC_INTPA-2004/188-603": 150454.93790034013,
  "XI-IATI-EC_INTPA-2004/197-957": 1309906.5906489785,
  "XI-IATI-EC_INTPA-2004/197-958": 95076.40267657657,
  "XI-IATI-EC_INTPA-2005/081-621": 2487264.847990355,
  "XI-IATI-EC_INTPA-2005/111-838": 1420941.5636164173,
  "XI-IATI-EC_INTPA-2005/113-681": 933253.9694276347,
  "XI-IATI-EC_INTPA-2005/176-548": 109279.36666152907,
  "XI-IATI-EC_INTPA-2005/176-549": 62313.02109989778,
  "XI-IATI-EC_INTPA-2005/176-550": 22881.938286112065,
  "XI-IATI-EC_INTPA-2005/176-551": 79117.38671725622,
  "XI-IATI-EC_INTPA-2005/176-552": 6504477.026086754,
  "XI-IATI-EC_INTPA-2005/17766/0": 5633398.436043294,
  "XI-IATI-EC_INTPA-2005/17767/0": 5373737.191181932,
  "XI-IATI-EC_INTPA-2005/184-000": 504283.4202081096,
  "XI-IATI-EC_INTPA-2005/184-001": 156405.71835500607,
  "XI-IATI-EC_INTPA-2005/184-002": 48849.307165615784,
  "XI-IATI-EC_INTPA-2005/184-003": 81231.01300816792,
  "XI-IATI-EC_INTPA-2005/184-004": 26764.60564428418,
  "XI-IATI-EC_INTPA-2005/184-005": 72452.07406102962,
  "XI-IATI-EC_INTPA-2005/184-006": 184012.20801896238,
  "XI-IATI-EC_INTPA-2005/185-639": 698109.4223522461,
  "XI-IATI-EC_INTPA-2005/185-640": 86530.0051845678,
  "XI-IATI-EC_INTPA-2005/187-879": 17115123.220022887,
  "XI-IATI-EC_INTPA-2005/187-880": 902039.2769699402,
  "XI-IATI-EC_INTPA-2005/187-881": 311612.41605826555,
  "XI-IATI-EC_INTPA-2005/187-882": 189365.31407727738,
  "XI-IATI-EC_INTPA-2005/187-883": 7741073.850085872,
  "XI-IATI-EC_INTPA-2005/187-884": 5621352.43312645,
  "XI-IATI-EC_INTPA-2005/188-604": 1765369.703823558,
  "XI-IATI-EC_INTPA-2005/192-638": 76845.51364717213,
  "XI-IATI-EC_INTPA-2005/192-639": 61821.437107449194,
  "XI-IATI-EC_INTPA-2005/192-640": 234729.78705076125,
  "XI-IATI-EC_INTPA-2005/192-641": 81075.9951560423,
  "XI-IATI-EC_INTPA-2005/192-642": 285117.19361509016,
  "XI-IATI-EC_INTPA-2005/193-335": 1775213.412449675,
  "XI-IATI-EC_INTPA-2005/193-336": 64166.016150634576,
  "XI-IATI-EC_INTPA-2005/193-337": 223539.82295476567,
  "XI-IATI-EC_INTPA-2005/194-225": 2691205.357048754,
  "XI-IATI-EC_INTPA-2005/194-255": 1905647.2104419947,
  "XI-IATI-EC_INTPA-2005/197-959": 238883.4680760932,
  "XI-IATI-EC_INTPA-2005/197-960": 853873.4904904818,
  "XI-IATI-EC_INTPA-2005/197-961": 289474.9975881896,
  "XI-IATI-EC_INTPA-2005/197-962": 261818.2247239509,
  "XI-IATI-EC_INTPA-2006/129-914": 1008091.9278667531,
  "XI-IATI-EC_INTPA-2006/176-553": 157021.95493325533,
  "XI-IATI-EC_INTPA-2006/176-554": 15965.605905883926,
  "XI-IATI-EC_INTPA-2006/176-555": 16111.788239454378,
  "XI-IATI-EC_INTPA-2006/176-556": 35243.900161485304,
  "XI-IATI-EC_INTPA-2006/176-557": 35243.900161485304,
  "XI-IATI-EC_INTPA-2006/176-558": 132262.88405714327,
  "XI-IATI-EC_INTPA-2006/17946/0": 31976415.128907662,
  "XI-IATI-EC_INTPA-2006/18486/0": 7756959.943651433,
  "XI-IATI-EC_INTPA-2006/185-641": 531150.2373457185,
  "XI-IATI-EC_INTPA-2006/185-642": 88082.38524699215,
  "XI-IATI-EC_INTPA-2006/18524/0": 6071089.108578917,
  "XI-IATI-EC_INTPA-2006/18571/0": 2547566.8142700978,
  "XI-IATI-EC_INTPA-2006/187-885": 138569.80048812318,
  "XI-IATI-EC_INTPA-2006/187-886": 345591.7873078643,
  "XI-IATI-EC_INTPA-2006/187-887": 1278869.338456921,
  "XI-IATI-EC_INTPA-2006/187-888": 909071.9005841822,
  "XI-IATI-EC_INTPA-2006/18704/0": 18111459.75535769,
  "XI-IATI-EC_INTPA-2006/188-605": 968688.970410845,
  "XI-IATI-EC_INTPA-2006/192-643": 87832.14340087005,
  "XI-IATI-EC_INTPA-2006/192-644": 217618.73395198857,
  "XI-IATI-EC_INTPA-2006/194-226": 1580259.543193176,