{
  "GB-CHC-1065705-GPAFIMP026": {
    "surf-activities.xml": 1191593.743388691
  },
  "GB-CHC-1065705-INN-074": {
    "surf-activities.xml": 381821.2080582508
  },
  "GB-CHC-1065705-SX8C-F3UP-FE": {
    "surf-activities.xml": 349940.08866976685
  }
}