{
  "XI-IATI-EC_INTPA-/18841/0": -82400.80435650225,
  "XI-IATI-EC_INTPA-2004/16602/0": 85968.82637525223,
  "XI-IATI-EC_INTPA-2005/191-986": 113404.32096373543,
  "XI-IATI-EC_INTPA-2007/18803/0": 6311793.519264838,
  "XI-IATI-EC_INTPA-2021/418-005": 1707350.9146093037
}