{
  "BE-BCE_KBO-0419872616-PROG2017-2021_OS1": {
    "tfb_admin1-activities.xml": 1915516.9766134366
  },
  "BE-BCE_KBO-0419872616-PROG2017-2021_OS2": {
    "tfb_admin1-activities.xml": 1379249.5674145364
  }
}