{
  "US-18-ARM-2750BXCOMD-IRAGINFR-0039": 239726670.04,
  "US-18-ARM-2750BXCOMD-IRAGINFR-0116": 3285998.4000000004,
  "US-18-ARM-2750BXCOMD-IRRIG AGRI-0090": 9959576.64,
  "US-18-ARM-2750BXCOMD-IRRIG AGRI-0117": 54459800.02,
  "US-18-ARM-2750BXCOMD-MON & EVAL-0016": 4743530.3,
  "US-18-ARM-2750BXCOMD-NA-NA": 2.533197401839777e-09,
  "US-18-ARM-2750BXCOMD-PGM ADMIN-0017": 11983743.14,
  "US-18-ARM-2750BXCOMD-PGM ADMIN-0031": 1165771.24,
  "US-18-ARM-2750BXCOMD-PGM ADMIN-0131": 10893332.0,
  "US-18-ARM-2750BXCOMD-RURAL ROAD-0113": 15132891.34,
  "US-18-ARM-2750BXCOMD-RURAL ROAD-0114": 610000.0,
  "US-18-ARM-2750BXCOMD-RURAL ROAD-0116": 1139165.2,
  "US-18-ARM-2750BXDILD-AGRI-EIF": 21988.18,
  "US-18-ARM-2750BXDILD-AGRI-NA": 14695.62,
  "US-18-ARM-2750BXDILD-BSLNE DATA-NA": 122766.08,
  "US-18-ARM-2750BXDILD-ECON ANLS-NA": 66223.28,
  "US-18-ARM-2750BXDILD-ENVML ASMT-EIF": 26985.620000000003,
  "US-18-ARM-2750BXDILD-INFRSTRE-EIF": 2978842.28,
  "US-18-ARM-2750BXDILD-INFRSTRE-NA": 1555285.08,
  "US-18-ARM-2750BXDILD-LEGAL REG-EIF": 102796.28000000001,
  "US-18-ARM-2750BXDILD-LEGAL REG-NA": 826106.26,
  "US-18-ARM-2750BXDILD-MON & EVAL-0016": 1356242.0,
  "US-18-ARM-2750BXDILD-MON & EVAL-EIF": 1771706.32,
  "US-18-ARM-2750BXDILD-MON & EVAL-NA": 1681658.76,
  "US-18-ARM-2750BXDILD-MON & EVAL-SIGN": 428756.0,
  "US-18-ARM-2750BXDILD-NA-NA": 192000.0,
  "US-18-ARM-2750BXDILD-PGM DEVEL-NA": 257468.76
}