{
  "FR-6-CM-1787": 59765.00232151441,
  "FR-6-CM-1788": 53124.44650801281,
  "FR-6-CM-1789": 53124.44650801281,
  "FR-6-CM-1792": 53124.44650801281,
  "FR-6-CM-1795": 53124.44650801281,
  "FR-6-CM-1797": 53121.790285687406,
  "FR-6-CM-1798": 53124.44650801281,
  "FR-6-CM-1799": 132808.4600477066,
  "FR-6-CM-1800": 544525.5767071312,
  "FR-6-CM-1802": 132811.116270032,
  "FR-6-CM-1831": 1062488.930160256,
  "FR-6-CM-1832": 531244.465080128
}