{
  "FR-6-CM-1787": 59782.53529411744,
  "FR-6-CM-1788": 53140.03137254884,
  "FR-6-CM-1789": 53140.03137254884,
  "FR-6-CM-1792": 53140.03137254884,
  "FR-6-CM-1795": 53140.03137254884,
  "FR-6-CM-1797": 53137.37437098021,
  "FR-6-CM-1798": 53140.03137254884,
  "FR-6-CM-1799": 132847.42142980348,
  "FR-6-CM-1800": 544685.3215686255,
  "FR-6-CM-1802": 132850.0784313721,
  "FR-6-CM-1831": 1062800.6274509768,
  "FR-6-CM-1832": 531400.3137254884
}