{
  "XI-IATI-EC_INTPA-1994/6335/0": 207554.5209488729,
  "XI-IATI-EC_INTPA-1999/14421/0": 1274207.8895841734,
  "XI-IATI-EC_INTPA-1999/14470/0": 1154774.180916162,
  "XI-IATI-EC_INTPA-2001/182-898": 440559.2806687445,
  "XI-IATI-EC_INTPA-2001/199-011": 721292.8556263789,
  "XI-IATI-EC_INTPA-2002/15916/0": 4871204.056532934,
  "XI-IATI-EC_INTPA-2002/16037/0": 2727394.4940877627,
  "XI-IATI-EC_INTPA-2002/16111/0": 1863571.1688337778,
  "XI-IATI-EC_INTPA-2002/182-899": 442215.90065039066,
  "XI-IATI-EC_INTPA-2002/182-900": 405624.26560935174,
  "XI-IATI-EC_INTPA-2002/4222/0": 948940.0142449553,
  "XI-IATI-EC_INTPA-2003/021-149": 734701.7879893648,
  "XI-IATI-EC_INTPA-2003/059-979": 524497.1469128525,
  "XI-IATI-EC_INTPA-2003/077-843": 5594703.21835836,
  "XI-IATI-EC_INTPA-2003/16134/0": 81634.15474171951,
  "XI-IATI-EC_INTPA-2003/16230/0": 4953529.795463073,
  "XI-IATI-EC_INTPA-2003/16291/1": 14663520.817465076,
  "XI-IATI-EC_INTPA-2003/16291/2": 9589400.997213904,
  "XI-IATI-EC_INTPA-2003/16297/0": 13030112.982176246,
  "XI-IATI-EC_INTPA-2003/16307/0": 793254.2613274837,
  "XI-IATI-EC_INTPA-2003/16392/0": 179710.54513301665,
  "XI-IATI-EC_INTPA-2003/16479/0": 45467.84044716794,
  "XI-IATI-EC_INTPA-2003/181-945": 501121.6930874186,
  "XI-IATI-EC_INTPA-2003/181-946": 107793.32637297403,
  "XI-IATI-EC_INTPA-2003/181-947": 55683.30190615213,
  "XI-IATI-EC_INTPA-2003/182-901": 326531.1984108819,
  "XI-IATI-EC_INTPA-2003/182-902": 1144990.8134046101,
  "XI-IATI-EC_INTPA-2003/187-919": 88013.08073101629,
  "XI-IATI-EC_INTPA-2003/188-998": 2462046.922170785,
  "XI-IATI-EC_INTPA-2003/189-046": 108731.76998828474,
  "XI-IATI-EC_INTPA-2003/189-208": 2935388.224306248,
  "XI-IATI-EC_INTPA-2003/189-209": 4279266.354910375,
  "XI-IATI-EC_INTPA-2003/189-698": 499392.050717478,
  "XI-IATI-EC_INTPA-2003/195-737": 104617.66194556719,
  "XI-IATI-EC_INTPA-2003/195-738": 313851.88506611745,
  "XI-IATI-EC_INTPA-2003/5754/0": 16314115.26459304,
  "XI-IATI-EC_INTPA-2003/5984/0": 12295654.96621293,
  "XI-IATI-EC_INTPA-2004/062-995": 877929.0768035769,
  "XI-IATI-EC_INTPA-2004/096-429": 1889471.3734168713,
  "XI-IATI-EC_INTPA-2004/16619/0": 1944271.834903626,
  "XI-IATI-EC_INTPA-2004/182-903": 502495.7417687494,
  "XI-IATI-EC_INTPA-2004/182-904": 185651.87185023652,
  "XI-IATI-EC_INTPA-2004/187-921": 530891.408213686,
  "XI-IATI-EC_INTPA-2004/189-601": 39749.794470501,
  "XI-IATI-EC_INTPA-2004/189-602": 92346.06599667923,
  "XI-IATI-EC_INTPA-2004/189-603": 41711.22088198244,
  "XI-IATI-EC_INTPA-2004/189-604": 189426.03258269714,
  "XI-IATI-EC_INTPA-2004/189-605": 203761.85223868175,
  "XI-IATI-EC_INTPA-2004/189-699": 132824.45317833527,
  "XI-IATI-EC_INTPA-2004/189-700": 66224.89745116298,
  "XI-IATI-EC_INTPA-2004/189-701": 86851.53293371719,
  "XI-IATI-EC_INTPA-2004/190-269": 237490.3875832512,
  "XI-IATI-EC_INTPA-2004/190-934": 70538.55318536886,
  "XI-IATI-EC_INTPA-2004/192-208": 289067.5657026559,
  "XI-IATI-EC_INTPA-2004/192-209": 226543.81120187393,
  "XI-IATI-EC_INTPA-2004/192-210": 551100.660844626,
  "XI-IATI-EC_INTPA-2005/104-692": 2372124.5301838187,
  "XI-IATI-EC_INTPA-2005/105-173": 234732.49839671137,
  "XI-IATI-EC_INTPA-2005/106-738": 1396349.524504325,
  "XI-IATI-EC_INTPA-2005/16839/0": 11828997.947629476,
  "XI-IATI-EC_INTPA-2005/17550/0": 23044184.70199106,
  "XI-IATI-EC_INTPA-2005/182-905": 2087691.7282378748,
  "XI-IATI-EC_INTPA-2005/182-906": 51844.28377087545,
  "XI-IATI-EC_INTPA-2005/187-922": 979338.6860825721,
  "XI-IATI-EC_INTPA-2005/187-923": 832132.6306371258,
  "XI-IATI-EC_INTPA-2005/187-924": 473176.50944055035,
  "XI-IATI-EC_INTPA-2005/187-925": 217670.83709297,
  "XI-IATI-EC_INTPA-2005/187-926": 653976.881417263,
  "XI-IATI-EC_INTPA-2005/187-927": 629902.1264042413,
  "XI-IATI-EC_INTPA-2005/187-928": 148158.77449269991,
  "XI-IATI-EC_INTPA-2005/187-929": 486477.2818547623,
  "XI-IATI-EC_INTPA-2005/187-930": 442002.9506833581,
  "XI-IATI-EC_INTPA-2005/187-931": 21013.416911929922,
  "XI-IATI-EC_INTPA-2005/188-583": 1467694.112153124,
  "XI-IATI-EC_INTPA-2005/189-606": 114750.06437210976,
  "XI-IATI-EC_INTPA-2005/189-608": 258238.4307227627,
  "XI-IATI-EC_INTPA-2005/189-609": 3568.859680052658,
  "XI-IATI-EC_INTPA-2005/189-610": 6541.2191190440435,
  "XI-IATI-EC_INTPA-2005/189-656": 1439753.868848064,
  "XI-IATI-EC_INTPA-2005/189-702": 3677.0287361183427,
  "XI-IATI-EC_INTPA-2005/189-875": 18493308.480344474,
  "XI-IATI-EC_INTPA-2005/192-211": 207959.78029214437,
  "XI-IATI-EC_INTPA-2005/192-212": 187665.23995634704,
  "XI-IATI-EC_INTPA-2005/199-017": 9755.131655013589,
  "XI-IATI-EC_INTPA-2006/113-488": 10039158.26678455,
  "XI-IATI-EC_INTPA-2006/117-028": 25926136.331584133,
  "XI-IATI-EC_INTPA-2006/117-501": 203446.12608547838,
  "XI-IATI-EC_INTPA-2006/129-622": 13886136.397889122,
  "XI-IATI-EC_INTPA-2006/182-907": 681478.9816309413,
  "XI-IATI-EC_INTPA-2006/18369/0": 7212828.050012711,
  "XI-IATI-EC_INTPA-2006/187-932": 1335778.148373907,
  "XI-IATI-EC_INTPA-2006/187-933": 83151.44672309692,
  "XI-IATI-EC_INTPA-2006/189-611": 206929.45902541286,
  "XI-IATI-EC_INTPA-2006/189-612": 2684116.1449790555,
  "XI-IATI-EC_INTPA-2006/189-613": 99299.82457676726,
  "XI-IATI-EC_INTPA-2006/189-614": 147177.85580978348,
  "XI-IATI-EC_INTPA-2006/189-615": 3457.0947734121974,
  "XI-IATI-EC_INTPA-2006/189-616": 42316.4319661248,
  "XI-IATI-EC_INTPA-2006/189-619": 1998104.997314491,
  "XI-IATI-EC_INTPA-2006/189-621": 9540011.728995306,
  "XI-IATI-EC_INTPA-2006/189-622": 534575.2790002099,
  "XI-IATI-EC_INTPA-2006/189-623": 5136928.658688878,
  "XI-IATI-EC_INTPA-2006/189-625": 217699.3984203925,
  "XI-IATI-EC_INTPA-2006/189-627": 1153475.4796822616,
  "XI-IATI-EC_INTPA-2006/189-629": 801406.4837530825,
  "XI-IATI-EC_INTPA-2006/189-657": 22477.236311626963,
  "XI-IATI-EC_INTPA-2006/189-658": 292261.8111375226,
  "XI-IATI-EC_INTPA-2006/189-659": 5869110.8359493185,
  "XI-IATI-EC_INTPA-2006/189-660": 148747.9215862593,
  "XI-IATI-EC_INTPA-2006/189-661": 2078922.0765522085,
  "XI-IATI-EC_INTPA-2006/189-662": 191880.14923068724,
  "XI-IATI-EC_INTPA-2006/189-663": 665677.7897257745,
  "XI-IATI-EC_INTPA-2006/189-664": 328387.5771870486,
  "XI-IATI-EC_INTPA-2006/189-703": 253617.54258005982,
  "XI-IATI-EC_INTPA-2006/192-213": 82189.549355874,
  "XI-IATI-EC_INTPA-2006/192-214": 210883.67647155246,
  "XI-IATI-EC_INTPA-2006/193-981": 1415182.1156228657,
  "XI-IATI-EC_INTPA-2007/147-041": 4562624.246863496,
  "XI-IATI-EC_INTPA-2007/187-935": 26349.864642071952,
  "XI-IATI-EC_INTPA-2007/189-630": 4887.0104391185,
  "XI-IATI-EC_INTPA-2007/189-877": 1384810.8424981995,
  "XI-IATI-EC_INTPA-2007/189-878": 3674110.607976795,
  "XI-IATI-EC_INTPA-2007/189-879": 176715.37594015858,
  "XI-IATI-EC_INTPA-2007/19356/2": 13542276.343871439,
  "XI-IATI-EC_INTPA-2007/195-185": 38676.675243459125,
  "XI-IATI-EC_INTPA-2007/19577/0": 1944332.039695676,
  "XI-IATI-EC_INTPA-2007/20776/1": 1396540.9571494106,
  "XI-IATI-EC_INTPA-2007/20780/2": 619958.1458817645,
  "XI-IATI-EC_INTPA-2007/20834/1": 9038364.291741723,
  "XI-IATI-EC_INTPA-2007/20834/3": 1174923.8005577903,
  "XI-IATI-EC_INTPA-2007/20897/1": 10955750.664848393,
  "XI-IATI-EC_INTPA-2008/149-627": 1314907.5220225079,
  "XI-IATI-EC_INTPA-2008/154-312": 407259.70394461515,
  "XI-IATI-EC_INTPA-2008/161-321": 1115454.6368397058,
  "XI-IATI-EC_INTPA-2008/168-416": 1906620.4440621343,
  "XI-IATI-EC_INTPA-2008/171-581": 1345117.144477392,
  "XI-IATI-EC_INTPA-2008/187-937": 72791.75718634634,
  "XI-IATI-EC_INTPA-2008/189-665": 5813.829917060954,
  "XI-IATI-EC_INTPA-2008/189-881": 22528.81108272802,
  "XI-IATI-EC_INTPA-2008/192-221": 5850.228731042352,
  "XI-IATI-EC_INTPA-2008/195-603": 705924.8607891621,
  "XI-IATI-EC_INTPA-2008/196-364": 325540.6730767069,
  "XI-IATI-EC_INTPA-2008/197-167": 1360166.2561253607,
  "XI-IATI-EC_INTPA-2008/197-615": 513559.54690372484,
  "XI-IATI-EC_INTPA-2008/197-658": 357886.378560264,
  "XI-IATI-EC_INTPA-2008/199-237": 20233.631030142966,
  "XI-IATI-EC_INTPA-2008/199-238": 38332.512259925614,