{
  "XM-DAC-6-4-001551-04-5": -604966.6235706701,
  "XM-DAC-6-4-001551-11-5": 1015272.9985368337,
  "XM-DAC-6-4-005627-01-6": 3680806.824484889,
  "XM-DAC-6-4-005699-03-5": 1964599.139739153,
  "XM-DAC-6-4-008421-02-2": 2354597.7476835954,
  "XM-DAC-6-4-008421-03-3": 55296476.93069415,
  "XM-DAC-6-4-009552-01-2": 4240858.522407233,
  "XM-DAC-6-4-009552-02-3": 130229.4519555481,
  "XM-DAC-6-4-011983-01-6": 106248.89301602561,
  "XM-DAC-6-4-012313-02-3": 240062.73321389637
}