{
  "XM-DAC-6-4-001551-04-5": 16754.826408482662,
  "XM-DAC-6-4-001551-11-5": 511450.7657160688,
  "XM-DAC-6-4-001551-12-6": 473233.1092354608,
  "XM-DAC-6-4-003993-01-0": 698064.1279061909,
  "XM-DAC-6-4-005627-01-6": 1845539.7716274846,
  "XM-DAC-6-4-005699-01-3": 109551.90955885522,
  "XM-DAC-6-4-005699-03-5": 988964.438243656,
  "XM-DAC-6-4-006288-01-5": 240441.34977503185,
  "XM-DAC-6-4-006541-01-0": 326661.2695167352,
  "XM-DAC-6-4-006958-03-3": 128494.30866926064,
  "XM-DAC-6-4-007824-01-4": 692391.4824884488,
  "XM-DAC-6-4-007839-02-0": 3869312.144984358,
  "XM-DAC-6-4-008421-02-2": 1177209.460484973,
  "XM-DAC-6-4-008421-03-3": 55337389.6788275,
  "XM-DAC-6-4-008872-01-0": 887121.479723401,
  "XM-DAC-6-4-008875-01-6": 3577471.916347364,
  "XM-DAC-6-4-009552-01-2": 4241127.610781189,
  "XM-DAC-6-4-009552-02-3": 130268.40608918392,
  "XM-DAC-6-4-011983-01-6": 106280.06274509768,
  "XM-DAC-6-4-012313-02-3": 240133.15926862662
}