{
  "XI-IATI-EC_FPI-2015/360-817": 4947563.440700041,
  "XI-IATI-EC_FPI-2015/38235/0": 4947563.440700041,
  "XI-IATI-EC_FPI-2018/41704/0": 2921844.5579407043,
  "XI-IATI-EC_FPI-2019/406-004": 2694292.6318794447,
  "XI-IATI-EC_FPI-2020/419-427": 1452842.0506564835,
  "XI-IATI-EC_FPI-2020/42929/0": 1992166.7440504802,
  "XI-IATI-EC_FPI-2022/44506/1": 3320277.9067508006
}