{
  "XM-DAC-6-4-000325-01-0": 99593.04433559235,
  "XM-DAC-6-4-000325-02-1": 71.96788981960799,
  "XM-DAC-6-4-000325-04-3": 29760.788865596132,
  "XM-DAC-6-4-002159-05-4": 6665.146061603511,
  "XM-DAC-6-4-003054-02-6": 206801.8431058664,
  "XM-DAC-6-4-003962-05-5": 1809510.5573652554,
  "XM-DAC-6-4-004601-01-5": 50253.7788299113,
  "XM-DAC-6-4-004876-01-2": 235282.51328224142,
  "XM-DAC-6-4-004876-03-4": 10118.045928569973,
  "XM-DAC-6-4-005690-01-6": 3838.228961584322,
  "XM-DAC-6-4-005895-01-3": 417047.6379402654,
  "XM-DAC-6-4-006473-01-4": 534775.1406431101,
  "XM-DAC-6-4-006763-01-3": 2136814.43623346,
  "XM-DAC-6-4-006831-01-6": 1308365.5818925973,
  "XM-DAC-6-4-006840-01-3": 443972.5645777814,
  "XM-DAC-6-4-006851-01-4": 847348.7614825516,
  "XM-DAC-6-4-007184-01-5": 715183.008783449,
  "XM-DAC-6-4-007656-01-4": 878953.1002390306,
  "XM-DAC-6-4-007692-01-6": 1792885.6219832317,
  "XM-DAC-6-4-007777-01-1": 799723.9443298399,
  "XM-DAC-6-4-008511-02-0": 27141.793161815393,
  "XM-DAC-6-4-008990-01-5": 289592.72441286483,
  "XM-DAC-6-4-009144-01-5": 1057243.022146008,
  "XM-DAC-6-4-009348-03-2": 44635.17073235348,
  "XM-DAC-6-4-010010-01-1": 143446.33353713676,
  "XM-DAC-6-4-010974-01-4": 34181.64764499204
}