{
  "FR-3-CET102601": 1321441.1894396003,
  "FR-3-CET104002": 1992166.7440504802,
  "FR-3-CET104102": 1328105.401731227,
  "FR-3-CET104503": 7183753.279046032,
  "FR-3-CET104504": 4467234.706858797,
  "FR-3-CET104505": 10624889.301602561,
  "FR-3-CET105802": 664055.5813501601,
  "FR-3-CET106102": 1393719.8541377159,
  "FR-3-CET107301": 21669230.70568167,
  "FR-3-CET108302": 225778897.65905443,
  "FR-3-CET108303": 10802576.00579241,
  "FR-3-CET108304": 10246430.718117256,
  "FR-3-CET108305": 5312444.6508012805,
  "FR-3-CET108503": 12617056.045653041,
  "FR-3-CET108601": 23127942.131123923,
  "FR-3-CET110101": 17483736.58686682,
  "FR-3-CET110102": 10624889.301602561,
  "FR-3-CET110501": 9828022.60398237,
  "FR-3-CET110701": 1580452.283613381,
  "FR-3-CET111101": 664055.5813501601,
  "FR-3-CET111301": 3353480.6858183085,
  "FR-3-CET111302": 630852.8022826521,
  "FR-3-CET111501": 7038989.162311696,
  "FR-3-CET112301": 2124977.860320512
}