{
  "FR-6-GN-1262": 17516.28284117641,
  "FR-6-GN-1724": 16367.129662745041,
  "FR-6-GN-1725": 14610.851625882304,
  "FR-6-GN-1726": 9299.505490196047,
  "FR-6-GN-1727": 3715.8166937254773,
  "FR-6-GN-1728": 7173.904235294092,
  "FR-6-GN-1729": 6376.80376470586,
  "FR-6-GN-1730": 24120.260239999916,
  "FR-6-GN-1732": 31296.821476862635,
  "FR-6-GN-1733": 3900.4783027450844,
  "FR-6-GN-1734": 7333.324329411739,
  "FR-6-GN-1735": 4259.173514509789,
  "FR-6-GN-1736": 10442.016164705847,
  "FR-6-GN-1737": 4174.149464313711,
  "FR-6-GN-1738": 14002.398266666618,
  "FR-6-GN-1739": 644192.6873152918,
  "FR-6-GN-1740": 2099.031239215679,
  "FR-6-GN-1741": 5292.747124705864,
  "FR-6-GN-1742": 8106.511785882325,
  "FR-6-GN-1743": 2609.175540392148,
  "FR-6-GN-2025": 53140.03137254884,
  "FR-6-GN-2026": 58454.03450980372,
  "FR-6-GN-2027": 9299.505490196047,
  "FR-6-GN-2028": 29227.01725490186,
  "FR-6-GN-2029": 79710.04705882326,
  "FR-6-GN-2030": 6376.80376470586,
  "FR-6-GN-2031": 1976809.1670588166,
  "FR-6-GN-2032": 1065098.9338078394,
  "FR-6-GN-2033": 981390.0993882319,
  "FR-6-GN-644": 491545.29019607673,
  "FR-6-GN-645": 43731.58881803907,
  "FR-6-GN-647": 23801.420051764624,
  "FR-6-GN-648": 6642.503921568605,
  "FR-6-GN-649": 5314.003137254884,
  "FR-6-GN-650": 3985.502352941163,
  "FR-6-GN-652": 82364.39162588207,
  "FR-6-GN-653": 81221.88095137227,
  "FR-6-GN-654": 18281.499292941113,
  "FR-6-GN-851": 17241.28317882347,
  "FR-6-GN-956": 32521.699199999886,
  "FR-6-GN-957": 53140.03137254884,
  "FR-6-GN-958": 34231.47970941165,
  "FR-6-GN-959": 53140.03137254884,
  "FR-6-GN-960": 10301.195081568592,
  "FR-6-GN-961": 10954.817467450943,
  "FR-6-GN-962": 9371.244532548986,
  "FR-6-GN-963": 41892.943732548876,
  "FR-6-GN-964": 13320.87736431368
}