{
  "XM-DAC-46004-32507-013-LN2379": 622009648.54,
  "XM-DAC-46004-32507-023-LN2577": 605621997.48,
  "XM-DAC-46004-33409-013-LN2416": 157503210.69,
  "XM-DAC-46004-34159-013-LN2184": 300944555.02000004,
  "XM-DAC-46004-35182-043-LN3440": 174532103.5,
  "XM-DAC-46004-35183-013-LN2285": 65668804.199999996,
  "XM-DAC-46004-37049-023-LN2500": 37372641.0,
  "XM-DAC-46004-37049-023-LN2501": 54881618.89,
  "XM-DAC-46004-37475-013-LN2294": 101853412.39,
  "XM-DAC-46004-38117-013-LN2348": 99578480.92999999,
  "XM-DAC-46004-38264-013-LN2478": 712452511.46,
  "XM-DAC-46004-38354-013-LN2927": 114733412.33,
  "XM-DAC-46004-38354-015-LN3872": 102756931.34,
  "XM-DAC-46004-38385-013-LN2575": 168600388.83,
  "XM-DAC-46004-38479-034-LN2817": 340121561.82,
  "XM-DAC-46004-38919-014-LN2214": 350000000.0,
  "XM-DAC-46004-39071-013-LN2654": 67385920.53,
  "XM-DAC-46004-39597-013-LN2221": 104686258.78,
  "XM-DAC-46004-40003-013-LN2361": 833383302.48,
  "XM-DAC-46004-40009-013-LN2264": 48929927.730000004,
  "XM-DAC-46004-40009-023-LN2263": 854657710.1999999,
  "XM-DAC-46004-40009-033-LN2475": 569818912.82,
  "XM-DAC-46004-40009-043-LN2708": 403620899.78,
  "XM-DAC-46004-40058-013-LN2305": 428288100.24,
  "XM-DAC-46004-40061-013-LN2619": 89354840.65,
  "XM-DAC-46004-40247-013-LN2449": 99958784.41,
  "XM-DAC-46004-40272-013-LN2394": 414104932.47,
  "XM-DAC-46004-40273-013-LN2488": 406783150.37,
  "XM-DAC-46004-41074-013-LN3015": 98257919.13,
  "XM-DAC-46004-41913-014-LN2349": 49999995.5,
  "XM-DAC-46004-42099-013-LN2928": 143721393.75,
  "XM-DAC-46004-42109-013-LN2516": 200198959.01999998,
  "XM-DAC-46004-42208-013-LN2786": 402924419.33000004,
  "XM-DAC-46004-42362-013-LN3083": 241344813.15,
  "XM-DAC-46004-42905-014-LN2432": 75000000.0,
  "XM-DAC-46004-42916-014-LN3089": 250000000.0,
  "XM-DAC-46004-43009-013-LN2521": 1001220833.33,
  "XM-DAC-46004-43092-013-LN2595": 403770531.32,
  "XM-DAC-46004-43211-013-LN2723": 402572097.44,
  "XM-DAC-46004-43220-014-LN3529": 843039969.91,
  "XM-DAC-46004-43251-025-LN3123": 116025426.08,
  "XM-DAC-46004-43255-013-LN2768": 196015638.05,
  "XM-DAC-46004-43317-013-LN2563": 1045807503.62,
  "XM-DAC-46004-44252-013-LN2895": 601841516.67,
  "XM-DAC-46004-44906-014-LN2740": 100000000.0,
  "XM-DAC-46004-46093-001-LN2942": 601676766.67,
  "XM-DAC-46004-46093-004-LN3068": 800000000.0,
  "XM-DAC-46004-46094-001-LN3122": 145621903.7,
  "XM-DAC-46004-46239-001-LN2871": 1004541666.67,
  "XM-DAC-46004-46421-001-LN3094": 57247165.97,
  "XM-DAC-46004-48134-001-LN3164": 800000000.0,
  "XM-DAC-46004-48134-006-LN3402": 1000000000.0,
  "XM-DAC-46004-48134-007-LN3670": 1000000000.0,
  "XM-DAC-46004-48207-001-LN3274": 800000000.0,
  "XM-DAC-46004-48207-002-LN3541": 800000000.0,
  "XM-DAC-46004-48207-004-LN3779": 1000000000.0,
  "XM-DAC-46004-49043-001-LN3303": 800000000.0,
  "XM-DAC-46004-49043-002-LN3561": 800000000.0,
  "XM-DAC-46004-49080-001-LN3339": 1131439836.0,
  "XM-DAC-46004-49141-001-LN3455": 249462276.89,
  "XM-DAC-46004-49222-001-LN3489": 475232229.86,
  "XM-DAC-46004-50016-001-LN3560": 1147760000.0,
  "XM-DAC-46004-50156-001-LN3487": 77000000.0,
  "XM-DAC-46004-50168-001-LN3454": 1000000000.0,
  "XM-DAC-46004-50168-002-LN3671": 1000000000.0,
  "XM-DAC-46004-50168-003-LN3842": 1000000000.0,
  "XM-DAC-46004-50182-001-LN3751": 99900000.0,
  "XM-DAC-46004-50297-001-LN3840": 104060577.82,
  "XM-DAC-46004-50330-001-LN3647": 267276860.0,
  "XM-DAC-46004-50395-006-LN3749": 231846128.26,
  "XM-DAC-46004-51112-001-LN3693": 291064000.0,
  "XM-DAC-46004-51114-001-LN4009": 875800000.0,
  "XM-DAC-46004-51209-001-LN3606": 56350000.0,
  "XM-DAC-46004-51209-002-LN3653": 5970000.0,
  "XM-DAC-46004-51209-002-LN3654": 2200000.0,
  "XM-DAC-46004-51209-002-LN3655": 2190000.0,
  "XM-DAC-46004-51209-002-LN3656": 2130000.0,
  "XM-DAC-46004-52218-001-LN4038": 1000000000.0,
  "XM-DAC-46004-52282-001-LN3928": 351803917.84,
  "XM-DAC-46004-52316-001-LN3792": 131963168.82000001,
  "XM-DAC-46004-52316-001-LN3793": 242409801.72,
  "XM-DAC-46004-52324-001-LN3741": 1000000000.0,
  "XM-DAC-46004-52332-001-LN4110": 81248477.0,
  "XM-DAC-46004-53123-001-LN3835": 30000000.0,
  "XM-DAC-46004-53211-001-LN4137": 1000000000.0,
  "XM-DAC-46004-53220-001-LN4164": 600000000.0,
  "XM-DAC-46004-53313-001-LN3887": 5000000.0,
  "XM-DAC-46004-54117-001-LN3971": 1000000000.0,
  "XM-DAC-46004-54139-001-LN3905": 1002360522.5917,
  "XM-DAC-46004-54139-001-LN3906": 2046106827.4433901,
  "XM-DAC-46004-54152-001-LN4172": 150000000.0,
  "XM-DAC-46004-54216-001-LN3950": 15000000.0,
  "XM-DAC-46004-54461-001-LN4144": 1000000000.0
}