{
  "XM-DAC-6-4-009531-05-6": 557806.6883341344,
  "XM-DAC-6-4-010084-03-4": 749475.2421626496,
  "XM-DAC-6-4-011006-01-5": 2656222.3254006403,
  "XM-DAC-6-4-011403-01-1": 6640555.813501601,
  "XM-DAC-6-4-011405-02-6": 6.201171875e-24,
  "XM-DAC-6-4-011660-01-4": 5046822.418261217,
  "XM-DAC-6-4-011805-01-0": 2753352.4071735656,
  "XM-DAC-6-4-011843-01-6": 9237013.136580726,
  "XM-DAC-6-4-012021-01-5": 3187466.7904807683,
  "XM-DAC-6-4-012046-01-6": 2390600.092860576,
  "XM-DAC-6-4-012229-02-6": 8348.506768734213,
  "XM-DAC-6-4-012229-04-0": 92702.15915648235,
  "XM-DAC-6-4-012265-01-0": 2656222.3254006403,
  "XM-DAC-6-4-012267-01-0": 1328111.1627003201,
  "XM-DAC-6-4-012268-01-0": 2656222.3254006403,
  "XM-DAC-6-4-012314-03-2": 1939493.8553377853,
  "XM-DAC-6-4-012415-01-0": 2656222.3254006403,
  "XM-DAC-6-4-012546-01-0": 2656222.3254006403
}