{
  "XM-DAC-6-4-002486-01-3": 359717.1896344909,
  "XM-DAC-6-4-003818-01-0": 325731.04696667264,
  "XM-DAC-6-4-003960-01-4": 68817.86355295921,
  "XM-DAC-6-4-003997-01-1": 75057.50526016102,
  "XM-DAC-6-4-004803-01-3": 38398.78762904128,
  "XM-DAC-6-4-005936-01-1": 497028.5282732317,
  "XM-DAC-6-4-007356-01-6": 789150.6868853259,
  "XM-DAC-6-4-007743-01-3": 639139.1298638396,
  "XM-DAC-6-4-007912-01-5": 453305.05201386893,
  "XM-DAC-6-4-008045-01-5": 939617.1084819427,
  "XM-DAC-6-4-008646-01-3": 1255385.868540219,
  "XM-DAC-6-4-009166-01-0": 1034848.6181352045,
  "XM-DAC-6-4-009531-05-6": 557970.3294117628,
  "XM-DAC-6-4-010084-03-4": 755429.7850368994,
  "XM-DAC-6-4-011006-01-5": 2657001.568627442,
  "XM-DAC-6-4-011403-01-1": 6642503.921568604,
  "XM-DAC-6-4-011405-02-6": -2.4755859375e-23,
  "XM-DAC-6-4-011660-01-4": 5048302.980392139,
  "XM-DAC-6-4-011805-01-0": 2993290.286163911,
  "XM-DAC-6-4-011843-01-6": 9239722.954901928,
  "XM-DAC-6-4-012021-01-5": 3188401.88235293,
  "XM-DAC-6-4-012046-01-6": 2391301.4117646976,
  "XM-DAC-6-4-012229-02-6": 8350.955930196049,
  "XM-DAC-6-4-012229-04-0": 92729.35474509772,
  "XM-DAC-6-4-012265-01-0": 2657001.568627442,
  "XM-DAC-6-4-012267-01-0": 1328500.784313721,
  "XM-DAC-6-4-012268-01-0": 2657001.568627442,
  "XM-DAC-6-4-012314-03-2": 1940062.8353646991,
  "XM-DAC-6-4-012415-01-0": 2657001.568627442,
  "XM-DAC-6-4-012546-01-0": 5314003.137254884,
  "XM-DAC-6-4-012590-09-2": 3823657.1603517984,
  "XM-DAC-6-4-012590-09-7": 7652164.517647032,
  "XM-DAC-6-4-012675-01-1": 1328500.784313721
}