{
  "GB-EDU-133784-BactiVac-MR/R005974/1": {
    "universityofbirmingham-gb.xml": 1379147.0465334156
  },
  "GB-EDU-133784-EquiTrauma130036": {
    "universityofbirmingham-998.xml": 86577.92209732885
  }
}