{
  "mrc": {
    "GB-COH-RC000346-G0501670/2": 2570319.5882144724,
    "GB-COH-RC000346-G0600129/1": 2024539.3401702656,
    "GB-COH-RC000346-G0600718/1": 5412569.565363394,
    "GB-COH-RC000346-G0600818/1": 3189293.543661685,
    "GB-COH-RC000346-G0700837/1": 7058164.528869587,
    "GB-COH-RC000346-G0800142/1": 2578253.0698480913,
    "GB-COH-RC000346-G0800148/1": 2837363.978727475,
    "GB-COH-RC000346-G0800161/1": 2371859.920610399,
    "GB-COH-RC000346-G0800168/1": 1826520.5120142682,
    "GB-COH-RC000346-G0801176/1": 1352367.3724368985,
    "GB-COH-RC000346-G0801211/1": 584427.8903076585,
    "GB-COH-RC000346-G0801896/2": 159321.2352621946,
    "GB-COH-RC000346-G0801952/1": 923650.8166823026,
    "GB-COH-RC000346-G0801956/1": 803852.9619642815,
    "GB-COH-RC000346-G0801973/1": 619962.7912742111,
    "GB-COH-RC000346-G0802271/1": 425486.12844880304,
    "GB-COH-RC000346-G0802777/1": 1930343.8357654945,
    "GB-COH-RC000346-G0900109/1": 782211.3373006372,
    "GB-COH-RC000346-G0900239/1": 739921.986032543,
    "GB-COH-RC000346-G0900255/1": 540700.0219409196,
    "GB-COH-RC000346-G0900278/1": 2611765.125478703,
    "GB-COH-RC000346-G0900413/1": 398262.7834986498,
    "GB-COH-RC000346-G0901135/1": 1225181.937155464,
    "GB-COH-RC000346-G0901149/1": 860226.7347739605,
    "GB-COH-RC000346-G0901213/1": 996892.5714027097,
    "GB-COH-RC000346-G0901364/1": 278231.7382723513,
    "GB-COH-RC000346-G0901426/1": 1029870.3535643202,
    "GB-COH-RC000346-G0901732/1": 647381.8725904259,
    "GB-COH-RC000346-G0901963/1": 413005.00882581255,
    "GB-COH-RC000346-G0902036/1": 954913.3644836121,
    "GB-COH-RC000346-G0902065/1": 339067.4298938824,
    "GB-COH-RC000346-G0902121/1": 566126.2940362602,
    "GB-COH-RC000346-G0902130/1": 620869.588215947,
    "GB-COH-RC000346-G0902143/1": 820700.4451344718,
    "GB-COH-RC000346-G0902153/1": 714483.315501702,
    "GB-COH-RC000346-G1000230-E01/1": 3679253.8063647416,
    "GB-COH-RC000346-G1000469/1": 5093658.645238655,
    "GB-COH-RC000346-G1000527/1": 2056237.8192767922,
    "GB-COH-RC000346-G1000779/1": 625932.598930656,
    "GB-COH-RC000346-G1000800/1": 14304730.93961374,
    "GB-COH-RC000346-G1000808/1": 3614283.6903891796,
    "GB-COH-RC000346-G1001190/1": 1358058.8492428565,
    "GB-COH-RC000346-G1001333/1": 3580096.71086698,
    "GB-COH-RC000346-G1001336/1": 1885811.9342766637,
    "GB-COH-RC000346-G1001337/1": 3591988.816801799,
    "GB-COH-RC000346-G1001753/1": 969478.1197124119,
    "GB-COH-RC000346-G1001757/1": 2527888.857341028,
    "GB-COH-RC000346-G1001784/1": 1947485.4311034507,
    "GB-COH-RC000346-G1001934/1": 477102.2545320402,
    "GB-COH-RC000346-G1002283/1": 638910.320815428,
    "GB-COH-RC000346-G1002284/1": 831948.882429154,
    "GB-COH-RC000346-G1002297/1": 616200.4552098064,
    "GB-COH-RC000346-G1002369/1": 883521.3781484934,
    "GB-COH-RC000346-G1002370/1": 391760.71602903283,
    "GB-COH-RC000346-G1002387/1": 650707.4862561574,
    "GB-COH-RC000346-G1002586/1": 2015246.7231951295,
    "GB-COH-RC000346-G1002624/1": 2533778.1456070975,
    "GB-COH-RC000346-G1002650/1": 3884087.1953813066,
    "GB-COH-RC000346-G1100085/1": 2197557.909891955,
    "GB-COH-RC000346-G1100086/1": 1689545.4530783182,
    "GB-COH-RC000346-G1100110/1": 1262192.6580344774,
    "GB-COH-RC000346-G1100123/1": 1052277.4917640178,
    "GB-COH-RC000346-G1100339/1": 1770153.856530251,
    "GB-COH-RC000346-G1100449/1": 404080.9652242791,
    "GB-COH-RC000346-G1100570/1": 4123843.711277781,
    "GB-COH-RC000346-G1100654/1": 3671936.559542753,
    "GB-COH-RC000346-G1100677/1": 1273036.9477178096,
    "GB-COH-RC000346-G1100682/1": 2667027.596515673,
    "GB-COH-RC000346-G1100684/1": 7301454.367331542,
    "GB-COH-RC000346-G1100686/1": 1025425.4591349763,
    "GB-COH-RC000346-G1100689/1": 5793715.299396428,
    "GB-COH-RC000346-G1100699/1": 501468.60217556666,
    "GB-COH-RC000346-G1100783/1": 3726235.68488847,
    "GB-COH-RC000346-G1100796/1": 4934916.901019871,
    "GB-COH-RC000346-G1100814/1": 5080088.668841483,
    "GB-COH-RC000346-MC_EX_G0300400": 5140193.909043998,
    "GB-COH-RC000346-MC_EX_G0901345": 268697.85772583523,
    "GB-COH-RC000346-MC_EX_G1100693": 6715039.135662138,
    "GB-COH-RC000346-MC_EX_MR/J002364/1": 3771254.4772538603,
    "GB-COH-RC000346-MC_EX_MR/J010391/1": 1238871.7944221292,
    "GB-COH-RC000346-MC_EX_MR/J010723/1": 416023.1804711374,
    "GB-COH-RC000346-MC_EX_MR/K007203/1": 1642453.2175333446,
    "GB-COH-RC000346-MC_EX_MR/K011944/1": 3383879.176062599,
    "GB-COH-RC000346-MC_EX_MR/K015567/1": 948665.1771554743,
    "GB-COH-RC000346-MC_EX_MR/K02440X/1": 1121011.0513571524,
    "GB-COH-RC000346-MC_U105960371": 1428958.4617851218,
    "GB-COH-RC000346-MC_U117532063": 1441983.51279601,
    "GB-COH-RC000346-MC_U117532067": 2166788.8327971185,
    "GB-COH-RC000346-MC_U117532072": 1075765.7259361092,
    "GB-COH-RC000346-MC_U117565642": 2533006.619657019,
    "GB-COH-RC000346-MC_U117581288": 2388045.868308046,
    "GB-COH-RC000346-MC_U117584248": 2525377.929194569,
    "GB-COH-RC000346-MC_U117588499": 495919.5940277315,
    "GB-COH-RC000346-MC_U122861322": 216145.18759858882,
    "GB-COH-RC000346-MC_U122886352": 395449.1153347679,
    "GB-COH-RC000346-MC_U122886353": 306163.73505549895,
    "GB-COH-RC000346-MC_U122888469": 41654.525832467836,
    "GB-COH-RC000346-MC_U123160657": 1344331.5851079228,
    "GB-COH-RC000346-MC_U123261351": 822701.1156629955,
    "GB-COH-RC000346-MC_U123292699": 1175287.3080899934,
    "GB-COH-RC000346-MC_U123292700": 822701.1156629955,
    "GB-COH-RC000346-MC_U123292701": 1096935.341969408,
    "GB-COH-RC000346-MC_U130015185": 698736.458904425,
    "GB-COH-RC000346-MC_U130031238": 259994.52519525334,
    "GB-COH-RC000346-MC_U137686849": 315587.0436841155,
    "GB-COH-RC000346-MC_U137686851": 659115.7294431964,
    "GB-COH-RC000346-MC_U137686852": 173813.77181320277,
    "GB-COH-RC000346-MC_U137686857": 315587.0436841155,
    "GB-COH-RC000346-MC_U137686859": 397148.3748701538,
    "GB-COH-RC000346-MC_U190071468": 2294492.7984872833,
    "GB-COH-RC000346-MC_U950080926": 1113809.1298488518,
    "GB-COH-RC000346-MC_U950088495": 227463.16279287942,
    "GB-COH-RC000346-MC_U950088496": 288877.24752808665,
    "GB-COH-RC000346-MC_U950097144": 815832.1677343058,
    "GB-COH-RC000346-MC_U950097145": 303284.21705717256,
    "GB-COH-RC000346-MC_U950097147": 290393.6060831228,
    "GB-COH-RC000346-MC_UP_1003/1": 173158.76744767683,
    "GB-COH-RC000346-MC_UP_1202/11": 473031.95938413916,
    "GB-COH-RC000346-MC_UP_A253_1028": 1471369.3752490487,
    "GB-COH-RC000346-MC_UP_A550_1031": 550868.0509447638,
    "GB-COH-RC000346-MC_UP_A620_1016": 481412.576099138,
    "GB-COH-RC000346-MC_UP_A900_1115": 727908.3836420849,
    "GB-COH-RC000346-MC_UP_A900_1116": 1183252.0986445392,
    "GB-COH-RC000346-MC_UP_A900_1117": 819832.5404583652,
    "GB-COH-RC000346-MC_UP_A900_1118": 632777.9882728363,
    "GB-COH-RC000346-MC_UP_A900_1119": 1152255.8538721092,
    "GB-COH-RC000346-MC_UP_A900_1121": 630641.0169896049,
    "GB-COH-RC000346-MC_UP_A900_1122": 1122325.7498569312,
    "GB-COH-RC000346-MC_UP_A900_1123": 470308.76701004326,
    "GB-COH-RC000346-MC_UP_A900_1124": 555818.8834641449,
    "GB-COH-RC000346-MC_UP_A900_1125": 416864.16259810864,
    "GB-COH-RC000346-MC_UP_A910_1025": 621732.0196647068,
    "GB-COH-RC000346-MC_UP_A910_1026": 3201991.8273809194,
    "GB-COH-RC000346-MC_UP_A910_1112": 533778.533703882,
    "GB-COH-RC000346-MC_UP_A910_1113": 780955.9209684739,
    "GB-COH-RC000346-MC_UP_A910_1114": 750627.1866115083,
    "GB-COH-RC000346-MR/J000094/1": 1631164.5782124565,
    "GB-COH-RC000346-MR/J000108/1": 1339473.283313165,
    "GB-COH-RC000346-MR/J000175/1": 1816194.2288228176,
    "GB-COH-RC000346-MR/J000183/1": 1740829.9418023466,
    "GB-COH-RC000346-MR/J002178/1": 1508546.047522134,
    "GB-COH-RC000346-MR/J002283/1": 755030.2531684329,
    "GB-COH-RC000346-MR/J002380/1": 1239699.8626514287,
    "GB-COH-RC000346-MR/J004820/1": 998505.5717199388,