{
  "SE-0-SE-29-2013-6162_2-230-43082": 231153.3008691364,
  "SE-0-SE-29-2013-6399_2-230-43082": 661947.1306359879,
  "SE-0-SE-6-10951A0101-CPV-24050": 442335.7515127445,
  "SE-0-SE-6-14124A0103-CPV-16066": 318296.8205288989,
  "SE-0-SE-6-2100001101-CPV-51010": 7524961.935800481,
  "SE-0-SE-6-2100004201-CPV-15120": 60199.6954864038,
  "SE-0-SE-6-2100008001-CPV-99810": 8810.9706540736,
  "SE-0-SE-6-2100008101-CPV-15162": 115590.27880029951,
  "SE-0-SE-6-2100013901-CPV-15230": 200665.65162134622,
  "SE-0-SE-6-2100014301-CPV-99810": 7407.7805787646,
  "SE-0-SE-6-2100015001-CPV-51010": 7524961.935800481,
  "SE-0-SE-6-2100020401-CPV-15120": 52110.6543076393,
  "SE-0-SE-6-2100021301-CPV-99810": 57623.3795089107,
  "SE-0-SE-6-2100159101-CPV-51010": -70750.4760746058,
  "SE-0-SE-6-2100208401-CPV-15162": 61018.660054640604,
  "SE-0-SE-6-2131203301-CPV-51010": 3304113.995443591,
  "SE-0-SE-6-7100046101-CPV-24010": 209808.0124270685,
  "SE-0-SE-6-7100049701-CPV-21040": 397818.98338194337,
  "SE-0-SE-6-7100053201-CPV-14010": 40989.3414783556,
  "SE-0-SE-6-7100053301-CPV-21040": 32439.330747865402,
  "SE-0-SE-6-7100057401-CPV-99810": 53951.2662278953,
  "SE-0-SE-6-7100065601-CPV-25010": 55595.7929463612,
  "SE-0-SE-6-7100074001-CPV-15140": 1217688.0681288138,
  "SE-0-SE-6-7100098501-CPV-24010": 41331.425874151304,
  "SE-0-SE-6-7100131101-CPV-15140": 85304.90152387321,
  "SE-0-SE-6-7100190001-CPV-23068": 31660.3206101795,
  "SE-0-SE-6-7100207401-CPV-16062": 2982121.5521032945,
  "SE-0-SE-6-7100286001-CPV-99810": 45786.388609456,
  "SE-0-SE-6-7100617501-CPV-21040": 54144.8638912616,
  "SE-0-SE-6-7130016101-CPV-16062": 43536.1464856379
}