{
  "XI-IATI-EC_NEAR-2002/590/0": 26619233.21674974,
  "XI-IATI-EC_NEAR-2003/4979/0": 44253745.41515794,
  "XI-IATI-EC_NEAR-2003/5876/0": 3374515.898066581,
  "XI-IATI-EC_NEAR-2004/16998/0": 121512.46467332658,
  "XI-IATI-EC_NEAR-2004/6245/0": 7708226.1002170695,
  "XI-IATI-EC_NEAR-2005/17495/0": 9937841.840819668
}