{
  "GB-CHC-1107403-1493": {
    "goal-activities.xml": 25552366.238532703
  },
  "GB-CHC-1107403-GPAF_Zimbabwe": {
    "goal-activities.xml": 1624964.9210492477
  }
}