{
  "GB-CHC-313757-DFI024": {
    "vso-activities.xml": 44094363.99375088
  },
  "GB-CHC-313757-DFI033": {
    "vso-activities.xml": 6699848.956459687
  },
  "GB-CHC-313757-DFI035": {
    "vso-activities.xml": 6567039.876082571
  },
  "GB-CHC-313757-DFI042": {
    "vso-activities.xml": 608336.028070278
  },
  "GB-CHC-313757-DFI043": {
    "vso-activities.xml": 1309357.9537140264
  },
  "null": {
    "vso-gec.xml": 205617.83401782837
  }
}