{
  "waronwant": {
    "GB-CHC-208724-CSCF543": 744368.6199484919,
    "GB-CHC-208724-CSCF542": 657362.9379858687
  }
}