{
  "GB-CHC-208724-CSCF542": 657128.7020593511,
  "GB-CHC-208724-CSCF543": 743398.7523459573
}