{
  "XM-DAC-41108-1100000203": 2001788.8328483887,
  "XM-DAC-41108-1100000336": 7524226.988102576,
  "XM-DAC-41108-1100001032": 23542233.160149653,
  "XM-DAC-41108-1100001087": 36982381.87156836,
  "XM-DAC-41108-1100001128": 32261336.005277812,
  "XM-DAC-41108-1100001198": 39681517.39535485,
  "XM-DAC-41108-1100001407": 15069430.048645446,
  "XM-DAC-41108-1100001535": 39259813.529820494,
  "XM-DAC-41108-1100001595": 2510029.3621596517,
  "XM-DAC-41108-1100001682": 44133024.14334956,
  "XM-DAC-41108-2000001489": 16330000.0
}