{
  "GB-CHC-313139-FHH": {
    "aet-activities.xml": 1540357.931048268
  },
  "GB-CHC-313139-SVE": {
    "aet-activities.xml": 180994.18481488392
  }
}