{
  "FR-6-CD-1155": 3321251.960784302,
  "FR-6-CD-1156": 664251.7206576447,
  "FR-6-CD-1157": 1195650.7058823488,
  "FR-6-CD-1158": 797100.4705882325,
  "FR-6-CD-1159": 125559.26612705839,
  "FR-6-CD-1160": 116764.59093490156,
  "FR-6-CD-1161": 119950.33581568586,
  "FR-6-CD-1226": 135323.74689176423,
  "FR-6-CD-1227": 112186.57723215647,
  "FR-6-CD-1228": 130889.21127372503,
  "FR-6-CD-1229": 23859.874086274427,
  "FR-6-CD-1230": 13095.032230980347,
  "FR-6-CD-1231": 15942.009411764651,
  "FR-6-CD-1232": 10628.006274509768,
  "FR-6-CD-1233": 22850.213490195998,
  "FR-6-CD-1548": 119033.6702745094,
  "FR-6-CD-1549": 140640.40703058775,
  "FR-6-CD-1550": 59516.8351372547,
  "FR-6-CD-1551": 105663.6383811761,
  "FR-6-CD-1552": 109856.38685647021,
  "FR-6-CD-1553": 2125601.2549019535,
  "FR-6-CD-1554": 1062800.6274509768,
  "FR-6-CD-1555": 797100.4705882325,
  "FR-6-CD-1556": 1461350.862745093,
  "FR-6-CD-1557": 1195650.7058823488,
  "FR-6-CD-1558": 1275360.752941172,
  "FR-6-CD-1858": 1364487.213559211,
  "FR-6-CD-1892": 45378.929790588074,
  "FR-6-CD-1893": 73861.98660627425,
  "FR-6-CD-1894": 1266061.247450976,
  "FR-6-CD-1895": 629709.3717647038,
  "FR-6-CD-1896": 2943266.917631362,
  "FR-6-CD-1898": 1006249.0060643102,
  "FR-6-CD-1900": 1062800.6274509768,
  "FR-6-CD-1901": 2657001.568627442,
  "FR-6-CD-1902": 1328500.784313721,
  "FR-6-CD-35": 1306644.7280943606,
  "FR-6-CD-36": 797100.4705882325,
  "FR-6-CD-37": 1062800.6274509768,
  "FR-6-CD-38": 4216706.857709617,
  "FR-6-CD-39": 1550659.9412222465,
  "FR-6-CD-631": 79710.04705882326,
  "FR-6-CD-632": 88823.56243921538,
  "FR-6-CD-633": 66270.93312470565,
  "FR-6-CD-760": 1062800.6274509768,
  "FR-6-CD-761": 46173.37325960768,
  "FR-6-CD-762": 39855.02352941163
}