{
  "GB-CHC-285776-PAL041": 148092.1712872647,
  "GB-CHC-285776-PAL042": 246820.2854787745,
  "GB-CHC-285776-PAL049": 21391.091408160453,
  "GB-CHC-285776-PAL051": 74046.08564363234,
  "GB-CHC-285776-PAL053": 48810.04428296924
}