{
  "XM-DAC-41108-1100000063": 14815843.2417281,
  "XM-DAC-41108-1100000146": 7958174.010190685,
  "XM-DAC-41108-1100001501": 13702296.50855977,
  "XM-DAC-41108-1100001616": 32297652.755478326,
  "XM-DAC-41108-1100001748": 7260603.561643444,
  "XM-DAC-41108-1100001761": 47043585.99971215,
  "XM-DAC-41108-2000001194": 33876800.0,
  "XM-DAC-41108-2000001543": 31920560.38
}