{
  "SE-0-SE-6-11820A0101-GAB-72010": 177452.7484861921,
  "SE-0-SE-6-12313A0109-GAB-13020": 53663.7164711089,
  "SE-0-SE-6-12313A0109-GAB-13030": 429309.73177487095,
  "SE-0-SE-6-12313A0109-GAB-13040": 53663.7164711089,
  "SE-0-SE-6-6105500103-GAB-31210": 507101.9979050199,
  "SE-0-SE-6-6105500106-GAB-31210": 317583.1854221654,
  "SE-0-SE-6-7400098001-GAB-15162": 132585.5819292372
}