{
  "GB-COH-03846881-GB-COH-03846881-J142VAWGHelpdesk": {
    "sddirect-activities.xml": 1648819.5254035282
  },
  "GB-COH-03846881-GB-COH-03846881-J283STARGhana": {
    "sddirect-activities.xml": 36200308.53688692
  }
}