{
  "SE-0-SE-24-1861-SI40-655-16061": 3930.714603915,
  "SE-0-SE-24-2016-162-655-11420": 373.9846900018,
  "SE-0-SE-24-2016-163-655-11420": 57266.4056565184,
  "SE-0-SE-24-2017-167-655-11420": 56862.0568620568,
  "SE-0-SE-24-2018-197-655-11420": 53277.1794163674,
  "SE-0-SE-24-2157-SI2012-259-655-16061": 9750.4764437353,
  "SE-0-SE-24-3214-3214-SI2012-224-655-11420": 26484.6772707732,
  "SE-0-SE-24-Swedish-Institute-Scholarship-Programmes-46-655-11420": 36735.2293765216,
  "SE-0-SE-24-t137-SI2015-256-655-43081": 677.0053612788,
  "SE-0-SE-24-t461-SI2015-465-655-11420": 163985.7430653125,
  "SE-0-SE-29-3473-3473-2013-6265-655-99810": 92120.6165939937,
  "SE-0-SE-30-1518-Maldiverna-655-11420": 66434.935285255,
  "SE-0-SE-30-1929-Maldiverna-655-11420": 32783.7646337208,
  "SE-0-SE-30-2026-Maldiverna-655-11420": 33660.1626545924,
  "SE-0-SE-6-11820A0101-MDV-72010": 887263.7424319602
}