{
  "XM-DAC-41108-1100000224": 1030267.5159572695,
  "XM-DAC-41108-1100001565": 7780843.878833404,
  "XM-DAC-41108-1100001716": 9419632.261926953
}