{
  "XI-IATI-EC_INTPA-/18573/0": -1382709.462565099,
  "XI-IATI-EC_INTPA-2003/075-329": 3805523.0163214216,
  "XI-IATI-EC_INTPA-2003/076-135": 501987.83178032044,
  "XI-IATI-EC_INTPA-2004/082-203": 198915755.6090163,
  "XI-IATI-EC_INTPA-2004/082-205": 198922781.09718615,
  "XI-IATI-EC_INTPA-2005/104-436": 99429089.45355931,
  "XI-IATI-EC_INTPA-2005/104-579": 261122419.4284063,
  "XI-IATI-EC_INTPA-2005/112-270": 110020620.75666836,
  "XI-IATI-EC_INTPA-2005/112-573": 5912433.371268008,
  "XI-IATI-EC_INTPA-2006/123-271": 301879694.5901237,
  "XI-IATI-EC_INTPA-2006/123-526": 15146131.673195245,
  "XI-IATI-EC_INTPA-2006/127-755": 26255801.835704632,
  "XI-IATI-EC_INTPA-2006/127-973": 146375595.09048334,
  "XI-IATI-EC_INTPA-2007/141-446": 54778753.324241966,
  "XI-IATI-EC_INTPA-2007/141-451": 54801588.74451422,
  "XI-IATI-EC_INTPA-2007/141-455": 36385457.846707605,
  "XI-IATI-EC_INTPA-2008/148-190": 2012231.8433045547,
  "XI-IATI-EC_INTPA-2008/162-654": 34952049.805835776,
  "XI-IATI-EC_INTPA-2008/162-656": 16514387.15853639,
  "XI-IATI-EC_INTPA-2008/162-657": 19657455.567549404,
  "XI-IATI-EC_INTPA-2008/20304/0": 10885498.231612543,
  "XI-IATI-EC_INTPA-2008/20306/0": 14608256.513512477,
  "XI-IATI-EC_INTPA-2009/21726/1": 21424249.918716285,
  "XI-IATI-EC_INTPA-2009/21726/2": 11449475.954403171,
  "XI-IATI-EC_INTPA-2009/21726/3": 814307.5691657817,
  "XI-IATI-EC_INTPA-2009/21726/4": 10136315.028093928,
  "XI-IATI-EC_INTPA-2009/21726/5": 3282406.3930642544,
  "XI-IATI-EC_INTPA-2009/21726/6": 7863329.315851081,
  "XI-IATI-EC_INTPA-2010/206-391": 359785.57205155765,
  "XI-IATI-EC_INTPA-2010/22552/0": 19098878.008938484,
  "XI-IATI-EC_INTPA-2010/259-085": 10678672.945021272,
  "XI-IATI-EC_INTPA-2010/259-637": 19881061.056925774,
  "XI-IATI-EC_INTPA-2011/22813/0": 20655234.339546785,
  "XI-IATI-EC_INTPA-2011/23459/0": 2424914.886651088,
  "XI-IATI-EC_INTPA-2012/23885/0": 4079530.576826417,
  "XI-IATI-EC_INTPA-2012/24155/0": 5137866.729159807,
  "XI-IATI-EC_INTPA-2012/289-138": 2021321.3910694702,
  "XI-IATI-EC_INTPA-2012/291-104": 3661955.280624545,
  "XI-IATI-EC_INTPA-2012/304-906": 6889500.450956957,
  "XI-IATI-EC_INTPA-2013/23761/0": 31650162.582461428,
  "XI-IATI-EC_INTPA-2013/24624/0": 23507929.358760886,
  "XI-IATI-EC_INTPA-2013/318-853": 1506677.9795954663,
  "XI-IATI-EC_INTPA-2013/320-083": 9751466.191059584,
  "XI-IATI-EC_INTPA-2013/323-167": 1354500.13317777,
  "XI-IATI-EC_INTPA-2013/323-436": 1317604.0256064597,
  "XI-IATI-EC_INTPA-2013/323-497": 1191908.3750158523,
  "XI-IATI-EC_INTPA-2013/323-584": 1657472.708491373,
  "XI-IATI-EC_INTPA-2013/323-759": 1232116.9272743626,
  "XI-IATI-EC_INTPA-2013/323-953": 6087671.968590646,
  "XI-IATI-EC_INTPA-2013/324-178": 1345562.9191038539,
  "XI-IATI-EC_INTPA-2013/334-480": 1078058.5101317083,
  "XI-IATI-EC_INTPA-2013/334-492": 798655.5836696797,
  "XI-IATI-EC_INTPA-2013/334-516": 652197.5673962135,
  "XI-IATI-EC_INTPA-2013/334-829": 544789.7380173923,
  "XI-IATI-EC_INTPA-2014/32205/0": 1883926.1624104227,
  "XI-IATI-EC_INTPA-2014/338-733": 4785754.690612513,
  "XI-IATI-EC_INTPA-2014/343-671": 15107426.505277991,
  "XI-IATI-EC_INTPA-2014/346-678": 12378.872589734367,
  "XI-IATI-EC_INTPA-2014/348-055": 1282503.3605342843,
  "XI-IATI-EC_INTPA-2014/349-636": 15568613.903392376,
  "XI-IATI-EC_INTPA-2014/352-713": 7513.08500406083,
  "XI-IATI-EC_INTPA-2014/353-148": 4259.026719882268,
  "XI-IATI-EC_INTPA-2015/37769/0": 30546556.74210736,
  "XI-IATI-EC_INTPA-2015/38171/0": 16734200.650024034,
  "XI-IATI-EC_INTPA-2015/38184/0": -4.2578125e-21,
  "XI-IATI-EC_INTPA-2016/378-975": 15659880.772815326,
  "XI-IATI-EC_INTPA-2016/379-634": 4090582.381116986,
  "XI-IATI-EC_INTPA-2016/379-894": 18042119.077795543,
  "XI-IATI-EC_INTPA-2016/380-758": 2962192.57506354,
  "XI-IATI-EC_INTPA-2016/380-865": 1923503.7953722226,
  "XI-IATI-EC_INTPA-2016/381-192": 8128.558279079413,
  "XI-IATI-EC_INTPA-2016/382-556": 1572733.5937202226,
  "XI-IATI-EC_INTPA-2016/382-631": 1244241.3943335903,
  "XI-IATI-EC_INTPA-2016/39345/0": 13281111.627003202,
  "XI-IATI-EC_INTPA-2016/39456/0": -1.015625e-21,
  "XI-IATI-EC_INTPA-2016/39975/0": 18593556.277804483,
  "XI-IATI-EC_INTPA-2017/384-231": 18593556.27780448,
  "XI-IATI-EC_INTPA-2017/384-871": 6441277.873328617,
  "XI-IATI-EC_INTPA-2017/385-582": 6233119.411617345,
  "XI-IATI-EC_INTPA-2017/389-532": 66405558.13501601,
  "XI-IATI-EC_INTPA-2017/390-674": 717180.0278581729,
  "XI-IATI-EC_INTPA-2017/390-683": 1328077.8536723596,
  "XI-IATI-EC_INTPA-2017/40245/0": 66936802.60009614,
  "XI-IATI-EC_INTPA-2017/40246/1": 20718534.138124995,
  "XI-IATI-EC_INTPA-2017/40584/0": 13281111.627003202,
  "XI-IATI-EC_INTPA-2017/40635/0": 12021744.188702054,
  "XI-IATI-EC_INTPA-2018/389-550": 12021744.188702054,
  "XI-IATI-EC_INTPA-2018/398-310": 12490885.48519651,
  "XI-IATI-EC_INTPA-2018/399-113": 1191663.7843157076,
  "XI-IATI-EC_INTPA-2018/399-169": 16601389.533754002,
  "XI-IATI-EC_INTPA-2018/399-609": 54545525.45210215,
  "XI-IATI-EC_INTPA-2018/399-778": 7171800.278581729,
  "XI-IATI-EC_INTPA-2018/403-411": 8566316.999417065,
  "XI-IATI-EC_INTPA-2018/41105/0": 64413391.39096553,
  "XI-IATI-EC_INTPA-2018/41106/0": 18593556.277804483,
  "XI-IATI-EC_INTPA-2018/41354/0": 13281111.627003202,
  "XI-IATI-EC_INTPA-2018/41496/0": -3.2421875e-21,
  "XI-IATI-EC_INTPA-2019/404-358": 19604358.69413147,
  "XI-IATI-EC_INTPA-2019/404-359": 26053066.525986474,
  "XI-IATI-EC_INTPA-2019/404-361": 5312444.6508012805,
  "XI-IATI-EC_INTPA-2019/407-532": 4849682.909714632,
  "XI-IATI-EC_INTPA-2019/407-544": 1773573.3129338718,
  "XI-IATI-EC_INTPA-2019/412-242": 2083184.0746670726,
  "XI-IATI-EC_INTPA-2019/412-282": 3602889.868528592,
  "XI-IATI-EC_INTPA-2019/413-046": 531244.465080128,
  "XI-IATI-EC_INTPA-2019/41441/0": 55116613.25206329,
  "XI-IATI-EC_INTPA-2019/41827/0": 102050205.04248714,
  "XI-IATI-EC_INTPA-2019/41901/0": 664055.5813501601,
  "XI-IATI-EC_INTPA-2019/42174/0": -8.203125e-22,
  "XI-IATI-EC_INTPA-2020/416-035": 33202779.067508005,
  "XI-IATI-EC_INTPA-2020/416-321": 15720662.245015213,
  "XI-IATI-EC_INTPA-2020/416-666": 2829117.40373214,
  "XI-IATI-EC_INTPA-2020/417-210": 3953457.4402604983,
  "XI-IATI-EC_INTPA-2020/417-253": 4044135.6775350305,
  "XI-IATI-EC_INTPA-2020/419-139": 12682731.939515268,
  "XI-IATI-EC_INTPA-2020/419-141": 8478326.978665844,
  "XI-IATI-EC_INTPA-2020/419-283": 9068599.729524424,
  "XI-IATI-EC_INTPA-2020/420-122": 1508669.854155061,
  "XI-IATI-EC_INTPA-2020/420-352": 20864626.36602203,
  "XI-IATI-EC_INTPA-2020/420-982": 424995.57206410245,
  "XI-IATI-EC_INTPA-2020/421-731": 9124051.186162828,
  "XI-IATI-EC_INTPA-2020/42211/0": 70604246.10855447,
  "XI-IATI-EC_INTPA-2020/42659/0": 664055.5813501601,
  "XI-IATI-EC_INTPA-2020/42756/0": 119530004.64302881,
  "XI-IATI-EC_INTPA-2021/420-860": 11650332.35054825,
  "XI-IATI-EC_INTPA-2021/422-721": 8775703.02099491,
  "XI-IATI-EC_INTPA-2021/422-722": 4717688.674777442,
  "XI-IATI-EC_INTPA-2021/426-861": 2436590.4707281394,
  "XI-IATI-EC_INTPA-2021/428-473": 5976500.23215144,
  "XI-IATI-EC_INTPA-2021/430-967": 226782.94969805586,
  "XI-IATI-EC_INTPA-2021/43218/0": 99608337.202524
}