{
  "XI-IATI-EC_INTPA-2002/2475/0": 2531199.9273061734,
  "XI-IATI-EC_INTPA-2002/4226/0": 1197946.626945468,
  "XI-IATI-EC_INTPA-2002/4227/0": 1479959.4467647031,
  "XI-IATI-EC_INTPA-2003/027-172": 379528.4982056168,
  "XI-IATI-EC_INTPA-2003/045-809": 5790762.893804503,
  "XI-IATI-EC_INTPA-2003/061-399": 63030.689086754835,
  "XI-IATI-EC_INTPA-2003/061-811": 274564.5308035809,
  "XI-IATI-EC_INTPA-2003/061-862": 176824.22398945075,
  "XI-IATI-EC_INTPA-2003/062-358": 351404.7683272091,
  "XI-IATI-EC_INTPA-2003/062-706": 116168.18726026703,
  "XI-IATI-EC_INTPA-2003/062-752": 142452.8646753618,
  "XI-IATI-EC_INTPA-2003/062-807": 21164.886704311273,
  "XI-IATI-EC_INTPA-2003/062-860": 289062.5393362379,
  "XI-IATI-EC_INTPA-2003/063-240": 339309.32420731505,
  "XI-IATI-EC_INTPA-2003/068-519": 1260330.2923346637,
  "XI-IATI-EC_INTPA-2003/072-727": 352814.5457398396,
  "XI-IATI-EC_INTPA-2003/073-935": 498578.7624135964,
  "XI-IATI-EC_INTPA-2003/6006/0": 3959061.372549012,
  "XI-IATI-EC_INTPA-2004/078-887": 371047.4742210145,
  "XI-IATI-EC_INTPA-2004/079-010": 252635.1803722345,
  "XI-IATI-EC_INTPA-2004/079-016": 614145.3462689653,
  "XI-IATI-EC_INTPA-2004/079-059": 416216.4708695652,
  "XI-IATI-EC_INTPA-2004/079-060": 153717.47778372804,
  "XI-IATI-EC_INTPA-2004/079-067": 346530.6735778168,
  "XI-IATI-EC_INTPA-2004/079-070": 397850.2238913486,
  "XI-IATI-EC_INTPA-2004/079-071": 373977.22096413386,
  "XI-IATI-EC_INTPA-2004/079-073": 410638.9384042774,
  "XI-IATI-EC_INTPA-2004/079-076": 623143.6635472936,
  "XI-IATI-EC_INTPA-2004/079-077": 274486.8988392748,
  "XI-IATI-EC_INTPA-2004/079-079": 497308.9002934736,
  "XI-IATI-EC_INTPA-2004/079-111": 287382.4942579809,
  "XI-IATI-EC_INTPA-2004/079-718": 537045.6602267356,
  "XI-IATI-EC_INTPA-2004/079-727": 697.1948094324342,
  "XI-IATI-EC_INTPA-2004/079-741": 183.41339658301203,
  "XI-IATI-EC_INTPA-2004/080-636": 932.9267374517398,
  "XI-IATI-EC_INTPA-2004/080-638": 3243.0772417992357,
  "XI-IATI-EC_INTPA-2004/080-639": 512.5623885791518,
  "XI-IATI-EC_INTPA-2004/080-641": 1989.5471212664145,
  "XI-IATI-EC_INTPA-2004/081-078": 3318.221380745182,
  "XI-IATI-EC_INTPA-2004/081-543": 373.17069498069594,
  "XI-IATI-EC_INTPA-2004/081-546": 3074.093112088811,
  "XI-IATI-EC_INTPA-2004/081-547": 2892.0728861003936,
  "XI-IATI-EC_INTPA-2004/082-264": 133551.57222200805,
  "XI-IATI-EC_INTPA-2004/091-103": 294441.3296647946,
  "XI-IATI-EC_INTPA-2004/091-168": 176564.79906131333,
  "XI-IATI-EC_INTPA-2004/091-211": 279967.33160642075,
  "XI-IATI-EC_INTPA-2004/091-428": 259216.72081182868,
  "XI-IATI-EC_INTPA-2004/091-874": 235257.24656958744,
  "XI-IATI-EC_INTPA-2004/16861/0": 6946784.957188918,
  "XI-IATI-EC_INTPA-2005/096-406": 177024.0930365758,
  "XI-IATI-EC_INTPA-2005/096-638": 503178.5852057728,
  "XI-IATI-EC_INTPA-2005/097-830": 271577.061947106,
  "XI-IATI-EC_INTPA-2005/098-422": 574625.0871244229,
  "XI-IATI-EC_INTPA-2005/098-495": 304905.9302330795,
  "XI-IATI-EC_INTPA-2005/098-507": 1309.4920979922172,
  "XI-IATI-EC_INTPA-2005/098-541": 282030.8726191255,
  "XI-IATI-EC_INTPA-2005/101-218": 2124648.492834943,
  "XI-IATI-EC_INTPA-2005/101-300": 507459.44652517064,
  "XI-IATI-EC_INTPA-2005/101-302": 317289.1323625276,
  "XI-IATI-EC_INTPA-2005/102-789": 211260.61870561243,
  "XI-IATI-EC_INTPA-2005/104-129": 469599.7269915791,
  "XI-IATI-EC_INTPA-2005/104-741": 4354315.953307391,
  "XI-IATI-EC_INTPA-2005/104-872": 220796.16517976645,
  "XI-IATI-EC_INTPA-2005/105-959": 440999.4859661967,
  "XI-IATI-EC_INTPA-2005/106-358": 92455.56007379286,
  "XI-IATI-EC_INTPA-2005/106-824": 201953.1739143968,
  "XI-IATI-EC_INTPA-2005/108-564": 350477.7589595641,
  "XI-IATI-EC_INTPA-2005/110-209": 830627.750915004,
  "XI-IATI-EC_INTPA-2005/115-176": 230517.53064211187,
  "XI-IATI-EC_INTPA-2005/17600/0": 8304695.363871211,
  "XI-IATI-EC_INTPA-2007/142-966": 822577.9410423799,
  "XI-IATI-EC_INTPA-2009/227-014": 733939.7102504012,
  "XI-IATI-EC_INTPA-2010/21657/0": 18565686.98914277,
  "XI-IATI-EC_INTPA-2010/221-659": 2354112.9349912447,
  "XI-IATI-EC_INTPA-2010/22280/0": 3723584.661571358,
  "XI-IATI-EC_INTPA-2011/23089/0": 6643465.661414564,
  "XI-IATI-EC_INTPA-2012/23395/0": 7808606.382890058,
  "XI-IATI-EC_INTPA-2012/291-458": 2091187.0604596778,
  "XI-IATI-EC_INTPA-2012/293-779": 6233022.03485977,
  "XI-IATI-EC_INTPA-2012/297-048": 3586784.475294109,
  "XI-IATI-EC_INTPA-2012/303-792": 330594.7290546988,
  "XI-IATI-EC_INTPA-2012/304-570": 4343069.131553042,
  "XI-IATI-EC_INTPA-2012/304-801": 3205908.999910227,
  "XI-IATI-EC_INTPA-2012/308-116": 1527824.7567781825,
  "XI-IATI-EC_INTPA-2013/23870/0": 19352997.89364648,
  "XI-IATI-EC_INTPA-2013/24544/0": 4249901.176470602,
  "XI-IATI-EC_INTPA-2013/24789/0": 560817.2514414806,
  "XI-IATI-EC_INTPA-2013/286-282": 1588562.137991252,
  "XI-IATI-EC_INTPA-2013/315-047": 2604078.2157328147,
  "XI-IATI-EC_INTPA-2014/351-982": 12182925.759085441,
  "XI-IATI-EC_INTPA-2014/37572/0": 26570015.686274417,
  "XI-IATI-EC_INTPA-2015/360-522": 3826082.258823516,
  "XI-IATI-EC_INTPA-2015/37719/0": 12895079.57793329,
  "XI-IATI-EC_INTPA-2016/37716/0": 53140031.37254883,
  "XI-IATI-EC_INTPA-2017/38873/0": 14642735.644705832,
  "XI-IATI-EC_INTPA-2017/391-179": 6642503.921568604,
  "XI-IATI-EC_INTPA-2017/391-536": 5680001.635946266,
  "XI-IATI-EC_INTPA-2017/40464/0": 6642503.921568604,
  "XI-IATI-EC_INTPA-2018/390-775": 3533223.4010069524,
  "XI-IATI-EC_INTPA-2019/40067/0": 6642503.921568604,
  "XI-IATI-EC_INTPA-2019/404-312": 3517843.639697125,
  "XI-IATI-EC_INTPA-2019/409-735": 1194743.392986694,
  "XI-IATI-EC_INTPA-2019/410-230": 5151510.061403025,
  "XI-IATI-EC_INTPA-2019/41652/0": 6642503.921568604,
  "XI-IATI-EC_INTPA-2020/418-135": 4271553.813318809,
  "XI-IATI-EC_INTPA-2020/420-659": 16599464.362989653,
  "XI-IATI-EC_INTPA-2020/42896/0": 26570015.686274417,
  "XI-IATI-EC_INTPA-2021/422-281": 5756246.301994216,
  "XI-IATI-EC_INTPA-2021/422-786": 3281848.6275215573,
  "XI-IATI-EC_INTPA-2021/43300/0": 39855023.52941163
}