{
  "NL-KVK-41185216-CR": {
    "ncea-activities.xml": 13537400.407643482
  },
  "NL-KVK-41185216-CR_SEAcoaching": {
    "ncea-activities.xml": 842625.5354650951
  },
  "NL-KVK-41185216-CR_awarenesscommitment": {
    "ncea-activities.xml": 354449.32325803797
  },
  "NL-KVK-41185216-CR_highereducation": {
    "ncea-activities.xml": 105117.62455882315
  },
  "NL-KVK-41185216-CR_independentadvice": {
    "ncea-activities.xml": 1246229.3877427408
  },
  "NL-KVK-41185216-CR_monitoringevaluation": {
    "ncea-activities.xml": 231867.22738862663
  },
  "NL-KVK-41185216-CR_organisationalcapacity": {
    "ncea-activities.xml": 1102061.8111298
  },
  "NL-KVK-41185216-CR_professionalexchange": {
    "ncea-activities.xml": 51697.27952078413
  },
  "NL-KVK-41185216-CR_reconnaissance": {
    "ncea-activities.xml": 818061.5559631344
  },
  "NL-KVK-41185216-CR_regulatoryframework": {
    "ncea-activities.xml": 505169.06573921395
  },
  "NL-KVK-41185216-KLP": {
    "ncea-activities.xml": 5810090.571632529
  },
  "NL-KVK-41185216-KLP_communicationnetworks": {
    "ncea-activities.xml": 683042.035750978
  },
  "NL-KVK-41185216-KLP_monitoringevaluation": {
    "ncea-activities.xml": 56417.44280745078
  },
  "NL-KVK-41185216-KLP_organisationallearning": {
    "ncea-activities.xml": 670550.142876076
  },
  "NL-KVK-41185216-KLP_productsservices": {
    "ncea-activities.xml": 749828.4271799974
  },
  "NL-KVK-41185216-PSD": {
    "ncea-activities.xml": 8737787.460071735
  },
  "NL-KVK-41185216-PSD_coordination": {
    "ncea-activities.xml": 103393.23054078394
  },
  "NL-KVK-41185216-PSD_independentadvice": {
    "ncea-activities.xml": 3720129.0072713597
  },
  "NL-KVK-41185216-PSD_monitoringevaluation": {
    "ncea-activities.xml": 44899.34100745083
  },
  "NL-KVK-41185216-PSD_screening": {
    "ncea-activities.xml": 119534.51507019567
  },
  "NL-KVK-41185216-PSD_workshops": {
    "ncea-activities.xml": 25083.423308627363
  },
  "NL-KVK-41185216-R": {
    "ncea-activities.xml": 1705492.1088799941
  },
  "NL-KVK-41185216-R_SRJS": {
    "ncea-activities.xml": 227331.7257109796
  },
  "NL-KVK-41185216-R_countriesregions": {
    "ncea-activities.xml": 149659.5988552936
  },
  "NL-KVK-41185216-SF": {
    "ncea-activities.xml": 4630072.3344792
  },
  "NL-KVK-41185216-SF_GCFsafeguards": {
    "ncea-activities.xml": 54123.121952940994
  },
  "NL-KVK-41185216-SF_HIGHEREDUCATION": {
    "ncea-activities.xml": 13413.87241921564
  },
  "NL-KVK-41185216-SF_coordination": {
    "ncea-activities.xml": 31971.699875294005
  },
  "NL-KVK-41185216-SF_independentadvice": {
    "ncea-activities.xml": 276119.5885141167
  },
  "NL-KVK-41185216-SF_monitoringevaluation": {
    "ncea-activities.xml": 44964.437545882196
  },
  "NL-KVK-41185216-SF_organisationalcapacity": {
    "ncea-activities.xml": 467431.67245999834
  }
}