{
  "XI-IATI-EC_FPI-2006/18761/0": 1604775.7232969198,
  "XI-IATI-EC_FPI-2007/133-291": 1778004.5585017747,
  "XI-IATI-EC_FPI-2012/309-253": 579967.4272290191,
  "XI-IATI-EC_FPI-2012/309-860": 288547.3756818823
}