{
  "GB-CHC-202918-RVNB13": 9493.145013813764,
  "GB-CHC-202918-RVNB18": 2257.8271250679227,
  "GB-CHC-202918-RVNB19": 3160862.2664758065
}