{
  "FR-3-CLK101302": 9560003.024544738,
  "FR-3-CLK102201": 69054637.05515473,
  "FR-3-CLK102301": 108682399.09467061
}