{
  "AU-5-INI124-AR": 89960.19836999594,
  "AU-5-INI595-AR": 6390.672133647295,
  "AU-5-INI855-AR": 237781.28232499168,
  "AU-5-INJ082-AR": 98482.49968372793,
  "AU-5-INJ522-AR": 133626.96842751425,
  "AU-5-INJ554-AR": 356106.3724040469,
  "AU-5-INJ555-AR": 735107.0340418724,
  "AU-5-INJ633-AR": -711.3266378805201,
  "AU-5-INJ665-AR": 868.2455596893329,
  "AU-5-INK048-AR": 1422200.812131842,
  "AU-5-INK058-AR": 174814.9972789172,
  "AU-5-INK072-AR": 68278.2593595468,
  "AU-5-INK235-AR": 37111.99930128617,
  "AU-5-INK267-AR": 186561.2389674897,
  "AU-5-INK423-AR": 266177.30986548465,
  "AU-5-INK573-AR": 598360.0061119228,
  "AU-5-INK680-AR": 111557.37492678611,
  "AU-5-INL062-AR": 1329748.7252277227,
  "AU-5-INL144-AR": 107045.14630873638,
  "AU-5-INL471-AR": 232210.67586063815,
  "AU-5-INL630-AR": 315686.48635447136,
  "AU-5-INL966-AR": 821.191764590271,
  "AU-5-INM056-AR": 412203.1105237463,
  "AU-5-INM061-AR": 393071.41567010863,
  "AU-5-INM079-AR": 25194.632074970443,
  "AU-5-INM162-AR": 192582.5393568868,
  "AU-5-INM256-AR": 928.4605022261022,
  "AU-5-INM260-AR": 36981.57336342531,
  "AU-5-INM339-AR": 318402.45867797354,
  "AU-5-INM588-AR": 531533.7219268469,
  "AU-5-INM589-AR": 10731.380853399754,
  "AU-5-O14108-AR": 76043.91929364772,
  "AU-5-O14744-AR": 60767.11343375542,
  "AU-5-O14780-AR": 734158.0238444897,
  "AU-5-O14911-AR": 62124.597194805254,
  "AU-5-O15360-AR": 237532.11352808497,
  "AU-5-O15378-AR": 182947.8836388389,
  "AU-5-O16515-AR": 46412.2080957452,
  "AU-5-O16516-AR": 89076.32029997959,
  "AU-5-O16519-AR": 19077.609775838086,
  "AU-5-O16520-AR": 87790.89828427626,
  "AU-5-O16521-AR": 77749.10217282113,
  "AU-5-O16522-AR": 41961.006192839865,
  "AU-5-O16523-AR": 18077.035836545878,
  "AU-5-O16524-AR": 19382.28904744238,
  "AU-5-O16525-AR": 19129.892017711012,
  "AU-5-O16532-AR": 20346.806268201533
}