{
  "SE-0-SE-23-27423-260-15230": 4020043.231540855,
  "SE-0-SE-23-3275-3275-MSB-260-15110": 144459.5590493152,
  "SE-0-SE-24-2018-225-260-11420": 207.1251035626,
  "SE-0-SE-24-2020-69-260-11420": 17372.9871765638,
  "SE-0-SE-29-2013-117_2-260-23182": 526705.097525527,
  "SE-0-SE-29-2018-04602_1-260-43082": 331342.3222549882,
  "SE-0-SE-36-1725-RPS17-260-15230": 94697.80909749,
  "SE-0-SE-36-2894-2894-RPS16-260-15230": 135724.3751151508,
  "SE-0-SE-6-10379A0101-NER-72050": 949853.749852875,
  "SE-0-SE-6-10400A0101-NER-72010": 457938.45793822897,
  "SE-0-SE-6-10441A0101-NER-72010": -70464.1372386469,
  "SE-0-SE-6-10441A0101-NER-73010": 933660.9336604668,
  "SE-0-SE-6-10441A0201-NER-72010": 934548.4672741169,
  "SE-0-SE-6-10441A0201-NER-73010": 883282.8207841566,
  "SE-0-SE-6-10451A0101-NER-72010": 1984856.1425269814,
  "SE-0-SE-6-10453A0101-NER-72010": 3783093.5808730745,
  "SE-0-SE-6-10462A0101-NER-72010": 3477034.04538388,
  "SE-0-SE-6-10462A0101-NER-72040": 702331.2409790533,
  "SE-0-SE-6-11630A0101-NER-72050": 2960286.6773286313,
  "SE-0-SE-6-11630A0102-NER-72050": 732051.1116340896,
  "SE-0-SE-6-11652A0101-NER-72010": 2160231.188736365,
  "SE-0-SE-6-11766A0101-NER-72040": 233913.28362265418,
  "SE-0-SE-6-11766A0101-NER-72050": 350869.92543448135,
  "SE-0-SE-6-11779A0101-NER-72010": 4778428.796888102,
  "SE-0-SE-6-11779A0101-NER-72040": 128877.8422163495,
  "SE-0-SE-6-11779A0101-NER-74020": 128877.8422163495,
  "SE-0-SE-6-11781A0101-NER-72010": 2116660.1545896786,
  "SE-0-SE-6-11781A0101-NER-72040": 467479.85513046395,
  "SE-0-SE-6-11781A0101-NER-72050": 934959.710260928,
  "SE-0-SE-6-11781A0101-NER-73010": 233739.92756523198,
  "SE-0-SE-6-11781A0102-NER-72010": 4308908.4359566765,
  "SE-0-SE-6-11809A0101-NER-72010": 356791.6406242703,
  "SE-0-SE-6-11809A0101-NER-72050": 154576.5070095307,
  "SE-0-SE-6-11809A0103-NER-72050": 217762.0392950873,
  "SE-0-SE-6-11810A0101-NER-72010": 502373.6477817249,
  "SE-0-SE-6-11810A0101-NER-72040": 179419.15992218742,
  "SE-0-SE-6-11810A0101-NER-72050": 35883.831983837495,
  "SE-0-SE-6-11820A0101-NER-72010": 3484988.034031697,
  "SE-0-SE-6-11820A0101-NER-72011": 399268.6840940736,
  "SE-0-SE-6-11820A0101-NER-72012": 133089.56136428542,
  "SE-0-SE-6-11820A0102-NER-72010": 2316617.434170857,
  "SE-0-SE-6-12009A0101-NER-22040": 1327007.2545382334,
  "SE-0-SE-6-12009A0102-NER-22040": 651487.019121,
  "SE-0-SE-6-12261A0101-NER-15180": 22517.3411802221,
  "SE-0-SE-6-12313A0109-NER-13020": 53663.7164711089,
  "SE-0-SE-6-12313A0109-NER-13030": 429309.73177487095,
  "SE-0-SE-6-12313A0109-NER-13040": 53663.7164711089,
  "SE-0-SE-6-13003A0101-NER-72050": 1756413.918085342,
  "SE-0-SE-6-13003A0103-NER-72050": 889385.2863079995,
  "SE-0-SE-6-13605A0101-NER-15170": 66703.8964246662,
  "SE-0-SE-6-14348A0101-NER-43040": 330550.15281950386,
  "SE-0-SE-6-14394A0101-NER-72010": 1470782.2180646341,
  "SE-0-SE-6-14395A0101-NER-72010": 7623036.588180475,
  "SE-0-SE-6-14395A0102-NER-72010": 699553.4517126614,
  "SE-0-SE-6-14398A0101-NER-72010": 4718298.154990029,
  "SE-0-SE-6-14398A0102-NER-72010": 466368.96780844097,
  "SE-0-SE-6-14399A0101-NER-72050": 4193670.4199419017,
  "SE-0-SE-6-14401A0101-NER-72050": 2098660.3572383146,
  "SE-0-SE-6-14405A0101-NER-72010": 1226489.8168987515,
  "SE-0-SE-6-14440A0101-NER-72010": 4905230.606045513,
  "SE-0-SE-6-14672A0101-NER-43040": 140286.8714503765,
  "SE-0-SE-6-15128A0101-NER-72050": 2098660.3507323912,
  "SE-0-SE-6-15213A0101-NER-72010": 2331844.8368522376,
  "SE-0-SE-6-5204008701-NER-72010": 1779028.7576972146,
  "SE-0-SE-6-5204009101-NER-72010": 1799437.4279008147,
  "SE-0-SE-6-5204010301-NER-72010": 448752.8451510636,
  "SE-0-SE-6-5204017101-NER-72010": 109966.3991549068,
  "SE-0-SE-6-5204018701-NER-72010": 2260389.738055514,
  "SE-0-SE-6-5204020201-NER-72010": 125239.5101488382,
  "SE-0-SE-6-5204020501-NER-72050": 2320153.42014704,
  "SE-0-SE-6-5204021001-NER-72050": 437366.3602784018,
  "SE-0-SE-6-5204024901-NER-72010": 2817036.0643767263,
  "SE-0-SE-6-5204025701-NER-72010": 1408518.032187863,
  "SE-0-SE-6-5204025801-NER-72010": 4225554.096565589,
  "SE-0-SE-6-5204025901-NER-72010": 702661.7491815255,
  "SE-0-SE-6-5204026301-NER-72040": 2605392.730895658,
  "SE-0-SE-6-5204029201-NER-72010": 1399396.8705468879,
  "SE-0-SE-6-5204032101-NER-72010": 6986345.928619861,
  "SE-0-SE-6-5204033101-NER-72010": 3119028.5397267737,
  "SE-0-SE-6-5204034901-NER-72010": 3659989.26723991,
  "SE-0-SE-6-5204035101-NER-72010": 4301989.6769860145,
  "SE-0-SE-6-5204035401-NER-72050": 2243928.878841781,
  "SE-0-SE-6-5204035601-NER-72050": 1431496.5170969889,
  "SE-0-SE-6-5204036501-NER-72010": 199936.6448543736,
  "SE-0-SE-6-5204036701-NER-72010": 1149992.0568351075,
  "SE-0-SE-6-5204037701-NER-72010": 3077883.746280867,
  "SE-0-SE-6-5204037901-NER-72010": 2198301.1050179563,
  "SE-0-SE-6-5204038001-NER-72010": 1555141.8989785772,
  "SE-0-SE-6-5204039201-NER-72010": 520144.4336007212,
  "SE-0-SE-6-5204039401-NER-72010": 1452958.1721437364,
  "SE-0-SE-6-5204039701-NER-72050": 4122079.8591354275,
  "SE-0-SE-6-5204040401-NER-72010": 2624289.2983326805,
  "SE-0-SE-6-5204041001-NER-72010": 711657.0428099844,
  "SE-0-SE-6-5204043301-NER-72010": 4733771.418042679,
  "SE-0-SE-6-5204043801-NER-72010": 723131.8589374613,
  "SE-0-SE-6-5204044201-NER-72010": 780463.5951674316,
  "SE-0-SE-6-5204044601-NER-72010": 996278.6220817685,
  "SE-0-SE-6-5204044702-NER-72010": 319101.3892072842,
  "SE-0-SE-6-5204044702-NER-72050": 319101.3892072842,
  "SE-0-SE-6-5204046701-NER-72010": 398690.6924133259,
  "SE-0-SE-6-5204046801-NER-72010": 6908435.625763407,
  "SE-0-SE-6-5204046901-NER-72040": 2906617.6525360304,
  "SE-0-SE-6-5204046902-NER-72040": 1300688.8475550648,
  "SE-0-SE-6-5204047401-NER-72010": 3102764.744035831,
  "SE-0-SE-6-5204047402-NER-72010": 2676361.7122801915,
  "SE-0-SE-6-5204047601-NER-72010": 8789032.442494763,
  "SE-0-SE-6-5204048201-NER-72010": 3483790.1537826103,
  "SE-0-SE-6-5204048202-NER-72050": 1055566.51921747,
  "SE-0-SE-6-5204048501-NER-72010": 1281707.2846226736,
  "SE-0-SE-6-5204048503-NER-72050": 1242630.2990455974,
  "SE-0-SE-6-5204048601-NER-72010": 1337220.6591926415,
  "SE-0-SE-6-5204048901-NER-72010": 3231473.610963373,
  "SE-0-SE-6-5204049201-NER-72010": 5234088.642010176,
  "SE-0-SE-6-5204051201-NER-72010": 1361448.8422244994,
  "SE-0-SE-6-5204051202-NER-72010": 935725.8994601646,
  "SE-0-SE-6-5204051601-NER-72010": 2346901.9832066195,
  "SE-0-SE-6-5204051602-NER-72050": 1198905.4358875952,
  "SE-0-SE-6-5204051604-NER-72050": 1140253.763236886,
  "SE-0-SE-6-5210013301-NER-72010": 2879031.352487873,
  "SE-0-SE-6-5400005022-NER-41010": 16573.1566356532,
  "SE-0-SE-6-5400005025-NER-41010": 375606.2218650022,
  "SE-0-SE-6-5400007601-NER-13040": 2557.3950148701,
  "SE-0-SE-6-5400007601-NER-15150": 96686.3722226172,
  "SE-0-SE-6-5400007602-NER-13040": 89.8180596977,
  "SE-0-SE-6-5400007602-NER-15150": 8295.7712191195,
  "SE-0-SE-6-5400007603-NER-15150": 1666.697518083,
  "SE-0-SE-6-5403000401-NER-12220": 649.2513192214,
  "SE-0-SE-6-5403000401-NER-13040": 3354.7399759949,
  "SE-0-SE-6-5403000401-NER-15150": 73586.9454209847,
  "SE-0-SE-6-5403000401-NER-24040": 9414.8420677413,
  "SE-0-SE-6-5403000401-NER-43040": 9198.3827040655,
  "SE-0-SE-6-5403000401-NER-43081": 11146.2660540122,
  "SE-0-SE-6-5403000401-NER-99810": 865.7119931354,
  "SE-0-SE-6-5403000402-NER-99820": 10845.3053965314,
  "SE-0-SE-6-5403000403-NER-99820": 116.8732475564,
  "SE-0-SE-6-5403002401-NER-15150": 49355.100445029,
  "SE-0-SE-6-5403002403-NER-99820": 5007.6968799029,
  "SE-0-SE-6-5403043304-NER-15150": 330422.0401778933,
  "SE-0-SE-6-5403054301-NER-15150": 391325.1664975594,
  "SE-0-SE-6-5403055201-NER-15150": 378285.5139363867,
  "SE-0-SE-6-5403055202-NER-15150": 69265.6777879172,
  "SE-0-SE-6-5403060401-NER-14030": 628213.2879459087,
  "SE-0-SE-6-5403060401-NER-15150": 731142.6872990213,
  "SE-0-SE-6-5403060402-NER-15150": 151009.636488878,
  "SE-0-SE-6-5403060403-NER-14030": 183369.61831393448,