{
  "GB-CHC-327421-2017-2096-BI": {
    "art19-gb.xml": 184959.89833077195
  },
  "GB-CHC-327421-2019-6622-PROTECT": {
    "art19-ke.xml": 3300523.6066956175
  },
  "GB-CHC-327421-PPA(ProgrammePartnershipAgreement)DFID": {
    "art19-activities.xml": 4920162.935785724
  },
  "GB-CHC-327421-PPA-DFID": {
    "art19-sn.xml": 4920162.935785724
  }
}