{
  "NL-KVK-41209946-MainlineBtG2": 72828.30371783476,
  "NL-KVK-41209946-PWUDCommunityResearch": 731679.0174213722
}