{
  "NL-KVK-41146461-11200953": {
    "deltares-activities.xml": 1072449.7638805085
  },
  "NL-KVK-41146461-12000024": {
    "deltares-activities.xml": 1706908.387969892
  }
}