{
  "NL-KVK-41146461-11200953": {
    "deltares-activities.xml": 1072764.3833333296
  },
  "NL-KVK-41146461-12000024": {
    "deltares-activities.xml": 1707409.1355117587
  }
}