{
  "47045-BFA-202-G01-M-00": 13931562.76,
  "47045-BFA-202-G02-H-00": 17796422.830000002,
  "47045-BFA-202-G04-H-00": 10850544.9,
  "47045-BFA-404-G03-T": 11092228.61,
  "47045-BFA-809-G09-M": 25948707.91,
  "47045-BFA-C-IPC": 45759314.19,
  "47045-BFA-H-SPCNLS": 273444054.18,
  "47045-BFA-M-PADS": 833448029.23,
  "47045-BFA-S-PADS": 42268440.160000004,
  "47045-BFA-T-PADS": 34302783.87,
  "47045-BUR-407-G05-T": 21347094.970000003,
  "47045-BUR-607-G06-H": 98143426.39,
  "47045-BUR-708-G07-M": 42347786.51,
  "47045-BUR-809-G08-M": 74874936.8,
  "47045-BUR-810-G10-T": 27767392.39,
  "47045-BUR-810-G11-T": 10614817.879999999,
  "47045-BUR-H-IPC": 15438317.120000001,
  "47045-BUR-M-PLAN": 22959288.93
}