{
  "GB-CHC-285776-NEP029": 32909.354942484235,
  "GB-CHC-285776-NEP030": 57591.39994504738,
  "GB-CHC-285776-NEP031": 34554.82351234273
}