{
  "GB-CHC-202918-IRQA33": 193400.16496900437,
  "GB-CHC-202918-IRQA37": 885193.9113443915,
  "GB-CHC-202918-IRQA40": 117799.73053267073,
  "GB-CHC-202918-IRQA43": 360720.21722260216,
  "GB-CHC-202918-IRQA45": 954035.2973114422,
  "GB-CHC-202918-IRQA47": 811656.4927550366,
  "GB-CHC-202918-IRQA53": 2353318.3940158472,
  "GB-CHC-202918-IRQA58": 25729.043812029828,
  "GB-CHC-202918-IRQA69": 455308.5398508034,
  "GB-CHC-202918-IRQA70": 96583.07873861659,
  "GB-CHC-202918-IRQA73": 602656.6631145665,
  "GB-CHC-202918-IRQA76": 81529.44253189705,
  "GB-CHC-202918-IRQA77": 1017825.8417189713,
  "GB-CHC-202918-IRQA79": 2650290.1628065216,
  "GB-CHC-202918-IRQA80": 1013043.3599444227,
  "GB-CHC-202918-IRQA85": 3024741.39528186,
  "GB-CHC-202918-IRQA86": 215512.64548534135,
  "GB-CHC-202918-IRQA87": 1196461.07802743,
  "GB-CHC-202918-IRQA88": 920460.0579247973,
  "GB-CHC-202918-IRQA89": 204281.9334723245,
  "GB-CHC-202918-IRQA97": 28061.786945341333,
  "GB-CHC-202918-IRQA99": 119118.15012705376,
  "GB-CHC-202918-IRQB02": 327304.0363676449,
  "GB-CHC-202918-IRQB05": 1508011.3010160818,
  "GB-CHC-202918-IRQB09": 334892.4991256876,
  "GB-CHC-202918-IRQB10": 1108374.4335221795,
  "GB-CHC-202918-IRQB12": 4006280.555459657,
  "GB-CHC-202918-IRQB13": 1009515.8654722541,
  "GB-CHC-202918-IRQB14": 15933.862232761627,
  "GB-CHC-202918-IRQB15": 1356798.2729144539,
  "GB-CHC-202918-IRQB16": 1563131.3430954365,
  "GB-CHC-202918-IRQB18": 1945091.0971649738,
  "GB-CHC-202918-IRQB19": 114374.189053467,
  "GB-CHC-202918-IRQB20": 998831.2313517433,
  "GB-CHC-202918-IRQB21": 97323.25944465198,
  "GB-CHC-202918-IRQB22": 63064.878987014454,
  "GB-CHC-202918-IRQB23": 876431.6216658928,
  "GB-CHC-202918-IRQB24": 464456.1848222006,
  "GB-CHC-202918-IRQB25": 164759.20000787536
}