{
  "GB-CHC-283302-ELVA13": {
    "acord-tz.xml": 692876.7337150207,
    "acord-289.xml": 645330.523776748
  },
  "GB-CHC-283302-GDRC08": {
    "acord-cd.xml": 378620.8210836548
  }
}