{
  "NL-KVK-41208813-DCIID059DtZ_India": 720546.8882529073,
  "NL-KVK-41208813-DCIID221DtzVfc_India": 129992.47324431328
}