{
  "FR-6-TR-1605": 7971.004705882326,
  "FR-6-TR-1606": 5314.003137254884,
  "FR-6-TR-1607": 7971.004705882326,
  "FR-6-TR-1608": 19980.65179607836,
  "FR-6-TR-1609": 3985.502352941163,
  "FR-6-TR-1633": 79.71004705882325,
  "FR-6-TR-1634": 15942.009411764651,
  "FR-6-TR-1635": 7971.004705882326,
  "FR-6-TR-1636": 13285.00784313721,
  "FR-6-TR-1637": 3985.502352941163,
  "FR-6-TR-TUR-17-02-1": 13285.00784313721,
  "FR-6-TR-TUR-17-02-2": 13285.00784313721,
  "FR-6-TR-TUR-17-03": 10628.006274509768,
  "FR-6-TR-TUR-17-03-1": 13285.00784313721,
  "FR-6-TR-TUR-17-03-2": 5314.003137254884,
  "FR-6-TR-TUR-17-03-3": 7971.004705882326,
  "FR-6-TR-TUR-17-03-4": 7971.004705882326,
  "FR-6-TR-TUR-17-03-5": 7971.004705882326,
  "FR-6-TR-TUR-17-04-1": 6429.943796078409,
  "FR-6-TR-TUR-17-04-2": 7709.290051372523,
  "FR-6-TR-TUR-17-07": 79710.04705882326
}