{
  "FR-6-TR-1605": 7968.666976201921,
  "FR-6-TR-1606": 5312.444650801281,
  "FR-6-TR-1607": 7968.666976201921,
  "FR-6-TR-1608": 19974.791887012816,
  "FR-6-TR-1609": 3984.3334881009605,
  "FR-6-TR-1633": 79.6866697620192,
  "FR-6-TR-1634": 15937.333952403842,
  "FR-6-TR-1635": 7968.666976201921,
  "FR-6-TR-1636": 13281.111627003202,
  "FR-6-TR-1637": 3984.3334881009605,
  "FR-6-TR-TUR-17-02-1": 13281.111627003202,
  "FR-6-TR-TUR-17-02-2": 13281.111627003202,
  "FR-6-TR-TUR-17-03": 10624.889301602561,
  "FR-6-TR-TUR-17-03-1": 13281.111627003202,
  "FR-6-TR-TUR-17-03-2": 5312.444650801281,
  "FR-6-TR-TUR-17-03-3": 7968.666976201921,
  "FR-6-TR-TUR-17-03-4": 7968.666976201921,
  "FR-6-TR-TUR-17-03-5": 7968.666976201921,
  "FR-6-TR-TUR-17-04-1": 6428.058027469549,
  "FR-6-TR-TUR-17-04-2": 7707.029077149958,
  "FR-6-TR-TUR-17-07": 79686.66976201921
}