{
  "46002-P-ZW-A00-001": 32001178.96942666,
  "46002-P-ZW-AA0-001": 19171898.99780093,
  "46002-P-ZW-AA0-003": 3790124.00226417,
  "46002-P-ZW-AA0-006": 12277955.157681141,
  "46002-P-ZW-AA0-007": 65347148.527363725,
  "46002-P-ZW-AA0-011": 978383.6801010151,
  "46002-P-ZW-AA0-018": 1177257.2783478352,
  "46002-P-ZW-AA0-021": 28867320.45633214,
  "46002-P-ZW-AAE-005": 1999057.5040452387,
  "46002-P-ZW-AAG-001": 4170656.6255460572,
  "46002-P-ZW-AB0-001": 18452935.84218222,
  "46002-P-ZW-B00-001": 276178729.80236405,
  "46002-P-ZW-D00-001": 41298535.016802855,
  "46002-P-ZW-D00-002": 71460322.51678997,
  "46002-P-ZW-DB0-001": 1849175.831564173,
  "46002-P-ZW-DB0-002": 39023354.692548476,
  "46002-P-ZW-DB0-005": 2637059.001226214,
  "46002-P-ZW-E00-001": 8806576.789747404,
  "46002-P-ZW-E00-002": 63630260.91731329,
  "46002-P-ZW-E00-003": 43897083.02735829,
  "46002-P-ZW-E00-004": 29604680.92227382,
  "46002-P-ZW-E00-005": 35222185.083210096,
  "46002-P-ZW-E00-006": 71894141.4678129,
  "46002-P-ZW-E00-009": 4017891.9811572726,
  "46002-P-ZW-E00-010": 4004854.876312804,
  "46002-P-ZW-EA0-001": 70481181.00663781,
  "46002-P-ZW-EA0-002": 30322402.930981003,
  "46002-P-ZW-EA0-003": 3496179.354477798,
  "46002-P-ZW-EAZ-001": 5412533.358461976,
  "46002-P-ZW-EAZ-002": 4954213.547753933,
  "46002-P-ZW-F00-001": 47287138.61201226,
  "46002-P-ZW-F00-002": 2265240.1184911802,
  "46002-P-ZW-F00-006": 9947600.945773374,
  "46002-P-ZW-FA0-001": 66510004.29244414,
  "46002-P-ZW-FA0-002": 30662914.02200871,
  "46002-P-ZW-FA0-003": 9825354.650251104,
  "46002-P-ZW-FA0-004": 26506665.045715753,
  "46002-P-ZW-FA0-014": 13362523.124500636,
  "46002-P-ZW-FA0-018": 3734694.2235848224,
  "46002-P-ZW-FAB-001": 144864562.33947703,
  "46002-P-ZW-GB0-001": 28704434.14641026,
  "46002-P-ZW-GB0-002": 121271557.36512725,
  "46002-P-ZW-HA0-001": 24132079.47144676,
  "46002-P-ZW-HZ0-001": 6320423.847281142,
  "46002-P-ZW-I00-002": 4866567.668110603,
  "46002-P-ZW-IB0-004": 30386653.111928567,
  "46002-P-ZW-IBD-002": 9673308.92574654,
  "46002-P-ZW-IBE-002": 2009027.3122832866,
  "46002-P-ZW-IBE-003": 1989087.695807191,
  "46002-P-ZW-IE0-002": 8202104.32055646,
  "46002-P-ZW-IE0-003": 11512076.089199517,
  "46002-P-ZW-K00-002": 3057299.577618587,
  "46002-P-ZW-KF0-001": 586694.5465902229,
  "46002-P-ZW-KF0-002": 49233729.58825967,
  "46002-P-ZW-KF0-004": 206434.37229895353,
  "46002-P-ZW-KF0-005": 15211422.035792336,
  "46002-P-ZW-KF0-006": 6121787.085941446,
  "46002-P-ZW-KF0-008": 9154166.52291161,
  "46002-P-ZW-KF0-012": 14071068.663949244,
  "46002-P-ZW-KF0-013": 4086256.3139349595,
  "46002-P-ZW-KF0-014": 4557997.966789285,
  "46002-P-ZW-KZ0-001": 363344047.97247547
}