{
  "GB-COH-06368740-P0258": 87104.82795648354,
  "GB-COH-06368740-P0262": 1553588.6385142603,
  "GB-COH-06368740-P0397": 819278.3027751609
}