{
  "SE-0-SE-29-2021-03910_5-274-43082": 549134.6057433338,
  "SE-0-SE-6-10451A0101-DJI-72010": 2124245.264280401,
  "SE-0-SE-6-10451A0101-DJI-72040": 208494.20849410418,
  "SE-0-SE-6-10451A0101-DJI-72050": 138996.13899606938,
  "SE-0-SE-6-10451A0101-DJI-73010": 138996.13899606938,
  "SE-0-SE-6-11756A0101-DJI-13020": 86302.1264841983,
  "SE-0-SE-6-11756A0101-DJI-15160": 172604.25296839658,
  "SE-0-SE-6-11756A0101-DJI-15180": 3984794.8714251867,
  "SE-0-SE-6-11809A0103-DJI-72010": 37065.8790283553,
  "SE-0-SE-6-11823A0101-DJI-72010": 3611856.6778584183,
  "SE-0-SE-6-13605A0101-DJI-15170": 66703.8964246662,
  "SE-0-SE-6-14989A0101-DJI-72010": 20520.235282572103,
  "SE-0-SE-6-5204035901-DJI-72010": -10272.4783160104,
  "SE-0-SE-6-5204046901-DJI-72040": 1389625.9645130823,
  "SE-0-SE-6-5204047001-DJI-72010": 4427359.167787073,
  "SE-0-SE-6-5204047002-DJI-72010": 1030.6187261146,
  "SE-0-SE-6-5204047101-DJI-72010": 3586302.5776170716,
  "SE-0-SE-6-5204047102-DJI-72010": 1285300.1729676796,
  "SE-0-SE-6-5204049401-DJI-72010": 79322.5598268152,
  "SE-0-SE-6-5403000401-DJI-12220": 324.6881204976,
  "SE-0-SE-6-5403000401-DJI-13040": 1677.3692174865,
  "SE-0-SE-6-5403000401-DJI-15150": 36793.4116752357,
  "SE-0-SE-6-5403000401-DJI-24040": 4707.4223832221,
  "SE-0-SE-6-5403000401-DJI-43040": 4599.1920071519,
  "SE-0-SE-6-5403000401-DJI-43081": 5573.1330661192,
  "SE-0-SE-6-5403000401-DJI-99810": 432.9184965676,
  "SE-0-SE-6-5403000402-DJI-99820": 5422.6520040333,
  "SE-0-SE-6-5403000403-DJI-99820": 58.4366237782,
  "SE-0-SE-6-5403000601-DJI-12220": 435.7637174239,
  "SE-0-SE-6-5403000601-DJI-13040": 1597.8002976415,
  "SE-0-SE-6-5403000601-DJI-15150": 272741.2844477884,
  "SE-0-SE-6-5403000601-DJI-43040": 11329.856661545,
  "SE-0-SE-6-5403000601-DJI-43081": 4938.6554678311,
  "SE-0-SE-6-5403000604-DJI-15150": 414.8732325894,
  "SE-0-SE-6-5403000606-DJI-15150": 740.1071887349,
  "SE-0-SE-6-5403000607-DJI-15150": 804.7193213335,
  "SE-0-SE-6-5403000608-DJI-15150": 2645.9818584228,
  "SE-0-SE-6-5403000609-DJI-15150": 116.0652860866,
  "SE-0-SE-6-5403001501-DJI-15150": 127226.6840400365,
  "SE-0-SE-6-5403001502-DJI-99820": 3812.8158557569004,
  "SE-0-SE-6-6105030102-DJI-14030": 2104001.1432832545,
  "SE-0-SE-6-6107013201-DJI-15152": 145842.689172606,
  "SE-0-SE-6-7400289701-DJI-12220": 4087.2040811079,
  "SE-0-SE-6-7400289701-DJI-13040": 20435.5933949621,
  "SE-0-SE-6-7400289701-DJI-15150": 179518.3436862832,
  "SE-0-SE-6-7400289701-DJI-24040": 8488.6208820506,
  "SE-0-SE-6-7400289701-DJI-43040": 52818.0120954444,
  "SE-0-SE-6-7400289701-DJI-43081": 45272.6035898669,
  "SE-0-SE-6-7400289701-DJI-99810": 3772.7042287855,
  "SE-0-SE-6-7400328701-DJI-13040": 7283.4627982241,
  "SE-0-SE-6-7400328701-DJI-15150": 124962.18307673761,
  "SE-0-SE-6-7400328701-DJI-15220": 5284.0980974577,
  "SE-0-SE-6-7400328701-DJI-24040": 999.6830055023,
  "SE-0-SE-6-7400328701-DJI-43081": 4284.4150909554,
  "SE-0-SE-6-7400328702-DJI-99820": 5422.9439670137,
  "SE-0-SE-6-7400389001-DJI-15150": 78413.3934535966,
  "SE-0-SE-6-7400389001-DJI-15220": 2425.1564058283
}