{
  "FR-3-CTN110102": 3874945.529373859,
  "FR-3-CTN111202": 15809159.333333278,
  "FR-3-CTN111808": 4701623.619816293,
  "FR-3-CTN111810": 4483690.147058808,
  "FR-3-CTN111813": 2989126.7647058717,
  "FR-3-CTN111814": 4483690.147058808,
  "FR-3-CTN111816": 34541020.39215674,
  "FR-3-CTN111818": 3985502.3529411624,
  "FR-3-CTN112103": 438346.80478901806,
  "FR-3-CTN113004": 3673457.2735125325,
  "FR-3-CTN113901": 2629704.4725195803,
  "FR-3-CTN115301": 1325606.3553813843,
  "FR-3-CTN117302": 1170059.3701538625,
  "FR-3-CTN117802": 166062598.03921512,
  "FR-3-CTN117803": 1328500.784313721,
  "FR-3-CTN117902": 1182570.685710231,
  "FR-3-CTN118102": 1369096.3806053482,
  "FR-3-CTN118104": 5978253.529411743,
  "FR-3-CTN118602": 3228802.2820243184,
  "FR-3-CTN118603": 17986856.444561325,
  "FR-3-CTN118604": 5159226.352653531,
  "FR-3-CTN119001": 54468532.15686256,
  "FR-3-CTN120502": 996375.5882352906,
  "FR-3-CTN120503": 8269917.382352912,
  "FR-3-CTN120504": 358405.09376342624,
  "FR-3-CTN121104": 776762.1730960091,
  "FR-3-CTN121601": 1810993.670165484,
  "FR-3-CTN121701": 63742489.24847546,
  "FR-3-CTN122102": 46943583.8380908,
  "FR-3-CTN122104": 11956507.058823487,
  "FR-3-CTN122106": 328803.9441176459,
  "FR-3-CTN122107": 587876.210567449,
  "FR-3-CTN122701": 104951561.96078394,
  "FR-3-CTN123101": 545415.9969999981,
  "FR-3-CTN123402": 6177528.647058802,
  "FR-3-CTN124101": 107884677.63121727,
  "FR-3-CTN124201": 14374378.486274458,
  "FR-3-CTN124401": 41980624.784313574,
  "FR-3-CTN124701": 10362306.117647022,
  "FR-3-CTN124702": 2403587.851993305,
  "FR-3-CTN125101": 8847815.223529382,
  "FR-3-CTN125301": 727912.149741174,
  "FR-3-CTN125501": 6509653.843137232,
  "FR-3-CTN126501": 73067543.13725466,
  "FR-3-CTN126503": 1727051.019607837,
  "FR-3-CTN129101": 35869521.17647046,
  "FR-3-CTN129102": 1328500.784313721,
  "FR-3-CTN129103": 22584513.333333254,
  "FR-3-CTN129403": 1992751.1764705812,
  "FR-3-CTN129404": 66425039.215686046,
  "FR-3-CTN129501": 12222207.215686232,
  "FR-3-CTN129502": 1406907.6518131795,
  "FR-3-CTN129701": 332125196.07843024,
  "FR-3-CTN129702": 1432574.7253713794,
  "FR-3-CTN129705": 1328500.784313721,
  "FR-3-CTN132901": 1020171.694283918,
  "FR-3-CTN601202": 781964.4342710634,
  "FR-3-CTN601602": 1856583.5458216236,
  "FR-3-CTN601603": 20456539.058823507
}