{
  "NL-KVK-41201463-52800605": {
    "scnl-so.xml": 745984.1027548175
  },
  "NL-KVK-41201463-ATWA": {
    "scnl-289.xml": 33202780.395619165
  },
  "NL-KVK-41201463-DRASSDIPC5": {
    "scnl-ss.xml": 5832708.292788203
  },
  "NL-KVK-41201463-MTBA": {
    "scnl-998.xml": 32410042.795603808
  },
  "NL-KVK-41201463-NJR2": {
    "scnl-289.xml": 6565579.954033679
  },
  "NL-KVK-41201463-NJR2019": {
    "scnl-ng.xml": 14044171.916376216
  },
  "NL-KVK-41201463-NJR2020": {
    "scnl-ng.xml": 16878774.846862104
  },
  "NL-KVK-41201463-NJR2021": {
    "scnl-ng.xml": 13414205.630950889
  },
  "NL-KVK-41201463-NJR3": {
    "scnl-298.xml": 9563009.974465985
  },
  "NL-KVK-41201463-NJR4": {
    "scnl-298.xml": 13333246.630695002
  },
  "NL-KVK-41201463-PAFNO003": {
    "scnl-af.xml": 2488880.3189004
  },
  "NL-KVK-41201463-PBDNO002": {
    "scnl-679.xml": 755778.9225797323
  },
  "NL-KVK-41201463-PBDSO-003": {
    "scnl-bd.xml": 433642.90384444426
  },
  "NL-KVK-41201463-PBFNO001": {
    "scnl-bf.xml": 587577.6281572249
  },
  "NL-KVK-41201463-PBFSO002": {
    "scnl-bf.xml": 9837859.92336449
  },
  "NL-KVK-41201463-PBFSO003": {
    "scnl-bf.xml": 2539847.9128801874
  },
  "NL-KVK-41201463-PCISO003": {
    "scnl-ci.xml": 1903183.2961495589
  },
  "NL-KVK-41201463-PCONO005": {
    "scnl-co.xml": 924033.3414487478
  },
  "NL-KVK-41201463-PETNO006": {
    "scnl-et.xml": 409565.57657585014
  },
  "NL-KVK-41201463-PETNO007": {
    "scnl-et.xml": 1192294.5308690972
  },
  "NL-KVK-41201463-PETNO008": {
    "scnl-et.xml": 569405.0831179963
  },
  "NL-KVK-41201463-PGBNO003": {
    "scnl-998.xml": 433783.6836276905
  },
  "NL-KVK-41201463-PGBNO007": {
    "scnl-998.xml": 157630.8576785756
  },
  "NL-KVK-41201463-PGLNO010": {
    "scnl-998.xml": 250329.03250156983
  },
  "NL-KVK-41201463-PGLNO011": {
    "scnl-998.xml": 37703.74779789939
  },
  "NL-KVK-41201463-PGLNS001": {
    "scnl-in.xml": 1034302.4269542672
  },
  "NL-KVK-41201463-PGLSO-010": {
    "scnl-nl.xml": 2038292.0447310624
  },
  "NL-KVK-41201463-PGLSO001L": {
    "scnl-998.xml": 2590273.6375055932
  },
  "NL-KVK-41201463-PGLSO020": {
    "scnl-nl.xml": 3198660.1113600065
  },
  "NL-KVK-41201463-PIDNO002": {
    "scnl-id.xml": 710026.8211358689
  },
  "NL-KVK-41201463-PIDNS-002": {
    "scnl-id.xml": 1487258.7233266996
  },
  "NL-KVK-41201463-PIDSO001": {
    "scnl-689.xml": 18100000.0
  },
  "NL-KVK-41201463-PINSO003": {
    "scnl-in.xml": 7666710.278472701
  },
  "NL-KVK-41201463-PINSO004": {
    "scnl-in.xml": 4548627.999464886
  },
  "NL-KVK-41201463-PIQNO003": {
    "scnl-589.xml": 703382.2809888793
  },
  "NL-KVK-41201463-PJOSO002": {
    "scnl-jo.xml": 2583413.943350246
  },
  "NL-KVK-41201463-PKENO001": {
    "scnl-ke.xml": 645727.6473048957
  },
  "NL-KVK-41201463-PLBNO003": {
    "scnl-lb.xml": 2225491.969335998
  },
  "NL-KVK-41201463-PLBNO004": {
    "scnl-lb.xml": 1253666.5476974791
  },
  "NL-KVK-41201463-PLBNO005": {
    "scnl-lb.xml": 473870.0628514742
  },
  "NL-KVK-41201463-PLBNS001": {
    "scnl-lb.xml": 1314741.067625416
  },
  "NL-KVK-41201463-PMASO001": {
    "scnl-mw.xml": 1758914.564878911
  },
  "NL-KVK-41201463-PMGNO001": {
    "scnl-mg.xml": 786664.1476683283
  },
  "NL-KVK-41201463-PMLSO001": {
    "scnl-ml.xml": 2175396.9443901046
  },
  "NL-KVK-41201463-PMLSO002": {
    "scnl-ml.xml": 1975757.9306353177
  },
  "NL-KVK-41201463-PMLSO003": {
    "scnl-ml.xml": 14756790.549102318
  },
  "NL-KVK-41201463-PMZNO001": {
    "scnl-mz.xml": 827147.6321297594
  },
  "NL-KVK-41201463-PMZSO001": {
    "scnl-298.xml": 582924.8171597228
  },
  "NL-KVK-41201463-PNESO002": {
    "scnl-ne.xml": 3455042.6745411647
  },
  "NL-KVK-41201463-PNESO003": {
    "scnl-ne.xml": 8608127.266930034
  },
  "NL-KVK-41201463-PNGNO-007": {
    "scnl-ng.xml": 1456485.0595757703
  },
  "NL-KVK-41201463-PNGNO-008": {
    "scnl-ng.xml": 398483.81703427865
  },
  "NL-KVK-41201463-PNGNO-009P": {
    "scnl-ng.xml": 1192962.5707839355
  },
  "NL-KVK-41201463-PNGNO-010L": {
    "scnl-ng.xml": 207335.4179426351
  },
  "NL-KVK-41201463-PNGNO-012L": {
    "scnl-ng.xml": 169331.5170219654
  },
  "NL-KVK-41201463-PNGNO-013L": {
    "scnl-ng.xml": 238723.99716189445
  },
  "NL-KVK-41201463-PNGNO003": {
    "scnl-ng.xml": 411833.9904417423
  },
  "NL-KVK-41201463-PNGNO004": {
    "scnl-ng.xml": 1752199.6348402982
  },
  "NL-KVK-41201463-PNGNO006": {
    "scnl-298.xml": 1398509.0229904132
  },
  "NL-KVK-41201463-PNGNO011": {
    "scnl-ng.xml": 1325348.6914819034
  },
  "NL-KVK-41201463-PNGNO014P": {
    "scnl-ng.xml": 1169068.522855794
  },
  "NL-KVK-41201463-PPSNO001": {
    "scnl-ps.xml": 590948.3742881583
  },
  "NL-KVK-41201463-PSDNO-009": {
    "scnl-ss.xml": 736109.5962601405
  },
  "NL-KVK-41201463-PSDNO-014L": {
    "scnl-ss.xml": 200564.70723518883
  },
  "NL-KVK-41201463-PSDNO-015": {
    "scnl-ss.xml": 1399376.2795796567
  },
  "NL-KVK-41201463-PSDNO-017P": {
    "scnl-ss.xml": 528970.7387695852
  },
  "NL-KVK-41201463-PSDNO-020P": {
    "scnl-ss.xml": 650042.680472509
  },
  "NL-KVK-41201463-PSDNO-022P": {
    "scnl-ss.xml": 877334.2967458791
  },
  "NL-KVK-41201463-PSDNO-025": {
    "scnl-ss.xml": 1644048.8866392858
  },
  "NL-KVK-41201463-PSDNO-11L": {
    "scnl-ss.xml": 183959.33336794673
  },
  "NL-KVK-41201463-PSDNO-12P": {
    "scnl-ss.xml": 960201.7927425655
  },
  "NL-KVK-41201463-PSDNO-19L": {
    "scnl-ss.xml": 76460.68774782013
  },
  "NL-KVK-41201463-PSDNO005": {
    "scnl-ss.xml": 1296385.2432457348
  },
  "NL-KVK-41201463-PSDNO006": {
    "scnl-298.xml": 499290.1105055584
  },
  "NL-KVK-41201463-PSDNO007": {
    "scnl-298.xml": 477126.5914224154
  },
  "NL-KVK-41201463-PSDNO008": {
    "scnl-298.xml": 602237.319171111
  },
  "NL-KVK-41201463-PSDNO010": {
    "scnl-ss.xml": 829890.1816807355
  },
  "NL-KVK-41201463-PSDNO021L": {
    "scnl-ss.xml": 188820.2202234299
  },
  "NL-KVK-41201463-PSDNO026L": {
    "scnl-ss.xml": 46510.452917765215
  },
  "NL-KVK-41201463-PSDNO027P ": {
    "scnl-ss.xml": 656263.5531585973
  },
  "NL-KVK-41201463-PSDNO028L": {
    "scnl-ss.xml": 1040127.5225138708
  },
  "NL-KVK-41201463-PSDNO028P": {
    "scnl-ss.xml": 1933610.3228870232
  },
  "NL-KVK-41201463-PSDSO003": {
    "scnl-ss.xml": 4544051.32839822
  },
  "NL-KVK-41201463-PSONO-003": {
    "scnl-so.xml": 808874.1506421657
  },
  "NL-KVK-41201463-PSONO001": {
    "scnl-so.xml": 596420.1922784835
  },
  "NL-KVK-41201463-PSONO002": {
    "scnl-so.xml": 734457.4259737413
  },
  "NL-KVK-41201463-PSONO004": {
    "scnl-so.xml": 591587.1957574171
  },
  "NL-KVK-41201463-PSONO005": {
    "scnl-so.xml": 527659.8930519999
  },
  "NL-KVK-41201463-PSYNO005": {
    "scnl-sy.xml": 1326249.1508502143
  },
  "NL-KVK-41201463-PSYNO006": {
    "scnl-589.xml": 926313.7083151042
  },
  "NL-KVK-41201463-PSYNO007": {
    "scnl-sy.xml": 1087575.6219125025
  },
  "NL-KVK-41201463-PUANO-001": {
    "scnl-ua.xml": 880934.8061079597
  },
  "NL-KVK-41201463-PUANO001": {
    "scnl-ua.xml": 1071514.7736219675
  },
  "NL-KVK-41201463-PUANO002": {
    "scnl-619.xml": 707516.6910383654
  },
  "NL-KVK-41201463-PUANO003": {
    "scnl-ua.xml": 463930.47890982503
  },
  "NL-KVK-41201463-PUANS001": {
    "scnl-ua.xml": 14097744.603057863
  },
  "NL-KVK-41201463-PUGNO004": {
    "scnl-ug.xml": 640682.1529977971
  },
  "NL-KVK-41201463-PUGSO003": {
    "scnl-ug.xml": 1528381.0292573895
  },
  "NL-KVK-41201463-PVNSO001": {
    "scnl-vn.xml": 1892558.4068479561
  },
  "NL-KVK-41201463-PYENO-005": {
    "scnl-589.xml": 2266964.8966136407
  },
  "NL-KVK-41201463-PYENO-006": {
    "scnl-ye.xml": 1802483.251571295
  },
  "NL-KVK-41201463-PYENO-007": {
    "scnl-ye.xml": 1000183.251184496
  },
  "NL-KVK-41201463-PYENO002": {
    "scnl-ye.xml": 2063495.6102656263
  },
  "NL-KVK-41201463-PYENO003": {
    "scnl-ye.xml": 2440166.5295637148
  },
  "NL-KVK-41201463-PYENO004": {
    "scnl-ye.xml": 1462250.3901330524
  },
  "NL-KVK-41201463-PYENO008": {
    "scnl-ye.xml": 2464201.3572751028
  },
  "NL-KVK-41201463-PZMNO001": {
    "scnl-zm.xml": 735976.7851438705
  },