{
  "NL-KVK-41201463-52800605": {
    "scnl-so.xml": 746202.9485396052
  },
  "NL-KVK-41201463-ATWA": {
    "scnl-289.xml": 33212520.936343808
  },
  "NL-KVK-41201463-DRASSDIPC5": {
    "scnl-ss.xml": 5834419.406495666
  },
  "NL-KVK-41201463-MTBA": {
    "scnl-998.xml": 32419550.774694007
  },
  "NL-KVK-41201463-NJR2": {
    "scnl-289.xml": 6567506.066791742
  },
  "NL-KVK-41201463-NJR2019": {
    "scnl-ng.xml": 14048291.987854127
  },
  "NL-KVK-41201463-NJR2020": {
    "scnl-ng.xml": 16883726.492230922
  },
  "NL-KVK-41201463-NJR2021": {
    "scnl-ng.xml": 13418140.89223564
  },
  "NL-KVK-41201463-NJR3": {
    "scnl-298.xml": 9565815.42891879
  },
  "NL-KVK-41201463-NJR4": {
    "scnl-298.xml": 13337158.141425444
  },
  "NL-KVK-41201463-PAFNO003": {
    "scnl-af.xml": 2489610.469803913
  },
  "NL-KVK-41201463-PBDNO002": {
    "scnl-679.xml": 756000.6418239189
  },
  "NL-KVK-41201463-PBDSO-003": {
    "scnl-bd.xml": 433770.1195870573
  },
  "NL-KVK-41201463-PBFNO001": {
    "scnl-bf.xml": 587750.0029929391
  },
  "NL-KVK-41201463-PBFSO002": {
    "scnl-bf.xml": 9840746.009230945
  },
  "NL-KVK-41201463-PBFSO003": {
    "scnl-bf.xml": 2540593.015902736
  },
  "NL-KVK-41201463-PCISO003": {
    "scnl-ci.xml": 1903741.623921562
  },
  "NL-KVK-41201463-PCONO005": {
    "scnl-co.xml": 924304.4206862713
  },
  "NL-KVK-41201463-PETNO006": {
    "scnl-et.xml": 409685.72886823385
  },
  "NL-KVK-41201463-PETNO007": {
    "scnl-et.xml": 1192644.3086074467
  },
  "NL-KVK-41201463-PETNO008": {
    "scnl-et.xml": 569572.1267611745
  },
  "NL-KVK-41201463-PGBNO003": {
    "scnl-998.xml": 433910.94067019457
  },
  "NL-KVK-41201463-PGBNO007": {
    "scnl-998.xml": 157677.1010886269
  },
  "NL-KVK-41201463-PGLNO010": {
    "scnl-998.xml": 250402.47033137167
  },
  "NL-KVK-41201463-PGLNO011": {
    "scnl-998.xml": 37714.80876588222
  },
  "NL-KVK-41201463-PGLNS001": {
    "scnl-in.xml": 1034605.8553054866
  },
  "NL-KVK-41201463-PGLSO-010": {
    "scnl-nl.xml": 2038890.008709797
  },
  "NL-KVK-41201463-PGLSO001L": {
    "scnl-998.xml": 2591033.53368156
  },
  "NL-KVK-41201463-PGLSO020": {
    "scnl-nl.xml": 3199598.4869631263
  },
  "NL-KVK-41201463-PIDNO002": {
    "scnl-id.xml": 710235.1183050956
  },
  "NL-KVK-41201463-PIDNS-002": {
    "scnl-id.xml": 1487695.033298034
  },
  "NL-KVK-41201463-PIDSO001": {
    "scnl-689.xml": 18100000.0
  },
  "NL-KVK-41201463-PINSO003": {
    "scnl-in.xml": 7668959.424562327
  },
  "NL-KVK-41201463-PINSO004": {
    "scnl-in.xml": 4549962.408684297
  },
  "NL-KVK-41201463-PIQNO003": {
    "scnl-589.xml": 703588.628881174
  },
  "NL-KVK-41201463-PJOSO002": {
    "scnl-jo.xml": 2584171.8271305794
  },
  "NL-KVK-41201463-PKENO001": {
    "scnl-ke.xml": 645917.0813333311
  },
  "NL-KVK-41201463-PLBNO003": {
    "scnl-lb.xml": 2226144.8512603845
  },
  "NL-KVK-41201463-PLBNO004": {
    "scnl-lb.xml": 1254034.3298505838
  },
  "NL-KVK-41201463-PLBNO005": {
    "scnl-lb.xml": 474009.0798431356
  },
  "NL-KVK-41201463-PLBNS001": {
    "scnl-lb.xml": 1315126.7669180348
  },
  "NL-KVK-41201463-PMASO001": {
    "scnl-mw.xml": 1759430.5692239155
  },
  "NL-KVK-41201463-PMGNO001": {
    "scnl-mg.xml": 786894.9275631345
  },
  "NL-KVK-41201463-PMLSO001": {
    "scnl-ml.xml": 2176035.1301768553
  },
  "NL-KVK-41201463-PMLSO002": {
    "scnl-ml.xml": 1976337.5492803853
  },
  "NL-KVK-41201463-PMLSO003": {
    "scnl-ml.xml": 14761119.678096812
  },
  "NL-KVK-41201463-PMZNO001": {
    "scnl-mz.xml": 827390.2884705854
  },
  "NL-KVK-41201463-PMZSO001": {
    "scnl-298.xml": 583147.4124227467
  },
  "NL-KVK-41201463-PNESO002": {
    "scnl-ne.xml": 3456056.2638693997
  },
  "NL-KVK-41201463-PNESO003": {
    "scnl-ne.xml": 8610652.59201448
  },
  "NL-KVK-41201463-PNGNO-007": {
    "scnl-ng.xml": 1456912.341624701
  },
  "NL-KVK-41201463-PNGNO-008": {
    "scnl-ng.xml": 398600.71832392015
  },
  "NL-KVK-41201463-PNGNO-009P": {
    "scnl-ng.xml": 1193312.5445019566
  },
  "NL-KVK-41201463-PNGNO-010L": {
    "scnl-ng.xml": 207396.2429415679
  },
  "NL-KVK-41201463-PNGNO-012L": {
    "scnl-ng.xml": 169381.19299843078
  },
  "NL-KVK-41201463-PNGNO-013L": {
    "scnl-ng.xml": 238794.0304780384
  },
  "NL-KVK-41201463-PNGNO003": {
    "scnl-ng.xml": 411954.8082078417
  },
  "NL-KVK-41201463-PNGNO004": {
    "scnl-ng.xml": 1752713.6692584252
  },
  "NL-KVK-41201463-PNGNO006": {
    "scnl-298.xml": 1398919.2968870539
  },
  "NL-KVK-41201463-PNGNO011": {
    "scnl-ng.xml": 1325737.5026823482
  },
  "NL-KVK-41201463-PNGNO014P": {
    "scnl-ng.xml": 1169411.4868913684
  },
  "NL-KVK-41201463-PPSNO001": {
    "scnl-ps.xml": 591121.7379835274
  },
  "NL-KVK-41201463-PSDNO-009": {
    "scnl-ss.xml": 736325.5452082327
  },
  "NL-KVK-41201463-PSDNO-014L": {
    "scnl-ss.xml": 200623.54594313656
  },
  "NL-KVK-41201463-PSDNO-015": {
    "scnl-ss.xml": 1399786.8078992108
  },
  "NL-KVK-41201463-PSDNO-017P": {
    "scnl-ss.xml": 529125.9203827432
  },
  "NL-KVK-41201463-PSDNO-020P": {
    "scnl-ss.xml": 650233.3803815664
  },
  "NL-KVK-41201463-PSDNO-022P": {
    "scnl-ss.xml": 877591.6761082322
  },
  "NL-KVK-41201463-PSDNO-025": {
    "scnl-ss.xml": 1644531.1933901904
  },
  "NL-KVK-41201463-PSDNO-11L": {
    "scnl-ss.xml": 184013.3006368621
  },
  "NL-KVK-41201463-PSDNO-12P": {
    "scnl-ss.xml": 960483.4825454869
  },
  "NL-KVK-41201463-PSDNO-19L": {
    "scnl-ss.xml": 76483.11865372522
  },
  "NL-KVK-41201463-PSDNO005": {
    "scnl-ss.xml": 1296765.5575780347
  },
  "NL-KVK-41201463-PSDNO006": {
    "scnl-298.xml": 499436.5848549002
  },
  "NL-KVK-41201463-PSDNO007": {
    "scnl-298.xml": 477266.56376627285
  },
  "NL-KVK-41201463-PSDNO008": {
    "scnl-298.xml": 602413.994650194
  },
  "NL-KVK-41201463-PSDNO010": {
    "scnl-ss.xml": 830133.6425901932
  },
  "NL-KVK-41201463-PSDNO021L": {
    "scnl-ss.xml": 188875.61350745033
  },
  "NL-KVK-41201463-PSDNO026L": {
    "scnl-ss.xml": 46524.097466666506
  },
  "NL-KVK-41201463-PSDNO027P ": {
    "scnl-ss.xml": 656456.0780552918
  },
  "NL-KVK-41201463-PSDNO028L": {
    "scnl-ss.xml": 1040432.6597454866
  },
  "NL-KVK-41201463-PSDNO028P": {
    "scnl-ss.xml": 1934177.5768901894
  },
  "NL-KVK-41201463-PSDSO003": {
    "scnl-ss.xml": 4545384.394981553
  },
  "NL-KVK-41201463-PSONO-003": {
    "scnl-so.xml": 809111.4461792129
  },
  "NL-KVK-41201463-PSONO001": {
    "scnl-so.xml": 596595.1612148999
  },
  "NL-KVK-41201463-PSONO002": {
    "scnl-so.xml": 734672.8902325465
  },
  "NL-KVK-41201463-PSONO004": {
    "scnl-so.xml": 591760.7468607823
  },
  "NL-KVK-41201463-PSONO005": {
    "scnl-so.xml": 527814.6901086256
  },
  "NL-KVK-41201463-PSYNO005": {
    "scnl-sy.xml": 1326638.226214113
  },
  "NL-KVK-41201463-PSYNO006": {
    "scnl-589.xml": 926585.4565329379
  },
  "NL-KVK-41201463-PSYNO007": {
    "scnl-sy.xml": 1087894.6787658785
  },
  "NL-KVK-41201463-PUANO-001": {
    "scnl-ua.xml": 881193.2417345068
  },
  "NL-KVK-41201463-PUANO001": {
    "scnl-ua.xml": 1071829.1187811727
  },
  "NL-KVK-41201463-PUANO002": {
    "scnl-619.xml": 707724.2518227426
  },
  "NL-KVK-41201463-PUANO003": {
    "scnl-ua.xml": 464066.5799733317
  },
  "NL-KVK-41201463-PUANS001": {
    "scnl-ua.xml": 14101880.390898382
  },
  "NL-KVK-41201463-PUGNO004": {
    "scnl-ug.xml": 640870.1068537233
  },
  "NL-KVK-41201463-PUGSO003": {
    "scnl-ug.xml": 1528829.4030827398
  },
  "NL-KVK-41201463-PVNSO001": {
    "scnl-vn.xml": 1893113.6176470523
  },
  "NL-KVK-41201463-PYENO-005": {
    "scnl-589.xml": 2267629.945252149
  },
  "NL-KVK-41201463-PYENO-006": {
    "scnl-ye.xml": 1803012.037453327
  },
  "NL-KVK-41201463-PYENO-007": {
    "scnl-ye.xml": 1000476.6701564671
  },
  "NL-KVK-41201463-PYENO002": {
    "scnl-ye.xml": 2064100.9680937182
  },
  "NL-KVK-41201463-PYENO003": {
    "scnl-ye.xml": 2440882.38953607
  },
  "NL-KVK-41201463-PYENO004": {
    "scnl-ye.xml": 1462679.3635294067
  },
  "NL-KVK-41201463-PYENO008": {
    "scnl-ye.xml": 2464924.268229795
  },
  "NL-KVK-41201463-PZMNO001": {
    "scnl-zm.xml": 736192.6951298014
  },