{
  "XM-DAC-46004-34389-013-LN2378": 21012915.740000002,
  "XM-DAC-46004-34389-023-LN2479": 21255397.31,
  "XM-DAC-46004-34389-033-LN2585": 19967234.12,
  "XM-DAC-46004-34389-043-GRNT0238": 10000000.0,
  "XM-DAC-46004-34389-043-LN2706": 20427908.09,
  "XM-DAC-46004-36353-013-LN2373": 13437899.04,
  "XM-DAC-46004-37041-013-LN2261": 40763902.65,
  "XM-DAC-46004-37256-022-GRNT0066": 15594184.54,
  "XM-DAC-46004-37269-013-LN2288": 85754426.66,
  "XM-DAC-46004-37269-023-LN2602": 77730160.4,
  "XM-DAC-46004-37287-013-GRNT0092": 19784320.66,
  "XM-DAC-46004-37287-013-LN2376": 19917771.5,
  "XM-DAC-46004-38421-013-GRNT0136": 3913915.06,
  "XM-DAC-46004-38421-013-LN2480": 42213731.660000004,
  "XM-DAC-46004-38421-023-GRNT0223": 18000000.0,
  "XM-DAC-46004-38421-023-GRNT0224": 9552423.45,
  "XM-DAC-46004-38421-023-LN2675": 20449038.080000002,
  "XM-DAC-46004-38421-072-LN2904": 49945852.730000004,
  "XM-DAC-46004-38558-013-GRNT0220": 4707740.0,
  "XM-DAC-46004-38558-013-LN2672": 19527048.07,
  "XM-DAC-46004-38558-013-LN2673": 39663528.83,
  "XM-DAC-46004-38559-022-GRNT0090": 54199628.54,
  "XM-DAC-46004-38560-022-GRNT0156": 41999603.03,
  "XM-DAC-46004-38560-024-LN3433": 30067950.71,
  "XM-DAC-46004-39603-012-GRNT0034": 29737097.62,
  "XM-DAC-46004-40190-013-LN2970": 66358143.12,
  "XM-DAC-46004-40253-023-GRNT0241": 27515986.08,
  "XM-DAC-46004-40555-012-GRNT0178": 48704167.33,
  "XM-DAC-46004-41123-013-LN2406": 11646079.66,
  "XM-DAC-46004-41123-015-LN3576": 123619100.81,
  "XM-DAC-46004-41373-012-GRNT0132": 13420000.0,
  "XM-DAC-46004-41373-012-GRNT0133": 7549439.03,
  "XM-DAC-46004-41373-013-GRNT0221": 20000000.0,
  "XM-DAC-46004-41373-013-GRNT0222": 9444670.47,
  "XM-DAC-46004-41373-013-LN2674": 20962536.69,
  "XM-DAC-46004-41392-013-LN2886": 47796111.79,
  "XM-DAC-46004-41392-013-LN2887": 25640821.97,
  "XM-DAC-46004-41392-023-LN3414": 23418603.56,
  "XM-DAC-46004-41392-023-LN3415": 29382439.09,
  "XM-DAC-46004-41403-013-LN3232": 60871804.34,
  "XM-DAC-46004-41435-013-GRNT0186": 53911641.4,
  "XM-DAC-46004-41435-013-LN2599": 6608326.2700000005,
  "XM-DAC-46004-41435-054-GRNT0542": 7192070.0,
  "XM-DAC-46004-41435-054-LN3570": 72204099.49,
  "XM-DAC-46004-41505-012-GRNT0231": 19989535.18,
  "XM-DAC-46004-42186-013-GRNT0116": 34994091.32,
  "XM-DAC-46004-42186-013-LN2455": 29551369.21,
  "XM-DAC-46004-42285-013-LN3311": 51652892.66,
  "XM-DAC-46004-42305-013-LN2815": 29972284.47,
  "XM-DAC-46004-42305-023-LN3002": 30224299.21,
  "XM-DAC-46004-42305-033-LN3185": 28798154.64,
  "XM-DAC-46004-42334-013-LN2670": 68667359.32000001,
  "XM-DAC-46004-42334-014-LN3151": 94765587.55,
  "XM-DAC-46004-42334-018-GRNT0581": 2620298.04,
  "XM-DAC-46004-42334-018-LN3678": 89099924.48,
  "XM-DAC-46004-42358-013-LN2539": 28934899.65,
  "XM-DAC-46004-42361-013-LN2979": 84169424.27,
  "XM-DAC-46004-43120-013-LN2873": 20063435.45,
  "XM-DAC-46004-43260-013-LN2888": 23537371.88,
  "XM-DAC-46004-43260-013-LN2889": 34524787.91,
  "XM-DAC-46004-43309-013-LN2839": 95435478.13,
  "XM-DAC-46004-43309-015-LN3442": 11515347.34,
  "XM-DAC-46004-43319-033-LN2983": 66683414.12,
  "XM-DAC-46004-44263-013-LN3460": 78632260.05,
  "XM-DAC-46004-44263-015-LN3831": 80000000.0,
  "XM-DAC-46004-44263-016-LN4128": 40000000.0,
  "XM-DAC-46004-44321-013-LN3006": 46688206.79,
  "XM-DAC-46004-44321-013-LN3007": 52935196.09,
  "XM-DAC-46004-44328-013-LN3289": 119512042.5,
  "XM-DAC-46004-46009-001-LN2852": 106752251.18,
  "XM-DAC-46004-46009-003-LN3125": 142665492.33,
  "XM-DAC-46004-46064-002-LN3166": 13389830.13,
  "XM-DAC-46004-46064-002-LN3167": 43893329.57,
  "XM-DAC-46004-46293-004-LN3194": 32457482.48,
  "XM-DAC-46004-46443-002-LN3314": 48097069.03,
  "XM-DAC-46004-47136-003-LN3426": 29633794.56,
  "XM-DAC-46004-47136-003-LN3427": 55472127.24,
  "XM-DAC-46004-47136-006-LN3719": 30000000.0,
  "XM-DAC-46004-47136-006-LN3720": 43016393.589999996,
  "XM-DAC-46004-47914-014-LN3104": 75000000.0,
  "XM-DAC-46004-48118-002-LN3464": 38310480.2,
  "XM-DAC-46004-48118-005-LN4125": 25000000.0,
  "XM-DAC-46004-48158-002-LN3630": 63375960.9,
  "XM-DAC-46004-48409-002-LN3661": 101375386.23,
  "XM-DAC-46004-49041-002-LN3428": 52276547.17,
  "XM-DAC-46004-49041-002-LN3429": 4461158.08,
  "XM-DAC-46004-49387-002-LN3701": 45874450.98,
  "XM-DAC-46004-50099-002-GRNT0592": 2140040.35,
  "XM-DAC-46004-50099-002-LN3686": 82050324.5,
  "XM-DAC-46004-50101-002-GRNT0670": 7992292.85,
  "XM-DAC-46004-50101-002-LN3832": 20000000.0,
  "XM-DAC-46004-50101-002-LN3833": 49700368.61,
  "XM-DAC-46004-50102-002-GRNT0591": 2540000.0,
  "XM-DAC-46004-50102-002-LN3684": 113872980.17,
  "XM-DAC-46004-50248-001-LN3495": 3600000.0,
  "XM-DAC-46004-50264-002-LN4013": 70747300.0,
  "XM-DAC-46004-50292-001-LN3681": 40000000.0,
  "XM-DAC-46004-50394-002-LN3791": 83555992.86,
  "XM-DAC-46004-51159-002-GRNT0681": 2160000.0,
  "XM-DAC-46004-51159-002-LN3877": 155370362.43,
  "XM-DAC-46004-51182-001-LN3789": 8880845.88,
  "XM-DAC-46004-52145-001-LN3969": 40000000.0,
  "XM-DAC-46004-52145-001-LN3970": 9666502.11,
  "XM-DAC-46004-52287-001-LN4048": 6834957.21,
  "XM-DAC-46004-53089-001-LN4044": 20000000.0,
  "XM-DAC-46004-53199-001-LN4143": 180000000.0,
  "XM-DAC-46004-53324-001-LN3967": 127800000.0,
  "XM-DAC-46004-53372-001-LN4119": 82050000.0,
  "XM-DAC-46004-54195-001-LN3951": 500000000.0,
  "XM-DAC-46004-55104-001-LN4173": 95000000.0,
  "XM-DAC-46004-55292-001-LN4180": 15000000.0
}