{
  "thp_org": {
    "NL-KVK-41201198-R2GGlobal": 24541796.323142625,
    "NL-KVK-41201198-R2GTHPManagement": 3090939.2196179135
  }
}