{
  "US-GOV-10-GM-72EGEE18T00001": 45976.0,
  "US-GOV-10-GM-AID-BFS-T-11-00001": 173399.0,
  "US-GOV-10-GM-AID-EGAT-T-10-00006": 15359.0,
  "US-GOV-10-GM-AID-PPL-T-12-00002": 131212.0,
  "US-GOV-10-GM-FAGOV-1046102173879799563": 438678.38,
  "US-GOV-10-GM-FAGOV-1130716700651821090": 1042964.1,
  "US-GOV-10-GM-FAGOV-1165192247897905323": 312251.32,
  "US-GOV-10-GM-FAGOV-1338222783110996962": 1336246.0899999999,
  "US-GOV-10-GM-FAGOV-1358363111158245012": 160386.0,
  "US-GOV-10-GM-FAGOV-1569952169600829891": 697678.11,
  "US-GOV-10-GM-FAGOV-1729223373601366760": 59117.0,
  "US-GOV-10-GM-FAGOV-180390879418311408": 486940.44999999995,
  "US-GOV-10-GM-FAGOV-1942956217906770926": 782852.0,
  "US-GOV-10-GM-FAGOV-2084411137769169175": 114927.67,
  "US-GOV-10-GM-FAGOV-2221307852469801333": 43614.22,
  "US-GOV-10-GM-FAGOV-2286479006376288156": 297425.72,
  "US-GOV-10-GM-FAGOV-2341378370444687860": 484546.99,
  "US-GOV-10-GM-FAGOV-2632679268015112964": 388382.79,
  "US-GOV-10-GM-FAGOV-2750579572168972863": 522681.0,
  "US-GOV-10-GM-FAGOV-2773813040223722341": 319443.43,
  "US-GOV-10-GM-FAGOV-2823834140776350150": 382893.24,
  "US-GOV-10-GM-FAGOV-2840596679414221531": 492743.78,
  "US-GOV-10-GM-FAGOV-2841908708665162219": 1699302.0,
  "US-GOV-10-GM-FAGOV-2852209509708683542": 865702.5,
  "US-GOV-10-GM-FAGOV-3188482717066703565": 117522.0,
  "US-GOV-10-GM-FAGOV-3358361706780355231": 669186.0,
  "US-GOV-10-GM-FAGOV-3429378024416574761": 1506875.51,
  "US-GOV-10-GM-FAGOV-3949431046310690968": 319714.24,
  "US-GOV-10-GM-FAGOV-3951392133617142972": 1519526.0,
  "US-GOV-10-GM-FAGOV-4079763749571761547": 671257.76,
  "US-GOV-10-GM-FAGOV-4157492682445879579": 60065.0,
  "US-GOV-10-GM-FAGOV-417891854086693029": 77415.87,
  "US-GOV-10-GM-FAGOV-4270650158354312164": 508268.0,
  "US-GOV-10-GM-FAGOV-4360463577657210896": 123463.0,
  "US-GOV-10-GM-FAGOV-4418670221717846500": 1372272.9,
  "US-GOV-10-GM-FAGOV-4436839964420538396": 301154.01,
  "US-GOV-10-GM-FAGOV-4473612497950048077": 3586574.0,
  "US-GOV-10-GM-FAGOV-4496215610613321505": 29631.64,
  "US-GOV-10-GM-FAGOV-4507576871529250767": 382851.15,
  "US-GOV-10-GM-FAGOV-459520104581807389": 62494.299999999996,
  "US-GOV-10-GM-FAGOV-4638036339572897447": 103764.0,
  "US-GOV-10-GM-FAGOV-4674904475537990580": -5.0,
  "US-GOV-10-GM-FAGOV-5068514401826813597": 466097.0,
  "US-GOV-10-GM-FAGOV-5069482213442642255": 388016.79000000004,
  "US-GOV-10-GM-FAGOV-5324302628892313224": 1591772.0,
  "US-GOV-10-GM-FAGOV-5326151006989602595": 394825.01,
  "US-GOV-10-GM-FAGOV-5439538335379952772": 862153.7,
  "US-GOV-10-GM-FAGOV-5443104676272255945": 756994.1599999999,
  "US-GOV-10-GM-FAGOV-5558487770693046411": 768611.0,
  "US-GOV-10-GM-FAGOV-5942933158154230191": 41.0,
  "US-GOV-10-GM-FAGOV-6045037916501173992": 1349153.1700000002,
  "US-GOV-10-GM-FAGOV-604970742584346997": 437768.0,
  "US-GOV-10-GM-FAGOV-6177461591128515413": 105289.0,
  "US-GOV-10-GM-FAGOV-6454915085193550813": 167410.97,
  "US-GOV-10-GM-FAGOV-6526312774933268739": 72440.55,
  "US-GOV-10-GM-FAGOV-6575701028675935234": 335827.0,
  "US-GOV-10-GM-FAGOV-6613084479491386007": 90307.66,
  "US-GOV-10-GM-FAGOV-6811190751573049834": 22243.0,
  "US-GOV-10-GM-FAGOV-7119821152488151648": 399890.0,
  "US-GOV-10-GM-FAGOV-712850173591963920": 1221728.02,
  "US-GOV-10-GM-FAGOV-736314804105324298": 666510.0,
  "US-GOV-10-GM-FAGOV-7492578888164119624": 615133.47,
  "US-GOV-10-GM-FAGOV-7516458468195443771": 277756.43,
  "US-GOV-10-GM-FAGOV-7574547338063644712": 575664.04,
  "US-GOV-10-GM-FAGOV-7724282493628753102": 22984.0,
  "US-GOV-10-GM-FAGOV-8156288526264871121": 10231.0,
  "US-GOV-10-GM-FAGOV-8219700213499610249": 118023.0,
  "US-GOV-10-GM-FAGOV-823100741424143891": 216453.77,
  "US-GOV-10-GM-FAGOV-829778728198010911": 1228961.0,
  "US-GOV-10-GM-FAGOV-8328671150057983207": 1721329.0,
  "US-GOV-10-GM-FAGOV-8587962478386470506": 421449.32,
  "US-GOV-10-GM-FAGOV-8679571207114456677": 452488.0,
  "US-GOV-10-GM-FAGOV-8753794498447533963": 247676.0,
  "US-GOV-10-GM-FAGOV-8772745713466426953": 707600.0,
  "US-GOV-10-GM-FAGOV-8778903266862399225": 464636.11,
  "US-GOV-10-GM-FAGOV-8966853338868758550": 69787.0,
  "US-GOV-10-GM-FAGOV-9020866803781845550": 255020.81,
  "US-GOV-10-GM-FAGOV-9034321362220818462": 235382.0,
  "US-GOV-10-GM-FAGOV-911455815129136187": 19994.83,
  "US-GOV-10-GM-FAGOV-916782600129153352": 373578.0,
  "US-GOV-10-GM-FAGOV-975409998842408467": 400151.68,
  "US-GOV-11-GM-457715GR301": 12380.0,
  "US-GOV-11-GM-457715GR302": 10762.0,
  "US-GOV-11-GM-457715GR303": 10982.0,
  "US-GOV-11-GM-457715GR304": 14650.0,
  "US-GOV-11-GM-457715GR305": 11822.0,
  "US-GOV-11-GM-457715GR307": 11334.0,
  "US-GOV-11-GM-457715GR308": 10054.0,
  "US-GOV-11-GM-457715GR309": 13178.0,
  "US-GOV-11-GM-45773CA700": -10000.0,
  "US-GOV-11-GM-45773GR400": 27110.0,
  "US-GOV-11-GM-45774GR301": 3250.0,
  "US-GOV-11-GM-45774GR302": 4250.0,
  "US-GOV-11-GM-45774GR303": 3692.0,
  "US-GOV-11-GM-45774GR304": 2235.0,
  "US-GOV-11-GM-45774GR306": 2750.0,
  "US-GOV-11-GM-45774GR307": 3552.0,
  "US-GOV-11-GM-45774GR308": 3268.0,
  "US-GOV-11-GM-45774GR309": 2750.0,
  "US-GOV-11-GM-45774GR310": 4120.0,
  "US-GOV-11-GM-45774GR311": 1454.0,
  "US-GOV-11-GM-45774GR312": 2749.0,
  "US-GOV-11-GM-45775GR300": 7370.0,
  "US-GOV-11-GM-45775GR3000": 11364.0,
  "US-GOV-11-GM-45775GR301": 7940.0,
  "US-GOV-11-GM-45775GR302": 8276.0,
  "US-GOV-11-GM-45775GR303": 11018.0,
  "US-GOV-11-GM-45775GR304": 5500.0,
  "US-GOV-11-GM-45775GR305": 6500.0,
  "US-GOV-11-GM-45775GR306": 6000.0,
  "US-GOV-11-GM-45775GR307": 8000.0,
  "US-GOV-11-GM-45775GR308": 10000.0,
  "US-GOV-11-GM-45775GR309": 7500.0,
  "US-GOV-11-GM-45775GR310": 6000.0,
  "US-GOV-11-GM-45775GR311": 5000.0,
  "US-GOV-11-GM-45775GR312": 9810.0,
  "US-GOV-11-GM-45775GR313": 8200.0,
  "US-GOV-11-GM-45775GR314": 17000.0,
  "US-GOV-11-GM-45775GR315": 9800.0,
  "US-GOV-11-GM-47715GR3006": 7446.0,
  "US-GOV-11-GM-FAGOV-4872025565721026213": 112729.0,
  "US-GOV-11-GM-FAGOV-5035431322799678829": 179329.0,
  "US-GOV-11-GM-FAGOV-7316339423074138523": 196730.0,
  "US-GOV-11-GM-FAGOV-8856954264147550795": 26004.0,
  "US-GOV-11-GM-FAGOV-9202799279514910080": 168644.0,
  "US-GOV-11-GM-SAQMMA17F4870": 1019753.4199999999,
  "US-GOV-11-GM-SAQMMA17F4916": 888888.9,
  "US-GOV-11-GM-SGA10016GR010": 1377076.0,
  "US-GOV-11-GM-SGA10018GR0010": 21034.55,
  "US-GOV-11-GM-SGA10018GR0011": 8196.0,
  "US-GOV-11-GM-SGA10018GR0012": 10130.21,
  "US-GOV-11-GM-SGA10018GR0013": 17756.100000000002,
  "US-GOV-11-GM-SGA10018GR0014": 11792.199999999999,
  "US-GOV-11-GM-SGA10019GR0002": 910000.0,
  "US-GOV-11-GM-SGA10019GR0019": 11160.0,
  "US-GOV-11-GM-SGA10019GR0020": 13334.0,
  "US-GOV-11-GM-SGA10019GR0021": 9720.0,
  "US-GOV-11-GM-SGA10019GR0022": 5912.8,
  "US-GOV-11-GM-SGA10019GR0023": 11267.199999999999,
  "US-GOV-11-GM-SGA10019GR0024": 9264.0,
  "US-GOV-11-GM-SGA10019GR0025": 8524.0,
  "US-GOV-11-GM-SGA10019GR0026": 800000.0,
  "US-GOV-11-GM-SLMAQM18GR2230": 1199812.5,
  "US-GOV-11-GM-SLMAQM18GR2321": 799875.0,
  "US-GOV-11-GM-SLMAQM20GR2470": 227125.0,
  "US-GOV-11-GM-SSJTIP19GR0012": 1057890.0,
  "US-GOV-13-GM-5255": 18000.0,
  "US-GOV-15-GM-JITFM1818O628": 15580.08,
  "US-GOV-15-GM-JITFM1919O628": 3604.25,
  "US-GOV-15-GM-JITFM2020O628": 9661.32,
  "US-GOV-19-GM-RA1901OIO": 2050.11,
  "US-GOV-19-GM-RA7017OIO": 224617.6,
  "US-GOV-6-GM-OTA2000000074": 805822.0900000001,
  "US-GOV-6-GM-OTA4000000084": 425255.17,
  "US-GOV-6-GM-OTA5000000058": 322286.26,
  "US-GOV-7-GM-740F436C": 70000.0,
  "US-GOV-7-GM-8D5D8637": 86350.0,
  "US-GOV-7-GM-BE6E07FF": 220000.0,
  "US-GOV-7-GM-COMBATTING-TERRORISM-FELLOWSHIP-PROGRAM-CTFP": 6555.0,
  "US-GOV-7-GM-DEPARTMENT-OF-DEFENSE-HIVAIDS-PREVENTION-PROGRAM-DHAPP": 190000.0,
  "US-GOV-7-GM-DOD-HIVAIDS-PREVENTION-PROGRAM-DHAPP": 310000.0,
  "US-GOV-7-GM-E4D6F206": 162000.0,
  "US-GOV-7-GM-EC24150E": 200000.0,
  "US-GOV-7-GM-F5126386": 96075.0,
  "US-GOV-7-GM-F7903E38": 200000.0,
  "US-GOV-7-GM-F7A4FB0C": 200000.0,
  "US-GOV-7-GM-FB1D714B": 199306.0
}