{
  "AT-ZVR-315688676-MD190103": {
    "lftw-int-activities.xml": 429278.56709457666
  },
  "AT-ZVR-315688676-MD190104": {
    "lftw-int-activities.xml": 574288.5478632455
  },
  "AT-ZVR-315688676-MD190109": {
    "lftw-int-activities.xml": 199580.78936141395
  }
}