{
  "XM-DAC-6-4-000201-04-0": -40134.82871899907,
  "XM-DAC-6-4-000201-05-1": -11746.53230294949,
  "XM-DAC-6-4-000205-01-5": -6841.990433548358,
  "XM-DAC-6-4-000775-01-4": -88.09361342191224,
  "XM-DAC-6-4-000775-03-6": -2259.6616133299517,
  "XM-DAC-6-4-000828-03-0": -683597.9933670441,
  "XM-DAC-6-4-000920-01-0": -180142.448135239,
  "XM-DAC-6-4-001374-07-4": 149521.0199579267,
  "XM-DAC-6-4-001580-04-0": -176374.75613999777,
  "XM-DAC-6-4-001580-05-1": -71283.20575337246,
  "XM-DAC-6-4-002033-05-4": -7900.521592443767,
  "XM-DAC-6-4-003191-01-6": -713623.0274177823,
  "XM-DAC-6-4-003256-02-4": -177514.06301980861,
  "XM-DAC-6-4-004159-25-6": -2400.6937376970986,
  "XM-DAC-6-4-004468-02-6": 63138.69416988694,
  "XM-DAC-6-4-004472-02-0": -3086.596747673679,
  "XM-DAC-6-4-004514-01-6": -669314.6146477718,
  "XM-DAC-6-4-006010-01-2": 856567.9220843872,
  "XM-DAC-6-4-006010-04-5": 139651.97654722427,
  "XM-DAC-6-4-007081-02-3": 255392.47725365142,
  "XM-DAC-6-4-008178-02-6": 78849.36411623133,
  "XM-DAC-6-4-008380-02-4": 19916.34549774401,
  "XM-DAC-6-4-008785-01-1": 1732988.6637361024,
  "XM-DAC-6-4-009530-01-0": 3618442.564070236,
  "XM-DAC-6-4-009530-02-1": 231644.75767419537,
  "XM-DAC-6-4-009545-01-2": 2170431.6805095323,
  "XM-DAC-6-4-009545-02-3": 49381.43418228231,
  "XM-DAC-6-4-009562-01-1": 5558422.697298865,
  "XM-DAC-6-4-009965-01-2": 241616.78264759528,
  "XM-DAC-6-4-010560-01-2": 32158.08682692793,
  "XM-DAC-6-4-010918-01-4": 3197241.688638243,
  "XM-DAC-6-4-010922-01-5": 3511358.731546486,
  "XM-DAC-6-4-010929-01-5": 1654266.8161184138,
  "XM-DAC-6-4-010930-01-0": 2249289.065149262,
  "XM-DAC-6-4-011141-04-5": 452174.6232665134,
  "XM-DAC-6-4-011385-01-0": 531244.465080128,
  "XM-DAC-6-4-011433-03-0": 533767.079422561,
  "XM-DAC-6-4-011433-04-1": 624139.1472307554,
  "XM-DAC-6-4-011587-07-4": 1075741.5139594846,
  "XM-DAC-6-4-011610-01-2": 233825.47163606036,
  "XM-DAC-6-4-011900-01-1": 4283319.758965908,
  "XM-DAC-6-4-011901-01-3": 1940819.3102781605,
  "XM-DAC-6-4-011902-01-5": 4773961.807229985,
  "XM-DAC-6-4-011970-01-1": 185935.5627780448,
  "XM-DAC-6-4-012127-04-0": 326862.1288699804,
  "XM-DAC-6-4-012127-04-1": 160406.0787641542,
  "XM-DAC-6-4-012127-13-6": 95962.67206091163,
  "XM-DAC-6-4-012127-44-1": 176930.96909493665,
  "XM-DAC-6-4-012127-68-4": 13334.236073511214,
  "XM-DAC-6-4-012313-02-0": 132811.116270032,
  "XM-DAC-6-4-012349-01-2": 900129.3326868861,
  "XM-DAC-6-4-012349-01-5": 992547.6744878993,
  "XM-DAC-6-4-012349-01-6": 564447.244147636,
  "XM-DAC-6-4-012590-04-6": 2394190.495296709,
  "XM-DAC-6-4-012590-08-9": 2389863.960686426,
  "XM-DAC-6-4-012590-09-6": 2547552.4451083513
}