{
  "GB-CHC-202918-GUAB63": 112718.61602386985,
  "GB-CHC-202918-GUAB68": 215995.91226253024,
  "GB-CHC-202918-GUAB69": 15633.494309293988,
  "GB-CHC-202918-GUAB71": 9905.786609290943,
  "GB-CHC-202918-GUAB73": 835010.3525587346,
  "GB-CHC-202918-GUAB74": 86782.90092736483,
  "GB-CHC-202918-GUAB75": 78485.93830288164,
  "GB-CHC-202918-GUAB82": 26975.844643631586,
  "GB-CHC-202918-GUAB88": 652227.3104177713,
  "GB-CHC-202918-GUAB89": 852478.6468963524,
  "GB-CHC-202918-GUAB91": 1474291.7580016018,
  "GB-CHC-202918-GUAB92": 30811.39897060035,
  "GB-CHC-202918-GUAB93": 485097.166505358
}