{
  "DE-1-199770280": 2517895.351796294,
  "DE-1-200065672": 21801838.670556344,
  "DE-1-200165811": 15247018.614792436,
  "DE-1-200170274": 1256841.893859534,
  "DE-1-200365718": 37665383.591062374,
  "DE-1-200365726": 14974650.303821588,
  "DE-1-200566158": 20744401.96478947,
  "DE-1-200732016-0": 97232.28715052949,
  "DE-1-200830398-0": 220154.1168229686,
  "DE-1-200831859-0": 171720.2111219155,
  "DE-1-200832758-0": 85126.25850488119,
  "DE-1-200834440-0": 162752.01339440356,
  "DE-1-200865451": 54508456.55828325,
  "DE-1-200922682": 7174686.715858534,
  "DE-1-200930099-0": 160114.98913850504,
  "DE-1-200930156-0": 313268.4570101186,
  "DE-1-200931295-0": 278460.85067566094,
  "DE-1-200932004-0": 1113843.4027026438,
  "DE-1-200932079-0": 153153.46787161354,
  "DE-1-200932566-0": 155938.07637837014,
  "DE-1-200932590-0": 253399.37411485147,
  "DE-1-200967216": 33688738.8552708,
  "DE-1-200974832-0": 1044228.1900337286,
  "DE-1-201015445-0": 384106.9319989403,
  "DE-1-201032838-0": 231883.8181868234,
  "DE-1-201033182-0": 106004.03117111928,
  "DE-1-201033208-0": 132505.0389638991,
  "DE-1-201034263-0": 539920.932366979,
  "DE-1-201067016": 29951362.942552302,
  "DE-1-201106004-0": 553223.2881867609,
  "DE-1-201116847-0": 297337.5765727416,
  "DE-1-201116953-0": 176560.89044829976,
  "DE-1-201130053-0": 180963.88087292327,
  "DE-1-201130319-0": 139202.98528686404,
  "DE-1-201131754-0": 153123.28381555047,
  "DE-1-201131812-0": 167043.58234423687,
  "DE-1-201132604-0": 167043.58234423687,
  "DE-1-201132638-0": 77953.67176064388,
  "DE-1-201139096-0": 258917.55263356713,
  "DE-1-201139435-0": 140595.01513973268,
  "DE-1-201174887-0": 278405.9705737281,
  "DE-1-201175900-0": 723855.5234916931,
  "DE-1-201215961-0": 186562.36326920404,
  "DE-1-201230481-0": 151567.0685102143,
  "DE-1-201231075-0": 160558.33528624396,
  "DE-1-201231083-0": 308272.00374958845,
  "DE-1-201231174-0": 1129046.2137328675,
  "DE-1-201231232-0": 173403.00210914348,
  "DE-1-201231299-0": 272306.93664546974,
  "DE-1-201231885-0": 314694.3371610382,
  "DE-1-201232040-0": 137437.93500502483,
  "DE-1-201232362-0": 259462.26982257026,
  "DE-1-201233139-0": 102757.33458319613,
  "DE-1-201274893-0": 513786.6729159807,
  "DE-1-201315837-0": 644610.9383147553,
  "DE-1-201330257-0": 181882.71776513974,
  "DE-1-201330885-0": 215072.9947295813,
  "DE-1-201331834-0": 150020.05187927582,
  "DE-1-201332857-0": 233659.54982966857,
  "DE-1-201333459-0": 212417.77257242595,
  "DE-1-201333467-0": 146037.21864354284,
  "DE-1-201374214-0": 265522.2157155324,
  "DE-1-201375583-0": 331902.7696444156,
  "DE-1-201430362-0": 75702.33627391825,
  "DE-1-201430917-0": 192576.11859154643,
  "DE-1-201431162-0": 162029.56184943905,
  "DE-1-201431345-0": 223122.67533365378,
  "DE-1-201431949-0": 142107.89440893425,
  "DE-1-201432483-0": 240388.12044875795,
  "DE-1-201432996-0": 132811.116270032,
  "DE-1-201433358-0": 278903.3441670672,
  "DE-1-201433465-0": 150076.56138513618,
  "DE-1-201434430-0": 285593.04009358876,
  "DE-1-201455245-0": 762645.2572908929,
  "DE-1-201474717-0": 292184.45579407044,
  "DE-1-201475177-0": 863272.2557552081,
  "DE-1-201475482-0": 491401.13019911846,
  "DE-1-201516541-0": 342314.011630194,
  "DE-1-201516699-0": 614053.5241856558,
  "DE-1-201516921-0": 747545.961482153,
  "DE-1-201520709": 3842621.224726283,
  "DE-1-201530112-0": 205857.2302185496,
  "DE-1-201530302-0": 212497.78603205123,
  "DE-1-201530336-0": 221794.56417095347,
  "DE-1-201530385-0": 290856.3446313701,
  "DE-1-201530831-0": 217810.2306828525,
  "DE-1-201531797-0": 304137.45625837334,
  "DE-1-201531854-0": 345308.9023020832,
  "DE-1-201531938-0": 232419.45347255602,
  "DE-1-201532639-0": 154060.89487323715,
  "DE-1-201532787-0": 134139.22743273232,
  "DE-1-201532837-0": 1557874.3938474755,
  "DE-1-201533710-0": 159373.33952403843,
  "DE-1-201534130-0": 663859.0208980804,
  "DE-1-201539063-0": 195232.34091694705,
  "DE-1-201555846-0": 206233.0856775938,
  "DE-1-201576305-0": 325387.23486157844,
  "DE-1-201606003-1257": 273396.9952865117,
  "DE-1-201606003-1283": 877508.2793081928,
  "DE-1-201606003-1702": 202455.9375308741,
  "DE-1-201606003-1752": 517518.43621362024,
  "DE-1-201630334-0": 235075.67579795668,
  "DE-1-201632017-0": 232419.45347255602,
  "DE-1-201632058-0": 173982.56231374195,
  "DE-1-201632066-0": 166013.89533754002,
  "DE-1-201633353-0": 225778.89765905443,
  "DE-1-201633387-0": 405073.9046235976,
  "DE-1-201633700-0": 402417.682298197,
  "DE-1-201639137-0": 301481.23393297265,
  "DE-1-201639202-0": 219138.34184555282,
  "DE-1-201674985-0": 332027.79067508003,
  "DE-1-201676287-0": 278903.3441670672,
  "DE-1-201706019-2527": 327536.57028062287,
  "DE-1-201730761-0": 158045.2283613381,
  "DE-1-201731983-0": 300153.12277027237,
  "DE-1-201732718-0": 134139.22743273232,
  "DE-1-201733526-0": 162029.56184943905,
  "DE-1-201733534-0": 515307.1311277242,
  "DE-1-201733658-0": 581712.6892627402,
  "DE-1-201739010-0": 132811.116270032,
  "DE-1-201739218-0": 310778.0120718749,
  "DE-1-201765247": 14609222.789703522,
  "DE-1-201768720": 16669835.933907181,
  "DE-1-201773746-0": 55780.668833413445,
  "DE-1-201774637-0": 132811.116270032,
  "DE-1-201774645-0": 265622.232540064,
  "DE-1-201774769-0": 132811.116270032,
  "DE-1-201806009-3324": 662688.1448159323,
  "DE-1-201806009-3387": 230563.9493671474,
  "DE-1-201806009-3798": 618096.6265927062,
  "DE-1-201830181-0": 531244.465080128,
  "DE-1-201830611-0": 211169.6748693509,
  "DE-1-201831239-0": 347965.1246274839,
  "DE-1-201831908-0": 92967.7813890224,
  "DE-1-201831916-0": 219138.34184555282,
  "DE-1-201832104-0": 244372.45393685892,
  "DE-1-201832757-0": 637493.3580961537,
  "DE-1-201832971-0": 140779.78324623394,
  "DE-1-201839869-0": 305465.5674210736,
  "DE-1-201839927-0": 1369282.6087440301,
  "DE-1-201875657-0": 405073.9046235976,
  "DE-1-201876077-0": 167342.00650024033,
  "DE-1-201877059-0": 251013.0097503605,
  "DE-1-201906015-4156": 154399.65618750712,
  "DE-1-201906015-4266": 724981.3528278746,
  "DE-1-201906015-4296": 1517092.0843744369,
  "DE-1-201906015-4297": 1547509.8143337623,
  "DE-1-201906015-4367": 646999.9777987626,
  "DE-1-201930148-0": 386480.34834579314,
  "DE-1-201931872-0": 261637.89905196306,
  "DE-1-201932904-0": 802179.1422709933,
  "DE-1-201932920-0": 442261.0171792066,
  "DE-1-201932938-0": 254997.34323846147,
  "DE-1-201933076-0": 897803.1459854164,
  "DE-1-201939057-0": 709211.360881971,
  "DE-1-201939263-0": 229763.2311471554,
  "DE-1-201939453-0": 322731.0125361778,
  "DE-1-201939784-0": 386480.34834579314,
  "DE-1-201973940-0": 262966.0102146634,
  "DE-1-201975911-0": 300153.12277027237,
  "DE-1-202006005-4837": 403445.64033812704,
  "DE-1-202006005-4983": 398433.34881009604,
  "DE-1-202030484-0": 127498.67161923074,
  "DE-1-202031912-0": 386480.34834579314,
  "DE-1-202031987-0": 742414.1399494789,
  "DE-1-202033298-0": 227107.00882175475,
  "DE-1-202033744-0": 438276.68369110563,
  "DE-1-202039725-0": 285543.89998056885,
  "DE-1-202073955-0": 199216.67440504802,
  "DE-1-202074177-0": 265622.232540064,
  "DE-1-202074235-0": 212497.78603205123,
  "DE-1-202075414-0": 159373.33952403843,
  "DE-1-202075877-0": 91639.6702263221,
  "DE-1-202106003-5946": 1341790.7076761334,
  "DE-1-202132413-0": 366558.6809052884,
  "DE-1-202132496-0": 201872.89673044867,
  "DE-1-202132603-0": 784913.6971558892,
  "DE-1-202139392-0": 683977.2487906648,
  "DE-1-202139426-0": 1661467.0645381005,
  "DE-1-202174670-0": 411714.4604370992,
  "DE-1-202176006-0": 305465.5674210736,
  "DE-1-202176519-0": 270934.67719086533,
  "DE-1-202177210-0": 225778.89765905443
}