{
  "BE-BCE_KBO-0662878501-PROG17-21_Burkina": {
    "rikolto-activity2021.xml": 1208562.0332565485
  },
  "BE-BCE_KBO-0662878501-PROG17-21_DRCongo": {
    "rikolto-activity2021.xml": 2654190.6634336743
  },
  "BE-BCE_KBO-0662878501-PROG17-21_Ecuador": {
    "rikolto-activity2021.xml": 1934632.1583344932
  },
  "BE-BCE_KBO-0662878501-PROG17-21_Honduras": {
    "rikolto-activity2021.xml": 1128346.1111961931
  },
  "BE-BCE_KBO-0662878501-PROG17-21_Indo": {
    "rikolto-activity2021.xml": 3890585.833250385
  },
  "BE-BCE_KBO-0662878501-PROG17-21_Mali": {
    "rikolto-activity2021.xml": 1665320.844698908
  },
  "BE-BCE_KBO-0662878501-PROG17-21_Nica": {
    "rikolto-activity2021.xml": 1860864.3089368292
  },
  "BE-BCE_KBO-0662878501-PROG17-21_Peru": {
    "rikolto-activity2021.xml": 2313158.887203558
  },
  "BE-BCE_KBO-0662878501-PROG17-21_Senegal": {
    "rikolto-activity2021.xml": 1341445.265962715
  },
  "BE-BCE_KBO-0662878501-PROG17-21_Tanzania": {
    "rikolto-activity2021.xml": 1422400.5475073457
  },
  "BE-BCE_KBO-0662878501-PROG17-21_Uganda": {
    "rikolto-activity2021.xml": 354446.8250648149
  },
  "BE-BCE_KBO-0662878501-PROG17-21_Vietnam": {
    "rikolto-activity2021.xml": 1463589.2988395055
  }
}