{
  "ES-DIR3-E04585801-009-027773": 278405.9705737281,
  "ES-DIR3-E04585801-009-027775": 155907.34352128775,
  "ES-DIR3-E04585801-009-027777": 278405.9705737281,
  "ES-DIR3-E04585801-009-048693": 65425.877511791085
}