{
  "XI-IATI-EC_NEAR-/40480/0": 2.83203125e-21,
  "XI-IATI-EC_NEAR-/40487/0": 1.5234375e-21,
  "XI-IATI-EC_NEAR-2009/201-618": 882300.5926852272,
  "XI-IATI-EC_NEAR-2010/21781/0": 18537739.61034667,
  "XI-IATI-EC_NEAR-2010/253-430": 13250503.89638991,
  "XI-IATI-EC_NEAR-2011/22679/0": 18304848.289483003,
  "XI-IATI-EC_NEAR-2011/22680/0": 11032945.03092214,
  "XI-IATI-EC_NEAR-2011/255-268": 278405.9705737281,
  "XI-IATI-EC_NEAR-2011/265-548": 22550883.616471976,
  "XI-IATI-EC_NEAR-2012/23418/0": 8918286.629362596,
  "XI-IATI-EC_NEAR-2012/23419/1": 3840017.9621232934,
  "XI-IATI-EC_NEAR-2012/23420/0": 30493137.683489144,
  "XI-IATI-EC_NEAR-2012/23421/2": 29904116.65578896,
  "XI-IATI-EC_NEAR-2012/308-751": 7965666.471465973,
  "XI-IATI-EC_NEAR-2013/24401/0": 28435779.524699055,
  "XI-IATI-EC_NEAR-2013/24403/0": 27002601.123618413,
  "XI-IATI-EC_NEAR-2013/24404/0": 20041976.453708388,
  "XI-IATI-EC_NEAR-2013/24405/0": -10501.766575815156,
  "XI-IATI-EC_NEAR-2013/25030/0": 3052776.8270366546,
  "XI-IATI-EC_NEAR-2013/25037/0": 12291988.675650641,
  "XI-IATI-EC_NEAR-2014/33684/0": 40396179.958537675,
  "XI-IATI-EC_NEAR-2014/34128/0": 79366555.89877802,
  "XI-IATI-EC_NEAR-2014/34132/0": 27577721.114381332,
  "XI-IATI-EC_NEAR-2014/349-711": 265622.232540064,
  "XI-IATI-EC_NEAR-2014/350-207": 20054478.556774832,
  "XI-IATI-EC_NEAR-2014/353-290": 21302903.049713135,
  "XI-IATI-EC_NEAR-2014/353-786": 18164476.763915077,
  "XI-IATI-EC_NEAR-2014/353-807": 7470745.311595074,
  "XI-IATI-EC_NEAR-2014/353-812": 6906178.046041665,
  "XI-IATI-EC_NEAR-2014/354-517": 571093.1124057885,
  "XI-IATI-EC_NEAR-2014/355-024": 5884428.846110571,
  "XI-IATI-EC_NEAR-2015/371-445": 19214643.478707798,
  "XI-IATI-EC_NEAR-2015/371-916": 8561366.87677256,
  "XI-IATI-EC_NEAR-2015/38136/0": 6170767.660465351,
  "XI-IATI-EC_NEAR-2015/38137/1": 10439017.541284772,
  "XI-IATI-EC_NEAR-2015/38144/0": 141767427.93274248,
  "XI-IATI-EC_NEAR-2015/38933/0": 15540969.402351882,
  "XI-IATI-EC_NEAR-2016/378-510": 738308.8022533444,
  "XI-IATI-EC_NEAR-2016/378-657": 1191989.3309239089,
  "XI-IATI-EC_NEAR-2016/379-215": 464021.9857689351,
  "XI-IATI-EC_NEAR-2016/380-418": 2498271.512461859,
  "XI-IATI-EC_NEAR-2016/382-803": 63749335.809615366,
  "XI-IATI-EC_NEAR-2016/383-231": 266596.77394903026,
  "XI-IATI-EC_NEAR-2016/39553/0": 37657005.80208152,
  "XI-IATI-EC_NEAR-2016/39554/0": 158020256.23245475,
  "XI-IATI-EC_NEAR-2017/381-731": 2390600.092860576,
  "XI-IATI-EC_NEAR-2017/386-447": 4648389.069451121,
  "XI-IATI-EC_NEAR-2017/387-317": 3944490.153219951,
  "XI-IATI-EC_NEAR-2017/388-469": 922600.0040386267,
  "XI-IATI-EC_NEAR-2017/389-612": 502156.29392467026,
  "XI-IATI-EC_NEAR-2017/389-857": 10890511.534142625,
  "XI-IATI-EC_NEAR-2017/390-291": 517595.5065043917,
  "XI-IATI-EC_NEAR-2017/391-480": 52036390.41532497,
  "XI-IATI-EC_NEAR-2017/392-815": 511794.0114801493,
  "XI-IATI-EC_NEAR-2017/392-882": 276181.24752799666,
  "XI-IATI-EC_NEAR-2017/392-992": 664055.5813501601,
  "XI-IATI-EC_NEAR-2017/392-995": 887311.8912290047,
  "XI-IATI-EC_NEAR-2017/393-027": 663484.4138635292,
  "XI-IATI-EC_NEAR-2017/393-418": 761041.8419652765,
  "XI-IATI-EC_NEAR-2017/394-358": 2510400.4079685495,
  "XI-IATI-EC_NEAR-2017/40474/1": 6640555.813501601,
  "XI-IATI-EC_NEAR-2017/40490/0": 6565305.035023001,
  "XI-IATI-EC_NEAR-2017/40531/0": 291692.2577971737,
  "XI-IATI-EC_NEAR-2018/394-717": 4781200.185721152,
  "XI-IATI-EC_NEAR-2018/397-510": 3585900.1392908646,
  "XI-IATI-EC_NEAR-2018/398-977": 2435308.7239261293,
  "XI-IATI-EC_NEAR-2018/399-495": 2390600.092860576,
  "XI-IATI-EC_NEAR-2018/400-311": 1075770.0417872593,
  "XI-IATI-EC_NEAR-2018/402-674": 5140301.5224478785,
  "XI-IATI-EC_NEAR-2018/403-953": 490977.55570599844,
  "XI-IATI-EC_NEAR-2018/404-043": 381467.8576010878,
  "XI-IATI-EC_NEAR-2018/404-139": 79124.87874019697,
  "XI-IATI-EC_NEAR-2018/404-319": 16172698.598628579,
  "XI-IATI-EC_NEAR-2018/404-600": 761328.5014786337,
  "XI-IATI-EC_NEAR-2018/404-612": 429445.60773140425,
  "XI-IATI-EC_NEAR-2018/404-643": 655957.1446322507,
  "XI-IATI-EC_NEAR-2018/41244/0": 10624889.301602561,
  "XI-IATI-EC_NEAR-2018/41300/0": 30546556.74210736,
  "XI-IATI-EC_NEAR-2018/41302/0": 8499911.441282049,
  "XI-IATI-EC_NEAR-2018/41309/0": 13945167.208353361,
  "XI-IATI-EC_NEAR-2019/404-830": 1553890.0603593746,
  "XI-IATI-EC_NEAR-2019/407-323": 1460922.2789703521,
  "XI-IATI-EC_NEAR-2019/410-242": 4737045.748881571,
  "XI-IATI-EC_NEAR-2019/410-443": 62201.34256281838,
  "XI-IATI-EC_NEAR-2019/410-458": 78165.01295957857,
  "XI-IATI-EC_NEAR-2019/410-470": 24892711.488128036,
  "XI-IATI-EC_NEAR-2019/411-536": 478120.0185721152,
  "XI-IATI-EC_NEAR-2019/411-553": 430837.44166769093,
  "XI-IATI-EC_NEAR-2019/411-652": 4274817.9616067745,
  "XI-IATI-EC_NEAR-2019/413-989": 6164753.348908397,
  "XI-IATI-EC_NEAR-2019/414-298": 4717450.849911537,
  "XI-IATI-EC_NEAR-2019/42233/0": 18593556.277804483,
  "XI-IATI-EC_NEAR-2019/42243/0": 9296778.138902241,
  "XI-IATI-EC_NEAR-2019/42354/0": 5710877.999611377,
  "XI-IATI-EC_NEAR-2020/414-289": 1297849.4592403888,
  "XI-IATI-EC_NEAR-2020/416-134": 725625.4867417843,
  "XI-IATI-EC_NEAR-2020/416-469": 5017725.893286545,
  "XI-IATI-EC_NEAR-2020/416-630": 2151540.0835745186,
  "XI-IATI-EC_NEAR-2020/416-656": 2390600.092860576,
  "XI-IATI-EC_NEAR-2020/416-807": 1673420.0650024035,
  "XI-IATI-EC_NEAR-2020/417-468": 78709.08697849039,
  "XI-IATI-EC_NEAR-2020/417-847": 79179.33129786768,
  "XI-IATI-EC_NEAR-2020/417-932": 5710877.999611377,
  "XI-IATI-EC_NEAR-2020/421-525": 5065187.539419036,
  "XI-IATI-EC_NEAR-2020/421-550": 250217.6570994658,
  "XI-IATI-EC_NEAR-2020/421-551": 574747.4899566282,
  "XI-IATI-EC_NEAR-2020/421-552": 365495.92635289556,
  "XI-IATI-EC_NEAR-2020/421-644": 3466453.51346663,
  "XI-IATI-EC_NEAR-2020/421-810": 896443.5320259369,
  "XI-IATI-EC_NEAR-2020/421-885": 2715311.5980436844,
  "XI-IATI-EC_NEAR-2020/422-151": 1118709.8412818816,
  "XI-IATI-EC_NEAR-2020/422-271": 2999089.17658342,
  "XI-IATI-EC_NEAR-2020/422-368": 2991710.1378390105,
  "XI-IATI-EC_NEAR-2020/42585/0": 11953000.46430288,
  "XI-IATI-EC_NEAR-2020/42592/0": 21249778.603205122,
  "XI-IATI-EC_NEAR-2020/42924/0": 19921667.4405048,
  "XI-IATI-EC_NEAR-2020/42967/0": 5312444.6508012805,
  "XI-IATI-EC_NEAR-2020/42976/0": 9914596.858234152,
  "XI-IATI-EC_NEAR-2021/423-417": 874251.5382394656,
  "XI-IATI-EC_NEAR-2021/423-668": 1263773.5533322983,
  "XI-IATI-EC_NEAR-2021/423-874": 19921667.4405048,
  "XI-IATI-EC_NEAR-2021/424-430": 79666.74809457871,
  "XI-IATI-EC_NEAR-2021/424-589": 438276.68369110563,
  "XI-IATI-EC_NEAR-2021/425-263": 79502.9654259945,
  "XI-IATI-EC_NEAR-2021/427-081": 1119981.3085034925,
  "XI-IATI-EC_NEAR-2021/427-084": 1543892.9957666036,
  "XI-IATI-EC_NEAR-2021/427-494": 2679980.8661468513,
  "XI-IATI-EC_NEAR-2021/427-924": 63744.249143862224,
  "XI-IATI-EC_NEAR-2021/428-465": 265622.232540064,
  "XI-IATI-EC_NEAR-2021/428-550": 704987.9673845839,
  "XI-IATI-EC_NEAR-2021/428-892": 553633.7232175951,
  "XI-IATI-EC_NEAR-2021/428-904": 1038279.0441165129,
  "XI-IATI-EC_NEAR-2021/428-914": 314876.2045299542,
  "XI-IATI-EC_NEAR-2021/428-919": 471734.46010185214,
  "XI-IATI-EC_NEAR-2021/428-920": 269502.9733574744,
  "XI-IATI-EC_NEAR-2021/430-358": 326812.00595470006,
  "XI-IATI-EC_NEAR-2021/430-362": 492728.1921540003,
  "XI-IATI-EC_NEAR-2021/430-371": 217281.68228343266,
  "XI-IATI-EC_NEAR-2021/430-373": 592240.0952050006,
  "XI-IATI-EC_NEAR-2021/430-625": 79686669.7620192,
  "XI-IATI-EC_NEAR-2021/431-201": 6640555.813501601,
  "XI-IATI-EC_NEAR-2021/43646/0": 179295006.9645432
}