{
  "GB-CHC-288701-MW152": 68873.67037708205,
  "GB-CHC-288701-MW153": 1132675.8307570508,
  "GB-CHC-288701-MW999": 1258776.9619378597,
  "GB-CHC-288701-MWA04": 127381.17377999652,
  "GB-CHC-288701-MWA22": 1205389.1122627682,
  "GB-CHC-288701-MWA50": 1422310.3181146584,
  "GB-CHC-288701-MWA51": 169657.28745137335,
  "GB-CHC-288701-MWA54": 982409.8638515174,
  "GB-CHC-288701-MWK10": -240.5494497942593,
  "GB-CHC-288701-MWK15": 1111747.2219212258,
  "GB-CHC-288701-MWR50": 470759.46891602245,
  "GB-CHC-288701-MWR51": 1906977.6406213697,
  "GB-CHC-288701-MWR52": 128254.63257465043,
  "GB-CHC-288701-MWV02": 101001.18092859803
}