{
  "FR-3-CPK103301": 66545373.51479841,
  "FR-3-CPK103302": 265700.1568627442,
  "FR-3-CPK103801": 125023249.27310741,
  "FR-3-CPK103902": 664250.3921568604
}