{
  "FR-3-CIN107401": 242915527.59033245,
  "FR-3-CIN107503": 2764118.3211665004,
  "FR-3-CIN107505": 403731.3883529398,
  "FR-3-CIN107506": 928887.7483921536,
  "FR-3-CIN107507": 539246.4393576452,
  "FR-3-CIN107508": 597120.915400292,
  "FR-3-CIN107509": 701453.7281207818,
  "FR-3-CIN107510": 1251454.3813274466,
  "FR-3-CIN109503": 11583397.214998744,
  "FR-3-CIN110101": 71739042.35294093,
  "FR-3-CIN110401": 389356592.704134
}