{
  "GB-COH-294860-ADDgrants": {
    "addinternational-in.xml": 190717.7175321431
  },
  "GB-COH-294860-BAP": {
    "addinternational-bd.xml": 2238779.2336555063
  },
  "GB-COH-294860-CMP": {
    "addinternational-798.xml": 1173901.2537543536
  },
  "GB-COH-294860-FWAP": {
    "addinternational-289.xml": 1184504.2668946257,
    "addinternational-activities.xml": 592252.1334473129
  },
  "GB-COH-294860-GB-COH-294860-BF": {
    "addinternational-bf.xml": 297954.2446439721
  },
  "GB-COH-294860-SUP": {
    "addinternational-298.xml": 3268125.0835547782
  },
  "GB-COH-294860-TZP": {
    "addinternational-298.xml": 3004805.195368991
  },
  "GB-COH-294860-UGP": {
    "addinternational-298.xml": 1980340.8496529728
  }
}