{
  "AU-5-INI916-CG": 87135.6619279693,
  "AU-5-INI978-CG": 1837030.4013752525,
  "AU-5-INJ018-CG": 56626.12456779624,
  "AU-5-INJ269-CG": 4085.062895561462,
  "AU-5-INJ540-CG": 429002.53143504035,
  "AU-5-INK048-CG": 270625.17679194495,
  "AU-5-INK058-CG": 626980.194667423,
  "AU-5-INK235-CG": 77231.61687928074,
  "AU-5-INK573-CG": 264781.3490799246,
  "AU-5-INL966-CG": 274.0310608511991
}