{
  "AU-5-INI916-DJ": 409051.52523131855,
  "AU-5-INI978-DJ": 663147.3508048484,
  "AU-5-INJ269-DJ": 1635.578218270868,
  "AU-5-INJ540-DJ": 155603.98376625727,
  "AU-5-INK048-DJ": 78208.88817721496,
  "AU-5-INK267-DJ": 60848.8017680159,
  "AU-5-INK573-DJ": 146821.04306769988,
  "AU-5-INM061-DJ": 90367.01598750666,
  "AU-5-INM256-DJ": 6650.503744998092,
  "AU-5-INM529-DJ": 5118.828792320639,
  "AU-5-INM588-DJ": 111853.81461610452
}