{
  "ES-DIR3-E04585801-009-000185": 69601.49264343202,
  "ES-DIR3-E04585801-009-000439": 58125.59853638295,
  "ES-DIR3-E04585801-009-000665": 1599.442300946068,
  "ES-DIR3-E04585801-009-000755": 185134.40231211772,
  "ES-DIR3-E04585801-009-000805": 88424.52031392179,
  "ES-DIR3-E04585801-009-000847": 15033.922410981319,
  "ES-DIR3-E04585801-009-000873": 752626.1913749615,
  "ES-DIR3-E04585801-009-001409": 153123.28381555047,
  "ES-DIR3-E04585801-009-001877": 501128.9652344989,
  "ES-DIR3-E04585801-009-002375": 213125.25507180917,
  "ES-DIR3-E04585801-009-003691": 69601.49264343202,
  "ES-DIR3-E04585801-009-003729": 446761.93123417033,
  "ES-DIR3-E04585801-009-003743": 16565.155249136824,
  "ES-DIR3-E04585801-009-003779": 5289.713440900834,
  "ES-DIR3-E04585801-009-004383": 49557.65479197647,
  "ES-DIR3-E04585801-009-006193": 223345.6356499414,
  "ES-DIR3-E04585801-009-007021": 123308.80149983538,
  "ES-DIR3-E04585801-009-007037": 399173.7108552483,
  "ES-DIR3-E04585801-009-028609": 111362.38822949125,
  "ES-DIR3-E04585801-009-028991": 30067.844821962637,
  "ES-DIR3-E04585801-009-029169": 8277.009505156937,
  "ES-DIR3-E04585801-009-030113": 13363.48658753895,
  "ES-DIR3-E04585801-009-030227": 184840.40560719185,
  "ES-DIR3-E04585801-009-030641": 20172.851178219422,
  "ES-DIR3-E04585801-009-031155": 41190.16334638307,
  "ES-DIR3-E04585801-009-031481": 83521.79117211844,
  "ES-DIR3-E04585801-009-031853": 192935.3376075936,
  "ES-DIR3-E04585801-009-031893": 50113.07470327106,
  "ES-DIR3-E04585801-009-032979": 17443.943695252794,
  "ES-DIR3-E04585801-009-033023": 5696.186157938477,
  "ES-DIR3-E04585801-009-033463": 6681.743293769475,
  "ES-DIR3-E04585801-009-034931": 36632.65760809115,
  "ES-DIR3-E04585801-009-035195": 10022.614940654212,
  "ES-DIR3-E04585801-009-035965": 69168.8219245634,
  "ES-DIR3-E04585801-009-036081": 30067.844821962637,
  "ES-DIR3-E04585801-009-036181": 10562.973088940762,
  "ES-DIR3-E04585801-009-036275": 27840.597057372812,
  "ES-DIR3-E04585801-009-037169": 27840.597057372812,
  "ES-DIR3-E04585801-009-037467": 36977.65828682611,
  "ES-DIR3-E04585801-009-037695": 10022.614940654212,
  "ES-DIR3-E04585801-009-037743": 61503.63738033928,
  "ES-DIR3-E04585801-009-037903": 19488.41794016097,
  "ES-DIR3-E04585801-009-038327": 8352.179117211843,
  "ES-DIR3-E04585801-009-039313": 10022.614940654212,
  "ES-DIR3-E04585801-009-039397": 556811.9411474562,
  "ES-DIR3-E04585801-009-039437": 918.7397028933028,
  "ES-DIR3-E04585801-009-039909": 58792.43651710115,
  "ES-DIR3-E04585801-009-040651": 135859.94207340883,
  "ES-DIR3-E04585801-009-041533": 1554476.9526387053,
  "ES-DIR3-E04585801-009-041631": 44597.85242620551,
  "ES-DIR3-E04585801-009-041901": 33408.71646884737,
  "ES-DIR3-E04585801-009-042241": 4756.566007252145,
  "ES-DIR3-E04585801-009-042313": 17419.86157879817,
  "ES-DIR3-E04585801-009-043053": 201374.82483717735,
  "ES-DIR3-E04585801-009-043931": 10562.973088940762,
  "ES-DIR3-E04585801-009-043995": 17897.717586690917,
  "ES-DIR3-E04585801-009-044445": 20352.116782671845,
  "ES-DIR3-E04585801-009-044751": 212576.04361365837,
  "ES-DIR3-E04585801-009-044869": 11136.238822949124,
  "ES-DIR3-E04585801-009-044953": 194884.17940160967,
  "ES-DIR3-E04585801-009-045509": 15312.328381555046,
  "ES-DIR3-E04585801-009-046249": 10022.614940654212,
  "ES-DIR3-E04585801-009-046411": 33408.71646884737,
  "ES-DIR3-E04585801-009-046871": 54806.99936714412,
  "ES-DIR3-E04585801-009-047229": 95645.01472692094,
  "ES-DIR3-E04585801-009-048511": 16667.265358728062,
  "ES-DIR3-E04585801-009-048635": 145937.25104173744,
  "ES-DIR3-E04585801-009-048753": 79617.66730174267,
  "ES-DIR3-E04585801-009-048857": 23980.9929583534,
  "ES-DIR3-E04585801-009-048867": 27431.07046698421,
  "ES-DIR3-E04585801-009-048877": 50317.69781202657,
  "ES-DIR3-E04585801-009-048885": 50083.9248758498,
  "ES-DIR3-E04585801-009-049129": 415.6791077226742,
  "ES-DIR3-E04585801-009-049557": 6936.12008436574,
  "ES-DIR3-E04585801-009-049641": 2568.9333645799034,
  "ES-DIR3-E04585801-009-050935": 3595.222243729575,
  "ES-DIR3-E04585801-009-051119": 2206.187128834398,
  "ES-DIR3-E04585801-009-051203": 17777.01888289293,
  "ES-DIR3-E04585801-009-051287": 169.49822339498203,
  "ES-DIR3-E04585801-009-052145": 12844.666822899517,
  "ES-DIR3-E04585801-009-058651": 4161.672050619443,
  "ES-DIR3-E04585801-009-058901": 10160.028699578936,
  "ES-DIR3-E04585801-009-058927": 10275.733458319613,
  "ES-DIR3-E04585801-009-059355": 24244.97655089763,
  "ES-DIR3-E04585801-009-059427": 2246.4913574565826,
  "ES-DIR3-E04585801-009-059737": 25717.28364080566,
  "ES-DIR3-E04585801-009-059789": 3579.07649753319,
  "ES-DIR3-E04585801-009-060715": 104483.11043470455,
  "ES-DIR3-E04585801-009-060773": 11048.409788252182,
  "ES-DIR3-E04585801-009-060995": 37085.12205107549,
  "ES-DIR3-E04585801-009-060999": 39237.888210593446,
  "ES-DIR3-E04585801-009-061345": 46240.800562438264,
  "ES-DIR3-E04585801-009-061505": 69361.2008436574,
  "ES-DIR3-E04585801-009-061779": 11560.200140609566,
  "ES-DIR3-E04585801-009-061801": 14380.8889749183,
  "ES-DIR3-E04585801-009-062293": 61883.30888982204,
  "ES-DIR3-E04585801-009-062491": 10482.869119674117,
  "ES-DIR3-E04585801-009-062539": 20648.2643258166,
  "ES-DIR3-E04585801-009-062557": 9006.680376217142,
  "ES-DIR3-E04585801-009-062743": 5137.866729159807,
  "ES-DIR3-E04585801-009-062767": 24156.258437151864,
  "ES-DIR3-E04585801-009-062837": 127610.04370015244,
  "ES-DIR3-E04585801-009-063283": 20551.466916639227,
  "ES-DIR3-E04585801-009-063311": 20551.466916639227,
  "ES-DIR3-E04585801-009-063323": 14129.13350518947,
  "ES-DIR3-E04585801-009-063347": 20551.466916639227,
  "ES-DIR3-E04585801-009-064035": 2761.4310434415374,
  "ES-DIR3-E04585801-009-064409": 3186.2665885863894,
  "ES-DIR3-E04585801-009-064465": 398.12401024386935,
  "ES-DIR3-E04585801-009-064477": 8762.23311861257,
  "ES-DIR3-E04585801-009-064529": 2603.1532506535086,
  "ES-DIR3-E04585801-009-064543": 9293.277550043636,
  "ES-DIR3-E04585801-009-064753": 2421.9077862060863,
  "ES-DIR3-E04585801-009-064843": 3568.6533189397014,
  "ES-DIR3-E04585801-009-065241": 20714.633481968263,
  "ES-DIR3-E04585801-009-065481": 2389.699941439792,
  "ES-DIR3-E04585801-009-065867": 15267.474299199972,
  "ES-DIR3-E04585801-009-066055": 633802.883076276,
  "ES-DIR3-E04585801-009-066057": 897066.5668249321,
  "ES-DIR3-E04585801-009-066169": 197207.59796737743,
  "ES-DIR3-E04585801-009-067197": 663805.5392888312,
  "ES-DIR3-E04585801-009-067225": 6107.010961457247,
  "ES-DIR3-E04585801-009-067979": 20076.66577468284,
  "ES-DIR3-E04585801-009-072639": 13559.529198831382,
  "ES-DIR3-E04585801-009-072713": 2655.2221571553246,
  "ES-DIR3-E04585801-009-072723": 24905.48434274831,
  "ES-DIR3-E04585801-009-072775": 126040.7405780061,
  "ES-DIR3-E04585801-009-072821": 15047.887426803227,
  "ES-DIR3-E04585801-009-072971": 16040.064290267457,
  "ES-DIR3-E04585801-009-072995": 9545.52365497339,
  "ES-DIR3-E04585801-009-073159": 4540.429888735605,
  "ES-DIR3-E04585801-009-073483": 2881.458631786611,
  "ES-DIR3-E04585801-009-073637": 132786.1120638991,
  "ES-DIR3-E04585801-009-073701": 150664.44774459588,
  "ES-DIR3-E04585801-009-073867": 37245.040168411884,
  "ES-DIR3-E04585801-009-074031": 12160.917479771386,
  "ES-DIR3-E04585801-009-074135": 37173.110200174546,
  "ES-DIR3-E04585801-009-074367": 2655.2221571553246,
  "ES-DIR3-E04585801-009-074633": 106208.88628621298,
  "ES-DIR3-E04585801-009-074919": 31308.213370631416,
  "ES-DIR3-E04585801-009-075203": 27295.683775556736,
  "ES-DIR3-E04585801-009-075275": 17037.896776926427,
  "ES-DIR3-E04585801-009-075285": 10620.888628621298,
  "ES-DIR3-E04585801-009-075323": 9293.277550043636,
  "ES-DIR3-E04585801-009-075327": 9293.277550043636,
  "ES-DIR3-E04585801-009-075345": 14072.67743292322,
  "ES-DIR3-E04585801-009-075681": 15541.015285830113,
  "ES-DIR3-E04585801-009-075879": 2187.066937359657,
  "ES-DIR3-E04585801-009-075959": 2187.066937359657,