{
  "ES-DIR3-E04585801-009-000185": 69597.76264591452,
  "ES-DIR3-E04585801-009-000439": 58122.48354085614,
  "ES-DIR3-E04585801-009-000665": 1599.356585603116,
  "ES-DIR3-E04585801-009-000755": 185124.480817121,
  "ES-DIR3-E04585801-009-000805": 88419.78157587565,
  "ES-DIR3-E04585801-009-000847": 15033.116731517539,
  "ES-DIR3-E04585801-009-000873": 752585.8575585617,
  "ES-DIR3-E04585801-009-001409": 153115.07782101198,
  "ES-DIR3-E04585801-009-001877": 501102.10934786085,
  "ES-DIR3-E04585801-009-002375": 213113.83352548679,
  "ES-DIR3-E04585801-009-003691": 69597.76264591452,
  "ES-DIR3-E04585801-009-003729": 446769.79895868263,
  "ES-DIR3-E04585801-009-003743": 16564.26750972766,
  "ES-DIR3-E04585801-009-003779": 5289.429961089504,
  "ES-DIR3-E04585801-009-004383": 49554.99895914406,
  "ES-DIR3-E04585801-009-006193": 223401.6238429688,
  "ES-DIR3-E04585801-009-007021": 123339.71250000004,
  "ES-DIR3-E04585801-009-007037": 399273.77555859386,
  "ES-DIR3-E04585801-009-028609": 111356.42023346324,
  "ES-DIR3-E04585801-009-028991": 30066.233463035078,
  "ES-DIR3-E04585801-009-029169": 8276.565933852156,
  "ES-DIR3-E04585801-009-030113": 13362.77042801559,
  "ES-DIR3-E04585801-009-030227": 184830.4998677046,
  "ES-DIR3-E04585801-009-030641": 20171.770099610934,
  "ES-DIR3-E04585801-009-031155": 41187.955933852216,
  "ES-DIR3-E04585801-009-031481": 83517.31517509744,
  "ES-DIR3-E04585801-009-031853": 192924.9980544751,
  "ES-DIR3-E04585801-009-031893": 50110.389105058464,
  "ES-DIR3-E04585801-009-032979": 17443.008860894974,
  "ES-DIR3-E04585801-009-033023": 5695.880894941645,
  "ES-DIR3-E04585801-009-033463": 6681.385214007795,
  "ES-DIR3-E04585801-009-034931": 36630.69443579773,
  "ES-DIR3-E04585801-009-035195": 10022.077821011691,
  "ES-DIR3-E04585801-009-035965": 69165.11511420246,
  "ES-DIR3-E04585801-009-036081": 30066.233463035078,
  "ES-DIR3-E04585801-009-036181": 10562.407011089515,
  "ES-DIR3-E04585801-009-036275": 27839.10505836581,
  "ES-DIR3-E04585801-009-037169": 27839.10505836581,
  "ES-DIR3-E04585801-009-037467": 36975.67662568101,
  "ES-DIR3-E04585801-009-037695": 10022.077821011691,
  "ES-DIR3-E04585801-009-037743": 61500.341353112955,
  "ES-DIR3-E04585801-009-037903": 19487.373540856068,
  "ES-DIR3-E04585801-009-038327": 8351.731517509743,
  "ES-DIR3-E04585801-009-039313": 10022.077821011691,
  "ES-DIR3-E04585801-009-039397": 556782.1011673162,
  "ES-DIR3-E04585801-009-039437": 918.6904669260717,
  "ES-DIR3-E04585801-009-039909": 58789.285785214124,
  "ES-DIR3-E04585801-009-040651": 135852.66123463062,
  "ES-DIR3-E04585801-009-041533": 1554393.6470233493,
  "ES-DIR3-E04585801-009-041631": 44595.462392996196,
  "ES-DIR3-E04585801-009-041901": 33406.92607003897,
  "ES-DIR3-E04585801-009-042241": 4756.311099221799,
  "ES-DIR3-E04585801-009-042313": 17418.92803501949,
  "ES-DIR3-E04585801-009-043053": 201364.03300544785,
  "ES-DIR3-E04585801-009-043931": 10562.407011089515,
  "ES-DIR3-E04585801-009-043995": 17896.75843424128,
  "ES-DIR3-E04585801-009-044445": 20351.02609708175,
  "ES-DIR3-E04585801-009-044751": 212564.6515000004,
  "ES-DIR3-E04585801-009-044869": 11135.642023346325,
  "ES-DIR3-E04585801-009-044953": 194873.7354085607,
  "ES-DIR3-E04585801-009-045509": 15311.507782101196,
  "ES-DIR3-E04585801-009-046249": 10022.077821011691,
  "ES-DIR3-E04585801-009-046411": 33406.92607003897,
  "ES-DIR3-E04585801-009-046871": 54804.062217898936,
  "ES-DIR3-E04585801-009-047229": 95675.3679413167,
  "ES-DIR3-E04585801-009-048511": 16671.44350202344,
  "ES-DIR3-E04585801-009-048635": 145973.83453242193,
  "ES-DIR3-E04585801-009-048753": 79637.62582617189,
  "ES-DIR3-E04585801-009-048857": 23987.004503906257,
  "ES-DIR3-E04585801-009-048867": 27437.946876562506,
  "ES-DIR3-E04585801-009-048877": 50330.31143203127,
  "ES-DIR3-E04585801-009-048885": 50096.479893750016,
  "ES-DIR3-E04585801-009-049129": 415.78330999218764,
  "ES-DIR3-E04585801-009-049557": 6937.858828125002,
  "ES-DIR3-E04585801-009-049641": 2569.5773437500006,
  "ES-DIR3-E04585801-009-050935": 3596.123492578126,
  "ES-DIR3-E04585801-009-051119": 2206.740174925782,
  "ES-DIR3-E04585801-009-051203": 17781.475218750005,
  "ES-DIR3-E04585801-009-051287": 169.54071314062506,
  "ES-DIR3-E04585801-009-052145": 12847.886718750004,
  "ES-DIR3-E04585801-009-058651": 4162.7152968750015,
  "ES-DIR3-E04585801-009-058901": 10162.575611437504,
  "ES-DIR3-E04585801-009-058927": 10278.309375000003,
  "ES-DIR3-E04585801-009-059355": 24251.054271750007,
  "ES-DIR3-E04585801-009-059427": 2247.204287806437,
  "ES-DIR3-E04585801-009-059737": 25723.730439000006,
  "ES-DIR3-E04585801-009-059789": 3579.973698972657,
  "ES-DIR3-E04585801-009-060715": 104516.26844362762,
  "ES-DIR3-E04585801-009-060773": 11051.916032168736,
  "ES-DIR3-E04585801-009-060995": 37094.41853437501,
  "ES-DIR3-E04585801-009-060999": 39247.724348437514,
  "ES-DIR3-E04585801-009-061345": 46252.39218750001,
  "ES-DIR3-E04585801-009-061505": 69378.58828125002,
  "ES-DIR3-E04585801-009-061779": 11563.098046875002,
  "ES-DIR3-E04585801-009-061801": 14384.493970312504,
  "ES-DIR3-E04585801-009-062293": 61902.94773192598,
  "ES-DIR3-E04585801-009-062491": 10485.849333613705,
  "ES-DIR3-E04585801-009-062539": 20653.440424312506,
  "ES-DIR3-E04585801-009-062557": 9008.938167187502,
  "ES-DIR3-E04585801-009-062743": 5139.154687500001,
  "ES-DIR3-E04585801-009-062767": 24162.3139181836,
  "ES-DIR3-E04585801-009-062837": 127642.03293396097,
  "ES-DIR3-E04585801-009-063283": 20556.618750000005,
  "ES-DIR3-E04585801-009-063311": 20556.618750000005,
  "ES-DIR3-E04585801-009-063323": 14132.675390625003,
  "ES-DIR3-E04585801-009-063347": 20556.618750000005,
  "ES-DIR3-E04585801-009-064035": 2762.4855215686352,
  "ES-DIR3-E04585801-009-064409": 3187.483294117656,
  "ES-DIR3-E04585801-009-064465": 398.2760376000011,
  "ES-DIR3-E04585801-009-064477": 8765.579058823554,
  "ES-DIR3-E04585801-009-064529": 2604.1472889333404,
  "ES-DIR3-E04585801-009-064543": 9296.82627450983,
  "ES-DIR3-E04585801-009-064753": 2422.8326142196147,
  "ES-DIR3-E04585801-009-064843": 3569.858110305881,
  "ES-DIR3-E04585801-009-065241": 20721.626823529405,
  "ES-DIR3-E04585801-009-065481": 2390.612470588242,
  "ES-DIR3-E04585801-009-065867": 15273.304326258865,
  "ES-DIR3-E04585801-009-066055": 634044.9066019704,
  "ES-DIR3-E04585801-009-066057": 897409.1200367946,
  "ES-DIR3-E04585801-009-066169": 197282.90352282408,
  "ES-DIR3-E04585801-009-067197": 664059.019607845,
  "ES-DIR3-E04585801-009-067225": 6109.342980392174,
  "ES-DIR3-E04585801-009-067979": 20084.33223623535,
  "ES-DIR3-E04585801-009-072639": 13564.707031168664,
  "ES-DIR3-E04585801-009-072713": 2656.23607843138,
  "ES-DIR3-E04585801-009-072723": 24914.993558282422,
  "ES-DIR3-E04585801-009-072775": 126088.87040705918,
  "ES-DIR3-E04585801-009-072821": 15053.63360257259,
  "ES-DIR3-E04585801-009-072971": 16046.189338000044,
  "ES-DIR3-E04585801-009-072995": 9549.16870196081,
  "ES-DIR3-E04585801-009-073159": 4542.163694117659,
  "ES-DIR3-E04585801-009-073483": 2882.4314235294105,
  "ES-DIR3-E04585801-009-073637": 132830.94117647054,
  "ES-DIR3-E04585801-009-073701": 150721.9803652475,
  "ES-DIR3-E04585801-009-073867": 37259.26253340403,
  "ES-DIR3-E04585801-009-074031": 12165.56123921572,
  "ES-DIR3-E04585801-009-074135": 37187.30509803932,
  "ES-DIR3-E04585801-009-074367": 2656.23607843138,
  "ES-DIR3-E04585801-009-074633": 106249.44313725519,
  "ES-DIR3-E04585801-009-074919": 31319.89154975693,
  "ES-DIR3-E04585801-009-075203": 27306.106886274585,
  "ES-DIR3-E04585801-009-075275": 17044.402856274555,
  "ES-DIR3-E04585801-009-075285": 10624.94431372552,
  "ES-DIR3-E04585801-009-075323": 9296.82627450983,
  "ES-DIR3-E04585801-009-075327": 9296.82627450983,
  "ES-DIR3-E04585801-009-075345": 14078.051215686313,
  "ES-DIR3-E04585801-009-075681": 15546.949767058866,
  "ES-DIR3-E04585801-009-075879": 2187.8052997411755,
  "ES-DIR3-E04585801-009-075959": 2187.8052997411755,