{
  "AU-5-INI127-SN": 220451.4521963361,
  "AU-5-INI250-SN": 21837666.165633168,
  "AU-5-INI941-SN": 891838.5062069448,
  "AU-5-INI978-SN": 425975.87510351907,
  "AU-5-INJ018-SN": 507507.16142689885,
  "AU-5-INJ144-SN": 1424190.6145961287,
  "AU-5-INJ213-SN": 754756.855416785,
  "AU-5-INJ269-SN": 1089.6104664069292,
  "AU-5-INJ344-SN": 148821.1838669374,
  "AU-5-INJ447-SN": 3433484.3859053445,
  "AU-5-INJ482-SN": 649744.0576569685,
  "AU-5-INJ540-SN": 95598.52429131998,
  "AU-5-INK048-SN": 37057.10942003037,
  "AU-5-INK235-SN": 241013.4417123995,
  "AU-5-INK277-SN": 14678.24575419068,
  "AU-5-INK482-SN": 4646505.706190134,
  "AU-5-INK573-SN": 71342.79713813923,
  "AU-5-INK695-SN": 1427721.9455277561,
  "AU-5-INL021-SN": 919701.4128341131,
  "AU-5-INL213-SN": 8214.62189979269,
  "AU-5-INL420-SN": 13944.93589265806,
  "AU-5-INL471-SN": 283775.3890347565,
  "AU-5-INL673-SN": 641969.1408678435,
  "AU-5-INL860-SN": 901417.9633263128,
  "AU-5-INL966-SN": 259.6083734379781,
  "AU-5-INM061-SN": 104823.19070132694,
  "AU-5-INM256-SN": 699341.6899796734,
  "AU-5-INM529-SN": 1258500.2668106186,
  "AU-5-INM544-SN": 85313.80172105556,
  "AU-5-O14827-SN": 22535.449083157822,
  "AU-5-O16364-SN": 16173.241098000704
}