{
  "GB-CHC-202918-LEBA46": 48878.980058976376,
  "GB-CHC-202918-LEBA56": 581547.3417645327,
  "GB-CHC-202918-LEBA57": 635414.9303646274,
  "GB-CHC-202918-LEBA58": 1307696.7601832252,
  "GB-CHC-202918-LEBA61": 551876.0817968592,
  "GB-CHC-202918-LEBA62": 271519.76757345843,
  "GB-CHC-202918-LEBA63": 223920.04384702322,
  "GB-CHC-202918-LEBA66": 1374974.656142603,
  "GB-CHC-202918-LEBA75": 741749.081812095,
  "GB-CHC-202918-LEBA76": 560361.4112601449,
  "GB-CHC-202918-LEBA77": 688975.9027294925,
  "GB-CHC-202918-LEBA78": 1442926.7048998508,
  "GB-CHC-202918-LEBA82": 16910.653625928317,
  "GB-CHC-202918-LEBA83": 680478.8753630064,
  "GB-CHC-202918-LEBA84": 3192598.3648164435,
  "GB-CHC-202918-LEBA87": 164790.33949667684,
  "GB-CHC-202918-LEBA89": 868417.2563758297,
  "GB-CHC-202918-LEBA90": 432229.5324394602,
  "GB-CHC-202918-LEBA91": 1650486.489704492,
  "GB-CHC-202918-LEBA92": 2967624.58702985,
  "GB-CHC-202918-LEBA93": 1032162.5612186965,
  "GB-CHC-202918-LEBA94": 641808.227053238,
  "GB-CHC-202918-LEBA95": 49921.72455990622,
  "GB-CHC-202918-LEBA96": 1157391.7783573223,
  "GB-CHC-202918-LEBA97": 5647563.497396189,
  "GB-CHC-202918-LEBB02": 3353847.419495911
}