{
  "XM-DAC-41108-1100001460": 60261152.4191802,
  "XM-DAC-41108-1100001637": 148649607.79484427,
  "XM-DAC-41108-2000000423": 88794870.57325359,
  "XM-DAC-41108-2000002332": 47789081.33
}