{
  "GB-CHC-202918-HUMB64": 863227.8358531817,
  "GB-CHC-202918-PHLB51": 38313.11251222746,
  "GB-CHC-202918-PHLB68": -1867.248965529253,
  "GB-CHC-202918-PHLB71": 49927.74002849248,
  "GB-CHC-202918-PHLB74": 79206.28736431515,
  "GB-CHC-202918-PHLB80": 309.4622057267632,
  "GB-CHC-202918-PHLB81": 528864.059369127,
  "GB-CHC-202918-PHLB84": 20991.498617050514,
  "GB-CHC-202918-PHLB85": 45688.02395630162,
  "GB-CHC-202918-PHLB86": 46218.29246857807,
  "GB-CHC-202918-PHLB88": 2967.654385267593,
  "GB-CHC-202918-PHLB89": 43352.412785352215,
  "GB-CHC-202918-PHLB91": 3166.540016791358,
  "GB-CHC-202918-PHLB93": 409752.9437351638,
  "GB-CHC-202918-PHLB94": 63648.03949882283,
  "GB-CHC-202918-PHLC02": 88162.07126701408,
  "GB-CHC-202918-PHLC03": 414932.50201359345,
  "GB-CHC-202918-PHLC04": 7127.252329460676,
  "GB-CHC-202918-PHLC05": 92136.75515984406,
  "GB-CHC-202918-PHLC07": 181541.93459091758,
  "GB-CHC-202918-PHLC09": 586697.7245315637,
  "GB-CHC-202918-PHLC14": 388246.14134583785,
  "GB-CHC-202918-PHLC16": 104863.84317917241,
  "GB-CHC-202918-PHLC18": 162270.2322011164,
  "GB-CHC-202918-PHLC19": 519820.202324927,
  "GB-CHC-202918-PHLC20": 27792.092610848442,
  "GB-CHC-202918-PHLC22": 1207979.3772240605,
  "GB-CHC-202918-PHLC27": 363852.8497960319,
  "GB-CHC-202918-PHLC28": 2769402.315698695,
  "GB-CHC-202918-PHLC32": 352620.902089015,
  "GB-CHC-202918-PHLC35": 890456.0895297631,
  "GB-CHC-202918-PHLC36": 319991.49584185536,
  "GB-CHC-202918-PHLC37": 379640.42233510653,
  "GB-CHC-202918-PHLC38": 28066.878004621576,
  "GB-CHC-202918-PHLC41": 169437.91643825898,
  "GB-CHC-202918-PHLC44": 266549.08136474085,
  "GB-CHC-202918-PHLC46": 16223.574810055492,
  "GB-CHC-202918-PHLC49": 1504537.2544283958,
  "GB-CHC-202918-PHLC50": 84026.61534681641,
  "GB-CHC-202918-PHLC51": 53371.93049135114,
  "GB-CHC-202918-PHLC52": 157180.5404222331,
  "GB-CHC-202918-PHLC53": 518963.88285880606,
  "GB-CHC-202918-PHLC55": 189173.26769280233,
  "GB-CHC-202918-PHLC56": 752528.2547615702,
  "GB-CHC-202918-PHLC58": 435875.78534299455,
  "GB-CHC-202918-PHLC59": 350059.30842689256,
  "GB-CHC-202918-PHLC60": 178297.8094668425,
  "GB-CHC-202918-PHLC62": 626971.4633814887,
  "GB-CHC-202918-PHLC68": 474996.6875945445,
  "GB-CHC-202918-PHLC69": 281441.1382240127,
  "GB-CHC-202918-PHLC71": 432276.27462450246,
  "GB-CHC-202918-PHLC73": 443747.79868425074,
  "GB-CHC-202918-PHLC74": 6097242.989750963,
  "GB-CHC-202918-PHLC75": 2034950.715421509,
  "GB-CHC-202918-PHLC77": 11977.36775561251,
  "GB-CHC-202918-PHLC79": 5036.606364640746,
  "GB-CHC-202918-PHLC81": 1225977.2932867608,
  "GB-CHC-202918-PHLC82": 37989.30311405586,
  "GB-CHC-202918-PHLC83": 382797.75231261743,
  "GB-CHC-202918-PHLC86": 388936.46591795085,
  "GB-CHC-202918-PHLC89": 1540266.2096016235,
  "GB-CHC-202918-PHLC90": 977880.7315693819,
  "GB-CHC-202918-PHLC93": 46742.25094591424,
  "GB-CHC-202918-PHLC94": 902620.3930737047,
  "GB-CHC-202918-PHLC95": 83789.8893282451,
  "GB-CHC-202918-PHLC96": 206065.9790418498,
  "GB-CHC-202918-PHLC97": 1252508.417836269,
  "GB-CHC-202918-PHLC99": 188131.64355443255,
  "GB-CHC-202918-PHLD01": 135074.76560533646,
  "GB-CHC-202918-PHLD04": 787421.5842241982,
  "GB-CHC-202918-PHLD05": 125098.3653819796,
  "GB-CHC-202918-PHLD06": 17833.53580885243,
  "GB-CHC-202918-PHLD07": 341711.1080457735,
  "GB-CHC-202918-PHLD09": 2889910.3579610954,
  "GB-CHC-202918-PHLD10": 1649568.929243728,
  "GB-CHC-202918-PHLD11": 133585.47424462528,
  "GB-CHC-202918-PHLD14": 93918.18105808922,
  "GB-CHC-202918-PHLD15": 5641303.55397149
}