{
  "GB-CHC-1099776-V4": 7265880.720347304,
  "GB-CHC-1099776-V4-NG": 608411.2795457598
}