{
  "NL-KVK-813612809-NL-KVK-27302841-202001": 796866.6976201921,
  "NL-KVK-813612809-NL-KVK-813612809-NL-KVK-27302841-202001": 894606.4870505357
}