{
  "GB-GOV-8-1": 2596.568618469154,
  "GB-GOV-8-10": 213836.25812870383,
  "GB-GOV-8-2": 2596.568618469154,
  "GB-GOV-8-3": 2596.568618469154,
  "GB-GOV-8-4": 2596.568618469154,
  "GB-GOV-8-5": 2616.890949619123,
  "GB-GOV-8-6": 2804.481698695763,
  "GB-GOV-8-7": 3101.5003847337757,
  "GB-GOV-8-8": 3220.3078591489807,
  "GB-GOV-8-9": 57402.769217451736,
  "GB-GOV-8-DE-003": 205381.89884341712,
  "GB-GOV-8-GB-GOV-8-DE-008": 1208587.5199072096,
  "GB-GOV-8-UKHO-010": 270205.08801291557
}