{
  "GB-GOV-8-DE-003": 205381.89884341712,
  "GB-GOV-8-GB-GOV-8-DE-008": 1208587.5199072096,
  "GB-GOV-8-UKHO-010": 270205.08801291557
}