{
  "ukmod": {
    "GB-GOV-8-1": 2596.68964780831,
    "GB-GOV-8-10": 213846.22530647257,
    "GB-GOV-8-2": 2596.68964780831,
    "GB-GOV-8-3": 2596.68964780831,
    "GB-GOV-8-4": 2596.68964780831,
    "GB-GOV-8-5": 2617.012926207773,
    "GB-GOV-8-6": 2804.6124191258928,
    "GB-GOV-8-7": 3101.6449495795828,
    "GB-GOV-8-8": 3220.457961761059,
    "GB-GOV-8-9": 57405.4448329447,
    "GB-GOV-8-DE-003": 205117.20095056677,
    "GB-GOV-8-GB-GOV-8-DE-008": 1207029.8822982179,
    "GB-GOV-8-UKHO-010": 269856.84545679344
  }
}