{
  "GB-COH-10333897-(SMEP) Programme \u2013 Programme Management Component": {
    "pegasys-eu-activities.xml": 816270.0304458971
  },
  "GB-COH-10333897-CAWEP": {
    "pegasys-eu-activities.xml": 437561.6014774751
  },
  "GB-COH-10333897-FGMC": {
    "pegasys-eu-activities.xml": 20955450.104333017
  }
}