{
  "GB-CHC-1113101-AGL01": {
    "tropicalhealth-activities.xml": 187262.97841457435
  },
  "GB-CHC-1113101-AGL02": {
    "tropicalhealth-activities.xml": 110299.04917475473
  },
  "GB-CHC-1113101-AGL04": {
    "tropicalhealth-activities.xml": 187201.9973493754
  },
  "GB-CHC-1113101-AGL09": {
    "tropicalhealth-activities.xml": 187936.36997210328
  },
  "GB-CHC-1113101-AGL14": {
    "tropicalhealth-activities.xml": 187133.3484006409
  },
  "GB-CHC-1113101-AGL15": {
    "tropicalhealth-activities.xml": 128494.64062025
  },
  "GB-CHC-1113101-AGL19": {
    "tropicalhealth-activities.xml": 179468.1798882406
  },
  "GB-CHC-1113101-AGL24": {
    "tropicalhealth-activities.xml": 126618.03308038348
  },
  "GB-CHC-1113101-AGL26": {
    "tropicalhealth-activities.xml": 187583.4169638686
  },
  "GB-CHC-1113101-AGL28": {
    "tropicalhealth-activities.xml": 155915.05796208594
  },
  "GB-CHC-1113101-AGL29": {
    "tropicalhealth-activities.xml": 187387.34292908426
  },
  "GB-CHC-1113101-AGS08": {
    "tropicalhealth-activities.xml": 65888.67520855885
  },
  "GB-CHC-1113101-AGS09": {
    "tropicalhealth-activities.xml": 78115.98760432035
  },
  "GB-CHC-1113101-AGS11": {
    "tropicalhealth-activities.xml": 43830.445023434964
  },
  "GB-CHC-1113101-AGS14": {
    "tropicalhealth-activities.xml": 72372.79220025754
  },
  "GB-CHC-1113101-AGS15": {
    "tropicalhealth-activities.xml": 75261.28063715855
  },
  "GB-CHC-1113101-AGS17": {
    "tropicalhealth-activities.xml": 63291.20434292302
  },
  "GB-CHC-1113101-AGS30": {
    "tropicalhealth-activities.xml": 78159.75706827859
  },
  "GB-CHC-1113101-AGS33": {
    "tropicalhealth-activities.xml": 73998.08732544958
  },
  "GB-CHC-1113101-GB-CHC-1113101-AGS35": {
    "tropicalhealth-activities.xml": 41463.734670036094
  }
}