{
  "XM-DAC-6-4-000100-02-6": -3463.860004550332,
  "XM-DAC-6-4-000100-03-0": -3245320.962598478,
  "XM-DAC-6-4-001697-01-0": 1116775.9100801514,
  "XM-DAC-6-4-001697-02-1": 28146.453117124183,
  "XM-DAC-6-4-002454-01-2": -3244.017763788548,
  "XM-DAC-6-4-002911-01-6": -1092646.5495483668,
  "XM-DAC-6-4-006201-02-0": 256339.7783630912,
  "XM-DAC-6-4-006657-01-1": 1329483.1082238853,
  "XM-DAC-6-4-009064-01-6": 1143663.4750626418,
  "XM-DAC-6-4-010749-01-2": 3984333.4881009604,
  "XM-DAC-6-4-011124-01-3": 3984333.4881009604,
  "XM-DAC-6-4-011137-01-1": 1705294.7329072112,
  "XM-DAC-6-4-011204-01-2": 464931.87472650106,
  "XM-DAC-6-4-011269-01-6": 2656222.3254006403,
  "XM-DAC-6-4-011692-01-5": 3984333.4881009604,
  "XM-DAC-6-4-011694-01-2": 5312444.6508012805,
  "XM-DAC-6-4-011695-01-4": 3984333.4881009604,
  "XM-DAC-6-4-011845-01-3": 3984333.4881009604,
  "XM-DAC-6-4-011848-01-2": 5312444.6508012805,
  "XM-DAC-6-4-011851-01-1": 3984333.4881009604,
  "XM-DAC-6-4-011961-01-4": 1328111.1627003201,
  "XM-DAC-6-4-011961-01-5": 531244.465080128,
  "XM-DAC-6-4-012143-01-4": 7968666.976201921,
  "XM-DAC-6-4-012147-01-5": 5312444.6508012805
}