{
  "XI-IATI-EC_FPI-2007/19662/0": 3607688.242198835,
  "XI-IATI-EC_FPI-2008/147-946": 642515.0217809895,
  "XI-IATI-EC_FPI-2008/147-990": 1043077.2810108616,
  "XI-IATI-EC_FPI-2008/148-938": 2060095.7988156262,
  "XI-IATI-EC_FPI-2008/172-621": 1010265.993235018,
  "XI-IATI-EC_FPI-2009/200-913": 779182.9128792612,
  "XI-IATI-EC_FPI-2009/210-362": 7476522.191582407,
  "XI-IATI-EC_FPI-2010/22598/0": 25386702.531858295,
  "XI-IATI-EC_FPI-2010/22851/0": 6628583.333333347,
  "XI-IATI-EC_FPI-2010/248-993": 6740718.653902508,
  "XI-IATI-EC_FPI-2010/252-328": 656956.91769812,
  "XI-IATI-EC_FPI-2010/252-364": 1500899.6041977066,
  "XI-IATI-EC_FPI-2010/252-490": 16489653.820259945,
  "XI-IATI-EC_FPI-2010/257-704": 6608119.335937512,
  "XI-IATI-EC_FPI-2011/262-922": 684652.6838631649,
  "XI-IATI-EC_FPI-2012/24530/0": 15381776.38651089,
  "XI-IATI-EC_FPI-2013/323-014": 9263817.814206932,
  "XI-IATI-EC_FPI-2013/329-635": 6642503.921568604,
  "XI-IATI-EC_FPI-2013/334-708": 597825.3529411744,
  "XI-IATI-EC_FPI-2013/335-318": 719192.1628631112,
  "XI-IATI-EC_FPI-2013/335-319": 914051.6361732832,
  "XI-IATI-EC_FPI-2013/335-703": 995876.0719403888,
  "XI-IATI-EC_FPI-2016/376-446": 2983096.1018205187,
  "XI-IATI-EC_FPI-2016/376-451": 1968607.1094965264,
  "XI-IATI-EC_FPI-2016/39786/0": 8794770.817643287,
  "XI-IATI-EC_FPI-2019/407-954": 4649752.745098023,
  "XI-IATI-EC_FPI-2019/409-649": 597825.3529411744,
  "XI-IATI-EC_FPI-2019/409-799": 597789.0715847549,
  "XI-IATI-EC_FPI-2019/42097/0": 4649752.745098023
}