{
  "GB-1-203216-129": 3148270.351094384,
  "GB-1-203216-133": 1871763.8065986177,
  "GB-1-204007-122": 12714992.835337546,
  "GB-1-204007-130": 1860899.5667298886,
  "GB-1-204007-132": 11862580.020967022,
  "GB-1-204007-152": 2703833.574673241,
  "GB-1-204397-101": 16475920.000787536,
  "GB-1-204397-102": 417550.8881719586,
  "GB-1-204397-103": 19545512.40911026,
  "GB-1-204397-104": 37235579.201779835,
  "GB-1-204397-105": 568544.457019176,
  "GB-1-204513-102": 16475920.000787536,
  "GB-1-204515-104": 34599432.00165383,
  "GB-1-204516-107": 1799.170464085999,
  "GB-1-204516-109": 38883.17120185858,
  "GB-1-204520-103": 32480363.427240536,
  "GB-1-204525-102": 5940498.402171951,
  "GB-1-204534-102": 35337706.443745114,
  "GB-1-204535-103": 39369083.97729781,
  "GB-1-204536-103": 217482144.01039547,
  "GB-1-204540-102": 55535246.79651854,
  "GB-1-204806-104": 988555.2000472521,
  "GB-1-204812-101": 208665.87921797406,
  "GB-1-204812-103": 949607.7727573906,
  "GB-1-204906-101": 11533144.000551276,
  "GB-1-204906-104": 46132576.0022051,
  "GB-1-204906-105": 2642737.568126321,
  "GB-1-204906-106": 422938.5140122161,
  "GB-1-205075-101": 9022729.488727279,
  "GB-1-205075-102": 6260849.600299263,
  "GB-1-205179-101": 16475920.000787536,
  "GB-GOV-1-300034-101": 32208278.43675553,
  "GB-GOV-1-300054-101": 1113312.5138852154,
  "GB-GOV-1-300059-101": 304354358.3379399,
  "GB-GOV-1-300060-101": 41683253.80599243,
  "GB-GOV-1-300060-103": 1496372.7111275254,
  "GB-GOV-1-300060-104": 494277.60002362606,
  "GB-GOV-1-300231-101": 569940764.8777708,
  "GB-GOV-1-300231-102": 4358187.292320318,
  "GB-GOV-1-300231-103": 1544021.071769803,
  "GB-GOV-1-300239-101": 239746450.1295397,
  "GB-GOV-1-300239-102": 1835351.5844077284,
  "GB-GOV-1-300239-103": 17039950.0557265,
  "GB-GOV-1-300239-105": 67442.53093122371,
  "GB-GOV-1-300290-101": 25043398.401197053,
  "GB-GOV-1-300353-101": 31178138.01462629,
  "GB-GOV-1-300383-103": 9885552.000472521,
  "GB-GOV-1-300407-101": 50729357.68242482,
  "GB-GOV-1-300407-102": 33995775.71152097,
  "GB-GOV-1-300426-101": 1538221.5479295258,
  "GB-GOV-1-300426-102": 253729.16801212807,
  "GB-GOV-1-300426-103": 8096509.284411007,
  "GB-GOV-1-300509-101": 14651024.035212308,
  "GB-GOV-1-300746-101": 65801038.31672924,
  "GB-GOV-1-300746-102": 36349665.68815348,
  "GB-GOV-1-301163-101": 1120362.5600535525,
  "GB-GOV-1-301229-101": 9885552.000472521,
  "GB-GOV-1-301229-102": 2272602.7301246286,
  "GB-GOV-1-301229-103": 890073.6834265448,
  "GB-GOV-1-301229-104": 199826.54813755155,
  "GB-GOV-1-301229-105": 1219773.3185623044,
  "GB-GOV-1-301229-107": 2731295.638130554
}