{
  "XI-IATI-EC_NEAR-2002/314/0": 72232922.39141488,
  "XI-IATI-EC_NEAR-2002/623/0": 6233412.849310359,
  "XI-IATI-EC_NEAR-2002/624/0": 11305028.117167272,
  "XI-IATI-EC_NEAR-2003/059-739": 68188836.51753205,
  "XI-IATI-EC_NEAR-2003/070-997": 87802120.50785688,
  "XI-IATI-EC_NEAR-2003/4937/0": 75135135.43214484,
  "XI-IATI-EC_NEAR-2003/5630/0": 17676305.28789183,
  "XI-IATI-EC_NEAR-2003/5631/0": 1811918.7995818858,
  "XI-IATI-EC_NEAR-2003/5632/0": 990028.6885158189,
  "XI-IATI-EC_NEAR-2003/5698/1": -40348.320542245,
  "XI-IATI-EC_NEAR-2003/5867/0": 69949396.68305984,
  "XI-IATI-EC_NEAR-2004/097-714": 146945980.6169121,
  "XI-IATI-EC_NEAR-2004/097-816": 1954210.7632064205,
  "XI-IATI-EC_NEAR-2004/16711/0": 137262440.99300942,
  "XI-IATI-EC_NEAR-2004/16715/0": 1618107.8344376362,
  "XI-IATI-EC_NEAR-2004/16782/0": 17513598.992215224,
  "XI-IATI-EC_NEAR-2004/16783/0": 4288121.933628993,
  "XI-IATI-EC_NEAR-2004/16785/0": 2344490.596707932,
  "XI-IATI-EC_NEAR-2004/16786/0": 2260037.3727701283,
  "XI-IATI-EC_NEAR-2004/16869/3": -11702.197593387682,
  "XI-IATI-EC_NEAR-2004/16919/0": 12363035.914304063,
  "XI-IATI-EC_NEAR-2004/6070/0": 11017386.261624588,
  "XI-IATI-EC_NEAR-2005/099-408": 19566835.74487502,
  "XI-IATI-EC_NEAR-2005/108-131": 3099506.5351435253,
  "XI-IATI-EC_NEAR-2005/108-423": 124904406.06036992,
  "XI-IATI-EC_NEAR-2005/112-248": 13193905.153771615,
  "XI-IATI-EC_NEAR-2005/113-371": 10365878.533762038,
  "XI-IATI-EC_NEAR-2005/17353/0": 93709401.2028094,
  "XI-IATI-EC_NEAR-2005/17453/0": 2762112.703638205,
  "XI-IATI-EC_NEAR-2005/17454/0": 8136938.078748487,
  "XI-IATI-EC_NEAR-2005/17455/0": 1624821.8635139207,
  "XI-IATI-EC_NEAR-2005/17456/0": 2169917.8091927697,
  "XI-IATI-EC_NEAR-2005/17457/0": 2803952.9442629013,
  "XI-IATI-EC_NEAR-2005/17579/0": -82186.77146949945,
  "XI-IATI-EC_NEAR-2005/17586/0": 7501764.587130782,
  "XI-IATI-EC_NEAR-2005/17684/0": 12009763.315358229
}