{
  "NL-KVK-41201463-NJR2019": 14044171.916376216,
  "NL-KVK-41201463-NJR2020": 16878774.846862104,
  "NL-KVK-41201463-NJR2021": 13414205.630950889,
  "NL-KVK-41201463-PNGNO-007": 1456485.0595757703,
  "NL-KVK-41201463-PNGNO-008": 398483.81703427865,
  "NL-KVK-41201463-PNGNO-009P": 1192962.5707839355,
  "NL-KVK-41201463-PNGNO-010L": 207335.4179426351,
  "NL-KVK-41201463-PNGNO-012L": 169331.5170219654,
  "NL-KVK-41201463-PNGNO-013L": 238723.99716189445,
  "NL-KVK-41201463-PNGNO003": 411833.9904417423,
  "NL-KVK-41201463-PNGNO004": 1752199.6348402982,
  "NL-KVK-41201463-PNGNO011": 1325348.6914819034,
  "NL-KVK-41201463-PNGNO014P": 1169068.522855794
}