{
  "XI-IATI-EC_INTPA-2010/234-811": 1808198.050080526,
  "XI-IATI-EC_INTPA-2011/23255/1": 15414364.882414171,
  "XI-IATI-EC_INTPA-2011/23256/1": 58220951.538242996,
  "XI-IATI-EC_INTPA-2011/23267/0": 4754250.968136462,
  "XI-IATI-EC_INTPA-2011/23307/0": 15245075.454557525,
  "XI-IATI-EC_INTPA-2011/277-538": 1045994.4758669066,
  "XI-IATI-EC_INTPA-2012/23869/0": 5821918.588884596,
  "XI-IATI-EC_INTPA-2012/288-896": 3732193.023906966,
  "XI-IATI-EC_INTPA-2012/290-717": 1409452.7885357812,
  "XI-IATI-EC_INTPA-2012/295-206": 1581618.3221867546,
  "XI-IATI-EC_INTPA-2012/295-539": 1098683.416947426,
  "XI-IATI-EC_INTPA-2012/297-100": 26453899.509715036,
  "XI-IATI-EC_INTPA-2012/301-334": 137130.4987958821,
  "XI-IATI-EC_INTPA-2012/302-495": -12600.829939215642,
  "XI-IATI-EC_INTPA-2012/302-546": 3749794.045635498,
  "XI-IATI-EC_INTPA-2012/303-226": 763993.7177590406,
  "XI-IATI-EC_INTPA-2012/304-558": 1252619.6632366423,
  "XI-IATI-EC_INTPA-2012/304-628": 1576103.4072898587,
  "XI-IATI-EC_INTPA-2012/304-645": 10367543.050217066,
  "XI-IATI-EC_INTPA-2012/305-953": 758460.7039238939,
  "XI-IATI-EC_INTPA-2012/306-034": 444152.3009743689,
  "XI-IATI-EC_INTPA-2012/306-131": 796133.9987521045,
  "XI-IATI-EC_INTPA-2012/306-263": 432665.57160397933,
  "XI-IATI-EC_INTPA-2012/307-871": 1877014.3196353246,
  "XI-IATI-EC_INTPA-2012/307-914": 3522640.1554793045,
  "XI-IATI-EC_INTPA-2012/309-233": 83456.75527359231,
  "XI-IATI-EC_INTPA-2013/24526/0": 19914572.764160592,
  "XI-IATI-EC_INTPA-2013/24600/0": 87092490.86847848,
  "XI-IATI-EC_INTPA-2013/24812/1": 6330380.955673235,
  "XI-IATI-EC_INTPA-2013/24832/0": 4843169.091772938,
  "XI-IATI-EC_INTPA-2013/306-985": -551498.7636861118,
  "XI-IATI-EC_INTPA-2013/313-586": 2781821.122532195,
  "XI-IATI-EC_INTPA-2013/314-399": -48676.26873725473,
  "XI-IATI-EC_INTPA-2013/318-931": 4841534.702121495,
  "XI-IATI-EC_INTPA-2013/324-293": 10593325.587291291,
  "XI-IATI-EC_INTPA-2013/329-158": -447306.9314688533,
  "XI-IATI-EC_INTPA-2013/332-857": 371785.8466580889,
  "XI-IATI-EC_INTPA-2013/333-261": 330540.7197629949,
  "XI-IATI-EC_INTPA-2013/333-263": 332125.1960784302,
  "XI-IATI-EC_INTPA-2013/333-492": 2657001.568627442,
  "XI-IATI-EC_INTPA-2013/333-502": 1246590.0225656505,
  "XI-IATI-EC_INTPA-2013/333-510": 2297508.592141757,
  "XI-IATI-EC_INTPA-2013/333-846": 263396.86862794025,
  "XI-IATI-EC_INTPA-2013/333-890": 318917.2412807832,
  "XI-IATI-EC_INTPA-2013/334-358": 896713.5717123224,
  "XI-IATI-EC_INTPA-2013/335-012": 1234295.7176123995,
  "XI-IATI-EC_INTPA-2013/335-221": 1805732.2092342486,
  "XI-IATI-EC_INTPA-2013/335-291": 1657885.2832741118,
  "XI-IATI-EC_INTPA-2014/333-511": 2623998.46059823,
  "XI-IATI-EC_INTPA-2014/333-512": 2479992.3101155916,
  "XI-IATI-EC_INTPA-2014/337-931": 1684608.2758257,
  "XI-IATI-EC_INTPA-2014/337-933": 1537703.1772115945,
  "XI-IATI-EC_INTPA-2014/337-937": 1992664.8239196008,
  "XI-IATI-EC_INTPA-2014/343-841": -15987.205008447005,
  "XI-IATI-EC_INTPA-2014/346-661": 2023638.8197058754,
  "XI-IATI-EC_INTPA-2014/349-071": 1951644.6122072912,
  "XI-IATI-EC_INTPA-2014/349-916": 6217197.335068206,
  "XI-IATI-EC_INTPA-2014/351-352": 16207.709568627395,
  "XI-IATI-EC_INTPA-2014/352-381": 1247832.2770790467,
  "XI-IATI-EC_INTPA-2014/353-248": 55405125.302798785,
  "XI-IATI-EC_INTPA-2014/353-259": 1439795.073994093,
  "XI-IATI-EC_INTPA-2014/353-881": 3693536.221081642,
  "XI-IATI-EC_INTPA-2014/354-446": 2138943.082723636,
  "XI-IATI-EC_INTPA-2014/354-702": 7133953.559708211,
  "XI-IATI-EC_INTPA-2015/356-257": 89716.64709147028,
  "XI-IATI-EC_INTPA-2015/362-615": 3312720.3420324475,
  "XI-IATI-EC_INTPA-2015/369-284": 2183195.8955393923,
  "XI-IATI-EC_INTPA-2015/369-405": 763887.9509803895,
  "XI-IATI-EC_INTPA-2015/369-546": 2856339.1258113626,
  "XI-IATI-EC_INTPA-2015/369-548": 4218782.73318408,
  "XI-IATI-EC_INTPA-2015/371-173": 631259.7321799978,
  "XI-IATI-EC_INTPA-2015/371-190": 391907.7313725476,
  "XI-IATI-EC_INTPA-2015/371-193": 528704.1213837237,
  "XI-IATI-EC_INTPA-2015/371-195": 2424107.29056747,
  "XI-IATI-EC_INTPA-2015/371-196": 2471911.1859796974,
  "XI-IATI-EC_INTPA-2015/371-200": 1886747.0300533778,
  "XI-IATI-EC_INTPA-2016/371-163": 2244711.8453718745,
  "XI-IATI-EC_INTPA-2016/373-915": 1854616.9994546094,
  "XI-IATI-EC_INTPA-2016/374-889": 1328500.784313721,
  "XI-IATI-EC_INTPA-2016/376-450": 10832418.611694712,
  "XI-IATI-EC_INTPA-2017/375-535": 217004.06689378747,
  "XI-IATI-EC_INTPA-2017/390-381": 9273730.090683894,
  "XI-IATI-EC_INTPA-2017/391-864": 1776496.4902992095,
  "XI-IATI-EC_INTPA-2017/392-163": 5352629.297558805,
  "XI-IATI-EC_INTPA-2017/40771/0": -5.5879354476900115e-09,
  "XI-IATI-EC_INTPA-2017/40791/0": 1992751.1764705812,
  "XI-IATI-EC_INTPA-2018/387-219": 3551082.596470576,
  "XI-IATI-EC_INTPA-2018/395-094": 5276348.921409774,
  "XI-IATI-EC_INTPA-2018/399-207": 14222.012731321518,
  "XI-IATI-EC_INTPA-2018/399-900": 2892931.3514145,
  "XI-IATI-EC_INTPA-2018/402-947": 1859901.0980392094,
  "XI-IATI-EC_INTPA-2018/403-810": 3228256.905882342,
  "XI-IATI-EC_INTPA-2018/403-863": 3515190.490780772,
  "XI-IATI-EC_INTPA-2019/42224/1": 2657001.568627442,
  "XI-IATI-EC_INTPA-2020/416-077": 477118.28979373554,
  "XI-IATI-EC_INTPA-2020/418-961": 855023.1047843108,
  "XI-IATI-EC_INTPA-2020/419-060": 982459.5425196043,
  "XI-IATI-EC_INTPA-2020/419-600": 2561166.179048619,
  "XI-IATI-EC_INTPA-2020/421-917": 2221436.6444807765,
  "XI-IATI-EC_INTPA-2020/42700/0": 5978253.529411744,
  "XI-IATI-EC_INTPA-2021/422-715": 566852.6856556843,
  "XI-IATI-EC_INTPA-2021/422-723": 1136343.0431935843,
  "XI-IATI-EC_INTPA-2021/422-776": 1363691.7604295954,
  "XI-IATI-EC_INTPA-2021/424-581": 1083067.544596059,
  "XI-IATI-EC_INTPA-2021/425-238": 2802529.5300435196,
  "XI-IATI-EC_INTPA-2021/429-835": 12076871.700893769,
  "XI-IATI-EC_INTPA-2021/43166/0": 42512025.09803907,
  "XI-IATI-EC_INTPA-2021/43177/0": 50483029.803921394
}