{
  "ES-DIR3-E04585801-009-037029": 58396.626748736475,
  "ES-DIR3-E04585801-009-037749": 6681.743293769475,
  "ES-DIR3-E04585801-009-066055": 1584.490546171654,
  "ES-DIR3-E04585801-009-089676": 1827.1622131965923,
  "ES-DIR3-E04585801-009-089991": 312.98267660195745
}