{
  "XI-IATI-EC_FPI-2008/20617/0": 1470755.4687499998,
  "XI-IATI-EC_FPI-2009/21753/0": 4837984.117454267,
  "XI-IATI-EC_FPI-2010/22673/0": 3843907.2167367926,
  "XI-IATI-EC_FPI-2011/282-345": 366942.6895457386,
  "XI-IATI-EC_FPI-2012/24319/0": 11291976.504156608,
  "XI-IATI-EC_FPI-2013/331-729": 1399723.8369620345,
  "XI-IATI-EC_FPI-2013/331-803": 1153250.8062505058,
  "XI-IATI-EC_FPI-2013/331-907": 2509709.039329607,
  "XI-IATI-EC_FPI-2015/365-621": 2000344.5548285223,
  "XI-IATI-EC_FPI-2015/365-622": 1614128.452941171,
  "XI-IATI-EC_FPI-2015/365-623": 697530.8512948132,
  "XI-IATI-EC_FPI-2015/366-974": 987054.1491971456,
  "XI-IATI-EC_FPI-2015/38682/0": 6798797.349235345,
  "XI-IATI-EC_FPI-2016/371-400": 1499739.340973693,
  "XI-IATI-EC_FPI-2016/40068/0": 5261659.741377648,
  "XI-IATI-EC_FPI-2017/383-403": 2443878.092379658,
  "XI-IATI-EC_FPI-2017/383-944": 1328500.784313721,
  "XI-IATI-EC_FPI-2017/383-945": 529714.3665201472,
  "XI-IATI-EC_FPI-2017/384-788": 959566.4981641222,
  "XI-IATI-EC_FPI-2018/398-191": 1019051.6884126945,
  "XI-IATI-EC_FPI-2018/398-196": 1957046.7480865775,
  "XI-IATI-EC_FPI-2018/398-197": 4529143.472893318,
  "XI-IATI-EC_FPI-2018/398-199": 1374415.6446057088,
  "XI-IATI-EC_FPI-2018/41510/0": 8879657.553998299
}