{
  "46002-P-MU-A00-001": 151933.26555964284,
  "46002-P-MU-AA0-002": 4767080.005990385,
  "46002-P-MU-AA0-003": 164584.79952086066,
  "46002-P-MU-AA0-008": 538190.2742798976,
  "46002-P-MU-AAC-002": 6243276.817186205,
  "46002-P-MU-AAG-001": 8377552.774550916,
  "46002-P-MU-BG0-001": 42350368.45495598,
  "46002-P-MU-DB0-002": 11151456.949827889,
  "46002-P-MU-DB0-003": 13791738.654419547,
  "46002-P-MU-DB0-004": 11961356.369543903,
  "46002-P-MU-DB0-005": 16418017.27298928,
  "46002-P-MU-DB0-007": 26412203.954831026,
  "46002-P-MU-DB0-011": 1724537.7875296886,
  "46002-P-MU-DD0-001": 3601949.9927254235,
  "46002-P-MU-EA0-001": 15355943.6147502,
  "46002-P-MU-EAZ-001": 746706.374665997,
  "46002-P-MU-EB0-001": 2282135.7173492606,
  "46002-P-MU-EB0-002": 15905908.16367451,
  "46002-P-MU-EB0-004": 74301595.58752222,
  "46002-P-MU-EB0-005": 110085496.04737686,
  "46002-P-MU-EB0-007": 1900820.2467546512,
  "46002-P-MU-FA0-002": 205776293.03476676,
  "46002-P-MU-H00-004": 1573954.6700842255,
  "46002-P-MU-IA0-001": 12892136.092349784,
  "46002-P-MU-IB0-001": 26614622.593473323,
  "46002-P-MU-IB0-003": 348568.2355743184,
  "46002-P-MU-K00-001": 555173.6052850115,
  "46002-P-MU-K00-002": 62914184.91232439,
  "46002-P-MU-K00-004": 684357427.5248165,
  "46002-P-MU-K00-005": 379759343.53881127,
  "46002-P-MU-K00-006": 1534096.905535435,
  "46002-P-MU-K00-008": 456874225.15850574,
  "46002-P-MU-KA0-001": 815279.930355346,
  "46002-P-MU-KA0-002": 894638.9805363883,
  "46002-P-MU-KZ0-001": 151933.26555964284
}