{
  "XI-IATI-EC_INTPA-1988/7368/0": -1906382.3363109573,
  "XI-IATI-EC_INTPA-2000/15263/0": 6352465.651567034,
  "XI-IATI-EC_INTPA-2003/16532/0": 31097557.915057994,
  "XI-IATI-EC_INTPA-2003/184-937": 36363.82595510156,
  "XI-IATI-EC_INTPA-2003/184-938": 1180688.6629367184,
  "XI-IATI-EC_INTPA-2003/184-939": 1184807.940146039,
  "XI-IATI-EC_INTPA-2003/184-940": 11608.452301523435,
  "XI-IATI-EC_INTPA-2003/184-944": 3088586.4843749995,
  "XI-IATI-EC_INTPA-2004/16577/0": 2950256.313764698,
  "XI-IATI-EC_INTPA-2004/184-941": 8474.581256265625,
  "XI-IATI-EC_INTPA-2004/191-564": 287801.63648564054,
  "XI-IATI-EC_INTPA-2004/191-565": 92066.64498390623,
  "XI-IATI-EC_INTPA-2004/191-566": 101143.85358593748,
  "XI-IATI-EC_INTPA-2004/191-567": 55450.687418796864,
  "XI-IATI-EC_INTPA-2004/191-568": 83848.96058536717,
  "XI-IATI-EC_INTPA-2004/191-569": 217567.03275540622,
  "XI-IATI-EC_INTPA-2005/191-570": 342501.5032376406,
  "XI-IATI-EC_INTPA-2005/191-571": 42789.850749164056,
  "XI-IATI-EC_INTPA-2005/191-572": 226799.6413802656,
  "XI-IATI-EC_INTPA-2005/191-573": 207687.8211962656,
  "XI-IATI-EC_INTPA-2005/20668/1": 62054.393261922116,
  "XI-IATI-EC_INTPA-2006/18525/0": 12224151.909495361,
  "XI-IATI-EC_INTPA-2006/18555/0": 22871424.549046207,
  "XI-IATI-EC_INTPA-2006/18676/0": 246810.08203730267,
  "XI-IATI-EC_INTPA-2006/191-574": 100397.5040157656,
  "XI-IATI-EC_INTPA-2006/191-576": 194217.52483929682,
  "XI-IATI-EC_INTPA-2006/191-577": 7353.777343749999,
  "XI-IATI-EC_INTPA-2006/191-578": 293986.36913749995,
  "XI-IATI-EC_INTPA-2006/191-579": 38671.98546509374,
  "XI-IATI-EC_INTPA-2006/191-580": 292400.89474218746,
  "XI-IATI-EC_INTPA-2006/191-581": 81544.59562448435,
  "XI-IATI-EC_INTPA-2006/195-398": 84841.4896423625,
  "XI-IATI-EC_INTPA-2007/191-193": 1201067.097730406,
  "XI-IATI-EC_INTPA-2007/191-195": 421956.93484142964,
  "XI-IATI-EC_INTPA-2007/191-582": 255983.5185804687,
  "XI-IATI-EC_INTPA-2007/191-583": 292695.04583593743,
  "XI-IATI-EC_INTPA-2007/191-584": 294106.97108593746,
  "XI-IATI-EC_INTPA-2007/19111/0": 278282.7053270606,
  "XI-IATI-EC_INTPA-2007/19293/0": 1599224.4795953345,
  "XI-IATI-EC_INTPA-2007/196-791": 2927007.0572916665,
  "XI-IATI-EC_INTPA-2007/20880/1": 2486761.294393898,
  "XI-IATI-EC_INTPA-2008/195-399": -8870.253451412049,
  "XI-IATI-EC_INTPA-2008/196-792": 165504.11289843748,
  "XI-IATI-EC_INTPA-2008/196-793": 617593.606340078,
  "XI-IATI-EC_INTPA-2008/197-571": 150936.57413156246,
  "XI-IATI-EC_INTPA-2008/197-572": 85629.73659937498,
  "XI-IATI-EC_INTPA-2008/197-576": 176483.59662374997,
  "XI-IATI-EC_INTPA-2008/197-653": 269362.33365262236,
  "XI-IATI-EC_INTPA-2008/199-256": 2614715.3593313196,
  "XI-IATI-EC_INTPA-2008/20932/1": 1605737.795770997,
  "XI-IATI-EC_INTPA-2009/227-862": 121474.69387430877,
  "XI-IATI-EC_INTPA-2009/227-870": 39542.235092892,
  "XI-IATI-EC_INTPA-2009/227-873": 226177.5061610787,
  "XI-IATI-EC_INTPA-2009/227-874": 125281.03368716691,
  "XI-IATI-EC_INTPA-2009/227-904": 62496.12641283346,
  "XI-IATI-EC_INTPA-2009/228-290": 108021.78778529828,
  "XI-IATI-EC_INTPA-2010/22464/0": 1944534.2194242906,
  "XI-IATI-EC_INTPA-2010/227-877": 295763.87057652633,
  "XI-IATI-EC_INTPA-2010/240-978": 126700.06755000025,
  "XI-IATI-EC_INTPA-2010/241-795": -4549.98630936864,
  "XI-IATI-EC_INTPA-2010/257-135": 111304.09341910355,
  "XI-IATI-EC_INTPA-2010/257-146": 100235.26796228686,
  "XI-IATI-EC_INTPA-2010/257-189": 85310.20921906631,
  "XI-IATI-EC_INTPA-2011/22075/1": 16703463.035019487,
  "XI-IATI-EC_INTPA-2011/266-065": 34589.979976289076,
  "XI-IATI-EC_INTPA-2011/270-588": 2003557.668536626,
  "XI-IATI-EC_INTPA-2011/280-702": 87728.31268168362,
  "XI-IATI-EC_INTPA-2011/282-542": 109699.66400941777,
  "XI-IATI-EC_INTPA-2012/23412/0": 1927183.0078125005,
  "XI-IATI-EC_INTPA-2012/23695/0": 87903462.38740797,
  "XI-IATI-EC_INTPA-2012/23695/1": 6642503.921568604,
  "XI-IATI-EC_INTPA-2012/24265/0": 7066337.695312502,
  "XI-IATI-EC_INTPA-2012/284-069": 473547.18981875596,
  "XI-IATI-EC_INTPA-2012/291-297": 93441.03581637511,
  "XI-IATI-EC_INTPA-2012/292-841": 401962.84464588354,
  "XI-IATI-EC_INTPA-2012/296-154": 7254962.609508044,
  "XI-IATI-EC_INTPA-2013/24181/0": 3984354.11764707,
  "XI-IATI-EC_INTPA-2013/24439/0": 10624944.31372552,
  "XI-IATI-EC_INTPA-2013/24575/0": 7968708.23529414,
  "XI-IATI-EC_INTPA-2013/24924/0": 2656236.07843138,
  "XI-IATI-EC_INTPA-2013/312-879": 7256096.341307366,
  "XI-IATI-EC_INTPA-2014/341-140": 7706240.942797405,
  "XI-IATI-EC_INTPA-2014/341-141": 318804.82354441454,
  "XI-IATI-EC_INTPA-2014/351-500": 498297.4884274061,
  "XI-IATI-EC_INTPA-2014/351-515": 596193.462432747,
  "XI-IATI-EC_INTPA-2014/352-015": 584045.6379759745,
  "XI-IATI-EC_INTPA-2014/352-823": 182026.68713401505,
  "XI-IATI-EC_INTPA-2014/353-241": 189296.6021209915,
  "XI-IATI-EC_INTPA-2014/354-635": 157874.14432495632,
  "XI-IATI-EC_INTPA-2015/367-147": 348202.15459986543,
  "XI-IATI-EC_INTPA-2015/367-538": 486438.71917128464,
  "XI-IATI-EC_INTPA-2015/370-172": 112067.95539712512,
  "XI-IATI-EC_INTPA-2015/370-338": 471545.7205488297,
  "XI-IATI-EC_INTPA-2015/370-346": 485982.3260118415,
  "XI-IATI-EC_INTPA-2015/370-932": 305057.63027841464,
  "XI-IATI-EC_INTPA-2016/372-148": 101594.82574405061,
  "XI-IATI-EC_INTPA-2016/375-115": 1539.1345836666612,
  "XI-IATI-EC_INTPA-2016/377-783": 286838.4111022421,
  "XI-IATI-EC_INTPA-2016/379-839": 71425.78186799974,
  "XI-IATI-EC_INTPA-2016/380-712": 441024.21212969255,
  "XI-IATI-EC_INTPA-2016/380-801": 831925.7901482325,
  "XI-IATI-EC_INTPA-2016/380-825": 256878.91165490108,
  "XI-IATI-EC_INTPA-2016/38437/0": 2657001.568627442,
  "XI-IATI-EC_INTPA-2017/383-416": 1129225.6666666628,
  "XI-IATI-EC_INTPA-2017/385-497": 1157522.733372545,
  "XI-IATI-EC_INTPA-2017/38558/0": 35869521.176470466,
  "XI-IATI-EC_INTPA-2017/390-984": 8622670.807934735,
  "XI-IATI-EC_INTPA-2017/391-566": 483346.95243598265,
  "XI-IATI-EC_INTPA-2017/392-799": 586282.5277415783,
  "XI-IATI-EC_INTPA-2017/392-824": 8369554.9411764415,
  "XI-IATI-EC_INTPA-2017/392-943": 7349798.297107559,
  "XI-IATI-EC_INTPA-2017/39972/1": 30555518.03921558,
  "XI-IATI-EC_INTPA-2018/396-313": 558640.2657872764,
  "XI-IATI-EC_INTPA-2018/39973/0": 15942009.41176465,
  "XI-IATI-EC_INTPA-2018/401-934": 760179.9458712758,
  "XI-IATI-EC_INTPA-2018/402-353": 313771.0277925871,
  "XI-IATI-EC_INTPA-2018/40590/0": 2657001.568627442,
  "XI-IATI-EC_INTPA-2018/41488/0": 2657001.568627442,
  "XI-IATI-EC_INTPA-2018/41498/0": 8635255.098039186,
  "XI-IATI-EC_INTPA-2018/41511/0": 9299505.490196045,
  "XI-IATI-EC_INTPA-2019/404-813": 1913108.7766716955,
  "XI-IATI-EC_INTPA-2019/405-949": 986919.1735174593,
  "XI-IATI-EC_INTPA-2019/406-647": 1259869.6101255878,
  "XI-IATI-EC_INTPA-2019/409-980": 1601413.1593743786,
  "XI-IATI-EC_INTPA-2019/411-513": 6642503.921568604,
  "XI-IATI-EC_INTPA-2019/41770/0": 5314003.137254884,
  "XI-IATI-EC_INTPA-2019/41861/0": 5314003.137254884,
  "XI-IATI-EC_INTPA-2020/407-552": 2927514.8838317543,
  "XI-IATI-EC_INTPA-2020/412-355": 380838.4502775203,
  "XI-IATI-EC_INTPA-2020/414-891": 1779935.9788297978,
  "XI-IATI-EC_INTPA-2020/420-307": 357366.7109803909,
  "XI-IATI-EC_INTPA-2020/42068/1": 42512025.09803907,
  "XI-IATI-EC_INTPA-2021/415-864": 556954.0263117627,
  "XI-IATI-EC_INTPA-2021/425-183": 7729459.350279973,
  "XI-IATI-EC_INTPA-2021/43230/0": 1992751.1764705812,
  "XI-IATI-EC_INTPA-2021/43444/0": 39855023.52941163
}