{
  "XM-DAC-41108-1100000163": 11262989.464376973,
  "XM-DAC-41108-1100000267": 17507184.946960267,
  "XM-DAC-41108-1100000322": 25803829.925695088,
  "XM-DAC-41108-1100001069": 35081347.6396354,
  "XM-DAC-41108-1100001115": 26619313.324076224,
  "XM-DAC-41108-1100001215": 43367182.376134574,
  "XM-DAC-41108-1100001321": 31241213.95262745,
  "XM-DAC-41108-1100001416": 58225053.116414905,
  "XM-DAC-41108-1100001568": 63111131.85690184,
  "XM-DAC-41108-1100001736": 32864678.013985954
}