{
  "47045-SAF-102-G01-C-00": 4703520.92,
  "47045-SAF-202-G05-C-00": 33028600.46,
  "47045-SAF-304-G04-H": 276173729.5,
  "47045-SAF-910-G09-H": 35156802.0,
  "47045-SAF-H-NACOSA": 133132048.2,
  "47045-SAF-H-NDOH": 417003733.02,
  "47045-SAF-H-NRASD": 28445025.990000002,
  "47045-SAF-H-RTC": 69985772.0,
  "47045-SAF-H-SCI": 10017656.0,
  "47045-ZAF-102-G02-C-00": 35718382.83,
  "47045-ZAF-102-G03-C-00": 98083271.16,
  "47045-ZAF-607-G06-H": 126470147.07,
  "47045-ZAF-910-G07-H": 1848298.0,
  "47045-ZAF-910-G08-H": 9559660.38,
  "47045-ZAF-C-AFSA": 230998554.46,
  "47045-ZAF-C-BZ": 173269984.21,
  "47045-ZAF-C-KHETH": 34904555.77,
  "47045-ZAF-C-KZN": 49310408.17,
  "47045-ZAF-C-NACOSA": 304392634.25,
  "47045-ZAF-C-NDOH": 863434393.4399999,
  "47045-ZAF-C-RTC": 65461374.38,
  "47045-ZAF-C-SCI": 30502375.06,
  "47045-ZAF-C-WCDOH": 28355105.89
}