{
  "BE-BCE_KBO-0432552989-PROG2017-2021_OS12_Zimbabwe": {
    "fos-activities.xml": 2253280.55715653
  },
  "BE-BCE_KBO-0432552989-PROG2017-2021_OS13_ZuidAfrika": {
    "fos-activities.xml": 3579839.7289954536
  },
  "BE-BCE_KBO-0432552989-PROG2017-2021_OS18_Bolivia": {
    "fos-activities.xml": 3387561.718235487
  },
  "BE-BCE_KBO-0432552989-PROG2017-2021_OS19_Colombia": {
    "fos-activities.xml": 1834323.1495258634
  },
  "BE-BCE_KBO-0432552989-PROG2017-2021_OS20_Cuba": {
    "fos-activities.xml": 4566203.106978686
  },
  "BE-BCE_KBO-0432552989-PROG2017-2021_OS21_Ecuador": {
    "fos-activities.xml": 2433253.3258096226
  },
  "BE-BCE_KBO-0432552989-PROG2017-2021_OS22_ElSalvador": {
    "fos-activities.xml": 3422819.8157328316
  },
  "BE-BCE_KBO-0432552989-PROG2017-2021_OS23_Honduras": {
    "fos-activities.xml": 3543203.4107012395
  },
  "BE-BCE_KBO-0432552989-PROG2017-2021_OS24_Nicaragua": {
    "fos-activities.xml": 3241993.5231599184
  },
  "BE-BCE_KBO-0432552989-PROG2017-2021_OS25_Per\u00fa": {
    "fos-activities.xml": 3083329.2754667574
  },
  "BE-BCE_KBO-0432552989-PROG2017-2021_OS7_Mozambique": {
    "fos-activities.xml": 2217883.818134911
  }
}