{
  "BE-BCE_KBO-0432624255-PROG2017-2021OutcomeOSPalestineSDZ16": 3852096.8681868925,
  "BE-BCE_KBO-0432624255-PROG2017-2021OutcomeOSPalestineSDZ17": 736309.9884640484
}