{
  "ES-DIR3-E04585801-009-028895": 48875.14017451371,
  "ES-DIR3-E04585801-009-081724": 986411.8323529378
}