{
  "GB-COH-RC000541-RENT-RBB0": 301702.10427842115,
  "GB-COH-RC000541-SOAS-ACE-RC01": 4012769.4482686874
}