{
  "ES-DIR3-E04585801-009-000141": 25056.53735163553,
  "ES-DIR3-E04585801-009-007341": 12844.666822899517,
  "ES-DIR3-E04585801-009-007369": 83693.35715264961,
  "ES-DIR3-E04585801-009-007371": 77838.68094677107,
  "ES-DIR3-E04585801-009-007373": 79380.04096551902,
  "ES-DIR3-E04585801-009-007377": 80921.40098426696,
  "ES-DIR3-E04585801-009-007379": 43882.46835508662,
  "ES-DIR3-E04585801-009-027817": 4983466.873269733,
  "ES-DIR3-E04585801-009-027819": 1923618.213082117,
  "ES-DIR3-E04585801-009-027821": 598572.8367335155,
  "ES-DIR3-E04585801-009-027823": 2784059.705737281,
  "ES-DIR3-E04585801-009-027825": 247580.86151180495,
  "ES-DIR3-E04585801-009-028103": 830791.256789062,
  "ES-DIR3-E04585801-009-028169": 411155.50546269317,
  "ES-DIR3-E04585801-009-028217": 1345628.8484928203,
  "ES-DIR3-E04585801-009-028221": 459369.8514466514,
  "ES-DIR3-E04585801-009-028459": 30067.844821962637,
  "ES-DIR3-E04585801-009-029127": 842626.2945981512,
  "ES-DIR3-E04585801-009-029215": 25613.349292782987,
  "ES-DIR3-E04585801-009-029493": 30067.844821962637,
  "ES-DIR3-E04585801-009-029769": 63476.56129081001,
  "ES-DIR3-E04585801-009-030019": 10318.365603194683,
  "ES-DIR3-E04585801-009-031337": 10022.614940654212,
  "ES-DIR3-E04585801-009-031447": 15033.922410981319,
  "ES-DIR3-E04585801-009-032717": 24179.558544328287,
  "ES-DIR3-E04585801-009-035325": 34051.83426087269,
  "ES-DIR3-E04585801-009-035611": 9465.802999506755,
  "ES-DIR3-E04585801-009-036295": 11157.870966862703,
  "ES-DIR3-E04585801-009-036729": 1113623.8822949124,
  "ES-DIR3-E04585801-009-037113": 24795.476073028545,
  "ES-DIR3-E04585801-009-037617": 17817.9821167186,
  "ES-DIR3-E04585801-009-038121": 30067.844821962637,
  "ES-DIR3-E04585801-009-038221": 881508.4724484781,
  "ES-DIR3-E04585801-009-038379": 23386.10152819316,
  "ES-DIR3-E04585801-009-039255": 30067.844821962637,
  "ES-DIR3-E04585801-009-041861": 250565.3735163553,
  "ES-DIR3-E04585801-009-041985": 928019.8926322281,
  "ES-DIR3-E04585801-009-043159": 465908.6611151283,
  "ES-DIR3-E04585801-009-043251": 15590.734352128775,
  "ES-DIR3-E04585801-009-043307": 10022.614940654212,
  "ES-DIR3-E04585801-009-043581": 30067.844821962637,
  "ES-DIR3-E04585801-009-043671": 521523.98437723616,
  "ES-DIR3-E04585801-009-043989": 30067.844821962637,
  "ES-DIR3-E04585801-009-044407": 468873.23925218557,
  "ES-DIR3-E04585801-009-044493": 63874.459103953974,
  "ES-DIR3-E04585801-009-044927": 26726.9731750779,
  "ES-DIR3-E04585801-009-045163": 696014.9264343203,
  "ES-DIR3-E04585801-009-045351": 612629.5541877829,
  "ES-DIR3-E04585801-009-046463": 556811.9411474562,
  "ES-DIR3-E04585801-009-049833": 7193.01342082373,
  "ES-DIR3-E04585801-009-051807": 3051.738701119051,
  "ES-DIR3-E04585801-009-051815": 8758.495723865077,
  "ES-DIR3-E04585801-009-053199": 44822.749345190154,
  "ES-DIR3-E04585801-009-053385": 1271622.015467052,
  "ES-DIR3-E04585801-009-053465": 1623565.886414499,
  "ES-DIR3-E04585801-009-053469": 1695496.0206227363,
  "ES-DIR3-E04585801-009-053471": 1823391.6526450294,
  "ES-DIR3-E04585801-009-053571": 3245205.072805563,
  "ES-DIR3-E04585801-009-053885": 896932.808509615,
  "ES-DIR3-E04585801-009-065251": 3151.7221483217986,
  "ES-DIR3-E04585801-009-066055": 12676.043854370304,
  "ES-DIR3-E04585801-009-066275": 42224.66488263781,
  "ES-DIR3-E04585801-009-066877": 36509.30466088571,
  "ES-DIR3-E04585801-009-066939": 24650.060246499528,
  "ES-DIR3-E04585801-009-066943": 21772.821688673663,
  "ES-DIR3-E04585801-009-066945": 24029.76052225569,
  "ES-DIR3-E04585801-009-066947": 22593.789827444518,
  "ES-DIR3-E04585801-009-066971": 129525.66655482932,
  "ES-DIR3-E04585801-009-067011": 10425.570486740953,
  "ES-DIR3-E04585801-009-076481": 552286.2086883076,
  "ES-DIR3-E04585801-009-076483": 1090632.5010515496,
  "ES-DIR3-E04585801-009-076493": 438111.65593062853,
  "ES-DIR3-E04585801-009-076495": 552043.2558609277,
  "ES-DIR3-E04585801-009-077637": 21174.49392778028,
  "ES-DIR3-E04585801-009-077705": 8470.981800194204,
  "ES-DIR3-E04585801-009-077707": 8794.095784498435,
  "ES-DIR3-E04585801-009-080390": 41042.24738980244,
  "ES-DIR3-E04585801-009-082490": 126400.32368767758,
  "ES-DIR3-E04585801-009-082506": 90045.93683108171,
  "ES-DIR3-E04585801-009-087510": 18583.54231963772,
  "ES-DIR3-E04585801-009-087643": 11952.33640872153,
  "ES-DIR3-E04585801-009-087644": 14462.466506225137,
  "ES-DIR3-E04585801-009-088930": 278247.44318825606,
  "ES-DIR3-E04585801-009-089676": 7308.622290563117,
  "ES-DIR3-E04585801-009-089841": 3153.0155869203218,
  "ES-DIR3-E04585801-009-089991": 1251.9041441845757,
  "ES-DIR3-E04585801-009-090834": 274080.52097750705,
  "ES-DIR3-E04585801-009-093114": 22803.695225787753,
  "ES-DIR3-E04585801-009-093225": 39843.33488100961
}