{
  "GB-1-201021-105": 1270077.0158019746,
  "GB-1-201021-106": 1126558.9158574713,
  "GB-1-203168-101": 2206626.458770297,
  "GB-1-203236-102": 1801273.5235757155,
  "GB-1-203236-103": 687864.8073664397,
  "GB-1-203236-114": 666457.9794831495,
  "GB-1-203236-119": 960682.1424833353,
  "GB-1-205024-101": 968480.0180358948,
  "GB-1-205024-102": 575107.7198512431,
  "GB-1-205024-103": 631320.217134749,
  "GB-1-205024-104": 1974562.283830196,
  "GB-GOV-1-300305-101": 1956439.0930017743,
  "GB-GOV-1-300310-109": 6581874.279433986
}