{
  "XI-IATI-EC_NEAR-2004/16803/1": 24384698.125499304,
  "XI-IATI-EC_NEAR-2004/16803/2": 32856415.120092962,
  "XI-IATI-EC_NEAR-2004/16803/3": 18085032.66012543,
  "XI-IATI-EC_NEAR-2004/16803/4": 7194697.194372057,
  "XI-IATI-EC_NEAR-2005/111-445": 146506.55386393762,
  "XI-IATI-EC_NEAR-2005/112-006": 135916.1544662458,
  "XI-IATI-EC_NEAR-2005/112-017": 193891.70838030466,
  "XI-IATI-EC_NEAR-2005/112-079": 142547.72316545426,
  "XI-IATI-EC_NEAR-2005/112-264": 102491.47740684373,
  "XI-IATI-EC_NEAR-2005/112-322": 160911.80999509819,
  "XI-IATI-EC_NEAR-2005/112-480": 23532.087499999994,
  "XI-IATI-EC_NEAR-2005/112-481": 124147.96483384343,
  "XI-IATI-EC_NEAR-2005/112-521": 164468.64412905715,
  "XI-IATI-EC_NEAR-2005/112-691": 138687.86677014467,
  "XI-IATI-EC_NEAR-2005/112-780": 122251.3829520553,
  "XI-IATI-EC_NEAR-2005/112-831": 93718.85246240813,
  "XI-IATI-EC_NEAR-2005/113-162": 161016.40857187114,
  "XI-IATI-EC_NEAR-2005/113-345": 133965.79845940237,
  "XI-IATI-EC_NEAR-2005/113-840": 937.8238048203119,
  "XI-IATI-EC_NEAR-2005/114-079": 140137.66738532847,
  "XI-IATI-EC_NEAR-2005/114-136": 149766.94425667776,
  "XI-IATI-EC_NEAR-2005/114-302": 201683.18660573766,
  "XI-IATI-EC_NEAR-2005/114-572": 3479234.9289731057,
  "XI-IATI-EC_NEAR-2005/114-594": 166373.2380194489,
  "XI-IATI-EC_NEAR-2005/115-133": 148691.34901575194,
  "XI-IATI-EC_NEAR-2005/115-191": 151817.3382474014,
  "XI-IATI-EC_NEAR-2006/111-735": 1225816.8530968807,
  "XI-IATI-EC_NEAR-2006/112-464": 163446.61406474997,
  "XI-IATI-EC_NEAR-2006/112-919": 109570.35266242092,
  "XI-IATI-EC_NEAR-2006/114-174": 156799.67638314064,
  "XI-IATI-EC_NEAR-2006/115-214": 125535.0314670322,
  "XI-IATI-EC_NEAR-2006/115-352": 160678.95028249978,
  "XI-IATI-EC_NEAR-2006/115-424": 135888.63388299377,
  "XI-IATI-EC_NEAR-2006/115-690": 112286.8501992343,
  "XI-IATI-EC_NEAR-2006/115-695": 167368.36842435176,
  "XI-IATI-EC_NEAR-2006/115-745": 158211.31319528702,
  "XI-IATI-EC_NEAR-2006/132-604": 217083.72141176538,
  "XI-IATI-EC_NEAR-2007/131-943": 273727.30188274017,
  "XI-IATI-EC_NEAR-2007/137-109": 180637.18744458386,
  "XI-IATI-EC_NEAR-2010/256-570": 18560033.33333337,
  "XI-IATI-EC_NEAR-2012/280-984": 257524.35460142072,
  "XI-IATI-EC_NEAR-2015/368-915": 495264.17572661396,
  "XI-IATI-EC_NEAR-2015/370-191": 427446.3097186378,
  "XI-IATI-EC_NEAR-2015/370-201": 962099.13877433,
  "XI-IATI-EC_NEAR-2017/391-192": 756418.9734358914,
  "XI-IATI-EC_NEAR-2017/391-217": 478260.28235293954,
  "XI-IATI-EC_NEAR-2017/391-243": 768803.4038823502,
  "XI-IATI-EC_NEAR-2017/391-486": 657607.8882352918,
  "XI-IATI-EC_NEAR-2017/392-828": 822000.0293883109,
  "XI-IATI-EC_NEAR-2017/393-023": 676961.926066433,
  "XI-IATI-EC_NEAR-2018/391-224": 470431.6530761121,
  "XI-IATI-EC_NEAR-2018/391-242": 539546.6273948686,
  "XI-IATI-EC_NEAR-2018/402-094": 748173.0886327268,
  "XI-IATI-EC_NEAR-2018/404-105": 443232.4992734102,
  "XI-IATI-EC_NEAR-2018/404-118": 448682.9261562063,
  "XI-IATI-EC_NEAR-2018/404-144": 504610.683574559,
  "XI-IATI-EC_NEAR-2018/404-153": 247171.9151191325,
  "XI-IATI-EC_NEAR-2019/403-678": 66425.03921568605,
  "XI-IATI-EC_NEAR-2019/412-235": 843807.9011631344,
  "XI-IATI-EC_NEAR-2019/412-239": 834187.9878537775,
  "XI-IATI-EC_NEAR-2019/412-241": 729346.9305882327,
  "XI-IATI-EC_NEAR-2019/412-244": 278994.6236314657,
  "XI-IATI-EC_NEAR-2019/412-245": 433999.95022274356,
  "XI-IATI-EC_NEAR-2019/412-246": 448369.0147058808,
  "XI-IATI-EC_NEAR-2019/412-247": 597703.1308690176,
  "XI-IATI-EC_NEAR-2019/412-290": 836772.40013955,
  "XI-IATI-EC_NEAR-2019/412-296": 400542.98647058685,
  "XI-IATI-EC_NEAR-2019/412-444": 837502.8364407814,
  "XI-IATI-EC_NEAR-2019/412-447": 588989.1620995078,
  "XI-IATI-EC_NEAR-2019/412-469": 592037.6064242333,
  "XI-IATI-EC_NEAR-2019/412-473": 826936.0873374363,
  "XI-IATI-EC_NEAR-2020/416-051": 79708.29343778796,
  "XI-IATI-EC_NEAR-2020/416-194": 663425.1407546526,
  "XI-IATI-EC_NEAR-2020/416-457": 79710.04705882326,
  "XI-IATI-EC_NEAR-2020/416-550": 79710.04705882326,
  "XI-IATI-EC_NEAR-2020/416-628": 79710.04705882326,
  "XI-IATI-EC_NEAR-2020/419-884": 717390.4235294093,
  "XI-IATI-EC_NEAR-2021/423-461": 145631.5844772544,
  "XI-IATI-EC_NEAR-2021/423-469": 643403.4648543546,
  "XI-IATI-EC_NEAR-2021/423-470": 191243.00190509736,
  "XI-IATI-EC_NEAR-2021/423-471": 460208.6136956847,
  "XI-IATI-EC_NEAR-2021/423-526": 693274.1487917623,
  "XI-IATI-EC_NEAR-2021/423-527": 451999.35565914353,
  "XI-IATI-EC_NEAR-2021/423-528": 372271.1612796066,
  "XI-IATI-EC_NEAR-2021/423-529": 493714.731976861,
  "XI-IATI-EC_NEAR-2021/423-530": 610778.2355882332,
  "XI-IATI-EC_NEAR-2021/424-357": 197141.5453874503,
  "XI-IATI-EC_NEAR-2021/424-361": 354707.0524101948
}