{
  "AU-5-INH917-SB": 14101059.188921386,
  "AU-5-INI066-SB": 3308260.175921712,
  "AU-5-INI068-SB": 4820276.271879593,
  "AU-5-INI069-SB": 3372537.5030464698,
  "AU-5-INI079-SB": 42705.910864812904,
  "AU-5-INI093-SB": 4321885.2169725755,
  "AU-5-INI116-SB": 125361.90998578834,
  "AU-5-INI124-SB": 198914.09439383325,
  "AU-5-INI127-SB": 2238751.8440156183,
  "AU-5-INI132-SB": 24254093.736780357,
  "AU-5-INI147-SB": 385169.54159496754,
  "AU-5-INI152-SB": 1127797.4165717328,
  "AU-5-INI174-SB": 651803.7919867054,
  "AU-5-INI182-SB": 32809.21931365029,
  "AU-5-INI215-SB": 142702.05894375622,
  "AU-5-INI247-SB": 65456.82307117103,
  "AU-5-INI276-SB": 249281.16742318348,
  "AU-5-INI296-SB": 226411.50110060358,
  "AU-5-INI304-SB": 4109392.495911455,
  "AU-5-INI326-SB": 631063.3355040977,
  "AU-5-INI331-SB": 63531.77227895241,
  "AU-5-INI384-SB": 5806475.209795076,
  "AU-5-INI409-SB": 575669.369476154,
  "AU-5-INI420-SB": 1241164.296701029,
  "AU-5-INI421-SB": 264144.02422309096,
  "AU-5-INI436-SB": 926154.500236295,
  "AU-5-INI453-SB": 1433938.8221986948,
  "AU-5-INI459-SB": 4985329.489090362,
  "AU-5-INI462-SB": 487390.4869776352,
  "AU-5-INI469-SB": 105344.45645708138,
  "AU-5-INI486-SB": 554113.3176079898,
  "AU-5-INI504-SB": 122476.02019727582,
  "AU-5-INI523-SB": 607786.0163773075,
  "AU-5-INI542-SB": 527296.2745002877,
  "AU-5-INI591-SB": 22644.704675092114,
  "AU-5-INI592-SB": 1994086.890180949,
  "AU-5-INI595-SB": 265446.63172406267,
  "AU-5-INI598-SB": 93969.46053336671,
  "AU-5-INI616-SB": 52671.43814906766,
  "AU-5-INI657-SB": 2252768.3507636366,
  "AU-5-INI660-SB": 72136882.37539452,
  "AU-5-INI661-SB": 53007087.6386546,
  "AU-5-INI674-SB": 17909792.100990646,
  "AU-5-INI677-SB": 10656632.851118129,
  "AU-5-INI683-SB": 10720528.423667377,
  "AU-5-INI717-SB": 478584.39736496256,
  "AU-5-INI718-SB": 87517.84632518816,
  "AU-5-INI720-SB": 8533284.310712578,
  "AU-5-INI723-SB": 1194010.1188327041,
  "AU-5-INI730-SB": 149470498.4535962,
  "AU-5-INI766-SB": 67291.85642869833,
  "AU-5-INI795-SB": 854065.9528962856,
  "AU-5-INI851-SB": 6938865.606859052,
  "AU-5-INI854-SB": 41472539.92258273,
  "AU-5-INI855-SB": 239310.98813344497,
  "AU-5-INI864-SB": 3206844.6361227664,
  "AU-5-INI885-SB": 128132.30386063893,
  "AU-5-INI898-SB": 10775318.105535494,
  "AU-5-INI941-SB": 12040402.058973618,
  "AU-5-INI962-SB": 163822.87667521712,
  "AU-5-INI976-SB": 711139.6759161501,
  "AU-5-INJ014-SB": 128294.37118026843,
  "AU-5-INJ046-SB": 21351204.63498608,
  "AU-5-INJ049-SB": 1770950.8700322818,
  "AU-5-INJ054-SB": 3067807.9199880604,
  "AU-5-INJ063-SB": 17233.151694430813,
  "AU-5-INJ064-SB": 396309.6454990013,
  "AU-5-INJ082-SB": 119623.89362646535,
  "AU-5-INJ090-SB": 6690793.85955338,
  "AU-5-INJ091-SB": 685556.8912422203,
  "AU-5-INJ133-SB": 137707.86491427387,
  "AU-5-INJ140-SB": 1147497.30260882,
  "AU-5-INJ147-SB": 1558177.4575154267,
  "AU-5-INJ152-SB": 17629613.522674423,
  "AU-5-INJ159-SB": 9161777.1885968,
  "AU-5-INJ182-SB": 25705.468117331122,
  "AU-5-INJ186-SB": 149382.58762717972,
  "AU-5-INJ201-SB": 14248361.56384761,
  "AU-5-INJ209-SB": 2046753.493520262,
  "AU-5-INJ235-SB": 195042.97802081125,
  "AU-5-INJ270-SB": -361.5791492057082,
  "AU-5-INJ276-SB": 1339.9452590029734,
  "AU-5-INJ277-SB": 1162385.2476762321,
  "AU-5-INJ286-SB": 10202764.761070428,
  "AU-5-INJ429-SB": 62284.34924829331,
  "AU-5-INJ463-SB": 425196.6748924962,
  "AU-5-INJ476-SB": 355.645442921503,
  "AU-5-INJ485-SB": 71298984.39206497,
  "AU-5-INJ488-SB": 5963743.593152301,
  "AU-5-INJ489-SB": 614096.7171580846,
  "AU-5-INJ521-SB": 53447.43244174158,
  "AU-5-INJ522-SB": 272773.45605144516,
  "AU-5-INJ543-SB": 678531.6588521787,
  "AU-5-INJ544-SB": 43906040.49816851,
  "AU-5-INJ554-SB": 1755178.2193905485,
  "AU-5-INJ555-SB": 1906969.1923739675,
  "AU-5-INJ589-SB": 1069062.2916690402,
  "AU-5-INJ622-SB": 7914410.702388164,
  "AU-5-INJ678-SB": 7429.472384547002,
  "AU-5-INJ691-SB": 412707.887440595,
  "AU-5-INJ711-SB": 6852639.301934393,
  "AU-5-INJ748-SB": 175588.80400835935,
  "AU-5-INJ760-SB": 1796209.892794561,
  "AU-5-INJ787-SB": 40058.898727976746,
  "AU-5-INJ799-SB": 12469835.087117307,
  "AU-5-INJ862-SB": 53150587.46444071,
  "AU-5-INJ896-SB": 61702.25545791837,
  "AU-5-INJ901-SB": 168535.6019706063,
  "AU-5-INJ911-SB": 121819.58822086298,
  "AU-5-INJ928-SB": 6943823.247116394,
  "AU-5-INJ964-SB": 8639968.21721992,
  "AU-5-INK012-SB": 4590410.090641035,
  "AU-5-INK039-SB": 1657978.9643485132,
  "AU-5-INK048-SB": 8732884.120659363,
  "AU-5-INK058-SB": 305305.1086873496,
  "AU-5-INK124-SB": 18454400.382360037,
  "AU-5-INK134-SB": 15606354.199328752,
  "AU-5-INK135-SB": 2597589.1643823474,
  "AU-5-INK143-SB": 31812891.31088078,
  "AU-5-INK144-SB": 333523.29459424573,
  "AU-5-INK146-SB": 941544.383249627,
  "AU-5-INK161-SB": 3093009.8852101485,
  "AU-5-INK172-SB": 44901255.18574683,
  "AU-5-INK177-SB": 29435.69576315978,
  "AU-5-INK182-SB": 4745867.672551092,
  "AU-5-INK189-SB": 1486851.6926769295,
  "AU-5-INK193-SB": 114070.45124884494,
  "AU-5-INK194-SB": 31354.02629303479,
  "AU-5-INK198-SB": 299.9210094623124,
  "AU-5-INK213-SB": 4601460.525076427,
  "AU-5-INK235-SB": 140263.85085122922,
  "AU-5-INK246-SB": 27074.625249384197,
  "AU-5-INK276-SB": 31023.60776935201,
  "AU-5-INK303-SB": 4648891.452897528,
  "AU-5-INK325-SB": 413620.0299390976,
  "AU-5-INK347-SB": 212341.75700952476,
  "AU-5-INK356-SB": 70519.33057259522,
  "AU-5-INK373-SB": 126316.54860755098,
  "AU-5-INK466-SB": 11481676.393470349,
  "AU-5-INK467-SB": 9151891.026136516,
  "AU-5-INK469-SB": 1745788.3928669414,
  "AU-5-INK487-SB": 6106684.643196322,
  "AU-5-INK496-SB": 6014676.543162365,
  "AU-5-INK508-SB": 520.0937905480387,
  "AU-5-INK511-SB": 8288347.259729701,
  "AU-5-INK522-SB": 1036043.4074662126,
  "AU-5-INK525-SB": 103300.65350304804,
  "AU-5-INK543-SB": 320914.44546265935,
  "AU-5-INK557-SB": 130785.25187617561,
  "AU-5-INK561-SB": 147601155.90657902,
  "AU-5-INK565-SB": 5034731.076082864,
  "AU-5-INK573-SB": 12623628.861469835,
  "AU-5-INK574-SB": 3383069.2975895964,
  "AU-5-INK578-SB": 2657255.983701536,
  "AU-5-INK624-SB": 162658.81497219537,
  "AU-5-INK641-SB": 10191.1554831646,
  "AU-5-INK656-SB": 353910.6397829006,
  "AU-5-INK680-SB": 302489.0111334776,
  "AU-5-INK688-SB": 54920912.607047245,
  "AU-5-INK704-SB": 91946.22611437,
  "AU-5-INK728-SB": 13612.858545764062,
  "AU-5-INK730-SB": 128610.04189571005,
  "AU-5-INK750-SB": 288045.75984400074,
  "AU-5-INK757-SB": 204616.08869700946,
  "AU-5-INK770-SB": 1556014.3804133877,
  "AU-5-INK783-SB": 1112222.696311945,
  "AU-5-INK788-SB": 17472549.46067258,
  "AU-5-INK790-SB": 7219786.731470306,
  "AU-5-INK791-SB": 3731269.7300459533,
  "AU-5-INK794-SB": 239165.51406578498,
  "AU-5-INK806-SB": 12844851.695721157,
  "AU-5-INK818-SB": 835126.3581129172,
  "AU-5-INK820-SB": 702795.3086747288,
  "AU-5-INK867-SB": 77594935.71539873,
  "AU-5-INK903-SB": 8526.874045197997,
  "AU-5-INK920-SB": 1919672.3056385603,
  "AU-5-INK933-SB": 4254677.833067159,
  "AU-5-INK959-SB": 311271.1658366135,
  "AU-5-INK967-SB": 59304.53957398013,
  "AU-5-INK970-SB": 16953.272312333997,
  "AU-5-INK982-SB": 1916980.6111887537,
  "AU-5-INK983-SB": 246303.44722512757,
  "AU-5-INL001-SB": 3312181.15811809,
  "AU-5-INL021-SB": 33107093.13501677,
  "AU-5-INL062-SB": 7998365.846737842,
  "AU-5-INL098-SB": 357025.6647211231,
  "AU-5-INL099-SB": 127757.016056513,
  "AU-5-INL103-SB": 999727.6082604293,
  "AU-5-INL118-SB": 31031839.447026197,
  "AU-5-INL121-SB": 141426468.91441345,
  "AU-5-INL122-SB": 72917537.99796857,
  "AU-5-INL123-SB": 66386107.76670076,
  "AU-5-INL124-SB": 1439155.8250082068,
  "AU-5-INL125-SB": 4379715.4938649535,
  "AU-5-INL126-SB": 44056436.35901454,
  "AU-5-INL127-SB": 7985029.370677317,
  "AU-5-INL129-SB": 102767237.85170728,
  "AU-5-INL144-SB": 314289.82632348395,
  "AU-5-INL228-SB": 32396.430714805367,
  "AU-5-INL290-SB": 2084032.1742080215,
  "AU-5-INL307-SB": 4903846.111035256,
  "AU-5-INL363-SB": 5544372.527197827,
  "AU-5-INL416-SB": 1152890.6531480409,