{
  "ycare": {
    "GB-CHC-1109789-BF12X": 1408735.1980420302,
    "GB-CHC-1109789-BF14M(UKAidMatch:203559-147)": 430754.596159325,
    "GB-CHC-1109789-EK07W": 1145767.5407019304,
    "GB-CHC-1109789-GB-CHC-1109789-DFID-300055-109": 310085.5901464079,
    "GB-CHC-1109789-MY3": 1836762.5842661387,
    "GB-CHC-1109789-UKAIDIMP122": 590251.6088323932
  }
}