{
  "ycare": {
    "GB-CHC-1109789-BF12X": 1410189.067480801,
    "GB-CHC-1109789-BF14M(UKAidMatch:203559-147)": 431310.47266997624,
    "GB-CHC-1109789-EK07W": 1147246.1210077975,
    "GB-CHC-1109789-GB-CHC-1109789-DFID-300055-109": 310485.74674924096,
    "GB-CHC-1109789-MY3": 1839132.873951589,
    "GB-CHC-1109789-UKAIDIMP122": 591013.31168513
  }
}