{
  "US-GOV-11-SA-1014766142": 642285.06,
  "US-GOV-11-SA-105217H6404": -110.0,
  "US-GOV-11-SA-105217H6415": -540.45,
  "US-GOV-11-SA-105217H6416": -14514.17,
  "US-GOV-11-SA-105218H1091": -4675.57,
  "US-GOV-11-SA-105219H1054": 11014.26,
  "US-GOV-11-SA-105220H1015": 39655.96,
  "US-GOV-11-SA-105220H1302": 6.3,
  "US-GOV-11-SA-105220H1574": 48898.48,
  "US-GOV-11-SA-1054461028": -3493.48,
  "US-GOV-11-SA-1054561033": -112745.0,
  "US-GOV-11-SA-1727143489": 540.45,
  "US-GOV-11-SA-1727344314": 14514.17,
  "US-GOV-11-SA-182010171014766142": 49857.32,
  "US-GOV-11-SA-182490711054561033": -9113.89,
  "US-GOV-11-SA-191NLE19C0008": 96971.02,
  "US-GOV-11-SA-20200923010100050INT": 515.6,
  "US-GOV-11-SA-CR640082": 36710.0,
  "US-GOV-11-SA-FAGOV-4865644747534988559": 8000.0,
  "US-GOV-11-SA-FAGOV-5061868613190272156": 5251.4,
  "US-GOV-11-SA-FAGOV-5897285121674673432": 9000.0,
  "US-GOV-11-SA-FAGOV-5950131321129210382": 9121.0,
  "US-GOV-11-SA-FAGOV-6811366503922812355": 9000.0,
  "US-GOV-11-SA-FAGOV-8987171730497265419": 9738.0,
  "US-GOV-11-SA-SAQMMA15F0270": -71982.23,
  "US-GOV-11-SA-SAQMMA15F0700": -59784.740000000005,
  "US-GOV-11-SA-SAQMMA17F0324": -995309.0,
  "US-GOV-11-SA-SAQMMA17F2001": -49944.78,
  "US-GOV-11-SA-SAQMMA17F2030": 417855.87000000005,
  "US-GOV-11-SA-SLMAQM18GR2120": 216685.31,
  "US-GOV-13-SA-4652": 3425.75,
  "US-GOV-14-SA-HHS-2013-SAUDI-ARABIA-3000-75-13-0955": 5492.0,
  "US-GOV-15-SA-JITFM1818I572": 275900.5,
  "US-GOV-15-SA-JITFM1919I572": 551085.77,
  "US-GOV-15-SA-JITFM1919I601": 326134.9,
  "US-GOV-15-SA-JITFMXXXXI601": 163534.09,
  "US-GOV-19-SA-193ARP17Y-0002": 33309.43,
  "US-GOV-19-SA-TSA001": 41208.99,
  "US-GOV-2-SA-TA-CR-16-027": 85731.0,
  "US-GOV-20-SA-DN400201016": 8400.0,
  "US-GOV-7-SA-5CAA99B9": 3270.0,
  "US-GOV-7-SA-ICDP-40": 2000.0,
  "US-GOV-7-SA-ICDP-55": 5000.0,
  "US-GOV-9-SA-F19AP00465": 148500.0
}