{
  "XM-DAC-6-4-009046-02-6": 891419.2419193806,
  "XM-DAC-6-4-009046-03-0": 1555203.330986604,
  "XM-DAC-6-4-009424-01-5": 2724679.9583590156,
  "XM-DAC-6-4-009424-02-6": 2472578.818032648,
  "XM-DAC-6-4-009597-02-2": 562711.7980162785,
  "XM-DAC-6-4-009973-02-5": 25411.043060401018,
  "XM-DAC-6-4-009985-02-1": 398433.34881009604,
  "XM-DAC-6-4-010146-01-0": 2804349.7365111047,
  "XM-DAC-6-4-010146-02-1": 79217.15590378139,
  "XM-DAC-6-4-010205-02-0": 32339.134940627242,
  "XM-DAC-6-4-010205-03-1": 466668.3075339453,
  "XM-DAC-6-4-010361-01-3": 658500.2650110358,
  "XM-DAC-6-4-010419-01-0": 2241632.743356304,
  "XM-DAC-6-4-010419-02-1": 184873.07384788457,
  "XM-DAC-6-4-010597-01-6": 3950189.3438413306,
  "XM-DAC-6-4-010597-02-0": 52069.66062259621,
  "XM-DAC-6-4-010600-01-5": 1705294.7329072112,
  "XM-DAC-6-4-010600-02-6": 51651.637634136285,
  "XM-DAC-6-4-010607-01-5": 5259320.204293268,
  "XM-DAC-6-4-010609-03-4": 25910.1472353438,
  "XM-DAC-6-4-010744-01-6": 12917235.730646567,
  "XM-DAC-6-4-010744-02-0": 638555.8470263139,
  "XM-DAC-6-4-010871-01-1": 398061.47768454,
  "XM-DAC-6-4-010871-03-3": 6268684.687945511,
  "XM-DAC-6-4-010890-01-4": 4648389.069451121,
  "XM-DAC-6-4-010890-03-6": 361640.87120537186,
  "XM-DAC-6-4-010931-01-2": 3979504.263415596,
  "XM-DAC-6-4-010957-01-5": 3171087.3017600784,
  "XM-DAC-6-4-010990-01-1": 427148.2941666118,
  "XM-DAC-6-4-010990-02-2": 371871.1255560896,
  "XM-DAC-6-4-010990-03-3": 10703075.205750728,
  "XM-DAC-6-4-011118-01-5": 6640555.813501601,
  "XM-DAC-6-4-011191-01-4": 13281111.627003202,
  "XM-DAC-6-4-011197-01-2": 12303430.563248336,
  "XM-DAC-6-4-011227-01-6": 7703044.743661857,
  "XM-DAC-6-4-011228-01-1": 1333423.6073511215,
  "XM-DAC-6-4-011228-01-2": 1328111.1627003201,
  "XM-DAC-6-4-011317-01-4": 2859661.330814145,
  "XM-DAC-6-4-011329-01-0": 2320662.1176227913,
  "XM-DAC-6-4-011380-01-4": 6374933.580961537,
  "XM-DAC-6-4-011417-01-1": 4303016.1521909945,
  "XM-DAC-6-4-011421-01-2": 3656895.291014159,
  "XM-DAC-6-4-011430-01-6": 3755577.071464025,
  "XM-DAC-6-4-011634-01-1": 44086978.089294314,
  "XM-DAC-6-4-011678-01-5": 13945167.208353363,
  "XM-DAC-6-4-011725-01-1": 929677.8138902241,
  "XM-DAC-6-4-011815-01-6": 10624889.301602561,
  "XM-DAC-6-4-011903-01-0": 4175756.806203283,
  "XM-DAC-6-4-011904-01-2": 2972312.7821233165,
  "XM-DAC-6-4-011905-01-4": 2098087.5404848726,
  "XM-DAC-6-4-011906-01-6": 3824960.1485769222,
  "XM-DAC-6-4-011972-01-5": 358590.01392908645,
  "XM-DAC-6-4-011976-01-6": 1.38671875e-23,
  "XM-DAC-6-4-012061-01-3": 183266.0593410172,
  "XM-DAC-6-4-012127-04-6": 142326.5811929845,
  "XM-DAC-6-4-012127-07-6": 176904.40687168264,
  "XM-DAC-6-4-012127-11-3": 103725.66774245778,
  "XM-DAC-6-4-012127-12-4": 796794.9796174063,
  "XM-DAC-6-4-012127-26-4": 134404.8496652724,
  "XM-DAC-6-4-012127-31-2": 129234.64571999633,
  "XM-DAC-6-4-012127-54-4": 159370.94892394554,
  "XM-DAC-6-4-012127-64-0": 162162.3729657091,
  "XM-DAC-6-4-012127-85-0": 176904.40687168264,
  "XM-DAC-6-4-012252-01-0": 1328111.1627003201,
  "XM-DAC-6-4-012313-01-3": 265622.232540064,
  "XM-DAC-6-4-012314-02-2": 2603097.8788926275,
  "XM-DAC-6-4-012590-01-3": 3734463.9820616846
}