{
  "XM-DAC-6-4-000113-03-5": -17733.14730920778,
  "XM-DAC-6-4-000114-04-1": -45069.29611278808,
  "XM-DAC-6-4-000114-08-5": -6.8550640470588,
  "XM-DAC-6-4-000287-30-2": -1646.676722156857,
  "XM-DAC-6-4-000295-02-4": -382.1033955843124,
  "XM-DAC-6-4-000295-03-5": -275642.2980373363,
  "XM-DAC-6-4-000309-23-4": -728.0317148117622,
  "XM-DAC-6-4-000312-06-0": -833.6076721411736,
  "XM-DAC-6-4-000317-09-6": -735.5908842745073,
  "XM-DAC-6-4-000786-01-5": -198402.39891182675,
  "XM-DAC-6-4-000786-06-3": -715.5438074392132,
  "XM-DAC-6-4-000931-01-1": -85006.699975835,
  "XM-DAC-6-4-001024-01-5": -198603.99890584635,
  "XM-DAC-6-4-001542-01-5": -458.7711758470572,
  "XM-DAC-6-4-001678-01-4": -34758.61553561949,
  "XM-DAC-6-4-001786-01-3": -40074.89040921555,
  "XM-DAC-6-4-002260-01-6": -1626.5897902980337,
  "XM-DAC-6-4-002260-02-0": -4253.899366396064,
  "XM-DAC-6-4-003109-01-3": 2867701.8001972465,
  "XM-DAC-6-4-003317-02-0": 1797942.195529732,
  "XM-DAC-6-4-003744-01-6": 4251.704211423438,
  "XM-DAC-6-4-003744-04-2": -3614.4387988744975,
  "XM-DAC-6-4-003763-01-2": -140683.64973111716,
  "XM-DAC-6-4-004000-01-0": 2492999.9185044575,
  "XM-DAC-6-4-004344-01-2": 253055.09757815755,
  "XM-DAC-6-4-004509-01-3": -58373.38122718803,
  "XM-DAC-6-4-006538-01-1": 805399.8178427353,
  "XM-DAC-6-4-007381-02-1": 1142092.8237935395,
  "XM-DAC-6-4-007475-01-6": 10961.412609615702,
  "XM-DAC-6-4-007475-02-0": 1290500.4864395251,
  "XM-DAC-6-4-008366-01-3": 1079819.191567836,
  "XM-DAC-6-4-009046-02-6": 891832.0663818275,
  "XM-DAC-6-4-009046-03-0": 1556175.5531096798,
  "XM-DAC-6-4-009424-01-5": 2725480.4223327395,
  "XM-DAC-6-4-009424-02-6": 2473310.358458816,
  "XM-DAC-6-4-009597-02-2": 562881.2641057587,
  "XM-DAC-6-4-009613-02-6": 123063.5521155059,
  "XM-DAC-6-4-009973-02-5": 25418.49777644697,
  "XM-DAC-6-4-009985-02-1": 398550.23529411625,
  "XM-DAC-6-4-010146-01-0": 2805296.4959882344,
  "XM-DAC-6-4-010146-02-1": 79240.39546155266,
  "XM-DAC-6-4-010205-02-0": 32348.622117819494,
  "XM-DAC-6-4-010205-03-1": 466812.24917646946,
  "XM-DAC-6-4-010361-01-3": 658693.446081178,
  "XM-DAC-6-4-010419-01-0": 2242290.36042229,
  "XM-DAC-6-4-010419-02-1": 184927.30917646998,
  "XM-DAC-6-4-010597-01-6": 3951348.1919773985,
  "XM-DAC-6-4-010597-02-0": 52084.93604964687,
  "XM-DAC-6-4-010600-01-5": 1705795.0070588177,
  "XM-DAC-6-4-010600-02-6": 51666.79042778414,
  "XM-DAC-6-4-010607-01-5": 5260863.1058823345,
  "XM-DAC-6-4-010609-03-4": 25917.74837119207,
  "XM-DAC-6-4-010744-01-6": 12921025.198250936,
  "XM-DAC-6-4-010744-02-0": 638743.177098037,
  "XM-DAC-6-4-010871-01-1": 398178.25507450843,
  "XM-DAC-6-4-010871-03-3": 6270523.701960763,
  "XM-DAC-6-4-010890-01-4": 4649752.745098023,
  "XM-DAC-6-4-010890-03-6": 361746.96405638306,
  "XM-DAC-6-4-010931-01-2": 3980671.7115292726,
  "XM-DAC-6-4-010957-01-5": 3172017.5884600515,
  "XM-DAC-6-4-010990-01-1": 427273.604616677,
  "XM-DAC-6-4-010990-02-2": 371980.21960784186,
  "XM-DAC-6-4-010990-03-3": 10706215.115682315,
  "XM-DAC-6-4-011118-01-5": 6642503.921568604,
  "XM-DAC-6-4-011191-01-4": 13285007.843137208,
  "XM-DAC-6-4-011197-01-2": 12307039.961769368,
  "XM-DAC-6-4-011227-01-6": 7705304.549019581,
  "XM-DAC-6-4-011228-01-1": 1333814.7874509757,
  "XM-DAC-6-4-011228-01-2": 2657001.568627442,
  "XM-DAC-6-4-011317-01-4": 2860500.25596799,
  "XM-DAC-6-4-011329-01-0": 2321342.919157949,
  "XM-DAC-6-4-011380-01-4": 6376803.76470586,
  "XM-DAC-6-4-011417-01-1": 4304278.507438651,
  "XM-DAC-6-4-011421-01-2": 3657968.0968781086,
  "XM-DAC-6-4-011430-01-6": 3756678.8271294613,
  "XM-DAC-6-4-011634-01-1": 44099911.67498769,
  "XM-DAC-6-4-011678-01-5": 13949258.235294068,
  "XM-DAC-6-4-011725-01-1": 929950.5490196047,
  "XM-DAC-6-4-011815-01-6": 10628006.274509767,
  "XM-DAC-6-4-011903-01-0": 4176981.827985868,
  "XM-DAC-6-4-011904-01-2": 2973184.7552941074,
  "XM-DAC-6-4-011905-01-4": 2098703.0463819224,
  "XM-DAC-6-4-011906-01-6": 3826082.2588235163,
  "XM-DAC-6-4-011972-01-5": 358695.2117647046,
  "XM-DAC-6-4-011976-01-6": 2.59521484375e-23,
  "XM-DAC-6-4-012061-01-3": 183319.82322745034,
  "XM-DAC-6-4-012127-04-6": 142368.33486071322,
  "XM-DAC-6-4-012127-07-6": 176956.3044705876,
  "XM-DAC-6-4-012127-11-3": 103756.0972450114,
  "XM-DAC-6-4-012127-12-4": 797028.7315458796,
  "XM-DAC-6-4-012127-26-4": 134444.27937254854,
  "XM-DAC-6-4-012127-31-2": 129272.55866929368,
  "XM-DAC-6-4-012127-54-4": 159417.70281623473,
  "XM-DAC-6-4-012127-64-0": 162209.9457647053,
  "XM-DAC-6-4-012127-85-0": 176956.3044705876,
  "XM-DAC-6-4-012252-01-0": 1328500.784313721,
  "XM-DAC-6-4-012313-01-3": 265700.1568627442,
  "XM-DAC-6-4-012314-02-2": 2603861.5372548928,
  "XM-DAC-6-4-012590-01-3": 3735559.5438811635,
  "XM-DAC-6-4-012590-08-6": 6033149.705971077
}