{
  "FR-3-CVN110303": 1328064.80126245,
  "FR-3-CVN112302": 2123879.1454357877,
  "FR-3-CVN112502": 1286093.7098459702,
  "FR-3-CVN112702": 1322294.5670521578,
  "FR-3-CVN112803": 736853.008502008,
  "FR-3-CVN114702": 1819890.230476814,
  "FR-3-CVN115502": 664055.5813501601,
  "FR-3-CVN119103": 2185122.702434559,
  "FR-3-CVN119204": 2023359.9182743714,
  "FR-3-CVN119301": 63351879.645155445,
  "FR-3-CVN119303": 108392423.38070789,
  "FR-3-CVN119304": 3541537.587432088,
  "FR-3-CVN119701": 164021728.59348953,
  "FR-3-CVN119702": 6385558.470263139,
  "FR-3-CVN121001": 701242.693905769,
  "FR-3-CVN121301": 1195300.046430288,
  "FR-3-CVN121401": 583306.4226579806,
  "FR-3-CVN122801": 8735652.474210296,
  "FR-3-CVN123401": 102203772.29172231,
  "FR-3-CVN124101": 628742.4336451212,
  "FR-3-CVN125901": 707883.2497192706,
  "FR-3-CVN300104": 904145.1953038468,
  "FR-3-CVN300301": 2162879.2687357767
}