{
  "AU-5-INI188-489": 161990.03045811347,
  "AU-5-INI855-489": 169843.53063023512,
  "AU-5-INI878-489": 254546.35542801215,
  "AU-5-INI900-489": 24185.28970622002,
  "AU-5-INI930-489": 51748.951201723066,
  "AU-5-INI989-489": 1299350.6527332666,
  "AU-5-INJ164-489": 188498.4242834366,
  "AU-5-INJ231-489": 3905413.858089352,
  "AU-5-INJ481-489": 17843.17290499089,
  "AU-5-INJ633-489": 263324.2475422749,
  "AU-5-INJ646-489": 20579516.993067652,
  "AU-5-INJ892-489": 204879.35972541285,
  "AU-5-INJ936-489": 3094496.000847025,
  "AU-5-INJ995-489": 76188.31864903601,
  "AU-5-INK048-489": 120234.67219942853,
  "AU-5-INK058-489": 41511.79272801169,
  "AU-5-INK147-489": 51672.71550489406,
  "AU-5-INK197-489": 12781335.780504616,
  "AU-5-INK235-489": 1156396.3918747786,
  "AU-5-INK267-489": 227465.36056116386,
  "AU-5-INK282-489": 2066908.6201957625,
  "AU-5-INK318-489": 7777.743440685753,
  "AU-5-INK359-489": 23982.16533710132,
  "AU-5-INK410-489": 2381442.8924675346,
  "AU-5-INK440-489": 2070819.9064935085,
  "AU-5-INK454-489": 1553114.9298701314,
  "AU-5-INK573-489": 4848799.651311162,
  "AU-5-INK595-489": 567.193814708957,
  "AU-5-INK764-489": 664752.1621838729,
  "AU-5-INK804-489": 117204.24540514265,
  "AU-5-INK921-489": 213404.1316579036,
  "AU-5-INK964-489": 3493297.6044760854,
  "AU-5-INL062-489": 3096231.9910965725,
  "AU-5-INL140-489": 502583.006370663,
  "AU-5-INL400-489": 51714.34855603057,
  "AU-5-INL471-489": 86238.65655142834,
  "AU-5-INL673-489": 234123.4847788166,
  "AU-5-INL961-489": 142022.90721187723,
  "AU-5-INM181-489": 44686.89411393864,
  "AU-5-INM382-489": 9126625.214262342,
  "AU-5-INM488-489": 222127.41452287,
  "AU-5-O13981-489": 2259210.2110209772,
  "AU-5-O14282-489": 9172.96975797922,
  "AU-5-O14285-489": 22204.090596164497,
  "AU-5-O16925-489": 172149.1969642059,
  "AU-5-O16926-489": 52309.28441182594
}