{
  "FR-6-EG-EGY 19-01": 42812.99144080752,
  "FR-6-EG-EGY 20-01": 168935.7398954807,
  "FR-6-EG-FSPI 2019-29": 1588936.2577207107,
  "FR-6-EG-FSPI 2019-30": 1414091.7512623763,
  "FR-6-EG-FSPI 2021-27": 975176.2461020116
}