{
  "GB-CHC-328273-AidDirect-9SG6-M6ZC-PR": {
    "fh-activities.xml": 533824.5424473776
  },
  "GB-CHC-328273-GPAF-INN055": {
    "fh-activities.xml": 822733.3799215348
  },
  "GB-CHC-328273-GPAF-INN056": {
    "fh-activities.xml": 804562.0262280736
  },
  "GB-CHC-328273-PDSH-R37X-YV": {
    "fh-activities.xml": 440554.11840837443
  }
}