{
  "GB-CHC-202918-COGA25": 602724.2441372349,
  "GB-CHC-202918-COGA26": 1209412.899245144,
  "GB-CHC-202918-COGA27": 1565990.9405579327,
  "GB-CHC-202918-COLC28": 1343.7719075749412,
  "GB-CHC-202918-COLC45": 83586.79214132878,
  "GB-CHC-202918-COLC50": 31672.37394509311,
  "GB-CHC-202918-COLC53": 781597.5706827858,
  "GB-CHC-202918-COLC54": 324723.34945015516,
  "GB-CHC-202918-COLC55": 342257.4625305673,
  "GB-CHC-202918-COLC56": 886095.1748661047
}