{
  "GB-CHC-202918-COGA25": 603502.0425698069,
  "GB-CHC-202918-COGA26": 1210973.6120694836,
  "GB-CHC-202918-COGA27": 1568011.8071662297,
  "GB-CHC-202918-COLC28": 1345.506006864314,
  "GB-CHC-202918-COLC45": 83694.65851064053,
  "GB-CHC-202918-COLC50": 31713.246239595872,
  "GB-CHC-202918-COLC53": 782606.2000374079,
  "GB-CHC-202918-COLC54": 325142.39566354157,
  "GB-CHC-202918-COLC55": 342699.13601638074,
  "GB-CHC-202918-COLC56": 887238.6553960893
}