{
  "XI-IATI-EC_FPI-2006/18736/0": 1899207.2470743381,
  "XI-IATI-EC_FPI-2007/136-948": 1353153.5737033873,
  "XI-IATI-EC_FPI-2007/140-507": 119175.39981215724,
  "XI-IATI-EC_FPI-2007/141-150": 650553.8093131353,
  "XI-IATI-EC_FPI-2013/25039/1": 1799675.0898651748,
  "XI-IATI-EC_FPI-2013/25039/2": 1992177.058823535,
  "XI-IATI-EC_FPI-2013/25039/3": -76.54901960620191,
  "XI-IATI-EC_FPI-2013/25039/4": -114.82352940924466,
  "XI-IATI-EC_FPI-2013/317-723": 2389794.7525075553,
  "XI-IATI-EC_FPI-2015/38917/0": 2487420.2104158383,
  "XI-IATI-EC_FPI-2016/371-631": 2487420.2104158383,
  "XI-IATI-EC_FPI-2017/40796/0": 5314003.137254884,
  "XI-IATI-EC_FPI-2018/394-988": 4615897.616375799,
  "XI-IATI-EC_FPI-2021/427-736": 2198412.105117663,
  "XI-IATI-EC_FPI-2021/427-739": 1398773.1618007794,
  "XI-IATI-EC_FPI-2021/43584/0": 5314003.137254884
}