{
  "bracuk": {
    "GB-CHC-1115482-Bangladesh-BDTO12-": 1209259.6567572332,
    "GB-CHC-1115482-UKAidDirectGrantRef:XH4T-8TEX-VM;XPX5-ZW9K-S5": 3923471.7126562977,
    "NL-CCI-20081098-GEC 5085": 32962782.77100419,
    "NL-CCI-20081098-GEC-5063": 5652286.72570791,
    "NL-CCI-20081098-GEC-6957": 4669326.415064617,
    "NL-CCI-20081098-GPAF-IMP-013": 2576966.283569452,
    "NL-CCI-20081098-GPAF-IMP-014": 3922908.623318972,
    "NL-CCI-20081098-GPAF-IMP-028": 657957.4888301687,
    "NL-CCI-20081098-GPAF-IMP-068": 3333830.8836102807,
    "NL-CCI-20081098-GPAF-INN-015": 342205.15547697735
  }
}