{
  "BE-BCE_KBO-0422717486-PROG2017-2021_OS1-BOL": {
    "lc-activities.xml": 1232256.7744636585
  },
  "BE-BCE_KBO-0422717486-PROG2017-2021_OS1-BUR": {
    "lc-activities.xml": 224421.0336325796
  },
  "BE-BCE_KBO-0422717486-PROG2017-2021_OS1-MDG": {
    "lc-activities.xml": 362086.50228683796
  },
  "BE-BCE_KBO-0422717486-PROG2017-2021_OS1-RDC": {
    "lc-activities.xml": 1007237.0918076514
  },
  "BE-BCE_KBO-0422717486-PROG2017-2021_OS1-TOG": {
    "lc-activities.xml": 516671.3052398492
  },
  "BE-BCE_KBO-0422717486-PROG2017-2021_OS2-BEN": {
    "lc-activities.xml": 689973.2096079701
  },
  "BE-BCE_KBO-0422717486-PROG2017-2021_OS2-BUR": {
    "lc-activities.xml": 446336.90005117096
  },
  "BE-BCE_KBO-0422717486-PROG2017-2021_OS2-CAM": {
    "lc-activities.xml": 408901.807125426
  },
  "BE-BCE_KBO-0422717486-PROG2017-2021_OS2-MDG": {
    "lc-activities.xml": 400879.8012744339
  },
  "BE-BCE_KBO-0422717486-PROG2017-2021_OS2-TOG": {
    "lc-activities.xml": 1123164.4748332864
  },
  "BE-BCE_KBO-0422717486-PROG2017-2021_OS3-BEN": {
    "lc-activities.xml": 814956.1588097854
  },
  "BE-BCE_KBO-0422717486-PROG2017-2021_OS3-BOL": {
    "lc-activities.xml": 1324103.8054128543
  },
  "BE-BCE_KBO-0422717486-PROG2017-2021_OS3-CAM\"": {
    "lc-activities.xml": 409296.3585733594
  },
  "BE-BCE_KBO-0422717486-PROG2017-2021_OS5-RDC": {
    "lc-activities.xml": 1491536.8051511203
  }
}