{
  "XI-IATI-EC_FPI-2020/419-694": 681209.3689190173,
  "XI-IATI-EC_FPI-2022/44524/1": 5314003.137254884
}