{
  "FR-3-CUZ101401": 11671833.054484056,
  "FR-3-CUZ101403": 1465203.5150196028,
  "FR-3-CUZ101701": 139492582.35294068,
  "FR-3-CUZ101702": 10827281.392156824,
  "FR-3-CUZ101801": 193828264.43137187,
  "FR-3-CUZ101802": 8993950.30980389,
  "FR-3-CUZ102301": 74130343.76470563,
  "FR-3-CUZ102304": 1803041.264470582,
  "FR-3-CUZ104201": 332125196.07843024
}