{
  "GB-GOV-7--7-P00052-IWT009": {
    "defra_transparency-activities.xml": 34592.27437699271
  },
  "GB-GOV-7-AEWA-BC01": {
    "defra_transparency-activities.xml": 295081.87863272417
  },
  "GB-GOV-7-ALB-JNCC001": {
    "defra_transparency-activities.xml": 930043.1228001134
  },
  "GB-GOV-7-ALB-KEW001": {
    "defra_transparency-activities.xml": 35903222.31298926
  },
  "GB-GOV-7-AQ-ICPVEG001": {
    "defra_transparency-activities.xml": 709322.0092203213
  },
  "GB-GOV-7-AQ-TFEIP001": {
    "defra_transparency-activities.xml": 595992.0069398872
  },
  "GB-GOV-7-BIOFIN": {
    "defra_transparency-activities.xml": 3290937.139716993
  },
  "GB-GOV-7-BPFGPAP": {
    "defra_transparency-activities.xml": 7569155.421349084
  },
  "GB-GOV-7-DAR23": {
    "defra_transparency-activities.xml": 19235771.42363319
  },
  "GB-GOV-7-DAR24": {
    "defra_transparency-activities.xml": 28772516.998752322
  },
  "GB-GOV-7-DAR25": {
    "defra_transparency-activities.xml": 18191911.749951225
  },
  "GB-GOV-7-DAR26": {
    "defra_transparency-activities.xml": 10072568.17714152
  },
  "GB-GOV-7-DPLUS": {
    "defra_transparency-activities.xml": 5867611.76728735
  },
  "GB-GOV-7-DPS-GBIF": {
    "defra_transparency-activities.xml": 847011.6927557975
  },
  "GB-GOV-7-DPS-UKCDR": {
    "defra_transparency-activities.xml": 274472.5164327321
  },
  "GB-GOV-7-EQ": {
    "defra_transparency-activities.xml": 4364845.619960861
  },
  "GB-GOV-7-GB-GOV-7-ICF-PO014-GPS": {
    "defra_transparency-activities.xml": 32086637.112240683
  },
  "GB-GOV-7-GESVD01": {
    "defra_transparency-activities.xml": 338943.62046835787
  },
  "GB-GOV-7-ICF-P0001-BV": {
    "defra_transparency-activities.xml": 11224682.323026763
  },
  "GB-GOV-7-ICF-P0003-EcoB": {
    "defra_transparency-activities.xml": 53683704.98503889
  },
  "GB-GOV-7-ICF-P0004-ISFL": {
    "defra_transparency-activities.xml": 14627536.484708568
  },
  "GB-GOV-7-ICF-P0005-SriL": {
    "defra_transparency-activities.xml": 64173274.22448137
  },
  "GB-GOV-7-ICF-P0006-GEF": {
    "defra_transparency-activities.xml": 69109679.93405685
  },
  "GB-GOV-7-ICF-PO0015-GEF7": {
    "defra_transparency-activities.xml": 41137898.98383271
  },
  "GB-GOV-7-ICF-PO002-Brazil": {
    "defra_transparency-activities.xml": 15841697.532547675
  },
  "GB-GOV-7-ICF-PO008-UKBLUECARBONFUND": {
    "defra_transparency-activities.xml": 11509394.45873224
  },
  "GB-GOV-7-ICF-PO012-LCP1": {
    "defra_transparency-activities.xml": 40832530.30372382
  },
  "GB-GOV-7-ICF-PO013-LCP2": {
    "defra_transparency-activities.xml": 110937490.97985984
  },
  "GB-GOV-7-ICF-UNDPCP": {
    "defra_transparency-activities.xml": 4936405.70957549
  },
  "GB-GOV-7-INTLSUB-EPPO": {
    "defra_transparency-activities.xml": 1256419.477066177
  },
  "GB-GOV-7-INTSUB001-MP": {
    "defra_transparency-activities.xml": 98636729.11244877
  },
  "GB-GOV-7-INTSUB001-UNEP": {
    "defra_transparency-activities.xml": 43440370.24426431
  },
  "GB-GOV-7-INTSUB002-CBD": {
    "defra_transparency-activities.xml": 8748128.698792301
  },
  "GB-GOV-7-INTSUB003-NAG": {
    "defra_transparency-activities.xml": 1753922.9994023829
  },
  "GB-GOV-7-INTSUB004-CART": {
    "defra_transparency-activities.xml": 1383989.660534509
  },
  "GB-GOV-7-INTSUB005-CITES": {
    "defra_transparency-activities.xml": 3161647.161863502
  },
  "GB-GOV-7-INTSUB006-CMS": {
    "defra_transparency-activities.xml": 2210073.831844083
  },
  "GB-GOV-7-INTSUB007-AEWA": {
    "defra_transparency-activities.xml": 976453.5309036009
  },
  "GB-GOV-7-INTSUB008-IPBES": {
    "defra_transparency-activities.xml": 2945388.740046709
  },
  "GB-GOV-7-INTSUB009-BAS": {
    "defra_transparency-activities.xml": 2907761.514075412
  },
  "GB-GOV-7-INTSUB010-MIN": {
    "defra_transparency-activities.xml": 1422152.6510721517
  },
  "GB-GOV-7-IWT-KAZA01": {
    "defra_transparency-activities.xml": 1511172.4842468107
  },
  "GB-GOV-7-IWT016": {
    "defra_transparency-activities.xml": 202056.95850434396
  },
  "GB-GOV-7-IWT017": {
    "defra_transparency-activities.xml": 570019.9310332406
  },
  "GB-GOV-7-IWT018": {
    "defra_transparency-activities.xml": 425221.9878228327
  },
  "GB-GOV-7-IWT019": {
    "defra_transparency-activities.xml": 299611.24478217383
  },
  "GB-GOV-7-IWT020": {
    "defra_transparency-activities.xml": 90780.33645223627
  },
  "GB-GOV-7-IWT022": {
    "defra_transparency-activities.xml": 206489.85083154275
  },
  "GB-GOV-7-IWT023": {
    "defra_transparency-activities.xml": 278831.9550429724
  },
  "GB-GOV-7-IWT024": {
    "defra_transparency-activities.xml": 54127.68860549524
  },
  "GB-GOV-7-IWT025": {
    "defra_transparency-activities.xml": 160926.82613216096
  },
  "GB-GOV-7-IWT026": {
    "defra_transparency-activities.xml": 297890.28211433016
  },
  "GB-GOV-7-IWT027": {
    "defra_transparency-activities.xml": 180213.3632394724
  },
  "GB-GOV-7-IWT028": {
    "defra_transparency-activities.xml": 91809.33022239727
  },
  "GB-GOV-7-IWT029": {
    "defra_transparency-activities.xml": 376112.9783554058
  },
  "GB-GOV-7-IWT030": {
    "defra_transparency-activities.xml": 197893.92302260196
  },
  "GB-GOV-7-IWT031": {
    "defra_transparency-activities.xml": 351983.41587985837
  },
  "GB-GOV-7-IWT032": {
    "defra_transparency-activities.xml": 459389.2541229166
  },
  "GB-GOV-7-IWT033": {
    "defra_transparency-activities.xml": 277629.380793377
  },
  "GB-GOV-7-IWTCF-R3": {
    "defra_transparency-activities.xml": 7639086.338191671
  },
  "GB-GOV-7-IWTCF-R4": {
    "defra_transparency-activities.xml": 12247060.486802658
  },
  "GB-GOV-7-IWTCF-R5": {
    "defra_transparency-activities.xml": 12358808.15714226
  },
  "GB-GOV-7-IWTCF-R6": {
    "defra_transparency-activities.xml": 5755784.884090797
  },
  "GB-GOV-7-MAR-P001": {
    "defra_transparency-activities.xml": 1955915.1593544458
  },
  "GB-GOV-7-MAR-P002": {
    "defra_transparency-activities.xml": 1057720.1465426863
  },
  "GB-GOV-7-MAR-P004": {
    "defra_transparency-activities.xml": 398173.87419961294
  },
  "GB-GOV-7-MAR-P005": {
    "defra_transparency-activities.xml": 335031.6012169478
  },
  "GB-GOV-7-MAR-P006": {
    "defra_transparency-activities.xml": 608536.9934977456
  },
  "GB-GOV-7-MOHC-001": {
    "defra_transparency-activities.xml": 45214345.3679355
  },
  "GB-GOV-7-P001-APHA": {
    "defra_transparency-activities.xml": 329093.7139716993
  },
  "GB-GOV-7-PO009-LDN": {
    "defra_transparency-activities.xml": 16454685.698584966
  },
  "GB-GOV-7-PO020-C4F": {
    "defra_transparency-activities.xml": 1842924.798241516
  },
  "GB-GOV-7-PS-OTPPS001": {
    "defra_transparency-activities.xml": 164546.85698584965
  },
  "GB-GOV-7-SUB-AAR": {
    "defra_transparency-activities.xml": 390630.8981832103
  },
  "GB-GOV-7-SUB-ITPGRFA": {
    "defra_transparency-activities.xml": 1777416.5060022515
  },
  "GB-GOV-7-SUB-IUCN": {
    "defra_transparency-activities.xml": 4799533.577098948
  },
  "GB-GOV-7-SUB-RAM": {
    "defra_transparency-activities.xml": 1542398.1134751874
  },
  "GB-GOV-7-TNFD-PO002": {
    "defra_transparency-activities.xml": 2479482.541834125
  },
  "GB-GOV-7-VMD-AMR001": {
    "defra_transparency-activities.xml": 935785.3309230342
  }
}