{
  "GB-1-114166-102": 30903.334813148333,
  "GB-1-114171-101": 756507.7809967876,
  "GB-1-114310-101": 927100.0443944499,
  "GB-1-114473-102": 1082254.2443784608,
  "GB-1-114476-101": 280889.337884142,
  "GB-1-114476-103": -1413.827567701536,
  "GB-1-200887-102": 2932.7264737677765,
  "GB-1-200895-101": 95928.5867602344,
  "GB-1-201681-101": 53904.68691457463,
  "GB-1-202140-101": 880633.7901694,
  "GB-1-204948-101": 1603913.9065952902,
  "GB-1-204948-102": 1654113.8617245331,
  "GB-GOV-1-300772-101": 5172031.872373517,
  "GB-GOV-1-300772-103": 3322808.2204465824,
  "GB-GOV-1-300772-104": 1645466.9243899267,
  "GB-GOV-1-300772-105": 973867.2821336115,
  "GB-GOV-1-300772-106": 1025691.3147413048,
  "GB-GOV-1-300772-109": 447463.78648161
}