{
  "tearfund": {
    "GB-CHC-265464-203559-209": 5950236.470410569,
    "GB-CHC-265464-205210-244": 59947.71093708475,
    "GB-CHC-265464-205210-263": 279310.0623906305,
    "GB-CHC-265464-GB-CHC-1062638-CIA19": 1630874.9091124216,
    "GB-CHC-265464-GB-CHC-1062638-CVA20": 4521940.149793821,
    "GB-CHC-265464-GB-CHC-1062638-EACA-2017": 4886146.517577732,
    "GB-CHC-265464-GB-CHC-1062638-EAM-2017": 2726954.432866563,
    "GB-CHC-265464-GB-CHC-1062638-ITA-2018": 1365564.493314147,
    "GB-CHC-265464-GB-CHC-1062638-YEM-2016": 2392162.461237444,
    "GB-CHC-265464-GPAF-IMP-109": 1913715.3243196835,
    "GB-CHC-265464-Tearfund Afghanistan DEC Crisis Response": 1663853.3901895254,
    "GB-CHC-265464-WW-2015-DRC": 494102.0097085944,
    "GB-CHC-265464-ZAI00565-6": 693770.6736423853,
    "GB-CHC-265464-ZAI00598-0": 5229956.685725543
  }
}