{
  "US-GOV-1-679-DHR-07-679-01": -562.75,
  "US-GOV-1-679-DHR-08-679-04": -1568.02,
  "US-GOV-1-679-DHR-10-679-01": 7000.0,
  "US-GOV-1-679-DHR-10-679-02": 14000.0,
  "US-GOV-1-679-DHR-10-679-03": 10000.0,
  "US-GOV-1-679-DHR-10-679-04": 10763.36,
  "US-GOV-1-679-DHR-11-679-01": 60000.0,
  "US-GOV-1-679-DHR-11-679-02": 10000.0,
  "US-GOV-1-679-DHR-12-679-01": 50000.0,
  "US-GOV-1-679-DHR-12-679-02": 38618.0,
  "US-GOV-1-679-SSH-07-679-05": 375.54,
  "US-GOV-1-679-SSH-08-679-05": 3000.0,
  "US-GOV-1-679-SSH-09-679-01": 4745.29,
  "US-GOV-1-679-SSH-09-679-02": 3568.86,
  "US-GOV-1-679-SSH-09-679-03": -429.79,
  "US-GOV-1-679-SSH-09-679-04": -260.33,
  "US-GOV-1-679-SSH-09-679-05": 7421.77,
  "US-GOV-1-679-SSH-09-679-06": -80.89,
  "US-GOV-1-679-SSH-09-679-08": -0.03,
  "US-GOV-1-679-SSH-10-679-01": 7608.0,
  "US-GOV-1-679-SSH-10-679-02": 2500.0,
  "US-GOV-1-679-SSH-10-679-03": 2750.0,
  "US-GOV-1-679-SSH-10-679-04": 2282.0,
  "US-GOV-1-679-SSH-10-679-05": 2811.91,
  "US-GOV-1-679-SSH-10-679-06": 3855.5,
  "US-GOV-1-679-SSH-10-679-07": 9688.0,
  "US-GOV-1-679-SSH-10-679-08": 1000.0,
  "US-GOV-1-679-SSH-11-679-01": 10000.0,
  "US-GOV-1-679-SSH-11-679-02": 15707.0,
  "US-GOV-1-679-SSH-11-679-03": 6596.959999999999,
  "US-GOV-1-679-SSH-11-679-04": 6600.860000000001,
  "US-GOV-1-679-SSH-12-679-01": 13778.38,
  "US-GOV-1-679-SSH-12-679-02": 18011.0,
  "US-GOV-1-679-SSH-12-679-03": 20019.54,
  "US-GOV-1-679-SSH-12-679-04": 17798.34,
  "US-GOV-1-72066018GR00001": 299386.0,
  "US-GOV-1-72066020IO00002": 199999.64,
  "US-GOV-1-720BHA21IO00070": 7379621.04,
  "US-GOV-1-720BHA21IO00126": 1000000.0,
  "US-GOV-1-720BHA21IO00248": 1596393.43,
  "US-GOV-1-720BHA21IO00305": 2000000.0,
  "US-GOV-1-720BHA22IO00027": 1959705.57,
  "US-GOV-1-720BHA22IO00052": 1866323.63,
  "US-GOV-1-720FDA18GR00047": 2663626.75,
  "US-GOV-1-720FDA18GR00078": 2018000.0,
  "US-GOV-1-720FDA19GR00073": 4705400.0,
  "US-GOV-1-720FDA19GR00080": 4864948.0,
  "US-GOV-1-72DFFP18IO00035": 1989604.0,
  "US-GOV-1-72DFFP18IO00081": 7071230.0,
  "US-GOV-1-72DFFP18IO00106": 3638058.53,
  "US-GOV-1-72DFFP19IO00036": 6047188.02,
  "US-GOV-1-72DFFP19IO00052": 4977074.0,
  "US-GOV-1-72DFFP19IO00101": 2144266.2399999998,
  "US-GOV-1-72DFFP20IO00032": 2989885.06,
  "US-GOV-1-AID-FFP-IO-14-00029": 3998713.58,
  "US-GOV-1-AID-FFP-IO-17-00040": 2141745.52,
  "US-GOV-1-AID-OFDA-G-12-00041": 197090.9,
  "US-GOV-1-AID-OFDA-IO-12-00021": 198345.18,
  "US-GOV-1-GHS-A-00-05-00028-05": -17629.0
}