{
  "NZ-1-ACT-0100292": 1001174.4047783673,
  "NZ-1-ACT-0100362": 348406.7499930878,
  "NZ-1-ACT-0A11784": 232840.7488316794,
  "NZ-1-ACT-0A12712": 622182.8941182994
}