{
  "NZ-1-ACT-0100292": 1002594.8595392947,
  "NZ-1-ACT-0100362": 348901.0654933691,
  "NZ-1-ACT-0A11784": 233171.10061518216,
  "NZ-1-ACT-0A12712": 623065.6400713519
}