{
  "sense_international": {
    "GB-CHC-1076497-GB-CHC-1076497-UKAM_BANGLADESH_INCLUSIVE_EDUCATION": 770112.2298101708,
    "GB-CHC-1076497-T013GB-CHC-207544-94001": 27766.34074788721,
    "GB-CHC-1076497-T053GB-CHC-207544-94001": 28608.441495047464,
    "GB-CHC-1076497-UKAMEastAfricaEarlyIntervention": 724868.6944512082,
    "GB-CHC-1076497-UKAidMatch_205210_260_EarlyIntervention_Kenya": 440239.6963699231,
    "GB-CHC-1076497-UKAid_Direct_Impact_DYDP-R3VN-XJ-Inclusive_Education_Kenya": 832519.4394985138
  }
}