{
  "US-GOV-10-CV-FAGOV-1245989716519160449": 1232409.54,
  "US-GOV-10-CV-FAGOV-1314510422217393346": 85446.34,
  "US-GOV-10-CV-FAGOV-1656408058370018688": 274534.9,
  "US-GOV-10-CV-FAGOV-1759441564137579317": -0.03,
  "US-GOV-10-CV-FAGOV-1881572454693196358": -0.07,
  "US-GOV-10-CV-FAGOV-2390168250446230549": 1890.6399999999999,
  "US-GOV-10-CV-FAGOV-2633127468705628188": 187882.37,
  "US-GOV-10-CV-FAGOV-2800913585329409238": 8520.48,
  "US-GOV-10-CV-FAGOV-317567755501188323": 0.05,
  "US-GOV-10-CV-FAGOV-3293862956728507226": 342687.27,
  "US-GOV-10-CV-FAGOV-3528226473270039390": 387412.82,
  "US-GOV-10-CV-FAGOV-3719036101006070770": -772.46,
  "US-GOV-10-CV-FAGOV-3754489875543939596": 671207.52,
  "US-GOV-10-CV-FAGOV-3818444150200098439": 699378.18,
  "US-GOV-10-CV-FAGOV-3856937077897805727": 276275.87,
  "US-GOV-10-CV-FAGOV-4162765673602708845": 265196.24,
  "US-GOV-10-CV-FAGOV-4453250998111398997": -3691.38,
  "US-GOV-10-CV-FAGOV-4523515135406316874": 3039.8500000000004,
  "US-GOV-10-CV-FAGOV-459155103420658896": 934.1999999999999,
  "US-GOV-10-CV-FAGOV-4661061198672413605": 332904.0,
  "US-GOV-10-CV-FAGOV-4911114686216583231": 1.0,
  "US-GOV-10-CV-FAGOV-5075966252084575234": 984094.9,
  "US-GOV-10-CV-FAGOV-5156636724779163864": 1141756.39,
  "US-GOV-10-CV-FAGOV-5466831504813393181": -1.16,
  "US-GOV-10-CV-FAGOV-5653852528250419624": 30585.81,
  "US-GOV-10-CV-FAGOV-5781145792725057468": 0.16,
  "US-GOV-10-CV-FAGOV-5931543119736749961": 798283.0700000001,
  "US-GOV-10-CV-FAGOV-6021857916708176039": 113237.75,
  "US-GOV-10-CV-FAGOV-603029385683797669": 39610.26,
  "US-GOV-10-CV-FAGOV-6188497142520046830": -3355.29,
  "US-GOV-10-CV-FAGOV-7019899537919696323": 0.08,
  "US-GOV-10-CV-FAGOV-8043513318406562712": 330161.0,
  "US-GOV-10-CV-FAGOV-8170946095387379575": 95241.02,
  "US-GOV-10-CV-FAGOV-8295431455800597918": 303534.23,
  "US-GOV-10-CV-FAGOV-8877278153002697245": 38225.45,
  "US-GOV-10-CV-FAGOV-9058720414764634274": 8307.84,
  "US-GOV-11-CV-05140NCIS2": -35000.0,
  "US-GOV-11-CV-05140NCIS3": 31718.17,
  "US-GOV-11-CV-051420G4161": 18.240000000000002,
  "US-GOV-11-CV-051420U0001": 921.6800000000001,
  "US-GOV-11-CV-051421D8557": 2457.5,
  "US-GOV-11-CV-051421G4161": 339.86,
  "US-GOV-11-CV-051421S0589": 19177.25,
  "US-GOV-11-CV-051421U0001": 265.64,
  "US-GOV-11-CV-0514506002": 32586.47,
  "US-GOV-11-CV-05149T0016": 9655.16,
  "US-GOV-11-CV-05149T0017": 9655.16,
  "US-GOV-11-CV-17320180217-01-072018201007979": 7201.42,
  "US-GOV-11-CV-17320180252-01-072018201010327": 17635.66,
  "US-GOV-11-CV-17320180262-01-071918102500046": 996.65,
  "US-GOV-11-CV-17320180331-01-071918102500061": 13360.13,
  "US-GOV-11-CV-17320180336-01-071918102500017": 18416.38,
  "US-GOV-11-CV-191NLE18P0061": 57610.26,
  "US-GOV-11-CV-191NLE19F0058": 45179.6,
  "US-GOV-11-CV-191NLE19P0021": 24514.0,
  "US-GOV-11-CV-191NLE20F7018": 474619.59,
  "US-GOV-11-CV-193NLE20Y00290001": 211732.61,
  "US-GOV-11-CV-193NLE20Y00290001A": 250000.0,
  "US-GOV-11-CV-193NLE20Y00290001B": 470621.0,
  "US-GOV-11-CV-19CV1018P0129": 760.66,
  "US-GOV-11-CV-19CV1018P0222": 17700.0,
  "US-GOV-11-CV-19CV1018P0225": 4281.71,
  "US-GOV-11-CV-19CV1019P0139": 2642.07,
  "US-GOV-11-CV-19CV1021P0094": 273.1,
  "US-GOV-11-CV-19GE5021P0095": 28545.0,
  "US-GOV-11-CV-20730151499": 132498.7,
  "US-GOV-11-CV-45144GR131": 7000.0,
  "US-GOV-11-CV-45144GR132": 4950.0,
  "US-GOV-11-CV-45144GR133": 6800.0,
  "US-GOV-11-CV-45144GR134": 6250.0,
  "US-GOV-11-CV-45144GR135": 10000.0,
  "US-GOV-11-CV-45145GR131": 20000.0,
  "US-GOV-11-CV-45145GR132": 20000.0,
  "US-GOV-11-CV-45145GR133": 4640.0,
  "US-GOV-11-CV-45145GR134": 7400.0,
  "US-GOV-11-CV-45145GR135": 19000.0,
  "US-GOV-11-CV-45145GR136": 10000.0,
  "US-GOV-11-CV-45145GR137": 10000.0,
  "US-GOV-11-CV-45145GR138": 16960.0,
  "US-GOV-11-CV-45146GR001": 18000.0,
  "US-GOV-11-CV-45146GR002": 12000.0,
  "US-GOV-11-CV-45146GR003": 8000.0,
  "US-GOV-11-CV-45146GR004": 10000.0,
  "US-GOV-11-CV-45146GR006": 12000.0,
  "US-GOV-11-CV-45146GR007": 10000.0,
  "US-GOV-11-CV-514002001": 168983.48,
  "US-GOV-11-CV-514002900": -120998.64,
  "US-GOV-11-CV-514002901": 73013.8,
  "US-GOV-11-CV-51418PSZ00068": 760.66,
  "US-GOV-11-CV-51418PSZ00176": 4281.71,
  "US-GOV-11-CV-5142088557": 1160.0,
  "US-GOV-11-CV-514506001": 1706.0,
  "US-GOV-11-CV-514506002": 19349.73,
  "US-GOV-11-CV-514806001": 450000.0,
  "US-GOV-11-CV-514806002": 45671.8,
  "US-GOV-11-CV-514842900": -250000.0,
  "US-GOV-11-CV-514842901": 479895.8,
  "US-GOV-11-CV-5148MON0177": 17700.0,
  "US-GOV-11-CV-514902001": 91028.5,
  "US-GOV-11-CV-514902900": -45514.25,
  "US-GOV-11-CV-514906001": 31226.72,
  "US-GOV-11-CV-FA8734387": 67191.0,
  "US-GOV-11-CV-FA9407526": 999999.98,
  "US-GOV-11-CV-FAGOV-4772241384855906962": 88000.0,
  "US-GOV-11-CV-FAGOV-5638218249961391665": 360355.0,
  "US-GOV-11-CV-FAGOV-6211059937376675936": 298887.0,
  "US-GOV-11-CV-FAGOV-6520019070352581879": 356039.0,
  "US-GOV-11-CV-FAGOV-6715153265696417946": 2000.0,
  "US-GOV-11-CV-FAGOV-6877370852323711264": 145439.0,
  "US-GOV-11-CV-FAGOV-6955083982981968748": 233580.0,
  "US-GOV-11-CV-FAGOV-7985718233118931388": 700000.0,
  "US-GOV-11-CV-FAGOV-8593782414104526965": 151200.0,
  "US-GOV-11-CV-PR8203917": 2642.07,
  "US-GOV-11-CV-PR8920073": 238915.76,
  "US-GOV-11-CV-PR9702888P": 713.62,
  "US-GOV-11-CV-PR9702888T": 3761.83,
  "US-GOV-11-CV-PR9763179": 273.1,
  "US-GOV-11-CV-SCV10518GR0023": 14000.0,
  "US-GOV-11-CV-SCV10518GR0024": 16000.0,
  "US-GOV-11-CV-SCV10518GR0026": 16000.0,
  "US-GOV-11-CV-SCV10518GR0027": 14000.0,
  "US-GOV-11-CV-SCV10518GR0028": 8000.0,
  "US-GOV-11-CV-SCV10518GR0029": 12000.0,
  "US-GOV-11-CV-SCV10519GR0016": 18000.0,
  "US-GOV-11-CV-SCV10519GR0017": 16000.0,
  "US-GOV-11-CV-SCV10519GR0018": 18000.0,
  "US-GOV-11-CV-SCV10519GR0019": 16000.0,
  "US-GOV-11-CV-SCV10519GR0020": 12000.0,
  "US-GOV-11-CV-SCV10519GR0021": 14000.0,
  "US-GOV-11-CV-SCV10519GR0022": 6000.0,
  "US-GOV-11-CV-SCV10519GR0024": 12766.0,
  "US-GOV-11-CV-SCV10519GR0033": 101367.0,
  "US-GOV-11-CV-SCV10520GR0005": 406277.0,
  "US-GOV-11-CV-SCV10520GR0007": 16000.0,
  "US-GOV-11-CV-SCV10520GR0008": 15200.0,
  "US-GOV-11-CV-SCV10520GR0009": 16000.0,
  "US-GOV-11-CV-SCV10520GR0012": 2800.0,
  "US-GOV-11-CV-SCV10520GR0013": 12000.0,
  "US-GOV-11-CV-SCV10520GR0014": 12000.0,
  "US-GOV-11-CV-SCV10520GR0015": 12000.0,
  "US-GOV-11-CV-SCV10520GR0016": 15000.0,
  "US-GOV-11-CV-SCV10520GR0017": 4400.0,
  "US-GOV-11-CV-SINLEC18CA2070": 72000.0,
  "US-GOV-11-CV-SINLEC19LA0005": 450000.0,
  "US-GOV-11-CV-SINLEC20LA3284": 999999.98,
  "US-GOV-11-CV-SSJTIP21GR3015": 1350000.0,
  "US-GOV-15-CV-JITFM2020I638CPV": 26785.0,
  "US-GOV-15-CV-JITFMXXXXI638CPV": -9653.0,
  "US-GOV-6-CV-OTA3000000082": 166577.25,
  "US-GOV-6-CV-OTA4000000036": -5008.36,
  "US-GOV-7-CV-04B54433": 5795.27,
  "US-GOV-7-CV-092CA32B": 3097.45,
  "US-GOV-7-CV-21DF6FCD": 3345.17,
  "US-GOV-7-CV-298A24EF": 2386.41,
  "US-GOV-7-CV-5AF3DE84": 2386.41,
  "US-GOV-7-CV-5B1F7C93": 3097.45,
  "US-GOV-7-CV-63482148": 40000.0,
  "US-GOV-7-CV-6DC33DE0": 3504.56,
  "US-GOV-7-CV-71CD2C14": 3504.56,
  "US-GOV-7-CV-7305DB9D": 5795.27,
  "US-GOV-7-CV-73399E7B": 3456.79,
  "US-GOV-7-CV-7EF65B46": 594000.0,
  "US-GOV-7-CV-7F2B30BF": 3456.79,
  "US-GOV-7-CV-87F55B17": 3345.17,
  "US-GOV-7-CV-F20B22B4": 40000.0,
  "US-GOV-7-CV-ICDP-10": 1167000.0,
  "US-GOV-7-CV-ICDP-16": 2554000.0,
  "US-GOV-9-CV-F15AP00235": 116000.0,
  "US-GOV-9-CV-F15AP00236": 104000.0,
  "US-GOV-9-CV-F15AP00237": 36000.0,
  "US-GOV-9-CV-F15AP00238": 100000.0,
  "US-GOV-9-CV-F15AP00415": 96000.0,
  "US-GOV-9-CV-F16AP00169": 36000.0,
  "US-GOV-9-CV-F16AP00170": 126000.0,
  "US-GOV-9-CV-F16AP00171": 279065.0,
  "US-GOV-9-CV-F16AP00172": 60000.0,
  "US-GOV-9-CV-F17AP00180": 348535.8,
  "US-GOV-9-CV-F17AP00190": 441624.0,
  "US-GOV-9-CV-F17AP00191": 160000.0,
  "US-GOV-9-CV-F17AP00194": 160000.0,
  "US-GOV-9-CV-F18AP00208": 288270.0
}