{
  "BE-BCE_KBO-0408628435-PROG2017_2021_OS1": {
    "svdbskb_admin-bi.xml": 5713262.623204005
  },
  "BE-BCE_KBO-0408628435-PROG2017_2021_OS2": {
    "svdbskb_admin-cd.xml": 6968384.780735804
  }
}