{
  "ES-DIR3-E04585801-009-002705": 12192131.705410047,
  "ES-DIR3-E04585801-009-003175": 151649.05459986994,
  "ES-DIR3-E04585801-009-003371": 720342.0819039483,
  "ES-DIR3-E04585801-009-003895": 3501.957341458696,
  "ES-DIR3-E04585801-009-004363": 23864.959797579973,
  "ES-DIR3-E04585801-009-029643": 30067.844821962637,
  "ES-DIR3-E04585801-009-033639": 6124.9313526220185,
  "ES-DIR3-E04585801-009-034867": 179293.4450494809,
  "ES-DIR3-E04585801-009-035009": 78370.25061441334,
  "ES-DIR3-E04585801-009-035891": 20045.229881308424,
  "ES-DIR3-E04585801-009-036681": 11219.287323971268,
  "ES-DIR3-E04585801-009-038035": 18374.794057866056,
  "ES-DIR3-E04585801-009-039621": 11083.341688540117,
  "ES-DIR3-E04585801-009-041093": 1259908.1234433192,
  "ES-DIR3-E04585801-009-042211": 6832.0825178792875,
  "ES-DIR3-E04585801-009-042305": 455316.3718774862,
  "ES-DIR3-E04585801-009-042461": 10318.365603194683,
  "ES-DIR3-E04585801-009-043483": 61427.49334738737,
  "ES-DIR3-E04585801-009-043871": 15033.922410981319,
  "ES-DIR3-E04585801-009-045537": 3428303.649913564,
  "ES-DIR3-E04585801-009-046107": 30349.50814239208,
  "ES-DIR3-E04585801-009-047351": 19267.000234349278,
  "ES-DIR3-E04585801-009-048755": 850525.7979584885,
  "ES-DIR3-E04585801-009-048785": 120976.17147079635,
  "ES-DIR3-E04585801-009-048787": 2548610.3529073764,
  "ES-DIR3-E04585801-009-052375": 368115.92302148475,
  "ES-DIR3-E04585801-009-064529": 1301.5633492159684,
  "ES-DIR3-E04585801-009-065041": 14603.774968797428,
  "ES-DIR3-E04585801-009-065259": 531.0444314310649,
  "ES-DIR3-E04585801-009-065867": 6878.751281434442,
  "ES-DIR3-E04585801-009-066055": 7922.519111412199,
  "ES-DIR3-E04585801-009-066057": 22507.813733995827,
  "ES-DIR3-E04585801-009-066169": 4411.386091897856,
  "ES-DIR3-E04585801-009-067645": 1440.9890646881947,
  "ES-DIR3-E04585801-009-067979": 443078.408288917,
  "ES-DIR3-E04585801-009-077111": 15931.332942931947,
  "ES-DIR3-E04585801-009-079657": 444398.8502676703,
  "ES-DIR3-E04585801-009-079659": 69476.17123302422,
  "ES-DIR3-E04585801-009-079661": 1534911.122859944,
  "ES-DIR3-E04585801-009-081978": 101.09582170474837,
  "ES-DIR3-E04585801-009-083116": 3154.2640114132605,
  "ES-DIR3-E04585801-009-084388": 18104.731683261,
  "ES-DIR3-E04585801-009-084690": 475188.2928671241,
  "ES-DIR3-E04585801-009-087348": 722279.0981695747,
  "ES-DIR3-E04585801-009-087349": 2413157.4500279063,
  "ES-DIR3-E04585801-009-087350": 102061.51789337103,
  "ES-DIR3-E04585801-009-087507": 58436.89115881408,
  "ES-DIR3-E04585801-009-088246": 53124.44650801281,
  "ES-DIR3-E04585801-009-088930": 20983.31966063256,
  "ES-DIR3-E04585801-009-089676": 18271.569007519414,
  "ES-DIR3-E04585801-009-089918": 5573.617710946298,
  "ES-DIR3-E04585801-009-089991": 3129.7736415730665,
  "ES-DIR3-E04585801-009-089993": 36975.43819849779,
  "ES-DIR3-E04585801-009-090571": 79434.6473877852,
  "ES-DIR3-E04585801-009-090576": 515004.5874048611,
  "ES-DIR3-E04585801-009-090582": 1653125.5701963054,
  "ES-DIR3-E04585801-009-090595": 9619.402902545404,
  "ES-DIR3-E04585801-009-090834": 20669.075278426033,
  "ES-DIR3-E04585801-009-090908": 1158.9629250188073,
  "ES-DIR3-E04585801-009-092902": 265622.232540064,
  "ES-DIR3-E04585801-009-093110": 58108.236770492265,
  "ES-DIR3-E04585801-009-093192": 2656.2223254006403
}