{
  "KE-NCB-218-051-93197-173-10318": 4115817.821319455,
  "KE-NCB-218-051-93197-173-FAWE-BURKINA-FASO": 28969.0,
  "KE-NCB-218-051-93197-173-FAWE-ETHIOPIA": 89623.59748134301,
  "KE-NCB-218-051-93197-173-FAWE-KENYA": 118839.38683842465,
  "KE-NCB-218-051-93197-173-FAWE-ZAMBIA": 145076.22285756946,
  "KE-NCB-218-051-93197-173-FAWERSADVOCACY": 601571.9354785981,
  "KE-NCB-218-051-93197-173-ME-FAWE-MALAWI": 72364.79292205235,
  "KE-NCB-218-051-93197-173-ML-FAWE-MALI": 106238.26812672401,
  "KE-NCB-218-051-93197-173-fawe-rs": 1228057.9082582914
}