{
  "FR-3-CIQ102201": 35859001.39290864,
  "FR-3-CIQ102601": 19921667.4405048,
  "FR-3-CIQ102901": 106248893.01602562,
  "FR-3-CIQ103701": 774999.3473263313
}