{
  "NL-KVK-41201463-PMLSO001": 2176035.1301768553,
  "NL-KVK-41201463-PMLSO002": 1976337.5492803853,
  "NL-KVK-41201463-PMLSO003": 14761119.678096812
}