{
  "GB-CHC-800672-CommunityEngagementinPost-ConflictPlanninginTimbuktu": 179275.9704746197,
  "GB-CHC-800672-GB-1-201242-101CSCF504": 359538.68156963296,
  "GB-CHC-800672-GB-1-201242-101CSCF529": 393655.24774529826,
  "GB-CHC-800672-GB-1-201242-101CSCF531": 690397.4183112372,
  "GB-CHC-800672-GPAF\u2013IMP-087": 214483.30968011357,
  "GB-CHC-800672-GTF309": 682218.9528608685,
  "GB-CHC-800672-livingearth12": 65000.41836517784,
  "GB-CHC-800672-livingearth123": 35001.535319687915,
  "GB-CHC-800672-livingearth1234": 59309.26913197965
}