{
  "acord": {
    "GB-CHC-283302-ELVA13": 1336591.8425546903,
    "GB-CHC-283302-GDRC08": 378082.3183364306
  }
}