{
  "XM-DAC-5-52-196830301": {
    "giz-act.xml": 1178632.251338399
  },
  "XM-DAC-5-52-196930002": {
    "giz-act.xml": 5311979.811894336
  },
  "XM-DAC-5-52-196930051": {
    "giz-act.xml": 2720702.122349741
  },
  "XM-DAC-5-52-196930325": {
    "giz-act.xml": 1382570.3609268467
  },
  "XM-DAC-5-52-196930572": {
    "giz-act.xml": 4963003.994672037
  },
  "XM-DAC-5-52-196930606": {
    "giz-act.xml": 5179301.506740574
  },
  "XM-DAC-5-52-196930630": {
    "giz-act.xml": 3262531.6333965906
  },
  "XM-DAC-5-52-196930804": {
    "giz-act.xml": 2762072.785067856
  },
  "XM-DAC-5-52-197030091": {
    "giz-act.xml": 9628805.92957732
  },
  "XM-DAC-5-52-197030109": {
    "giz-act.xml": 664055.5813501601
  },
  "XM-DAC-5-52-197030380": {
    "giz-act.xml": 1699613.073353179
  },
  "XM-DAC-5-52-197030448": {
    "giz-act.xml": 5777283.557746393
  },
  "XM-DAC-5-52-197030455": {
    "giz-act.xml": 898653.1371295446
  },
  "XM-DAC-5-52-197030463": {
    "giz-act.xml": 5935594.408340271
  },
  "XM-DAC-5-52-197030489": {
    "giz-act.xml": 3718711.2555608964
  },
  "XM-DAC-5-52-197030497": {
    "giz-act.xml": 6905699.926023093
  },
  "XM-DAC-5-52-197030521": {
    "giz-act.xml": 9560371.017585699
  },
  "XM-DAC-5-52-197130024": {
    "giz-act.xml": 11950344.241977481
  },
  "XM-DAC-5-52-197130081": {
    "giz-act.xml": 2177836.684595985
  },
  "XM-DAC-5-52-197130107": {
    "giz-act.xml": 1460922.2789703521
  },
  "XM-DAC-5-52-197130248": {
    "giz-act.xml": 2838571.9880393944
  },
  "XM-DAC-5-52-197130263": {
    "giz-act.xml": 5111899.865233532
  },
  "XM-DAC-5-52-197130305": {
    "giz-act.xml": 2344780.257747415
  },
  "XM-DAC-5-52-197130313": {
    "giz-act.xml": 6639891.75792025
  },
  "XM-DAC-5-52-197130420": {
    "giz-act.xml": 3283967.3475625734
  },
  "XM-DAC-5-52-197130487": {
    "giz-act.xml": 15937333.952403842
  },
  "XM-DAC-5-52-197130503": {
    "giz-act.xml": 4762301.163875927
  },
  "XM-DAC-5-52-197130529": {
    "giz-act.xml": 17663878.463914257
  },
  "XM-DAC-5-52-197130537": {
    "giz-act.xml": 92967.7813890224
  },
  "XM-DAC-5-52-197230105": {
    "giz-act.xml": 1699613.073353179
  },
  "XM-DAC-5-52-197230121": {
    "giz-act.xml": 9913045.624396117
  },
  "XM-DAC-5-52-197230220": {
    "giz-act.xml": 853076.3463591577
  }
}