{
  "DE-1-200335018": 5882034.039215675,
  "DE-1-200465211": 12148488.127604157,
  "DE-1-200666180": 4699829.434687328,
  "DE-1-200670398": 2237177.708333335,
  "DE-1-200821678": 32084409.7411589,
  "DE-1-200924548": 1360778.4123795028,
  "DE-1-200924639": 1325716.6666666693,
  "DE-1-200966440": 13271087.254901951,
  "DE-1-201010198-0": 2808000.4716666723,
  "DE-1-201067040": 2669317.761800978,
  "DE-1-201224914": 1670225.2734375005,
  "DE-1-201225051": 9399296.0746703,
  "DE-1-201225150": 3597408.281250001,
  "DE-1-201225366": 1729826.403881355,
  "DE-1-201322908": 3653377.1568627325,
  "DE-1-201366897": 20611313.503630303,
  "DE-1-201422674": 88919948.65178938,
  "DE-1-201422682": 2816236.801860951,
  "DE-1-201424910-0": 929950.5490196046,
  "DE-1-201431832-0": 1272703.7513725446,
  "DE-1-201468719": 5314003.137254884,
  "DE-1-201501659-0": 198204.34601490127,
  "DE-1-201501691-0": 109521.60465882315,
  "DE-1-201506310-0": 444718.29455058667,
  "DE-1-201521434": 4156086.118134562,
  "DE-1-201521673": 2528708.473731399,
  "DE-1-201568344": 18187958.76890212,
  "DE-1-201606003-1519": 855922.4865302832,
  "DE-1-201668904": 14029761.849011393,
  "DE-1-201721828": 8561699.543423822,
  "DE-1-201721836": 3321251.960784302,
  "DE-1-201721901": 12538227.714146849,
  "DE-1-201730951-0": 338767.69999999885,
  "DE-1-201735067": 3974302.8654842647,
  "DE-1-201770403": 3557840.972230552,
  "DE-1-201832807-0": 102294.5603921565,
  "DE-1-201921782": 14082108.313725442,
  "DE-1-201923069": 1767887.8052168565,
  "DE-1-201939016-0": 209903.1239215679,
  "DE-1-201969286": 11292256.666666627,
  "DE-1-201970532": 2189595.137682345,
  "DE-1-202006005-5000": 962304.857120781,
  "DE-1-202010163-0": 1162438.1862745057,
  "DE-1-202032803-0": 1072100.1329411727,
  "DE-1-202106003-5317": 175152.2004054896,
  "DE-1-202110179-0": 1262075.7450980349,
  "DE-1-202122281": 24736684.603921484,
  "DE-1-202139004-0": 430434.25411764556,
  "DE-1-202139053-0": 122222.07215686233,
  "DE-1-202240463": 3985502.3529411624
}