{
  "BE-BCE_KBO-0472089102-PROG2017-2021_OS1_Ha\u00efti": {
    "geomoun-ht.xml": 3836685.023583124
  },
  "BE-BCE_KBO-0472089102-PROG2017-2021_OS3_Belgique": {
    "geomoun-be.xml": 143051.63595411714
  },
  "BE-BCE_KBO-0472089102-PROG2017_2021_OS2_Perou": {
    "geomoun-pe.xml": 1039581.0907427415
  }
}