{
  "LK-DRC-GA139-LFS1.1": {
    "wf-asia-activities.xml": 5019573.534967877
  },
  "LK-DRC-GA139-LFS1.2": {
    "wf-asia-activities.xml": 210036.53943236417
  },
  "LK-DRC-GA139-LFS2.1": {
    "wf-asia-activities.xml": 9125587.996713635
  },
  "LK-DRC-GA139-LFS2.2": {
    "wf-asia-activities.xml": 122092.3560714498
  }
}