{
  "LK-DRC-GA139-LFS1.1": {
    "wf-asia-activities.xml": 5019581.683903921
  },
  "LK-DRC-GA139-LFS1.2": {
    "wf-asia-activities.xml": 210057.4270470586
  },
  "LK-DRC-GA139-LFS2.1": {
    "wf-asia-activities.xml": 9128265.126775006
  },
  "LK-DRC-GA139-LFS2.2": {
    "wf-asia-activities.xml": 122128.17372142703
  }
}