{
  "FR-3-CAM100206": 13285007.843137208,
  "FR-3-CAM100502": 1859901.0980392091,
  "FR-3-CAM100504": 1251091.700613329,
  "FR-3-CAM100507": 398550.23529411625,
  "FR-3-CAM100702": 1142510.6745098
}