{
  "GB-COH-1102208-B002-E2519": 3839112.8056340776,
  "GB-COH-1102208-B002-E2586": 1239919.804256892,
  "GB-COH-1102208-B012-E2390": 34842690.01129662,
  "GB-COH-1102208-B012-E2599": 10561678.641488763,
  "GB-COH-1102208-B012-E2697": 1155961.4159484322,
  "GB-COH-1102208-B012-E2732": 12946276.850801194,
  "GB-COH-1102208-B012-E2738": 35680686.01721131,
  "GB-COH-1102208-B012-E2744": 3838073.539349212,
  "GB-COH-1102208-B012-E2772": 4059838.274914751,
  "GB-COH-1102208-B012-E2788": 3338038.3155261073,
  "GB-COH-1102208-B012-E2825": 824726.9473673468,
  "GB-COH-1102208-B012-E2874": 1120297.530165319
}