{
  "XM-DAC-41108-1100000522": 15721871.90209387,
  "XM-DAC-41108-1100001162": 17158449.72095913
}