{
  "XM-DAC-6-4-007923-05-3": 2230720.9278970384,
  "XM-DAC-6-4-009506-01-1": 5266106.022926682,
  "XM-DAC-6-4-009506-02-2": 622751.6312955549,
  "XM-DAC-6-4-011288-01-2": 1009364.4836522433,
  "XM-DAC-6-4-011288-02-3": 53124.44650801281,
  "XM-DAC-6-4-012048-01-3": 1328111.1627003201
}