{
  "GB-COH-3799145-781-15006KE": 16060706.617289769,
  "GB-COH-3799145-781-217382KE": 1796572.2938814748
}