{
  "GB-COH-3799145-781-15006KE": 16040007.445535958,
  "GB-COH-3799145-781-217382KE": 1794256.8566242398
}