{
  "XM-DAC-41108-1100000071": 3135198.794133166,
  "XM-DAC-41108-1100001181": 6897527.279757603,
  "XM-DAC-41108-1100001569": 4991026.324126771,
  "XM-DAC-41108-2000001475": 10196500.79
}