{
  "XI-IATI-EC_FPI-2016/376-683": 1497782.6761799369,
  "XI-IATI-EC_FPI-2022/44370/2": 6640555.813501601
}