{
  "GB-CHC-299717-KY0001": 2621829.3998745815,
  "GB-CHC-299717-KY0002": 1948205.6556541626
}