{
  "prosperityfund": {
    "GB-GOV-50-PF-01-BRZ": 7787019.0127482135,
    "GB-GOV-50-PF-02-CHP": 9915408.01510595,
    "GB-GOV-50-PF-03-COB": 15312789.24759594,
    "GB-GOV-50-PF-05-AIIB": 30981862.027248908,
    "GB-GOV-50-PF-06-DIG": 2352888.240696466,
    "GB-GOV-50-PF-07-ACO": 22970796.863961987,
    "GB-GOV-50-PF-08-GBE": 17450706.27449013,
    "GB-GOV-50-PF-09-SKL": 2256072.4395878385,
    "GB-GOV-50-PF-10-CDGP": 7596058.157163085,
    "GB-GOV-50-PF-11-GTP": 6651048.813677915,
    "GB-GOV-50-PF-12-IND": 4332440.372135087,
    "GB-GOV-50-PF-13A-INJRR": 469041.4333584198,
    "GB-GOV-50-PF-13B-INJRE": 791272.5339578222,
    "GB-GOV-50-PF-14-INFRA": 5146337.639437991,
    "GB-GOV-50-PF-15-MEX": 5454350.021076714,
    "GB-GOV-50-PF-16-GGEF": 31600626.736022484,
    "GB-GOV-50-PF-17-ASEANLC": 921631.6605960533,
    "GB-GOV-50-PF-18-ASEANER": 6861433.131351972,
    "GB-GOV-50-PF-19-CHP2": 2873860.1263053683,
    "GB-GOV-50-PF-20-BHP": 3051332.146185851,
    "GB-GOV-50-PF-21-FTCY": 8492730.446549946,
    "GB-GOV-50-PF-23-GLFIN": 51053946.487176344,
    "GB-GOV-50-PF-24-IPP": 561064.3893388185,
    "GB-GOV-50-PF-26-TUR": 696890.2262333108,
    "GB-GOV-50-PF-27-HNAF": 428110.30530046334,
    "GB-GOV-50-PF-28-INDTECH": 263049.59595657355,
    "GB-GOV-50-PF-MREL": 21380936.487565994
  }
}