{
  "NO-BRC-977538319-AFFM1714": 7515718.368811729,
  "NO-BRC-977538319-IQFM1736": 5609185.152796393,
  "NO-BRC-977538319-X9SM1709": 575913.9994504738,
  "NO-BRC-977538319_CDFY1405": 9674859.560962703,
  "NO-BRC-977538319_ERFM1602": 198360.22216344872,
  "NO-BRC-977538319_JOFM1619": 3316582.9145728624,
  "NO-BRC-977538319_KEFM1630": 2133524.420489946,
  "NO-BRC-977538319_KEFM1631": 1352658.0269769893,
  "NO-BRC-977538319_LBFM1614": 14877016.662258653,
  "NO-BRC-977538319_NGFM1611": 2954448.6899923496,
  "NO-BRC-977538319_NOBM1401": 8747860.5038701,
  "NO-BRC-977538319_NOFY1535": 360570.96482412034,
  "NO-BRC-977538319_NOSP1519": 1428193.5995768306,
  "NO-BRC-977538319_SOFF1310_SOFM1307": 7639741.761438768,
  "NO-BRC-977538319_SOFM1633": 2257982.532663315,
  "NO-BRC-977538319_SOFM1638": 9949748.926209992,
  "NO-BRC-977538319_SOFS1318_SOFM1307": 1097963.8190954768,
  "NO-BRC-977538319_SOFW1304_SOFM1307": 1394058.3443533448,
  "NO-BRC-977538319_X9SM1513": 627480.8251785238
}