{
  "ES-DIR3-E04585801-009-002705": 1178478.745451656,
  "ES-DIR3-E04585801-009-003175": 970251.3430024338,
  "ES-DIR3-E04585801-009-003371": 592956.9998555458,
  "ES-DIR3-E04585801-009-003893": 5582.631415564213,
  "ES-DIR3-E04585801-009-028365": 41201.8754863814,
  "ES-DIR3-E04585801-009-029567": 30483.820038910562,
  "ES-DIR3-E04585801-009-030251": 10022.077821011691,
  "ES-DIR3-E04585801-009-030325": 50406.12391809348,
  "ES-DIR3-E04585801-009-031167": 30066.233463035078,
  "ES-DIR3-E04585801-009-031249": 38278.769455252994,
  "ES-DIR3-E04585801-009-034693": 19487.373540856068,
  "ES-DIR3-E04585801-009-038133": 38974.747081712136,
  "ES-DIR3-E04585801-009-038649": 12805.988326848274,
  "ES-DIR3-E04585801-009-039063": 361426.1924591447,
  "ES-DIR3-E04585801-009-039857": 30066.233463035078,
  "ES-DIR3-E04585801-009-041933": 130030.00105525316,
  "ES-DIR3-E04585801-009-042253": 10317.812634046712,
  "ES-DIR3-E04585801-009-043329": 30066.233463035078,
  "ES-DIR3-E04585801-009-043687": 10022.077821011691,
  "ES-DIR3-E04585801-009-043727": 35634.05447470824,
  "ES-DIR3-E04585801-009-046027": 168958.98064824933,
  "ES-DIR3-E04585801-009-046921": 6124.603112840478,
  "ES-DIR3-E04585801-009-048755": 680591.2059354376,
  "ES-DIR3-E04585801-009-048785": 70022.98688751564,
  "ES-DIR3-E04585801-009-048787": 1548462.0608773245,
  "ES-DIR3-E04585801-009-051131": 166.30304568750003,
  "ES-DIR3-E04585801-009-051151": 166.30304568750003,
  "ES-DIR3-E04585801-009-051155": 1289.3368237734378,
  "ES-DIR3-E04585801-009-051229": 1883.0633648203132,
  "ES-DIR3-E04585801-009-051807": 6099.559915500002,
  "ES-DIR3-E04585801-009-051815": 17505.63109089844,
  "ES-DIR3-E04585801-009-064529": 1302.060363286278,
  "ES-DIR3-E04585801-009-064703": 9296.82627450983,
  "ES-DIR3-E04585801-009-065033": 15937.41647058828,
  "ES-DIR3-E04585801-009-065041": 13281.260079239251,
  "ES-DIR3-E04585801-009-065239": 24224.819910572616,
  "ES-DIR3-E04585801-009-065251": 3152.925662737264,
  "ES-DIR3-E04585801-009-066169": 2921.3284390588315,
  "ES-DIR3-E04585801-009-066743": 1851.0246736156914,
  "ES-DIR3-E04585801-009-066749": 1781.165664752946,
  "ES-DIR3-E04585801-009-066751": 1982.2958606117702,
  "ES-DIR3-E04585801-009-066753": 1378.905273035298,
  "ES-DIR3-E04585801-009-066765": 3307.013917647068,
  "ES-DIR3-E04585801-009-067979": 104482.27583663558,
  "ES-DIR3-E04585801-009-077593": 31874.83294117656,
  "ES-DIR3-E04585801-009-079657": 355654.84379395394,
  "ES-DIR3-E04585801-009-079659": 40219.21264504325,
  "ES-DIR3-E04585801-009-079661": 932689.9913766222,
  "ES-DIR3-E04585801-009-083004": 199.27511764705812,
  "ES-DIR3-E04585801-009-083116": 3155.1893627450872,
  "ES-DIR3-E04585801-009-083122": 21256.012549019535,
  "ES-DIR3-E04585801-009-083132": 16466.448381380334,
  "ES-DIR3-E04585801-009-083134": 16468.095722352882,
  "ES-DIR3-E04585801-009-084686": 37188.05820490183,
  "ES-DIR3-E04585801-009-084716": 293404.39337863424,
  "ES-DIR3-E04585801-009-087348": 602075.8247755469,
  "ES-DIR3-E04585801-009-087349": 1379351.649414803,
  "ES-DIR3-E04585801-009-087350": 58337.97668128607,
  "ES-DIR3-E04585801-009-087502": 35086.15740399204,
  "ES-DIR3-E04585801-009-089676": 12793.861103176425,
  "ES-DIR3-E04585801-009-089687": 2327.825644290188,
  "ES-DIR3-E04585801-009-089778": 371.98021960784183,
  "ES-DIR3-E04585801-009-089991": 2191.4683237882277,
  "ES-DIR3-E04585801-009-089992": 135081.95974901915,
  "ES-DIR3-E04585801-009-090571": 29796.731531246955,
  "ES-DIR3-E04585801-009-090576": 343437.11455670465,
  "ES-DIR3-E04585801-009-090582": 708690.2313130328,
  "ES-DIR3-E04585801-009-090908": 1159.3029244235254,
  "ES-DIR3-E04585801-009-093102": 46818.51981048611
}