{
  "DE-1-198370033": 2900785.006706923,
  "DE-1-199070053": 6329675.998332179,
  "DE-1-199665886": 6940237.493160626,
  "DE-1-199770256": 1503970.6572749373,
  "DE-1-199865353": 32026293.885918833,
  "DE-1-199965179": 9315093.481238369,
  "DE-1-199966441": 85884766.21496087,
  "DE-1-200135012": 7563479.979748183,
  "DE-1-200166389": 56682861.279008545,
  "DE-1-200266809": 42458215.9863965,
  "DE-1-200266817": 39580271.077159785,
  "DE-1-200366237": 117053964.65510505,
  "DE-1-200565598": 47322649.46851715,
  "DE-1-200621391": 5481912.156862762,
  "DE-1-200634162-0": 420605.4388334993,
  "DE-1-200634170-0": 709896.660489414,
  "DE-1-200665091": 24785331.426093172,
  "DE-1-200665612": 23211217.882352937,
  "DE-1-200665869": 85156359.53328234,
  "DE-1-200716787-0": 437321.78485546866,
  "DE-1-200719161-0": 863401.1647058851,
  "DE-1-200731786-0": 98674.41882352972,
  "DE-1-200731943-0": 345360.465882354,
  "DE-1-200766618": 62223719.85241422,
  "DE-1-200766626": 10345426.935246143,
  "DE-1-200815308-0": 707837.8382226562,
  "DE-1-200815787-0": 972147.9065214609,
  "DE-1-200818104-0": 735377.7343749999,
  "DE-1-200820720": 10460868.164062493,
  "DE-1-200821082": 5188900.40449872,
  "DE-1-200830687-0": 245616.16328124996,
  "DE-1-200918714-0": 418434.7265624997,
  "DE-1-200919860": 3138260.449218748,
  "DE-1-200922054": 13371101.766376859,
  "DE-1-200922401": 3525582.15483556,
  "DE-1-200930271-0": 348695.60546874977,
  "DE-1-200931105-0": 557912.9687499997,
  "DE-1-200931519-0": 711339.0351562495,
  "DE-1-200931840-0": 410066.0320312497,
  "DE-1-200932103-0": 348695.60546874977,
  "DE-1-200932137-0": 383565.16601562477,
  "DE-1-200932335-0": 93450.42226562495,
  "DE-1-200932749-0": 139478.2421874999,
  "DE-1-200932798-0": 71133.90351562496,
  "DE-1-200933358-0": 164584.3257812499,
  "DE-1-200934067-0": 415572.40350000083,
  "DE-1-200974725-0": 410066.0320312497,
  "DE-1-200975433-0": 906608.5742187494,
  "DE-1-201015379-0": 450034.4082500009,
  "DE-1-201015510-0": 976949.7774333353,
  "DE-1-201015668-0": 93661.88250000018,
  "DE-1-201016518-0": 1666732.0905500033,
  "DE-1-201021211": 5439762.033175594,
  "DE-1-201021971": 3512237.228051758,
  "DE-1-201022201": 5139154.687500001,
  "DE-1-201030006-0": 1048641.8833333354,
  "DE-1-201030337-0": 66285.83333333346,
  "DE-1-201030352-0": 96777.31666666685,
  "DE-1-201030360-0": 238629.00000000047,
  "DE-1-201030840-0": 612481.1000000013,
  "DE-1-201031830-0": 250560.4500000005,
  "DE-1-201033836-0": 66285.83333333346,
  "DE-1-201034446-0": 46134.94000000009,
  "DE-1-201065358": 32610682.31019462,
  "DE-1-201065374": 31366406.758423954,
  "DE-1-201067172": 25683032.2788108,
  "DE-1-201070200": 2678534.5986305173,
  "DE-1-201074319-0": 265143.33333333384,
  "DE-1-201074491-0": 99428.7500000002,
  "DE-1-201074707-0": 238629.00000000047,
  "DE-1-201075571-0": 347988.81322957267,
  "DE-1-201115302-0": 502314.8921206235,
  "DE-1-201115328-0": 455294.64367704367,
  "DE-1-201115369-0": 508787.4840466936,
  "DE-1-201118462-0": 417586.5758754872,
  "DE-1-201121672": 13490281.054687504,
  "DE-1-201122678": 321197.16796875006,
  "DE-1-201131523-0": 69597.76264591452,
  "DE-1-201132315-0": 315973.842412452,
  "DE-1-201133081-0": 125275.97276264615,
  "DE-1-201133800-0": 722424.7762645928,
  "DE-1-201133818-0": 139195.52529182905,
  "DE-1-201133826-0": 1043966.439688718,
  "DE-1-201133842-0": 739128.2392996124,
  "DE-1-201174432-0": 3465968.5797665436,
  "DE-1-201174697-0": 384179.6498054482,
  "DE-1-201174838-0": 1127483.7548638154,
  "DE-1-201197680": 28660016.90387082,
  "DE-1-201198324": 7333731.112212854,
  "DE-1-201198407-0": 843357.8486381338,
  "DE-1-201206143-0": 451538.9787304689,
  "DE-1-201206275-0": 429241.47133007826,
  "DE-1-201206382-0": 1432969.7733457035,
  "DE-1-201215912-0": 23222.555244140633,
  "DE-1-201216704-0": 642353.2227000002,
  "DE-1-201216753-0": 902569.1811468753,
  "DE-1-201216936-0": 666939.080051754,
  "DE-1-201220961": 1992177.058823535,
  "DE-1-201220979": 13071095.134638596,
  "DE-1-201220987": 36094518.79981848,
  "DE-1-201222694": 7037264.764915771,
  "DE-1-201230903-0": 82226.47500000002,
  "DE-1-201231109-0": 578154.9023437501,
  "DE-1-201231273-0": 80941.68632812503,
  "DE-1-201232289-0": 513915.4687500001,
  "DE-1-201232297-0": 404708.4316406251,
  "DE-1-201232743-0": 115630.98046875003,
  "DE-1-201232768-0": 357171.25078125007,
  "DE-1-201232933-0": 313488.4359375001,
  "DE-1-201232966-0": 70663.37695312501,
  "DE-1-201233980-0": 226122.80625000005,
  "DE-1-201255223-0": 599436.1419046876,
  "DE-1-201255736-0": 229039.2765351563,
  "DE-1-201266428": 27931262.938835837,
  "DE-1-201266436": 39855023.40984656,
  "DE-1-201274802-0": 578154.9023437501,
  "DE-1-201275585-0": 1259092.8984375002,
  "DE-1-201275593-0": 973869.8132812503,
  "DE-1-201275916-0": 280083.93046875007,
  "DE-1-201275924-0": 412417.1636718751,
  "DE-1-201297548": 5244952.707613176,
  "DE-1-201306281-0": 98705.73267451007,
  "DE-1-201306299-0": 1069146.9746309833,
  "DE-1-201306372-0": 38060.54270882363,
  "DE-1-201315522-0": 498278.3455102955,
  "DE-1-201316850-0": 423277.85968823644,
  "DE-1-201316868-0": 486131.045894119,
  "DE-1-201322585": 6642503.921568604,
  "DE-1-201330521-0": 75702.72823529433,
  "DE-1-201330539-0": 150077.33843137298,
  "DE-1-201330562-0": 111561.91529411795,
  "DE-1-201331206-0": 293514.0866666675,
  "DE-1-201331768-0": 304139.030980393,
  "DE-1-201331784-0": 430310.24470588355,
  "DE-1-201332618-0": 132811.803921569,
  "DE-1-201333814-0": 102265.08901960813,
  "DE-1-201333848-0": 91640.1447058826,
  "DE-1-201366236": 51644797.22035472,
  "DE-1-201373778-0": 328045.1556862754,
  "DE-1-201374081-0": 690621.3803921588,
  "DE-1-201374230-0": 511325.4450980406,
  "DE-1-201375211-0": 929682.6274509829,
  "DE-1-201376045-0": 598981.2356862761,
  "DE-1-201376052-0": 598981.2356862761,
  "DE-1-201376060-0": 719839.977254904,
  "DE-1-201397702": 4579829.099066847,
  "DE-1-201401157-0": 615365.5487964684,
  "DE-1-201401413-0": 421077.623093724,
  "DE-1-201406123-0": 242427.48012313643,
  "DE-1-201406164-0": 698044.7951082329,
  "DE-1-201406941-0": 378622.72352941043,
  "DE-1-201415470-0": 1924312.1300658756,
  "DE-1-201415694-0": 267227.932764705,
  "DE-1-201416890-0": 25106.672072352852,
  "DE-1-201421072": 6642503.921568604,
  "DE-1-201421098": 2657001.568627442,
  "DE-1-201421114": 7982358.56513036,
  "DE-1-201430594-0": 199275.11764705813,
  "DE-1-201431667-0": 87681.05176470558,
  "DE-1-201432491-0": 127536.07529411721,
  "DE-1-201432558-0": 1291302.7623529367,
  "DE-1-201439041-0": 132850.0784313721,
  "DE-1-201439231-0": 447704.76431372395,
  "DE-1-201439405-0": 803742.9745098011,
  "DE-1-201440551": 6574276.99688413,
  "DE-1-201455443-0": 307597.086097646,
  "DE-1-201467976": 248977318.36500248,
  "DE-1-201467984": 37041655.87740955,
  "DE-1-201468784": 47826028.235293955,
  "DE-1-201470228": 4151582.885740966,
  "DE-1-201474766-0": 662921.8913725467,
  "DE-1-201474931-0": 704105.4156862721,
  "DE-1-201475953-0": 539371.3184313707,
  "DE-1-201476548-0": 730675.4313725465,
  "DE-1-201476555-0": 458332.7705882337,
  "DE-1-201506203-0": 30449.237976470482,
  "DE-1-201506237-0": 193245.05258705816,
  "DE-1-201506344-0": 14507.228564705832,
  "DE-1-201515998-0": 139428.81431529362,
  "DE-1-201516640-0": 496497.9411199983,
  "DE-1-201516855-0": 188219.33411999934,
  "DE-1-201522333": 3985502.3529411624,
  "DE-1-201526201-0": 1517147.8956862693,
  "DE-1-201530518-0": 99637.55882352906,
  "DE-1-201530542-0": 99637.55882352906,
  "DE-1-201530708-0": 87681.05176470558,
  "DE-1-201530716-0": 128864.57607843092,
  "DE-1-201531151-0": 119565.07058823488,
  "DE-1-201531276-0": 591182.8490196058,
  "DE-1-201531326-0": 799757.4721568599,
  "DE-1-201531672-0": 531400.3137254884,
  "DE-1-201531680-0": 1170409.190980388,
  "DE-1-201531706-0": 433091.255686273,
  "DE-1-201531714-0": 205917.62156862672,
  "DE-1-201531862-0": 434419.7564705867,
  "DE-1-201532258-0": 203260.6199999993,