{
  "XI-IATI-EC_NEAR-2002/644/2": 14160672.484658329,
  "XI-IATI-EC_NEAR-2002/644/3": 5449986.2531172205,
  "XI-IATI-EC_NEAR-2002/644/4": 6534527.726066851,
  "XI-IATI-EC_NEAR-2002/644/5": 10019751.242253156,
  "XI-IATI-EC_NEAR-2002/644/6": 2376242.543252103,
  "XI-IATI-EC_NEAR-2002/644/7": 7870867.243138546,
  "XI-IATI-EC_NEAR-2003/4970/1": 3811069.504895317,
  "XI-IATI-EC_NEAR-2003/4970/10": 38687584.3203519,
  "XI-IATI-EC_NEAR-2003/4970/11": 2773922.9717798126,
  "XI-IATI-EC_NEAR-2003/4970/12": 5428673.618244413,
  "XI-IATI-EC_NEAR-2003/4970/2": -248876.86274509877,
  "XI-IATI-EC_NEAR-2003/4970/3": 650117.63809537,
  "XI-IATI-EC_NEAR-2003/4970/4": 6629088.609149515,
  "XI-IATI-EC_NEAR-2003/4970/5": 1752064.322413296,
  "XI-IATI-EC_NEAR-2003/4970/6": 400536.767648134,
  "XI-IATI-EC_NEAR-2003/4970/7": -373315.2941176486,
  "XI-IATI-EC_NEAR-2003/4970/8": 399010.4306750547,
  "XI-IATI-EC_NEAR-2003/4970/9": 3818015.553372431,
  "XI-IATI-EC_NEAR-2004/16756/1": 3365781.6586350016,
  "XI-IATI-EC_NEAR-2004/16756/10": 3378895.5837824056,
  "XI-IATI-EC_NEAR-2004/16756/11": 3390216.0970170675,
  "XI-IATI-EC_NEAR-2004/16756/12": -44446.726322943345,
  "XI-IATI-EC_NEAR-2004/16756/2": -40937.77424481604,
  "XI-IATI-EC_NEAR-2004/16756/3": 711798.0151660376,
  "XI-IATI-EC_NEAR-2004/16756/4": 5809983.246745818,
  "XI-IATI-EC_NEAR-2004/16756/5": 1021363.6130003172,
  "XI-IATI-EC_NEAR-2004/16756/6": -52634.28117190674,
  "XI-IATI-EC_NEAR-2004/16756/7": -39768.12355210725,
  "XI-IATI-EC_NEAR-2004/16756/8": 64756343.23789331,
  "XI-IATI-EC_NEAR-2004/16756/9": 8328319.772153248,
  "XI-IATI-EC_NEAR-2005/17579/1": 561563.4362489367,
  "XI-IATI-EC_NEAR-2005/17633/0": 3363139.47485612,
  "XI-IATI-EC_NEAR-2005/17634/0": 2156762.9342926177,
  "XI-IATI-EC_NEAR-2005/17655/0": 71680919.08414598,
  "XI-IATI-EC_NEAR-2006/116-465": 81971273.89787023,
  "XI-IATI-EC_NEAR-2006/116-792": 61352910.285047226,
  "XI-IATI-EC_NEAR-2006/117-242": 36951822.1050821,
  "XI-IATI-EC_NEAR-2006/125-334": 65538038.24136565,
  "XI-IATI-EC_NEAR-2006/125-751": 3469646.667279414,
  "XI-IATI-EC_NEAR-2006/125-752": 4101348.9752486325,
  "XI-IATI-EC_NEAR-2006/17902/0": 4192303.989799808,
  "XI-IATI-EC_NEAR-2006/17971/0": 2971366.470588228,
  "XI-IATI-EC_NEAR-2006/17972/0": 3510890.0211937744,
  "XI-IATI-EC_NEAR-2006/18113/0": 58443067.52696761,
  "XI-IATI-EC_NEAR-2007/18773/2": 1445029.1467422498,
  "XI-IATI-EC_NEAR-2007/19355/0": 1042345.7815356624,
  "XI-IATI-EC_NEAR-2007/19419/0": 1299812.8240467103,
  "XI-IATI-EC_NEAR-2007/19424/0": 517256.31767808413,
  "XI-IATI-EC_NEAR-2007/19547/0": 516581.8212358219,
  "XI-IATI-EC_NEAR-2008/19924/0": 561668.5764811804,
  "XI-IATI-EC_NEAR-2008/19927/0": 1404329.911419008,
  "XI-IATI-EC_NEAR-2008/20055/0": 1136506.6742323176,
  "XI-IATI-EC_NEAR-2008/20076/0": 710703.5437787256,
  "XI-IATI-EC_NEAR-2008/20329/0": 270283.90042892983,
  "XI-IATI-EC_NEAR-2008/20329/1": 232586.40905331587,
  "XI-IATI-EC_NEAR-2008/20329/10": 1456047.9140624998,
  "XI-IATI-EC_NEAR-2008/20329/11": 1176604.3749999998,
  "XI-IATI-EC_NEAR-2008/20329/12": 5883021.874999999,
  "XI-IATI-EC_NEAR-2008/20329/13": 5074106.367187499,
  "XI-IATI-EC_NEAR-2008/20329/14": 1536939.4648437498,
  "XI-IATI-EC_NEAR-2008/20329/15": 4990310.074355468,
  "XI-IATI-EC_NEAR-2008/20329/16": 8199461.738281248,
  "XI-IATI-EC_NEAR-2008/20329/2": 3907076.8948837146,
  "XI-IATI-EC_NEAR-2008/20329/3": 3676888.6718749995,
  "XI-IATI-EC_NEAR-2008/20329/4": 2206133.2031249995,
  "XI-IATI-EC_NEAR-2008/20329/5": 1470755.4687499998,
  "XI-IATI-EC_NEAR-2008/20329/6": 5849047.423671874,
  "XI-IATI-EC_NEAR-2008/20329/7": 4611369.927832031,
  "XI-IATI-EC_NEAR-2008/20329/8": 2377770.3663281244,
  "XI-IATI-EC_NEAR-2008/20329/9": 2731192.9054687493,
  "XI-IATI-EC_NEAR-2009/200-094": 1298043.2108161503,
  "XI-IATI-EC_NEAR-2009/200-102": 516420.9993384251,
  "XI-IATI-EC_NEAR-2009/200-137": 1041049.2869977646,
  "XI-IATI-EC_NEAR-2009/203-852": 504356.78729515924,
  "XI-IATI-EC_NEAR-2009/21152/0": 1061554.886984725,
  "XI-IATI-EC_NEAR-2009/21172/0": 531337.9047607449,
  "XI-IATI-EC_NEAR-2009/21176/0": 1313252.4084517132,
  "XI-IATI-EC_NEAR-2009/21186/0": 532515.0725674387,
  "XI-IATI-EC_NEAR-2009/21661/0": 72909.80131740612,
  "XI-IATI-EC_NEAR-2009/21661/1": 135761.36413488816,
  "XI-IATI-EC_NEAR-2009/21661/10": 8987977.926562494,
  "XI-IATI-EC_NEAR-2009/21661/11": 1813217.1484374988,
  "XI-IATI-EC_NEAR-2009/21661/12": 1325043.300781249,
  "XI-IATI-EC_NEAR-2009/21661/13": 1551346.7487304679,
  "XI-IATI-EC_NEAR-2009/21661/14": 2092173.6328124986,
  "XI-IATI-EC_NEAR-2009/21661/15": 2371130.1171874986,
  "XI-IATI-EC_NEAR-2009/21661/16": 5021216.718749997,
  "XI-IATI-EC_NEAR-2009/21661/17": 2789564.843749998,
  "XI-IATI-EC_NEAR-2009/21661/18": 8168780.366722651,
  "XI-IATI-EC_NEAR-2009/21661/19": 7399220.323712495,
  "XI-IATI-EC_NEAR-2009/21661/2": 1760385.2216881507,
  "XI-IATI-EC_NEAR-2009/21661/3": 1909457.1355468738,
  "XI-IATI-EC_NEAR-2009/21661/4": 1029349.4273437493,
  "XI-IATI-EC_NEAR-2009/21661/6": 1115825.9374999993,
  "XI-IATI-EC_NEAR-2009/21661/7": 2550125.334951561,
  "XI-IATI-EC_NEAR-2009/21661/8": 1394782.421874999,
  "XI-IATI-EC_NEAR-2009/21661/9": 1325043.300781249,
  "XI-IATI-EC_NEAR-2010/22368/0": 502277.16724055796,
  "XI-IATI-EC_NEAR-2010/22401/0": 1230157.804526101,
  "XI-IATI-EC_NEAR-2010/22406/0": 980253.7036896298,
  "XI-IATI-EC_NEAR-2010/22460/1": 1981946.4166666707,
  "XI-IATI-EC_NEAR-2010/22460/10": 1385373.9166666695,
  "XI-IATI-EC_NEAR-2010/22460/11": 1312459.5000000026,
  "XI-IATI-EC_NEAR-2010/22460/12": 4734065.27940001,
  "XI-IATI-EC_NEAR-2010/22460/13": 9866891.54925002,
  "XI-IATI-EC_NEAR-2010/22460/2": 3088919.8333333395,
  "XI-IATI-EC_NEAR-2010/22460/3": 3181720.0000000065,
  "XI-IATI-EC_NEAR-2010/22460/4": 3977150.000000008,
  "XI-IATI-EC_NEAR-2010/22460/5": 7264927.333333348,
  "XI-IATI-EC_NEAR-2010/22460/6": 4119101.1120833415,
  "XI-IATI-EC_NEAR-2010/22460/7": 1007544.6666666687,
  "XI-IATI-EC_NEAR-2010/22460/8": 1250931.861114257,
  "XI-IATI-EC_NEAR-2010/22460/9": 1549762.7833333365,
  "XI-IATI-EC_NEAR-2010/235-566": 1270335.4390163205,
  "XI-IATI-EC_NEAR-2010/235-581": 513368.450394439,
  "XI-IATI-EC_NEAR-2010/235-597": 637372.7561333346,
  "XI-IATI-EC_NEAR-2010/249-880": 49899016.886721015,
  "XI-IATI-EC_NEAR-2011/22427/0": 1260960.3461221657,
  "XI-IATI-EC_NEAR-2011/22428/0": 986159.5423380994,
  "XI-IATI-EC_NEAR-2011/22429/0": 530203.0782457241,
  "XI-IATI-EC_NEAR-2011/22954/1": 9400685.423709396,
  "XI-IATI-EC_NEAR-2011/22954/10": 9831194.821313249,
  "XI-IATI-EC_NEAR-2011/22954/2": 3979600.068093393,
  "XI-IATI-EC_NEAR-2011/22954/3": 2496471.7461089543,
  "XI-IATI-EC_NEAR-2011/22954/4": 925650.2431906633,
  "XI-IATI-EC_NEAR-2011/22954/5": 3218200.5447470876,
  "XI-IATI-EC_NEAR-2011/22954/6": 2990233.073200395,
  "XI-IATI-EC_NEAR-2011/22954/7": 964624.9902723754,
  "XI-IATI-EC_NEAR-2011/22954/8": 3812824.3414202407,
  "XI-IATI-EC_NEAR-2011/22954/9": 5818372.957198455,
  "XI-IATI-EC_NEAR-2011/23389/4": 353732.5226663315,
  "XI-IATI-EC_NEAR-2011/23389/5": 520939.2534046703,
  "XI-IATI-EC_NEAR-2011/264-589": 1265762.6789468855,
  "XI-IATI-EC_NEAR-2011/264-598": 499480.28397253045,
  "XI-IATI-EC_NEAR-2011/264-613": 1011427.7249444692,
  "XI-IATI-EC_NEAR-2011/264-617": 497474.1460738994,
  "XI-IATI-EC_NEAR-2011/265-589": 1319659.7510230609,
  "XI-IATI-EC_NEAR-2011/267-711": 45219127.48464945,
  "XI-IATI-EC_NEAR-2012/22955/1": 1311961.9522851566,
  "XI-IATI-EC_NEAR-2012/22955/10": 1766584.4238281255,
  "XI-IATI-EC_NEAR-2012/22955/11": 6542778.602791408,
  "XI-IATI-EC_NEAR-2012/22955/2": 2184140.7421875005,
  "XI-IATI-EC_NEAR-2012/22955/3": 4727270.711126954,
  "XI-IATI-EC_NEAR-2012/22955/4": 1397288.7816661168,
  "XI-IATI-EC_NEAR-2012/22955/5": 6007642.532092531,
  "XI-IATI-EC_NEAR-2012/22955/6": 4324055.456467531,
  "XI-IATI-EC_NEAR-2012/22955/7": 3289315.9577343757,
  "XI-IATI-EC_NEAR-2012/22955/8": 5031203.141467531,
  "XI-IATI-EC_NEAR-2012/22955/9": 1025232.0625612799,