{
  "XI-IATI-EC_NEAR-2002/644/2": 14132175.18616994,
  "XI-IATI-EC_NEAR-2002/644/3": 5426398.028734072,
  "XI-IATI-EC_NEAR-2002/644/4": 6518681.7889034,
  "XI-IATI-EC_NEAR-2002/644/5": 9998663.550901435,
  "XI-IATI-EC_NEAR-2002/644/6": 2371021.664259852,
  "XI-IATI-EC_NEAR-2002/644/7": 7862778.466295527,
  "XI-IATI-EC_NEAR-2003/4970/1": 3801125.999197972,
  "XI-IATI-EC_NEAR-2003/4970/10": 38666589.421176985,
  "XI-IATI-EC_NEAR-2003/4970/11": 2771033.6890861318,
  "XI-IATI-EC_NEAR-2003/4970/12": 5423971.532316155,
  "XI-IATI-EC_NEAR-2003/4970/2": -249823.31026539253,
  "XI-IATI-EC_NEAR-2003/4970/3": 648452.8716951796,
  "XI-IATI-EC_NEAR-2003/4970/4": 6622473.003806393,
  "XI-IATI-EC_NEAR-2003/4970/5": 1748053.6719955036,
  "XI-IATI-EC_NEAR-2003/4970/6": 398193.84525192814,
  "XI-IATI-EC_NEAR-2003/4970/7": -374734.965398089,
  "XI-IATI-EC_NEAR-2003/4970/8": 396132.69104234333,
  "XI-IATI-EC_NEAR-2003/4970/9": 3812888.9295776878,
  "XI-IATI-EC_NEAR-2004/16756/1": 3363957.866227384,
  "XI-IATI-EC_NEAR-2004/16756/10": 3377250.459273117,
  "XI-IATI-EC_NEAR-2004/16756/11": 3388677.78925873,
  "XI-IATI-EC_NEAR-2004/16756/12": -44468.35085487366,
  "XI-IATI-EC_NEAR-2004/16756/2": -40957.69157685712,
  "XI-IATI-EC_NEAR-2004/16756/3": 711392.1842337912,
  "XI-IATI-EC_NEAR-2004/16756/4": 5807029.237549021,
  "XI-IATI-EC_NEAR-2004/16756/5": 1020830.7386240653,
  "XI-IATI-EC_NEAR-2004/16756/6": -52659.88917024527,
  "XI-IATI-EC_NEAR-2004/16756/7": -39787.471817518584,
  "XI-IATI-EC_NEAR-2004/16756/8": 64723685.480140075,
  "XI-IATI-EC_NEAR-2004/16756/9": 8324908.237059138,
  "XI-IATI-EC_NEAR-2005/17579/1": 560980.5059641785,
  "XI-IATI-EC_NEAR-2005/17633/0": 3359645.029813248,
  "XI-IATI-EC_NEAR-2005/17634/0": 2153874.7884657984,
  "XI-IATI-EC_NEAR-2005/17655/0": 71618981.50461215,
  "XI-IATI-EC_NEAR-2006/116-465": 81836261.32194576,
  "XI-IATI-EC_NEAR-2006/116-792": 61267132.49630818,
  "XI-IATI-EC_NEAR-2006/117-242": 36930682.84989355,
  "XI-IATI-EC_NEAR-2006/125-334": 65452457.06038084,
  "XI-IATI-EC_NEAR-2006/125-751": 3463530.7017392525,
  "XI-IATI-EC_NEAR-2006/125-752": 4093204.1005870183,
  "XI-IATI-EC_NEAR-2006/17902/0": 4190187.421136387,
  "XI-IATI-EC_NEAR-2006/17971/0": 2969878.504569009,
  "XI-IATI-EC_NEAR-2006/17972/0": 3508988.573999526,
  "XI-IATI-EC_NEAR-2006/18113/0": 58427457.15182211,
  "XI-IATI-EC_NEAR-2007/18773/2": 1443947.933770364,
  "XI-IATI-EC_NEAR-2007/19355/0": 1041554.2644720086,
  "XI-IATI-EC_NEAR-2007/19419/0": 1298824.3425730425,
  "XI-IATI-EC_NEAR-2007/19424/0": 516861.70779558003,
  "XI-IATI-EC_NEAR-2007/19547/0": 516155.21153120534,
  "XI-IATI-EC_NEAR-2008/19924/0": 560451.8449258847,
  "XI-IATI-EC_NEAR-2008/19927/0": 1401288.0360547546,
  "XI-IATI-EC_NEAR-2008/20055/0": 1134069.3487753992,
  "XI-IATI-EC_NEAR-2008/20076/0": 709164.111417484,
  "XI-IATI-EC_NEAR-2008/20329/0": 265207.6039603269,
  "XI-IATI-EC_NEAR-2008/20329/1": 228218.12235533446,
  "XI-IATI-EC_NEAR-2008/20329/10": 1453017.1710315926,
  "XI-IATI-EC_NEAR-2008/20329/11": 1174155.2897224992,
  "XI-IATI-EC_NEAR-2008/20329/12": 5870776.448612496,
  "XI-IATI-EC_NEAR-2008/20329/13": 5063544.686928278,
  "XI-IATI-EC_NEAR-2008/20329/14": 1533740.3472000146,
  "XI-IATI-EC_NEAR-2008/20329/15": 4979922.814888353,
  "XI-IATI-EC_NEAR-2008/20329/16": 8182394.675253666,
  "XI-IATI-EC_NEAR-2008/20329/2": 3898040.986655968,
  "XI-IATI-EC_NEAR-2008/20329/3": 3669235.2803828097,
  "XI-IATI-EC_NEAR-2008/20329/4": 2201541.168229686,
  "XI-IATI-EC_NEAR-2008/20329/5": 1467694.112153124,
  "XI-IATI-EC_NEAR-2008/20329/6": 5836872.714621759,
  "XI-IATI-EC_NEAR-2008/20329/7": 4601771.426892101,
  "XI-IATI-EC_NEAR-2008/20329/8": 2372821.0711179557,
  "XI-IATI-EC_NEAR-2008/20329/9": 2725507.9662683513,
  "XI-IATI-EC_NEAR-2009/200-094": 1297891.5795749128,
  "XI-IATI-EC_NEAR-2009/200-102": 516360.1969788358,
  "XI-IATI-EC_NEAR-2009/200-137": 1040928.1221370513,
  "XI-IATI-EC_NEAR-2009/203-852": 504194.87141596194,
  "XI-IATI-EC_NEAR-2009/21152/0": 1059588.268756266,
  "XI-IATI-EC_NEAR-2009/21172/0": 530354.4312748972,
  "XI-IATI-EC_NEAR-2009/21176/0": 1310798.1510100558,
  "XI-IATI-EC_NEAR-2009/21186/0": 531199.7786255061,
  "XI-IATI-EC_NEAR-2009/21661/0": 70612.39974578307,
  "XI-IATI-EC_NEAR-2009/21661/1": 131483.4979811823,
  "XI-IATI-EC_NEAR-2009/21661/10": 8972008.608769797,
  "XI-IATI-EC_NEAR-2009/21661/11": 1809995.529391796,
  "XI-IATI-EC_NEAR-2009/21661/12": 1322689.0407093896,
  "XI-IATI-EC_NEAR-2009/21661/13": 1548590.4058200195,
  "XI-IATI-EC_NEAR-2009/21661/14": 2088456.3800674572,
  "XI-IATI-EC_NEAR-2009/21661/15": 2366917.230743118,
  "XI-IATI-EC_NEAR-2009/21661/16": 5012295.312161897,
  "XI-IATI-EC_NEAR-2009/21661/17": 2784608.5067566093,
  "XI-IATI-EC_NEAR-2009/21661/18": 8154266.551633116,
  "XI-IATI-EC_NEAR-2009/21661/19": 7386073.818265663,
  "XI-IATI-EC_NEAR-2009/21661/2": 1754696.1677151038,
  "XI-IATI-EC_NEAR-2009/21661/3": 1906064.5228748992,
  "XI-IATI-EC_NEAR-2009/21661/4": 1027520.5389931889,
  "XI-IATI-EC_NEAR-2009/21661/6": 1113843.4027026438,
  "XI-IATI-EC_NEAR-2009/21661/7": 2545594.420187663,
  "XI-IATI-EC_NEAR-2009/21661/8": 1392304.2533783047,
  "XI-IATI-EC_NEAR-2009/21661/9": 1322689.0407093896,
  "XI-IATI-EC_NEAR-2010/22368/0": 502018.8710323577,
  "XI-IATI-EC_NEAR-2010/22401/0": 1229519.5529226311,
  "XI-IATI-EC_NEAR-2010/22406/0": 979744.2381421686,
  "XI-IATI-EC_NEAR-2010/22460/1": 1980950.3325102914,
  "XI-IATI-EC_NEAR-2010/22460/10": 1384677.6571727456,
  "XI-IATI-EC_NEAR-2010/22460/11": 1311799.885742601,
  "XI-IATI-EC_NEAR-2010/22460/12": 4731686.038780576,
  "XI-IATI-EC_NEAR-2010/22460/13": 9861932.659210274,
  "XI-IATI-EC_NEAR-2010/22460/2": 3087367.407858849,
  "XI-IATI-EC_NEAR-2010/22460/3": 3180120.9351335783,
  "XI-IATI-EC_NEAR-2010/22460/4": 3975151.168916973,
  "XI-IATI-EC_NEAR-2010/22460/5": 7261276.13522167,
  "XI-IATI-EC_NEAR-2010/22460/6": 4117030.939387568,
  "XI-IATI-EC_NEAR-2010/22460/7": 1007038.2961256331,
  "XI-IATI-EC_NEAR-2010/22460/8": 1248946.286932298,
  "XI-IATI-EC_NEAR-2010/22460/9": 1548983.9054879805,
  "XI-IATI-EC_NEAR-2010/235-566": 1270065.0691407009,
  "XI-IATI-EC_NEAR-2010/235-581": 513319.5749775371,
  "XI-IATI-EC_NEAR-2010/235-597": 637052.4261290755,
  "XI-IATI-EC_NEAR-2010/249-880": 49885190.32784826,
  "XI-IATI-EC_NEAR-2011/22427/0": 1261073.3641506499,
  "XI-IATI-EC_NEAR-2011/22428/0": 986256.5874318959,
  "XI-IATI-EC_NEAR-2011/22429/0": 530240.7132997666,
  "XI-IATI-EC_NEAR-2011/22954/1": 9402455.595001189,
  "XI-IATI-EC_NEAR-2011/22954/10": 9831721.710840777,
  "XI-IATI-EC_NEAR-2011/22954/2": 3979813.3493514434,
  "XI-IATI-EC_NEAR-2011/22954/3": 2496605.541119907,
  "XI-IATI-EC_NEAR-2011/22954/4": 925699.852157646,
  "XI-IATI-EC_NEAR-2011/22954/5": 3218373.0198322968,
  "XI-IATI-EC_NEAR-2011/22954/6": 2990393.3306787354,
  "XI-IATI-EC_NEAR-2011/22954/7": 964676.6880379679,
  "XI-IATI-EC_NEAR-2011/22954/8": 3813028.6845598402,
  "XI-IATI-EC_NEAR-2011/22954/9": 5818684.784990918,
  "XI-IATI-EC_NEAR-2011/23389/4": 353838.5705438535,
  "XI-IATI-EC_NEAR-2011/23389/5": 520967.17243608873,
  "XI-IATI-EC_NEAR-2011/264-589": 1265461.2986293095,
  "XI-IATI-EC_NEAR-2011/264-598": 499309.8373828878,
  "XI-IATI-EC_NEAR-2011/264-613": 1011234.2328965521,
  "XI-IATI-EC_NEAR-2011/264-617": 497419.1106104612,
  "XI-IATI-EC_NEAR-2011/265-589": 1319473.0942018903,
  "XI-IATI-EC_NEAR-2011/267-711": 45210005.32967057,
  "XI-IATI-EC_NEAR-2012/22955/1": 1311633.1526203842,
  "XI-IATI-EC_NEAR-2012/22955/10": 1766141.6881486836,
  "XI-IATI-EC_NEAR-2012/22955/11": 6541138.872761485,
  "XI-IATI-EC_NEAR-2012/22955/2": 2183593.359892918,
  "XI-IATI-EC_NEAR-2012/22955/3": 4726085.977817883,
  "XI-IATI-EC_NEAR-2012/22955/4": 1397037.9412763207,
  "XI-IATI-EC_NEAR-2012/22955/5": 6006193.593175305,
  "XI-IATI-EC_NEAR-2012/22955/6": 4323028.452702552,
  "XI-IATI-EC_NEAR-2012/22955/7": 3288491.5999987344,
  "XI-IATI-EC_NEAR-2012/22955/8": 5029998.914634941,
  "XI-IATI-EC_NEAR-2012/22955/9": 1025031.7992548714,