{
  "XM-DAC-701-2-2020003000": 265172750.97760487,
  "XM-DAC-701-2-2020003001": 435160145.5084756,
  "XM-DAC-701-2-2020003002": 228340568.72705087,
  "XM-DAC-701-2-2020003003": 116497774.90213831,
  "XM-DAC-701-2-2020003004": 366349854.96162343,
  "XM-DAC-701-2-2020003005": 301483499.502604,
  "XM-DAC-701-2-2020003006": 47403065.95952894,
  "XM-DAC-701-2-2020003007": 316813651.0339157,
  "XM-DAC-701-2-2020003008": 34822292.25386996,
  "XM-DAC-701-2-2020003009": 111065383.5431763,
  "XM-DAC-701-2-2020003010": 167825814.72311625,
  "XM-DAC-701-2-2020003011": 363353981.1929812,
  "XM-DAC-701-2-2020003012": 15187942.333433071,
  "XM-DAC-701-2-2020003013": 95232759.51269363,
  "XM-DAC-701-2-2020003015": 625530858.4019438,
  "XM-DAC-701-2-2020003017": 132415724.45134813,
  "XM-DAC-701-2-2020003018": 256166168.44529435,
  "XM-DAC-701-2-2020003019": 19549024.40170973,
  "XM-DAC-701-2-2020003020": 133809374.59055828,
  "XM-DAC-701-2-2020003022": 496907379.227358,
  "XM-DAC-701-2-2020003023": 29020156.980423614,
  "XM-DAC-701-2-2020003024": 1185076648.9882233,
  "XM-DAC-701-2-2020003025": 49763738.64431348,
  "XM-DAC-701-2-2020003026": 125001884.9352778,
  "XM-DAC-701-2-2020003028": 91535320.36785038,
  "XM-DAC-701-2-2020003029": 41800023.56311262,
  "XM-DAC-701-2-2020003031": 82054707.17594458,
  "XM-DAC-701-2-2020003033": 513877676.84086937,
  "XM-DAC-701-2-2020003034": 27095592.50246674,
  "XM-DAC-701-2-2020003035": 60182932.54221793,
  "XM-DAC-701-2-2020003037": 384950818.0441426,
  "XM-DAC-701-2-2020003038": 69578220.21539657,
  "XM-DAC-701-2-2020003039": 317088588.81648093,
  "XM-DAC-701-2-2020003040": 13121168.657597609,
  "XM-DAC-701-2-2020003041": 1080789903.8772597,
  "XM-DAC-701-2-2020003042": 46710981.196519814,
  "XM-DAC-701-2-2020003043": 18847459.025508706,
  "XM-DAC-701-2-2020003045": 474030659.59528935,
  "XM-DAC-701-2-2020003046": 341140904.4843459,
  "XM-DAC-701-2-2020003048": 474030659.59528935,
  "XM-DAC-701-2-2020003049": 331821461.7167025,
  "XM-DAC-701-2-2020003050": 804107688.4846812,
  "XM-DAC-701-2-2020003051": 39818575.4060043,
  "XM-DAC-701-2-2020003052": 738966395.2430966,
  "XM-DAC-701-2-2020003053": 19482660.10936639,
  "XM-DAC-701-2-2020003054": 634556402.1606381,
  "XM-DAC-701-2-2020003055": 49886986.61580825,
  "XM-DAC-701-2-2020003056": 515347171.88561475,
  "XM-DAC-701-2-2020003057": 12685060.450769942,
  "XM-DAC-701-2-2020003058": 18070048.74377243,
  "XM-DAC-701-2-2020003059": 102390622.4725825,
  "XM-DAC-701-2-2020003061": 238276251.35216814,
  "XM-DAC-701-2-2020003062": 29238211.083837446,
  "XM-DAC-701-2-2020003063": 75844905.5352463,
  "XM-DAC-701-2-2020003064": 51659861.28269463,
  "XM-DAC-701-2-2020003065": 32110836.8809849,
  "XM-DAC-701-2-2020003067": 474030659.59528935,
  "XM-DAC-701-2-2020003068": 284418395.7571736,
  "XM-DAC-701-2-2020003069": 474030659.59528935,
  "XM-DAC-701-2-2020003070": 47403065.95952894,
  "XM-DAC-701-2-2020003071": 263361953.85795087,
  "XM-DAC-701-2-2020003072": 142209197.8785868,
  "XM-DAC-701-2-2020003073": 237015329.79764467,
  "XM-DAC-701-2-2020003074": 237015329.79764467,
  "XM-DAC-701-2-2020003075": 103215435.8202783,
  "XM-DAC-701-2-2020003076": 9518535.64467341,
  "XM-DAC-701-2-2020003077": 70000000.0,
  "XM-DAC-701-2-2020003078": 200000000.0,
  "XM-DAC-701-2-2020010001": 32433177.729509696,
  "XM-DAC-701-2-2020010002": 32433177.729509696,
  "XM-DAC-701-2-2020010003": 32433177.729509696,
  "XM-DAC-701-2-2020010006": 32433177.729509696,
  "XM-DAC-701-2-2020010007": 32433177.729509696,
  "XM-DAC-701-2-2020010012": 32433177.729509696,
  "XM-DAC-701-2-2020010018": 32433177.729509696,
  "XM-DAC-701-2-2020010025": 32433177.729509696,
  "XM-DAC-701-2-2020010040": 32433177.729509696,
  "XM-DAC-701-2-2020010301": 32433177.729509696,
  "XM-DAC-701-2-2020010310": 32433177.729509696,
  "XM-DAC-701-2-2020010318": 32433177.729509696,
  "XM-DAC-701-2-2020010338": 32433177.729509696,
  "XM-DAC-701-2-2020010339": 32433177.729509696,
  "XM-DAC-701-2-2020010371": 32433177.729509696,
  "XM-DAC-701-2-2020010604": 32433177.729509696,
  "XM-DAC-701-2-2020010606": 32433177.729509696,
  "XM-DAC-701-2-2020010630": 32433177.729509696,
  "XM-DAC-701-2-2020010636": 32433177.729509696,
  "XM-DAC-701-2-2020010641": 32433177.729509696,
  "XM-DAC-701-2-2020010659": 32433177.729509696,
  "XM-DAC-701-2-2020010663": 32433177.729509696,
  "XM-DAC-701-2-2020010666": 32433177.729509696,
  "XM-DAC-701-2-2020010674": 32433177.729509696,
  "XM-DAC-701-2-2020010681": 32433177.729509696,
  "XM-DAC-701-2-2020010682": 32433177.729509696,
  "XM-DAC-701-2-2020010683": 32433177.729509696,
  "XM-DAC-701-2-2020010689": 32433177.729509696,
  "XM-DAC-701-2-2020010690": 32433177.729509696,
  "XM-DAC-701-2-2020010697": 32433177.729509696,
  "XM-DAC-701-2-2020010698": 32433177.729509696,
  "XM-DAC-701-2-2020010704": 32433177.729509696
}