{
  "GB-CHC-290767-622_S12426_A": {
    "wjr_001-activities.xml": 102677.23875917018
  },
  "GB-CHC-290767-ALERT00347_S12426_A": {
    "wjr_001-activities.xml": 156867.45517032006
  },
  "GB-CHC-290767-ALERT00362_S12426_A": {
    "wjr_001-activities.xml": 71528.51873174885
  },
  "GB-CHC-290767-ALERT00364_S12426_A": {
    "wjr_001-activities.xml": 94285.34905289185
  },
  "GB-CHC-290767-ALERT00410_S12426_A": {
    "wjr_001-activities.xml": 308467.76544852305
  },
  "GB-CHC-290767-ALERT00438_ S12426_A": {
    "wjr_001-activities.xml": 450368.0385074102
  },
  "GB-CHC-290767-ALERT00497_S12426_A": {
    "wjr_001-activities.xml": 70680.31259335818
  },
  "GB-CHC-290767-ALERTCV19103_S12426_A": {
    "wjr_001-activities.xml": 257548.5101886521
  },
  "GB-CHC-290767-ENABLE": {
    "wjr_001-activities.xml": 518036.7487054706
  },
  "GB-CHC-290767-RAPID": {
    "wjr_001-activities.xml": 315110.0613338422
  }
}