{
  "GB-CHC-202918-GHAA65": 414669.00622002565,
  "GB-CHC-202918-GHAA68": 218822.33687045978,
  "GB-CHC-202918-GHAA70": 17327.28021498823,
  "GB-CHC-202918-GHAA71": 441030.367806614,
  "GB-CHC-202918-GHAA72": 37384.961649107696,
  "GB-CHC-202918-GHAA74": 186980.4051202975,
  "GB-CHC-202918-GHAA75": 23066.28800110255,
  "GB-CHC-202918-GHAA76": 6748.454452722571,
  "GB-CHC-202918-GHAA77": 14643.599985659954,
  "GB-CHC-202918-GHAA78": 280967.76856647007,
  "GB-CHC-202918-GHAA81": 82195.97587552891,
  "GB-CHC-202918-GHAA82": 42710.46151436153,
  "GB-CHC-202918-GHAA83": 77291.67114849448,
  "GB-CHC-202918-GHAA85": 147982.77570219347,
  "GB-CHC-202918-GHAA87": 164414.4743336989,
  "GB-CHC-202918-GHAA88": 109085.58349241421,
  "GB-CHC-202918-GHAA90": 31590.929009510022,
  "GB-CHC-202918-GHAA93": 1214201.953262198,
  "GB-CHC-202918-GHAA95": 806171.5436553343,
  "GB-CHC-202918-GHAA96": 77695.9572734738,
  "GB-CHC-202918-GHAB03": 3601.3230696921405,
  "GB-CHC-202918-GHAB04": 1391900.5170426918,
  "GB-CHC-202918-GHAB05": 12179.29663114216,
  "GB-CHC-202918-GHAB06": 347196.41961571574,
  "GB-CHC-202918-GHAB10": 36858.494820721804,
  "GB-CHC-202918-GHAB11": 1615580.5891149035,
  "GB-CHC-202918-GHAB12": 193093.49867002972,
  "GB-CHC-202918-GHAB14": 46335.5263847748,
  "GB-CHC-202918-GHAB15": 644979.9075570696,
  "GB-CHC-202918-GHAB17": 2095889.871210022,
  "GB-CHC-202918-GHAB21": 590598.2173566301,
  "GB-CHC-202918-GHAB22": 329332.9305843018,
  "GB-CHC-202918-GHAB23": 99350.73673218889,
  "GB-CHC-202918-GHAB24": 114535.71897315471,
  "GB-CHC-202918-GHAB25": 2051251.4304890083,
  "GB-CHC-202918-GHAB28": 148713.1202839884,
  "GB-CHC-202918-INVA27": 25012.099876885288
}