{
  "XI-IATI-EC_INTPA-1999/947/0": 7427482.958939234,
  "XI-IATI-EC_INTPA-2000/949/0": 9195861.959948579,
  "XI-IATI-EC_INTPA-2001/953/0": 3615357.8319793167,
  "XI-IATI-EC_INTPA-2002/019-846": 416457.49831261503,
  "XI-IATI-EC_INTPA-2002/035-798": 9746315.001969274,
  "XI-IATI-EC_INTPA-2002/4030/0": 36809012.24404073,
  "XI-IATI-EC_INTPA-2002/4253/0": 245498.84509997084,
  "XI-IATI-EC_INTPA-2002/4254/0": 866752.8566895986,
  "XI-IATI-EC_INTPA-2002/4255/0": 570133.9006444123,
  "XI-IATI-EC_INTPA-2002/954/0": 5124055.375156821,
  "XI-IATI-EC_INTPA-2003/019-958": 650085.8058332205,
  "XI-IATI-EC_INTPA-2003/069-429": 115581.19019393982,
  "XI-IATI-EC_INTPA-2003/069-438": 976951.8792837734,
  "XI-IATI-EC_INTPA-2003/069-440": 728585.5148637964,
  "XI-IATI-EC_INTPA-2003/069-718": 1202269.1231544593,
  "XI-IATI-EC_INTPA-2003/076-738": 1214623.8686068014,
  "XI-IATI-EC_INTPA-2003/5017/0": 1376297.6703972975,
  "XI-IATI-EC_INTPA-2003/5018/0": 94872.25028295544,
  "XI-IATI-EC_INTPA-2003/5664/0": 8108683.623352811,
  "XI-IATI-EC_INTPA-2003/5780/0": 6177836.085013845,
  "XI-IATI-EC_INTPA-2003/5806/0": 8314351.847751447,
  "XI-IATI-EC_INTPA-2003/5923/0": 1300942.0776544132,
  "XI-IATI-EC_INTPA-2003/5924/0": 1115077.9516023651,
  "XI-IATI-EC_INTPA-2003/5927/0": 958391.7407085067,
  "XI-IATI-EC_INTPA-2003/5970/0": 5325294.650578354,
  "XI-IATI-EC_INTPA-2004/063-776": 651889.6163190677,
  "XI-IATI-EC_INTPA-2004/077-007": 241878.521938321,
  "XI-IATI-EC_INTPA-2004/078-611": 7105919.818316236,
  "XI-IATI-EC_INTPA-2004/078-982": 97433.06211028757,
  "XI-IATI-EC_INTPA-2004/078-989": 87552.10316596247,
  "XI-IATI-EC_INTPA-2004/079-054": 110950.66517621432,
  "XI-IATI-EC_INTPA-2004/079-055": 239516.26290174926,
  "XI-IATI-EC_INTPA-2004/079-057": 239292.6709328224,
  "XI-IATI-EC_INTPA-2004/079-058": 164049.917097929,
  "XI-IATI-EC_INTPA-2004/079-399": 1469152.9026649413,
  "XI-IATI-EC_INTPA-2004/079-407": 1251347.8406707668,
  "XI-IATI-EC_INTPA-2004/079-409": 1067236.0852591917,
  "XI-IATI-EC_INTPA-2004/080-331": 226635.16203069533,
  "XI-IATI-EC_INTPA-2004/087-909": 3374043.8066155612,
  "XI-IATI-EC_INTPA-2004/088-512": 112982.43111531647,
  "XI-IATI-EC_INTPA-2004/089-026": 112092.49631172672,
  "XI-IATI-EC_INTPA-2004/089-100": 93868.06098269862,
  "XI-IATI-EC_INTPA-2004/089-148": 183393.24212731983,
  "XI-IATI-EC_INTPA-2004/089-216": 160356.2696205568,
  "XI-IATI-EC_INTPA-2004/089-217": 56254.467341769305,
  "XI-IATI-EC_INTPA-2004/089-932": 256157.7419773386,
  "XI-IATI-EC_INTPA-2004/090-527": 104962.33207971245,
  "XI-IATI-EC_INTPA-2004/091-317": 206682.5394393286,
  "XI-IATI-EC_INTPA-2004/091-402": 14398797.328765757,
  "XI-IATI-EC_INTPA-2004/16692/0": 3331969.3051246833,
  "XI-IATI-EC_INTPA-2004/16750/0": 738130.2457268904,
  "XI-IATI-EC_INTPA-2004/16790/0": 1015670.6532047461,
  "XI-IATI-EC_INTPA-2004/16830/0": 13780077.695853591,
  "XI-IATI-EC_INTPA-2004/16858/0": 11948092.047794351,
  "XI-IATI-EC_INTPA-2004/6064/0": 22230202.81911584,
  "XI-IATI-EC_INTPA-2004/6205/0": 4241959.756869593,
  "XI-IATI-EC_INTPA-2005/081-623": 3467696.4488749495,
  "XI-IATI-EC_INTPA-2005/090-042": 693509.5633835114,
  "XI-IATI-EC_INTPA-2005/095-382": 1011130.4734359031,
  "XI-IATI-EC_INTPA-2005/096-803": 751439.7488937136,
  "XI-IATI-EC_INTPA-2005/100-623": 163724.839716912,
  "XI-IATI-EC_INTPA-2005/101-155": 200197.91097474383,
  "XI-IATI-EC_INTPA-2005/101-614": 206497.54888875617,
  "XI-IATI-EC_INTPA-2005/101-726": 177546.42075852267,
  "XI-IATI-EC_INTPA-2005/101-979": 259713.58995195365,
  "XI-IATI-EC_INTPA-2005/102-218": 165153.95507910367,
  "XI-IATI-EC_INTPA-2005/102-226": 154370.2457991723,
  "XI-IATI-EC_INTPA-2005/102-483": 265374.17108814756,
  "XI-IATI-EC_INTPA-2005/102-650": 853785.8086222754,
  "XI-IATI-EC_INTPA-2005/102-943": 145088.50576742884,
  "XI-IATI-EC_INTPA-2005/103-415": 113707.586807127,
  "XI-IATI-EC_INTPA-2005/104-521": 1768154.1044891167,
  "XI-IATI-EC_INTPA-2005/104-901": 123848.8191720926,
  "XI-IATI-EC_INTPA-2005/106-217": 111871.4940155428,
  "XI-IATI-EC_INTPA-2005/106-790": 40296601.933062494,
  "XI-IATI-EC_INTPA-2005/107-213": 6774428.31361752,
  "XI-IATI-EC_INTPA-2005/108-153": 1948539.0384250537,
  "XI-IATI-EC_INTPA-2005/108-252": 49327521.75104891,
  "XI-IATI-EC_INTPA-2005/110-007": 789960.4875405583,
  "XI-IATI-EC_INTPA-2005/112-216": 118863.02078208468,
  "XI-IATI-EC_INTPA-2005/112-231": 267248.2598963668,
  "XI-IATI-EC_INTPA-2005/112-453": 116979.21153600047,
  "XI-IATI-EC_INTPA-2005/112-455": 120977.96543441043,
  "XI-IATI-EC_INTPA-2005/113-093": 59456.22104340457,
  "XI-IATI-EC_INTPA-2005/113-099": 18187070.35383501,
  "XI-IATI-EC_INTPA-2005/115-586": 114841.05840845563,
  "XI-IATI-EC_INTPA-2005/17104/0": 3724580.80678249,
  "XI-IATI-EC_INTPA-2005/17226/0": 817410.877524498,
  "XI-IATI-EC_INTPA-2005/17496/0": 37281223.40048105,
  "XI-IATI-EC_INTPA-2005/17517/0": 46948532.138881594,
  "XI-IATI-EC_INTPA-2005/17685/0": 17263143.771062274,
  "XI-IATI-EC_INTPA-2005/17730/0": 1687576.12773095,
  "XI-IATI-EC_INTPA-2005/17731/0": 18078601.848470785,
  "XI-IATI-EC_INTPA-2006/105-033": 3819568.385524814,
  "XI-IATI-EC_INTPA-2006/115-794": 19231256.093369067,
  "XI-IATI-EC_INTPA-2006/115-888": 1735801.1409249834,
  "XI-IATI-EC_INTPA-2006/116-194": 198985.97834485027,
  "XI-IATI-EC_INTPA-2006/116-196": 289256.50587089424,
  "XI-IATI-EC_INTPA-2006/116-703": 228504.29687170018,
  "XI-IATI-EC_INTPA-2006/116-706": 316866.340705086,
  "XI-IATI-EC_INTPA-2006/116-732": 962219.0607435744,
  "XI-IATI-EC_INTPA-2006/119-571": 807484.9568246318,
  "XI-IATI-EC_INTPA-2006/119-668": 155524113.4727214,
  "XI-IATI-EC_INTPA-2006/119-859": 826505.2585892662,
  "XI-IATI-EC_INTPA-2006/120-258": 847086.3945673467,
  "XI-IATI-EC_INTPA-2006/120-261": 1657573.9625637156,
  "XI-IATI-EC_INTPA-2006/120-263": 944243.8355740437,
  "XI-IATI-EC_INTPA-2006/120-265": 1697541.9253344724,
  "XI-IATI-EC_INTPA-2006/121-819": 5371649.573891663,
  "XI-IATI-EC_INTPA-2006/122-578": 663990.5499411278,
  "XI-IATI-EC_INTPA-2006/122-820": 79874.29584155747,
  "XI-IATI-EC_INTPA-2006/122-831": 112972.96754355248,
  "XI-IATI-EC_INTPA-2006/122-832": 70621.64708863905,
  "XI-IATI-EC_INTPA-2006/122-866": 125966.43282758741,
  "XI-IATI-EC_INTPA-2006/122-868": 98769.04980056445,
  "XI-IATI-EC_INTPA-2006/122-876": 120020.03579336894,
  "XI-IATI-EC_INTPA-2006/122-886": 128153.82679914206,
  "XI-IATI-EC_INTPA-2006/122-891": 89739.60396259386,
  "XI-IATI-EC_INTPA-2006/122-893": 118009.04810788656,
  "XI-IATI-EC_INTPA-2006/122-926": 98740.49012434468,
  "XI-IATI-EC_INTPA-2006/122-930": 90477.47358422997,
  "XI-IATI-EC_INTPA-2006/123-162": 5160221.850586376,
  "XI-IATI-EC_INTPA-2006/124-139": 991386.3439728331,
  "XI-IATI-EC_INTPA-2006/125-132": 792470.8075508295,
  "XI-IATI-EC_INTPA-2006/125-929": 785502.5984565135,
  "XI-IATI-EC_INTPA-2006/126-244": 439239.3528077804,
  "XI-IATI-EC_INTPA-2006/127-729": 248243.5194680102,
  "XI-IATI-EC_INTPA-2006/127-943": 158363.74592585792,
  "XI-IATI-EC_INTPA-2006/128-130": 196929.58007631687,
  "XI-IATI-EC_INTPA-2006/128-132": 180592.12504309404,
  "XI-IATI-EC_INTPA-2006/128-150": 198931.12642902555,
  "XI-IATI-EC_INTPA-2006/128-228": 97820.47292400307,
  "XI-IATI-EC_INTPA-2006/128-599": 5870590.053290702,
  "XI-IATI-EC_INTPA-2006/128-887": 2613822.9936195295,
  "XI-IATI-EC_INTPA-2006/129-123": 339980.6709440758,
  "XI-IATI-EC_INTPA-2006/129-179": 92496.27788384185,
  "XI-IATI-EC_INTPA-2006/129-339": 30119.269906819227,
  "XI-IATI-EC_INTPA-2006/129-427": 110191.48916646188,
  "XI-IATI-EC_INTPA-2006/129-640": 256135.88998330262,
  "XI-IATI-EC_INTPA-2006/130-531": 1221676.6283667975,
  "XI-IATI-EC_INTPA-2006/131-226": 2963234.1709992317,
  "XI-IATI-EC_INTPA-2006/132-202": 2654106.3200517124,
  "XI-IATI-EC_INTPA-2006/17982/0": 147648354.64452127,
  "XI-IATI-EC_INTPA-2006/17995/0": 2831397.7721251473,
  "XI-IATI-EC_INTPA-2006/18017/0": 2311487.2944473675,
  "XI-IATI-EC_INTPA-2006/18295/0": 11690068.410627436,
  "XI-IATI-EC_INTPA-2006/18315/0": 20951421.097958636,