{
  "ES-DIR3-E04585801-009-032137": 23384.848249027284,
  "ES-DIR3-E04585801-009-035439": 57738.164695525404,
  "ES-DIR3-E04585801-009-039443": 30467.422806031187,
  "ES-DIR3-E04585801-009-043883": 120535.75266614808,
  "ES-DIR3-E04585801-009-044955": 20044.155642023383,
  "ES-DIR3-E04585801-009-046503": 7794.949416342427,
  "ES-DIR3-E04585801-009-052375": 12346.767745171877,
  "ES-DIR3-E04585801-009-065259": 531.2472156862759,
  "ES-DIR3-E04585801-009-066055": 57064.02592238447,
  "ES-DIR3-E04585801-009-066057": 22516.408552007902,
  "ES-DIR3-E04585801-009-066169": 20946.546467294174,
  "ES-DIR3-E04585801-009-066203": 9151.788135686276,
  "ES-DIR3-E04585801-009-067979": 52279.2150625021,
  "ES-DIR3-E04585801-009-084604": 58299.423588525286,
  "ES-DIR3-E04585801-009-089676": 60313.855897795875,
  "ES-DIR3-E04585801-009-089991": 10331.272339325455,
  "ES-DIR3-E04585801-009-089992": 37038.60186666654,
  "ES-DIR3-E04585801-009-089993": 295890.204336195,
  "ES-DIR3-E04585801-009-090908": 1159.3029244235254
}