{
  "NL-KVK-27102631-421": {
    "unicefnl-unicefnl-cantwaittolearn-activitydataset.xml": 4489004.150196062,
    "unicefnl-activities.xml": 4489004.150196062
  },
  "NL-KVK-27102631-ICSRCT-14304-FourPaws": {
    "unicefnl-unicefnl-textileconvenant-activitydataset.xml": 193708.69936078365,
    "unicefnl-activities.xml": 193708.69936078365
  },
  "NL-KVK-27102631-ICSRCT-14304-HIVOS": {
    "unicefnl-unicefnl-textileconvenant-activitydataset.xml": 106990.81066470551,
    "unicefnl-activities.xml": 106990.81066470551
  },
  "NL-KVK-27102631-ICSRCT-14304-ICN": {
    "unicefnl-unicefnl-textileconvenant-activitydataset.xml": 255038.93806862656,
    "unicefnl-activities.xml": 255038.93806862656
  },
  "NL-KVK-27102631-ICSRCT-14304-Program": {
    "unicefnl-unicefnl-textileconvenant-activitydataset.xml": 267546.77295294026,
    "unicefnl-activities.xml": 267546.77295294026
  },
  "NL-KVK-27102631-SH-2017-KENIA": {
    "unicefnl-unicefnl-shohongerrampen-activitydataset.xml": 1859901.0980392091,
    "unicefnl-activities.xml": 1859901.0980392091
  },
  "NL-KVK-27102631-SH-2017-NIGERIA": {
    "unicefnl-unicefnl-shohongerrampen-activitydataset.xml": 4065446.2161380253,
    "unicefnl-activities.xml": 4065446.2161380253
  },
  "NL-KVK-27102631-SH-2017-YEMEN": {
    "unicefnl-unicefnl-shohongerrampen-activitydataset.xml": 6642503.921568604,
    "unicefnl-activities.xml": 6642503.921568604
  },
  "NL-KVK-27102631-SH-2018-INDONESIA": {
    "unicefnl-activities.xml": 5854487.739343509,
    "unicefnl-unicefnl-shosulawesi-activitydataset.xml": 5854487.739343509
  },
  "NL-KVK-27102631-SH-2020-LEBANON": {
    "unicefnl-unicefnl-lebanon-activitydataset.xml": 5148535.95998219,
    "unicefnl-activities.xml": 5148535.95998219
  },
  "NL-KVK-27102631-SH-2021-NEPAL": {
    "unicefnl-activities.xml": 2123883.29082771,
    "unicefnl-unicefshonepalsuriname.xml": 2214622.551397906
  },
  "NL-KVK-27102631-SH-2021-SURINAME": {
    "unicefnl-activities.xml": 664250.3921568604,
    "unicefnl-unicefshonepalsuriname.xml": 664250.3921568604
  },
  "NL-KVK-27102631-SH-2022 UKRAINE": {
    "unicefnl-unicef-sho-ukraine.xml": 56768467.255686864
  }
}