{
  "XM-OCHA-CBPF-IRQ-18/3884/RA1/H/UN/10494": 4563162.02,
  "XM-OCHA-CBPF-IRQ-18/3884/RA1/H/UN/10499": 700000.2,
  "XM-OCHA-CBPF-IRQ-18/3884/SA1/CASH/INGO/8308": 1000000.0,
  "XM-OCHA-CBPF-IRQ-18/3884/SA1/CASH/INGO/8397": 3794920.06,
  "XM-OCHA-CBPF-IRQ-18/3884/SA1/CASH/INGO/8513": 2399283.26,
  "XM-OCHA-CBPF-IRQ-18/3884/SA1/CASH/NGO/8235": 442815.0,
  "XM-OCHA-CBPF-IRQ-18/3884/SA1/CCCM/INGO/8011": 423248.14,
  "XM-OCHA-CBPF-IRQ-18/3884/SA1/CCCM/INGO/8442": 281687.52999999997,
  "XM-OCHA-CBPF-IRQ-18/3884/SA1/CCCM/UN/8429": 300000.0,
  "XM-OCHA-CBPF-IRQ-18/3884/SA1/CCS-CCCM/INGO/8413": 1150410.5,
  "XM-OCHA-CBPF-IRQ-18/3884/SA1/CCS/INGO/8543": 1381000.4,
  "XM-OCHA-CBPF-IRQ-18/3884/SA1/CCS/UN/8277": 2729997.98,
  "XM-OCHA-CBPF-IRQ-18/3884/SA1/E/INGO/8183": 1319022.39,
  "XM-OCHA-CBPF-IRQ-18/3884/SA1/E/INGO/8431": 509405.38,
  "XM-OCHA-CBPF-IRQ-18/3884/SA1/E/INGO/8500": 649999.32,
  "XM-OCHA-CBPF-IRQ-18/3884/SA1/E/INGO/8516": 603742.8,
  "XM-OCHA-CBPF-IRQ-18/3884/SA1/E/NGO/8098": 238856.1,
  "XM-OCHA-CBPF-IRQ-18/3884/SA1/E/NGO/8486": 387177.0,
  "XM-OCHA-CBPF-IRQ-18/3884/SA1/EL/INGO/8200": 267998.62,
  "XM-OCHA-CBPF-IRQ-18/3884/SA1/EL/INGO/8554": 459998.56,
  "XM-OCHA-CBPF-IRQ-18/3884/SA1/EL/NGO/8447": 214400.61000000002,
  "XM-OCHA-CBPF-IRQ-18/3884/SA1/F-EL/INGO/8582": 1130641.18,
  "XM-OCHA-CBPF-IRQ-18/3884/SA1/F/INGO/8430": 1141236.1,
  "XM-OCHA-CBPF-IRQ-18/3884/SA1/F/INGO/8466": 998354.61,
  "XM-OCHA-CBPF-IRQ-18/3884/SA1/H-P/INGO/8334": 380000.0,
  "XM-OCHA-CBPF-IRQ-18/3884/SA1/H/INGO/7986": 400000.0,
  "XM-OCHA-CBPF-IRQ-18/3884/SA1/H/INGO/8180": 399999.86,
  "XM-OCHA-CBPF-IRQ-18/3884/SA1/H/INGO/8251": 250040.92,
  "XM-OCHA-CBPF-IRQ-18/3884/SA1/H/INGO/8421": 300075.76,
  "XM-OCHA-CBPF-IRQ-18/3884/SA1/H/INGO/8436": 303251.7,
  "XM-OCHA-CBPF-IRQ-18/3884/SA1/H/INGO/8438": 313184.72,
  "XM-OCHA-CBPF-IRQ-18/3884/SA1/H/INGO/8532": 300331.88,
  "XM-OCHA-CBPF-IRQ-18/3884/SA1/H/INGO/8570": 450664.14,
  "XM-OCHA-CBPF-IRQ-18/3884/SA1/H/NGO/8369": 319993.98,
  "XM-OCHA-CBPF-IRQ-18/3884/SA1/H/NGO/8482": 200139.22,
  "XM-OCHA-CBPF-IRQ-18/3884/SA1/H/NGO/8508": 479993.44,
  "XM-OCHA-CBPF-IRQ-18/3884/SA1/H/NGO/8567": 450611.24,
  "XM-OCHA-CBPF-IRQ-18/3884/SA1/H/O/8213": 633952.5,
  "XM-OCHA-CBPF-IRQ-18/3884/SA1/H/UN/8007": 1516406.18,
  "XM-OCHA-CBPF-IRQ-18/3884/SA1/H/UN/8419": 800000.06,
  "XM-OCHA-CBPF-IRQ-18/3884/SA1/H/UN/8553": 2139554.66,
  "XM-OCHA-CBPF-IRQ-18/3884/SA1/H/UN/8581": 719138.98,
  "XM-OCHA-CBPF-IRQ-18/3884/SA1/LOGs/UN/8468": 1717941.6,
  "XM-OCHA-CBPF-IRQ-18/3884/SA1/NFIs-CCCM/INGO/8250": 1151325.56,
  "XM-OCHA-CBPF-IRQ-18/3884/SA1/NFIs/INGO/8268": 380000.02,
  "XM-OCHA-CBPF-IRQ-18/3884/SA1/NFIs/INGO/8325": 964899.54,
  "XM-OCHA-CBPF-IRQ-18/3884/SA1/NFIs/INGO/8364": 1098156.62,
  "XM-OCHA-CBPF-IRQ-18/3884/SA1/NFIs/INGO/8380": 797938.83,
  "XM-OCHA-CBPF-IRQ-18/3884/SA1/NFIs/INGO/8437": 599999.72,
  "XM-OCHA-CBPF-IRQ-18/3884/SA1/NFIs/O/8377": 996467.0,
  "XM-OCHA-CBPF-IRQ-18/3884/SA1/NFIs/UN/8416": 3400000.0,
  "XM-OCHA-CBPF-IRQ-18/3884/SA1/NFIs/UN/8576": 789788.4,
  "XM-OCHA-CBPF-IRQ-18/3884/SA1/P-E/INGO/8382": 804759.84,
  "XM-OCHA-CBPF-IRQ-18/3884/SA1/P-E/INGO/8483": 697898.88,
  "XM-OCHA-CBPF-IRQ-18/3884/SA1/P/INGO/7992": 990017.59,
  "XM-OCHA-CBPF-IRQ-18/3884/SA1/P/INGO/8281": 301842.5,
  "XM-OCHA-CBPF-IRQ-18/3884/SA1/P/INGO/8358": 521642.34,
  "XM-OCHA-CBPF-IRQ-18/3884/SA1/P/INGO/8400": 2300465.74,
  "XM-OCHA-CBPF-IRQ-18/3884/SA1/P/INGO/8402": 600000.0,
  "XM-OCHA-CBPF-IRQ-18/3884/SA1/P/INGO/8440": 400000.0,
  "XM-OCHA-CBPF-IRQ-18/3884/SA1/P/INGO/8441": 525027.6,
  "XM-OCHA-CBPF-IRQ-18/3884/SA1/P/INGO/8446": 598970.4,
  "XM-OCHA-CBPF-IRQ-18/3884/SA1/P/INGO/8584": 1136444.85,
  "XM-OCHA-CBPF-IRQ-18/3884/SA1/P/NGO/8024": 327527.0,
  "XM-OCHA-CBPF-IRQ-18/3884/SA1/P/NGO/8420": 528709.67,
  "XM-OCHA-CBPF-IRQ-18/3884/SA1/P/NGO/8427": 253719.48,
  "XM-OCHA-CBPF-IRQ-18/3884/SA1/P/NGO/8484": 576817.74,
  "XM-OCHA-CBPF-IRQ-18/3884/SA1/P/NGO/8578": 198057.0,
  "XM-OCHA-CBPF-IRQ-18/3884/SA1/P/NGO/8585": 397737.35,
  "XM-OCHA-CBPF-IRQ-18/3884/SA1/RRM/UN/8248": 545999.6,
  "XM-OCHA-CBPF-IRQ-18/3884/SA1/RRM/UN/8575": 546000.0,
  "XM-OCHA-CBPF-IRQ-18/3884/SA1/WASH/INGO/8341": 800000.0,
  "XM-OCHA-CBPF-IRQ-18/3884/SA1/WASH/INGO/8363": 1192256.16,
  "XM-OCHA-CBPF-IRQ-18/3884/SA1/WASH/INGO/8412": 790370.8,
  "XM-OCHA-CBPF-IRQ-18/3884/SA1/WASH/INGO/8424": 994715.9,
  "XM-OCHA-CBPF-IRQ-18/3884/SA1/WASH/INGO/8450": 699998.28,
  "XM-OCHA-CBPF-IRQ-18/3884/SA1/WASH/INGO/8464": 989220.95,
  "XM-OCHA-CBPF-IRQ-18/3884/SA1/WASH/INGO/8471": 716000.0,
  "XM-OCHA-CBPF-IRQ-18/3884/SA1/WASH/INGO/8597": 766869.0,
  "XM-OCHA-CBPF-IRQ-18/3884/SA1/WASH/NGO/8066": 530762.8,
  "XM-OCHA-CBPF-IRQ-18/3884/SA1/WASH/NGO/8439": 479713.1,
  "XM-OCHA-CBPF-IRQ-18/3884/SA1/WASH/O/8379": 599953.28,
  "XM-OCHA-CBPF-IRQ-18/3884/SA1/WASH/UN/8574": 1600178.58,
  "XM-OCHA-CBPF-IRQ-18/3884/SA1/WASH/UN/8586": 499326.2
}