{
  "GB-COH-02188452-10239": 12910439.435610363,
  "GB-COH-02188452-10579": 59313.31200283513,
  "GB-COH-02188452-10745": 32352.116513546407,
  "GB-COH-02188452-272.16": 1825404.313610933
}