{
  "GB-EDU-133903-FIEBRE": {
    "lshtm-activities.xml": 7769311.138781207
  },
  "GB-EDU-133903-PENDA": {
    "lshtm-activities.xml": 4813367.880176395
  }
}