{
  "BE-BCE_KBO-0408908151-PROG2017-2021_SIA_Outcome-BF": {
    "idp-activities.xml": 1685967.9698084295
  },
  "BE-BCE_KBO-0408908151-PROG2017-2021_SIA_Outcome-BJ": {
    "idp-activities.xml": 1104590.3998126157
  },
  "BE-BCE_KBO-0408908151-PROG2017-2021_SIA_Outcome-PE": {
    "idp-activities.xml": 2578354.1760609834
  },
  "BE-BCE_KBO-0408908151-PROG2017-2021_SIA_Outcome-TZ": {
    "idp-activities.xml": 2510143.25981096
  },
  "BE-BCE_KBO-0408908151-PROG2017-2021_SIA_Outcome-UG": {
    "idp-activities.xml": 1986060.4878255657
  }
}