{
  "BE-BCE_KBO-0408908151-PROG2017-2021_SIA_Outcome-BF": {
    "idp-activities.xml": 1685473.5105139413
  },
  "BE-BCE_KBO-0408908151-PROG2017-2021_SIA_Outcome-BJ": {
    "idp-activities.xml": 1104266.4464519527
  },
  "BE-BCE_KBO-0408908151-PROG2017-2021_SIA_Outcome-PE": {
    "idp-activities.xml": 2577597.9984765532
  },
  "BE-BCE_KBO-0408908151-PROG2017-2021_SIA_Outcome-TZ": {
    "idp-activities.xml": 2509407.087067743
  },
  "BE-BCE_KBO-0408908151-PROG2017-2021_SIA_Outcome-UG": {
    "idp-activities.xml": 1985478.0176451076
  }
}