{
  "BE-BCE_KBO-0418088113-PROG2017-2021-K01B1-ONDERWIJS": 310812.0579956852,
  "BE-BCE_KBO-0418088113-PROG2017-2021-K01B3-POLITIEK": 288948.92058823426
}