{
  "BE-BCE_KBO-0418088113-PROG2017-2021-K01B1-ONDERWIJS": 310720.9032918788,
  "BE-BCE_KBO-0418088113-PROG2017-2021-K01B3-POLITIEK": 288864.17788731965
}