{
  "KR-GOV-210-1220000_2019_016": 2849435.811709282,
  "KR-GOV-210-1220000_2020_012": 85483.07435127845,
  "KR-GOV-210-1220000_2022_001": 704760.457429429,
  "KR-GOV-210-1220000_2022_002": 614528.3233919685,
  "KR-GOV-210-1220000_2022_004": 669617.4157516812,
  "KR-GOV-210-1220000_2022_005": 1383875.9925534746,
  "KR-GOV-210-1220000_2022_006": 426465.55981915584,
  "KR-GOV-210-1220000_2022_007": 8884.474374073934
}