{
  "dec-uk": {
    "GB-CHC-1062638-CIA19": 42969935.83567793,
    "GB-CHC-1062638-CVA20": 31304248.001825836,
    "GB-CHC-1062638-EACA-2017": 80320110.00387219,
    "GB-CHC-1062638-EAM-2017": 38306514.001831025,
    "GB-CHC-1062638-ITA-2018": 29697845.801419534,
    "GB-CHC-1062638-NPL-Nepal-2015": 85796139.040453,
    "GB-CHC-1062638-PHL-Haiyan-2013": 97189845.64745623,
    "GB-CHC-1062638-PSE-Gaza-2014": 18166672.320900355,
    "GB-CHC-1062638-West-Africa-Ebola-2014": 36374862.312610686,
    "GB-CHC-1062638-YEM-2016": 40530763.200915836
  }
}