{
  "eclosio": {
    "BE-BCE_KBO-0432503697-PROG2017-2021_beninOS1": 267471.5609285661,
    "BE-BCE_KBO-0432503697-PROG2017-2021_boliviaOS2": 2780107.3127950565,
    "BE-BCE_KBO-0432503697-PROG2017-2021_cambodiaOS1": 1770608.5969475992,
    "BE-BCE_KBO-0432503697-PROG2017-2021_peruOS1": 2838870.5075854342,
    "BE-BCE_KBO-0432503697-PROG2017-2021_senegalOS2": 872701.5661070362
  }
}