{
  "GB-CHC-1148404-4104-1_CS-HR-NMFA": {
    "ieu-998.xml": 1302724.3178253034,
    "ieu-4105.xml": 1302724.3178253034
  }
}