{
  "DE-1-200421784": 3108168.4546435336,
  "DE-1-200921338": 3480760.633445762,
  "DE-1-201110030-0": 2695596.208587479,
  "DE-1-201134378-0": 346376.0042295981,
  "DE-1-201222678": 2902894.701975291,
  "DE-1-201255306-0": 458161.55877273204,
  "DE-1-201306349-0": 14935.624633998701,
  "DE-1-201415405-0": 136661.31053070026,
  "DE-1-201422658": 2668103.9133277247,
  "DE-1-201516814-0": 30020.624721678036,
  "DE-1-201566769-0": 467541.6131612072,
  "DE-1-201606003-1431": 16678.419981190622,
  "DE-1-201606003-1487": 321076.1860274532,
  "DE-1-201621762": 4037457.934608973,
  "DE-1-201706019-2172": 74367.95642652999,
  "DE-1-201706019-3221": 188331.80734334688,
  "DE-1-201830959-0": 199216.67440504802,
  "DE-1-201831478-0": 1261705.6045653042,
  "DE-1-201906015-4229": 478000.2760696862,
  "DE-1-201922103": 5976500.23215144,
  "DE-1-201932888-0": 245700.56509955923,
  "DE-1-201933506-0": 424995.57206410245,
  "DE-1-202106003-6254": 704204.3817985908,
  "DE-1-202108017-5806": 306000.6634085256,
  "DE-1-202133999-0": 743742.2511121792
}