{
  "US-EIN-37-1552838-10": {
    "gsma_foundation-org-3.xml": 534777.2852040114,
    "gsma_foundation-org2.xml": 534777.2852040114
  },
  "US-EIN-37-1552838-100": {
    "gsma_foundation-org-3.xml": 246820.2854787745,
    "gsma_foundation-org2.xml": 246820.2854787745
  },
  "US-EIN-37-1552838-101": {
    "gsma_foundation-org-3.xml": 164546.85698584965,
    "gsma_foundation-org2.xml": 164546.85698584965
  },
  "US-EIN-37-1552838-102": {
    "gsma_foundation-org-3.xml": 73853.5658209589,
    "gsma_foundation-org2.xml": 73853.5658209589
  },
  "US-EIN-37-1552838-103": {
    "gsma_foundation-org-3.xml": 411367.14246462414,
    "gsma_foundation-org2.xml": 411367.14246462414
  },
  "US-EIN-37-1552838-104": {
    "gsma_foundation-org-3.xml": 307852.360203396,
    "gsma_foundation-org2.xml": 307852.360203396
  },
  "US-EIN-37-1552838-105": {
    "gsma_foundation-org-3.xml": 246820.2854787745,
    "gsma_foundation-org2.xml": 246820.2854787745
  },
  "US-EIN-37-1552838-106": {
    "gsma_foundation-org-3.xml": 271617.496826542,
    "gsma_foundation-org2.xml": 271617.496826542
  },
  "US-EIN-37-1552838-107": {
    "gsma_foundation-org-3.xml": 329093.7139716993,
    "gsma_foundation-org2.xml": 329093.7139716993
  },
  "US-EIN-37-1552838-108": {
    "gsma_foundation-org-3.xml": 361427.1713694188,
    "gsma_foundation-org2.xml": 361427.1713694188
  },
  "US-EIN-37-1552838-109": {
    "gsma_foundation-org-3.xml": 376305.4981780793,
    "gsma_foundation-org2.xml": 376305.4981780793
  },
  "US-EIN-37-1552838-11": {
    "gsma_foundation-org-3.xml": 534777.2852040114,
    "gsma_foundation-org2.xml": 534777.2852040114
  },
  "US-EIN-37-1552838-110": {
    "gsma_foundation-org-3.xml": 240597.12334756964,
    "gsma_foundation-org2.xml": 240597.12334756964
  },
  "US-EIN-37-1552838-111": {
    "gsma_foundation-org-3.xml": 78110.39301118284,
    "gsma_foundation-org2.xml": 78110.39301118284
  },
  "US-EIN-37-1552838-112": {
    "gsma_foundation-org-3.xml": 362174.2141001345,
    "gsma_foundation-org2.xml": 362174.2141001345
  },
  "US-EIN-37-1552838-113": {
    "gsma_foundation-org-3.xml": 292287.87300110445,
    "gsma_foundation-org2.xml": 292287.87300110445
  },
  "US-EIN-37-1552838-114": {
    "gsma_foundation-org-3.xml": 245833.0043368594,
    "gsma_foundation-org2.xml": 245833.0043368594
  },
  "US-EIN-37-1552838-115": {
    "gsma_foundation-org-3.xml": 397194.7216724329,
    "gsma_foundation-org2.xml": 397194.7216724329
  },
  "US-EIN-37-1552838-116": {
    "gsma_foundation-org-3.xml": 236124.73977469426,
    "gsma_foundation-org2.xml": 236124.73977469426
  },
  "US-EIN-37-1552838-12": {
    "gsma_foundation-org-3.xml": 534777.2852040114,
    "gsma_foundation-org2.xml": 534777.2852040114
  },
  "US-EIN-37-1552838-13": {
    "gsma_foundation-org-3.xml": 362003.08536886924,
    "gsma_foundation-org2.xml": 362003.08536886924
  },
  "US-EIN-37-1552838-14": {
    "gsma_foundation-org-3.xml": 362003.08536886924,
    "gsma_foundation-org2.xml": 362003.08536886924
  },
  "US-EIN-37-1552838-15": {
    "gsma_foundation-org-3.xml": 362003.08536886924,
    "gsma_foundation-org2.xml": 362003.08536886924
  },
  "US-EIN-37-1552838-16": {
    "gsma_foundation-org-3.xml": 362003.08536886924,
    "gsma_foundation-org2.xml": 362003.08536886924
  },
  "US-EIN-37-1552838-17": {
    "gsma_foundation-org-3.xml": 362003.08536886924,
    "gsma_foundation-org2.xml": 362003.08536886924
  },
  "US-EIN-37-1552838-18": {
    "gsma_foundation-org-3.xml": 362003.08536886924,
    "gsma_foundation-org2.xml": 362003.08536886924
  },
  "US-EIN-37-1552838-19": {
    "gsma_foundation-org-3.xml": 362003.08536886924,
    "gsma_foundation-org2.xml": 362003.08536886924
  },
  "US-EIN-37-1552838-2": {
    "gsma_foundation-org-3.xml": 346002.5489955652,
    "gsma_foundation-org2.xml": 346002.5489955652
  },
  "US-EIN-37-1552838-21": {
    "gsma_foundation-org-3.xml": 513647.8232984584,
    "gsma_foundation-org2.xml": 513647.8232984584
  },
  "US-EIN-37-1552838-22": {
    "gsma_foundation-org-3.xml": 538240.9965435636,
    "gsma_foundation-org2.xml": 538240.9965435636
  },
  "US-EIN-37-1552838-23": {
    "gsma_foundation-org-3.xml": 125055.61130924574,
    "gsma_foundation-org2.xml": 125055.61130924574
  },
  "US-EIN-37-1552838-24": {
    "gsma_foundation-org-3.xml": 256117.18289847497,
    "gsma_foundation-org2.xml": 256117.18289847497
  },
  "US-EIN-37-1552838-25": {
    "gsma_foundation-org-3.xml": 411367.14246462414,
    "gsma_foundation-org2.xml": 411367.14246462414
  },
  "US-EIN-37-1552838-26": {
    "gsma_foundation-org-3.xml": 321381.4027847725,
    "gsma_foundation-org2.xml": 321381.4027847725
  },
  "US-EIN-37-1552838-27": {
    "gsma_foundation-org-3.xml": 329093.7139716993,
    "gsma_foundation-org2.xml": 329093.7139716993
  },
  "US-EIN-37-1552838-28": {
    "gsma_foundation-org-3.xml": 238592.942629482,
    "gsma_foundation-org2.xml": 238592.942629482
  },
  "US-EIN-37-1552838-29": {
    "gsma_foundation-org-3.xml": 238592.942629482,
    "gsma_foundation-org2.xml": 238592.942629482
  },
  "US-EIN-37-1552838-3": {
    "gsma_foundation-org-3.xml": 329093.7139716993,
    "gsma_foundation-org2.xml": 329093.7139716993
  },
  "US-EIN-37-1552838-30": {
    "gsma_foundation-org-3.xml": 246532.32847904923,
    "gsma_foundation-org2.xml": 246532.32847904923
  },
  "US-EIN-37-1552838-33": {
    "gsma_foundation-org-3.xml": 246820.2854787745,
    "gsma_foundation-org2.xml": 246820.2854787745
  },
  "US-EIN-37-1552838-34": {
    "gsma_foundation-org-3.xml": 344561.1185283692,
    "gsma_foundation-org2.xml": 344561.1185283692
  },
  "US-EIN-37-1552838-35": {
    "gsma_foundation-org-3.xml": 428526.08871110855,
    "gsma_foundation-org2.xml": 428526.08871110855
  },
  "US-EIN-37-1552838-37": {
    "gsma_foundation-org-3.xml": 301112.52094125556,
    "gsma_foundation-org2.xml": 301112.52094125556
  },
  "US-EIN-37-1552838-38": {
    "gsma_foundation-org-3.xml": 411367.14246462414,
    "gsma_foundation-org2.xml": 411367.14246462414
  },
  "US-EIN-37-1552838-39": {
    "gsma_foundation-org-3.xml": 411367.14246462414,
    "gsma_foundation-org2.xml": 411367.14246462414
  },
  "US-EIN-37-1552838-4": {
    "gsma_foundation-org-3.xml": 411367.14246462414,
    "gsma_foundation-org2.xml": 411367.14246462414
  },
  "US-EIN-37-1552838-40": {
    "gsma_foundation-org-3.xml": 411367.14246462414,
    "gsma_foundation-org2.xml": 411367.14246462414
  },
  "US-EIN-37-1552838-41": {
    "gsma_foundation-org-3.xml": 213910.91408160454,
    "gsma_foundation-org2.xml": 213910.91408160454
  },
  "US-EIN-37-1552838-42": {
    "gsma_foundation-org-3.xml": 345031.7225393487,
    "gsma_foundation-org2.xml": 345031.7225393487
  },
  "US-EIN-37-1552838-43": {
    "gsma_foundation-org-3.xml": 81796.24260766586,
    "gsma_foundation-org2.xml": 81796.24260766586
  },
  "US-EIN-37-1552838-45": {
    "gsma_foundation-org-3.xml": 82273.42849292482,
    "gsma_foundation-org2.xml": 82273.42849292482
  },
  "US-EIN-37-1552838-47": {
    "gsma_foundation-org-3.xml": 82273.42849292482,
    "gsma_foundation-org2.xml": 82273.42849292482
  },
  "US-EIN-37-1552838-48": {
    "gsma_foundation-org-3.xml": 493637.28002040926,
    "gsma_foundation-org2.xml": 493637.28002040926
  },
  "US-EIN-37-1552838-49": {
    "gsma_foundation-org-3.xml": 302766.2168539634,
    "gsma_foundation-org2.xml": 302766.2168539634
  },
  "US-EIN-37-1552838-50": {
    "gsma_foundation-org-3.xml": 493587.9159633135,
    "gsma_foundation-org2.xml": 493587.9159633135
  },
  "US-EIN-37-1552838-51": {
    "gsma_foundation-org-3.xml": 493602.7251804422,
    "gsma_foundation-org2.xml": 493602.7251804422
  },
  "US-EIN-37-1552838-52": {
    "gsma_foundation-org-3.xml": 299524.6437713421,
    "gsma_foundation-org2.xml": 299524.6437713421
  },
  "US-EIN-37-1552838-53": {
    "gsma_foundation-org-3.xml": 179013.81665204556,
    "gsma_foundation-org2.xml": 179013.81665204556
  },
  "US-EIN-37-1552838-54": {
    "gsma_foundation-org-3.xml": 44607.007460293986,