{
  "AU-5-INI127-AM": 19708.49804170973,
  "AU-5-INK277-AM": 14697.405051055548,
  "AU-5-INL400-AM": 73449.95513045829,
  "AU-5-INL673-AM": 469126.0284304357
}