{
  "XM-DAC-41108-1100000291": 1871197.5193881846,
  "XM-DAC-41108-1100000470": 3153113.3834898095,
  "XM-DAC-41108-1100000514": 1915309.0475161716,
  "XM-DAC-41108-1100001241": 16390840.291927036,
  "XM-DAC-41108-2000001157": 19913243.32424484
}