{
  "KR-GOV-140-1383000_2019_004": 3301988.010653274,
  "KR-GOV-140-1383000_2021_002": 4589897.190964739,
  "KR-GOV-140-1383000_2022_001": 357856.06889456237,
  "KR-GOV-140-201917111061": 269993.95240969054,
  "KR-GOV-140-GRP_0000142873": 813516.6579827024
}