{
  "KR-GOV-140-1383000_2019_004": 3298962.8053645384,
  "KR-GOV-140-1383000_2021_002": 4585692.032977471,
  "KR-GOV-140-1383000_2022_001": 357528.20941453596,
  "KR-GOV-140-201917111061": 269746.59017514536,
  "KR-GOV-140-GRP_0000142873": 812771.3327761104
}