{
  "GB-CHC-1049160-B14": 2045602.3153224182,
  "GB-CHC-1049160-C13": 2767323.299641008,
  "GB-CHC-1049160-D11": 1895849.8178397794,
  "GB-CHC-1049160-D22": 1966500.8467414372,
  "GB-CHC-1049160-FCB": 218310.88278643508
}