{
  "utz": {
    "NL-KVK-34159275-SP-CEAM": 2245585.7863278273,
    "NL-KVK-34159275-SP-CODI": 1283182.832709133,
    "NL-KVK-34159275-SP-GHAN": 1077552.5525751454,
    "NL-KVK-34159275-SP-GLOB": 1500831.833593673,
    "NL-KVK-34159275-SP-INDO": 1560790.8735019946,
    "NL-KVK-34159275-SP-KENY": 756406.8043687071,
    "NL-KVK-34159275-SP-MALA": 1713103.4087135156,
    "NL-KVK-34159275-SP-UGAN": 1465495.7851921518
  }
}