{
  "XM-DAC-6-4-000038-03-2": -18599.98078596464,
  "XM-DAC-6-4-000282-02-6": -91916.27241007419,
  "XM-DAC-6-4-000782-05-1": -2405.5030851490114,
  "XM-DAC-6-4-001513-09-4": -32830.88118753322,
  "XM-DAC-6-4-001843-07-4": 18004.798826709895,
  "XM-DAC-6-4-001924-01-6": -553.5464217999981,
  "XM-DAC-6-4-002300-03-4": 1241367.165812481,
  "XM-DAC-6-4-002417-05-2": -3523.197365007831,
  "XM-DAC-6-4-002572-01-0": -415492.4330913672,
  "XM-DAC-6-4-003111-01-0": -31446.636510309694,
  "XM-DAC-6-4-003756-05-6": -19897.34151189405,
  "XM-DAC-6-4-004159-20-1": -6504.35312500782,
  "XM-DAC-6-4-004485-01-4": 107141.03308153372,
  "XM-DAC-6-4-004485-02-5": 42944.8639514795,
  "XM-DAC-6-4-004602-01-0": 234056.17728163762,
  "XM-DAC-6-4-005331-01-2": 36038.58474791698,
  "XM-DAC-6-4-006757-01-5": 9372848.03714335,
  "XM-DAC-6-4-006757-02-6": 3825133.0974326464,
  "XM-DAC-6-4-007234-01-0": 2892194.3583626575,
  "XM-DAC-6-4-007234-03-2": 5778245.186477477,
  "XM-DAC-6-4-008803-02-3": 892877.9563316632,
  "XM-DAC-6-4-009344-01-6": 647606.1027348589,
  "XM-DAC-6-4-009344-03-1": 238224.5852653646,
  "XM-DAC-6-4-009344-06-4": 872984.966788546,
  "XM-DAC-6-4-009344-07-5": 6794.696971419585,
  "XM-DAC-6-4-009438-01-5": 71925.99825372931,
  "XM-DAC-6-4-009473-02-6": 57535.85023376909,
  "XM-DAC-6-4-010549-02-2": 38596.72072654104,
  "XM-DAC-6-4-010561-01-4": 2615698.6918032537,
  "XM-DAC-6-4-010561-02-5": 39126.31427919986,
  "XM-DAC-6-4-010914-01-3": 772419.6627272993,
  "XM-DAC-6-4-011026-01-3": 1328500.784313721,
  "XM-DAC-6-4-011479-01-6": 4001853.009194182,
  "XM-DAC-6-4-011488-01-3": 4746826.297407826,
  "XM-DAC-6-4-012127-08-2": 212825.82564705808,
  "XM-DAC-6-4-012127-40-4": 148614.94554855634,
  "XM-DAC-6-4-012378-01-0": 1328500.784313721,
  "XM-DAC-6-4-012590-09-5": 4676322.760784297
}