{
  "XM-DAC-6-4-001843-07-4": 9109.481912021733,
  "XM-DAC-6-4-002300-01-2": 680930.7220783683,
  "XM-DAC-6-4-002300-02-3": 321796.0144541811,
  "XM-DAC-6-4-002300-03-4": 620721.3225386522,
  "XM-DAC-6-4-003901-01-5": 351753.813567581,
  "XM-DAC-6-4-003967-01-4": 61731.00545444497,
  "XM-DAC-6-4-004485-01-4": 134195.1677386199,
  "XM-DAC-6-4-004485-02-5": 21529.422138799724,
  "XM-DAC-6-4-004602-01-0": 258138.7612393944,
  "XM-DAC-6-4-005199-01-4": 107571.90670737276,
  "XM-DAC-6-4-005331-01-2": 18085.2690229463,
  "XM-DAC-6-4-006248-01-2": 614320.9406034697,
  "XM-DAC-6-4-006348-01-6": 433546.8149458076,
  "XM-DAC-6-4-006360-01-2": 512357.92255086947,
  "XM-DAC-6-4-006412-01-1": 368374.9652620928,
  "XM-DAC-6-4-006757-01-5": 9372848.03714335,
  "XM-DAC-6-4-006757-02-6": 3825133.0974326464,
  "XM-DAC-6-4-007064-01-3": 321488.6641280195,
  "XM-DAC-6-4-007090-01-6": 814357.2235386485,
  "XM-DAC-6-4-007098-01-1": 505900.84420855646,
  "XM-DAC-6-4-007234-01-0": 2892194.3583626575,
  "XM-DAC-6-4-007234-03-2": 5778245.186477477,
  "XM-DAC-6-4-007293-01-6": 445442.7521185024,
  "XM-DAC-6-4-007412-01-6": 478337.53859985044,
  "XM-DAC-6-4-007446-01-4": 882377.2438333649,
  "XM-DAC-6-4-007657-01-6": 321877.0039859611,
  "XM-DAC-6-4-007677-01-4": 778574.7995501292,
  "XM-DAC-6-4-007699-01-6": 935769.8168290626,
  "XM-DAC-6-4-007740-01-4": 1031978.799788284,
  "XM-DAC-6-4-007854-01-1": 690983.8079274052,
  "XM-DAC-6-4-008143-01-5": 683089.0888310517,
  "XM-DAC-6-4-008725-01-0": 1004168.5214128138,
  "XM-DAC-6-4-008732-01-0": 1144936.6908328119,
  "XM-DAC-6-4-008803-02-3": 443801.29132633324,
  "XM-DAC-6-4-008888-01-4": 805462.0518572015,
  "XM-DAC-6-4-008943-01-2": 1102521.0141407184,
  "XM-DAC-6-4-009124-01-0": 1088437.0156872014,
  "XM-DAC-6-4-009344-01-6": 647606.1027348589,
  "XM-DAC-6-4-009344-03-1": 238224.5852653646,
  "XM-DAC-6-4-009344-06-4": 872984.966788546,
  "XM-DAC-6-4-009344-07-5": 6794.696971419585,
  "XM-DAC-6-4-009438-01-5": 35963.08452686465,
  "XM-DAC-6-4-009473-01-5": 1092179.2513908416,
  "XM-DAC-6-4-009473-02-6": 57535.85023376909,
  "XM-DAC-6-4-009550-01-5": 569125.6572454754,
  "XM-DAC-6-4-010549-02-2": 38596.72072654104,
  "XM-DAC-6-4-010561-01-4": 2615698.6918032537,
  "XM-DAC-6-4-010561-02-5": 39126.31427919986,
  "XM-DAC-6-4-010914-01-3": 772419.6627272993,
  "XM-DAC-6-4-011026-01-3": 1328500.784313721,
  "XM-DAC-6-4-011479-01-6": 4001853.009194182,
  "XM-DAC-6-4-011488-01-3": 4746826.297407826,
  "XM-DAC-6-4-012127-08-2": 212825.82564705808,
  "XM-DAC-6-4-012127-40-4": 148614.94554855634,
  "XM-DAC-6-4-012378-01-0": 1328500.784313721,
  "XM-DAC-6-4-012590-09-5": 4676322.760784297
}