{
  "femnet": {
    "KE-KRA-P000634725S-2D39-CWDJ-5B": 362899.5695550996,
    "KE-KRA-P000634725S-AACJ-BF": 47369.02396549003,
    "KE-KRA-P000634725S-AACJ-ETH": 101237.07376784278,
    "KE-KRA-P000634725S-AACJ-KEN": 59196.66644823509,
    "KE-KRA-P000634725S-AACJ-MOZ": 148780.13133607793,
    "KE-KRA-P000634725S-AACJ-NIG": 98956.03792117613,
    "KE-KRA-P000634725S-AACJ-SN": 53140.03137254884,
    "KE-KRA-P000634725S-AACJ-SOM": 284.342410570299,
    "KE-KRA-P000634725S-SL": 419745.13680705737
  }
}