{
  "XM-DAC-21-1-2013B1ETHETHOB1CSOAD": 172655.3450980397,
  "XM-DAC-21-1-2013B1ETHETHOB1CSSP": 1819521.7137254952,
  "XM-DAC-21-1-2013B1ETHETHOB1PBSSA": 2656236.07843138,
  "XM-DAC-21-1-2013B1ETHETHOB2BHLCS": 1128900.3333333365,
  "XM-DAC-21-1-2013B1ETHETHOB2BHLFM": 5312472.15686276,
  "XM-DAC-21-1-2013B1ETHETHOB2BHLRB": 1527335.7450980435,
  "XM-DAC-21-1-2013B1ETHETHOB2NUTRI": 2324149.459551771,
  "XM-DAC-21-1-2013B1ETHETHOB3HUM": 664059.019607845,
  "XM-DAC-21-1-2013B1ETHETHOB3PSNP": 14609298.431372589,
  "XM-DAC-21-1-2013B1ETHETHOB3PSNPD": 398435.411764707,
  "XM-DAC-21-1-2013B1ETHETHOB4PSNPG": 1992177.058823535,
  "XM-DAC-21-1-2013B1ETHETHOB4RLP": 1992177.058823535,
  "XM-DAC-21-1-2013B1ETHETHOB4RND": 332029.5098039225,
  "XM-DAC-21-1-2013B1ETHPSDINLAFRIC": 248413.85429098108,
  "XM-DAC-21-1-2013B1ETHPSDINLHUMRE": 132811.803921569,
  "XM-DAC-21-1-2013B1ETHPSDINLSICCI": 173983.46313725537,
  "XM-DAC-21-1-2013B1ETHPSDPMICRO": 33050.217405882446,
  "XM-DAC-21-1-2013B1LESGOV1LESA6": 135498.58671490234,
  "XM-DAC-21-1-2013B1LESGOV1LESC2": 796113.796247061,
  "XM-DAC-21-1-2013B1LESGOV1LESD1": 29532.032720000083,
  "XM-DAC-21-1-2013B1LESGOV1LESD2": 13391.414189411802,
  "XM-DAC-21-1-2013B1MALAGRFM005": 1500773.3843137296,
  "XM-DAC-21-1-2013B1MALAGRFM006": 1660147.5490196124,
  "XM-DAC-21-1-2013B1MALAGRFML001": 6866038.233235313,
  "XM-DAC-21-1-2013B1MALGOVEML001": 2346732.7786905947,
  "XM-DAC-21-1-2013B1MALGOVEML004": 22449.179216862805,
  "XM-DAC-21-1-2013B1MALGOVML002": 1328118.03921569,
  "XM-DAC-21-1-2013B1MALMULML001": 12492.27827686278,
  "XM-DAC-21-1-2013B1MALMULML002": 695257.8404670608,
  "XM-DAC-21-1-2013B1MALMULML003": 359983.7382933343,
  "XM-DAC-21-1-2013B1MALMULML004": 24096.04558549026,
  "XM-DAC-21-1-2013B1MALMULML005": 1328118.03921569,
  "XM-DAC-21-1-2013B1MALMULML006": 1022650.8901960813,
  "XM-DAC-21-1-2013B1MOZAGRMOLANDRG": 265623.607843138,
  "XM-DAC-21-1-2013B1MOZAGRMOPRISEC": 703902.5607843157,
  "XM-DAC-21-1-2013B1MOZBUSMOBCI": 398435.411764707,
  "XM-DAC-21-1-2013B1MOZEDUMOFASE": 8300737.745098062,
  "XM-DAC-21-1-2013B1MOZEDUMONIASSA": 654148.6027992174,
  "XM-DAC-21-1-2013B1MOZENVMOCONAGR": 265623.607843138,
  "XM-DAC-21-1-2013B1MOZGBSMOBUDSUP": 11953062.35294121,
  "XM-DAC-21-1-2013B1MOZGOV1MOCSSM": 1328118.03921569,
  "XM-DAC-21-1-2013B1MOZGOV1MOJUDUC": 132811.803921569,
  "XM-DAC-21-1-2013B1MOZGOV1MOSEC": 66405.9019607845,
  "XM-DAC-21-1-2013B1MOZGOV1MOTA": 398435.411764707,
  "XM-DAC-21-1-2013B1MOZGOVGENMOCEP": 664059.019607845,
  "XM-DAC-21-1-2013B1MOZGOVGENMOPCS": 252727.58168235363,
  "XM-DAC-21-1-2013B1MOZGOVMODPPFIN": 33202.95098039225,
  "XM-DAC-21-1-2013B1MOZGOVMOMPD": 365232.4607843147,
  "XM-DAC-21-1-2013B1MOZGOVMOPDA": 464841.31372549146,
  "XM-DAC-21-1-2013B1MOZGOVMOPNPFD": 398435.411764707,
  "XM-DAC-21-1-2013B1MOZGOVMOSPNIAS": 66405.9019607845,
  "XM-DAC-21-1-2013B1MOZGOVMOTAR": 32897.48383137264,
  "XM-DAC-21-1-2013B1MOZHEAMONUPRV": 106249.44313725519,
  "XM-DAC-21-1-2013B1MOZHEAMOSECTOR": 15937416.47058828,
  "XM-DAC-21-1-2013B1MOZHIVMOINHAMB": 664059.019607845,
  "XM-DAC-21-1-2013B1MOZHUNGMOFFORT": 265623.607843138,
  "XM-DAC-21-1-2013B1MOZHUNMONUTHIV": 332029.5098039225,
  "XM-DAC-21-1-2013B1MOZHUNMONUTSWP": 664059.019607845,
  "XM-DAC-21-1-2013B1MOZINFMOSOPROT": 232420.65686274573,
  "XM-DAC-21-1-2013B1MOZINHAAGRMOINHAMB": 398435.411764707,
  "XM-DAC-21-1-2013B1MOZINHAENV2MODPOPH": 265623.607843138,
  "XM-DAC-21-1-2013B1MOZINHAHIV3MODPSIN": 199217.7058823535,
  "XM-DAC-21-1-2013B1MOZLIVMOCARE": 1083035.104967062,
  "XM-DAC-21-1-2013B1MOZMULMORES": 332029.5098039225,
  "XM-DAC-21-1-2013B1MOZNAISGOVGENMOPCS": 146092.9843137259,
  "XM-DAC-21-1-2013B1MOZNIASAGRMONRNIA": 265623.607843138,
  "XM-DAC-21-1-2013B1MOZNIASGOVMODPPFNI": 132811.803921569,
  "XM-DAC-21-1-2013B1MOZNIASHEAMONIASSA": 398435.411764707,
  "XM-DAC-21-1-2013B1MOZNIASTRAMONIASSA": 365232.4607843147,
  "XM-DAC-21-1-2013B1MOZUNAMOPRODEV": 92968.2627450983,
  "XM-DAC-21-1-2013B1RSAGENRSHBF02": 531247.215686276,
  "XM-DAC-21-1-2013B1RSAGENRSSON01": 564450.1666666683,
  "XM-DAC-21-1-2013B1RSAGENRSUPC01": 75702.72823529433,
  "XM-DAC-21-1-2013B1RSAGOVRSLPM01": 99608.85294117675,
  "XM-DAC-21-1-2013B1RSAGOVRSLSSA01": 92968.2627450983,
  "XM-DAC-21-1-2013B1RSAGOVRSSANT01": 265623.607843138,
  "XM-DAC-21-1-2013B1RSAHIVRSACO01": 265623.607843138,
  "XM-DAC-21-1-2013B1RSAHIVRSAFS01": 398435.411764707,
  "XM-DAC-21-1-2013B1RSAHIVRSCHO01": 265623.607843138,
  "XM-DAC-21-1-2013B1RSAHIVRSNWC0": 298826.5588235302,
  "XM-DAC-21-1-2013B1RSAHIVRSSAFAID": 172655.3450980397,
  "XM-DAC-21-1-2013B1RSAINDRSDST01": 199217.7058823535,
  "XM-DAC-21-1-2013B1RSAINFRSSKI01": 199217.7058823535,
  "XM-DAC-21-1-2013B1TANCFPTZGBS": 10624944.31372552,
  "XM-DAC-21-1-2013B1TANCFPTZHKEL": 332029.5098039225,
  "XM-DAC-21-1-2013B1TANCFPTZINVFUN": 957245.0611188262,
  "XM-DAC-21-1-2013B1TANCFPTZLG/PFM": 1328118.03921569,
  "XM-DAC-21-1-2013B1TANCFPTZONEUN": 664059.019607845,
  "XM-DAC-21-1-2013B1TANCFPTZTMF": 464841.31372549146,
  "XM-DAC-21-1-2013B1TANOB1TZANSAF": 132811.803921569,
  "XM-DAC-21-1-2013B1TANOB1TZASDP": 5312472.15686276,
  "XM-DAC-21-1-2013B1TANOB1TZFIPS": 265623.607843138,
  "XM-DAC-21-1-2013B1TANOB1TZIRLI": 531247.215686276,
  "XM-DAC-21-1-2013B1TANOB1TZMVWTA": 531247.215686276,
  "XM-DAC-21-1-2013B1TANOB1TZNEWVC": 265623.607843138,
  "XM-DAC-21-1-2013B1TANOB1TZPAST": 531247.215686276,
  "XM-DAC-21-1-2013B1TANOB1TZTECHN": 1328118.03921569,
  "XM-DAC-21-1-2013B1TANOB2TZCOUNT": 239061.2470588242,
  "XM-DAC-21-1-2013B1TANOB2TZHEKL": 265623.607843138,
  "XM-DAC-21-1-2013B1TANOB2TZNEWNU": 424997.77254902077,
  "XM-DAC-21-1-2013B1TANOB2TZSTCH": 531247.215686276,
  "XM-DAC-21-1-2013B1TANOB3TZCCBRT": 531247.215686276,
  "XM-DAC-21-1-2013B1TANOB3TZHBF": 9230420.372549046,
  "XM-DAC-21-1-2013B1TANOB3TZHBMTR": 66405.9019607845,
  "XM-DAC-21-1-2013B1TANOB3TZIHI": 664059.019607845,
  "XM-DAC-21-1-2013B1TANOB3TZNEWHEA": 664059.019607845,
  "XM-DAC-21-1-2013B1TANOB3TZSIKIKA": 531247.215686276,
  "XM-DAC-21-1-2013B1TANOB3TZWILDAF": 531247.215686276,
  "XM-DAC-21-1-2013B1UGABUSUG8LINK": 929682.6274509829,
  "XM-DAC-21-1-2013B1UGABUSUG8TOIL": 332029.5098039225,
  "XM-DAC-21-1-2013B1UGAEDUUG4ACHB": 70179.08531019627,
  "XM-DAC-21-1-2013B1UGAEDUUG4KARB": 1173647.2863105915,
  "XM-DAC-21-1-2013B1UGAEDUUG4SESE": 132811.803921569,
  "XM-DAC-21-1-2013B1UGAEDUUGA4UNCF": 350623.16235294216,
  "XM-DAC-21-1-2013B1UGAGOV1UG1DGF": 3652324.607843147,
  "XM-DAC-21-1-2013B1UGAGOV1UG2OAG": 398435.411764707,
  "XM-DAC-21-1-2013B1UGAGOV1UG6FBO": 130576.581261569,
  "XM-DAC-21-1-2013B1UGAGOV1UG6MADV": 533633.8438027466,
  "XM-DAC-21-1-2013B1UGAHIV6UG5CSF": 5976531.176470605,
  "XM-DAC-21-1-2013B1UGAHIV6UG5TASO": 398435.411764707,
  "XM-DAC-21-1-2013B1UGAHIV6UG5UNA": 1593741.647058828,
  "XM-DAC-21-1-2013B1UGAHIV6UG5UPF": 664059.019607845,
  "XM-DAC-21-1-2013B1UGAMULUG7SPG": 1254865.6887627486,
  "XM-DAC-21-1-2013B1UGAMULUG7SPP": 3187483.294117656,
  "XM-DAC-21-1-2013B1UGAUNAUGPGENR": 53124.721568627596,
  "XM-DAC-21-1-2013B1VIETNAMCIRL00638": 16553.66324078436,
  "XM-DAC-21-1-2013B1VIETNAMCIRL00761": 238018.67439803988,
  "XM-DAC-21-1-2013B1VIETNAMVIE005": 5883562.9137255065,
  "XM-DAC-21-1-2013B1VIETNAMVIE007": 2412513.1370549086,
  "XM-DAC-21-1-2013B1VIETNAMVIE010": 1328118.03921569,
  "XM-DAC-21-1-2013B1VIETNAMVIE011": 1328118.03921569,
  "XM-DAC-21-1-2013B1VIETNAMVIE012": 172655.3450980397,
  "XM-DAC-21-1-2013B1VIETNAMVIE016": 77422.64109607865,
  "XM-DAC-21-1-2013B1VIETNAMVIE019": 234447.3649905889,
  "XM-DAC-21-1-2013B1VIETNAMVIE021": 1328118.03921569,
  "XM-DAC-21-1-2013B1VIETNAMVIE023": 1199955.9765494152,
  "XM-DAC-21-1-2013B1ZAMEDUZABKT001": 7968708.23529414,
  "XM-DAC-21-1-2013B1ZAMEDUZAPRCF03": 371873.0509803932,
  "XM-DAC-21-1-2013B1ZAMEDUZAPRCF05": 106249.44313725519,
  "XM-DAC-21-1-2013B1ZAMEDUZAPRCF06": 132811.803921569,
  "XM-DAC-21-1-2013B1ZAMGENZAGEND01": 597653.1176470604,
  "XM-DAC-21-1-2013B1ZAMGOVZACSB002": 531247.215686276,