{
  "XI-IATI-EC_INTPA-2001/2879/0": 429418.342866374,
  "XI-IATI-EC_INTPA-2002/2952/0": 482719.07823181245,
  "XI-IATI-EC_INTPA-2002/4234/0": 835205.0570942911,
  "XI-IATI-EC_INTPA-2003/020-040": 448679.9416655176,
  "XI-IATI-EC_INTPA-2003/031-504": 327948.2119056549,
  "XI-IATI-EC_INTPA-2003/035-476": 391344.46102154633,
  "XI-IATI-EC_INTPA-2003/056-190": 328098.2620721714,
  "XI-IATI-EC_INTPA-2003/059-777": 41533.99631306352,
  "XI-IATI-EC_INTPA-2003/063-990": 1041648.9571316503,
  "XI-IATI-EC_INTPA-2003/073-272": 5081.323616524149,
  "XI-IATI-EC_INTPA-2003/073-557": 7979.333572282315,
  "XI-IATI-EC_INTPA-2003/073-558": 10649.393249406952,
  "XI-IATI-EC_INTPA-2003/073-563": 11446.663323370656,
  "XI-IATI-EC_INTPA-2003/073-619": 422.49905836053694,
  "XI-IATI-EC_INTPA-2003/073-630": 8347.594062345936,
  "XI-IATI-EC_INTPA-2003/073-632": 4896.671368772707,
  "XI-IATI-EC_INTPA-2003/073-635": 4202.308322573776,
  "XI-IATI-EC_INTPA-2003/073-638": 12428.636181694914,
  "XI-IATI-EC_INTPA-2003/073-681": 8661.230696391007,
  "XI-IATI-EC_INTPA-2003/074-318": 32531.13448409006,
  "XI-IATI-EC_INTPA-2003/5938/0": 545008.1453439277,
  "XI-IATI-EC_INTPA-2004/061-223": 379004.9280740248,
  "XI-IATI-EC_INTPA-2004/086-093": 81060.8328953695,
  "XI-IATI-EC_INTPA-2004/086-185": 59323.38790150281,
  "XI-IATI-EC_INTPA-2004/086-244": 92117.36380303725,
  "XI-IATI-EC_INTPA-2004/086-245": 90800.8865136797,
  "XI-IATI-EC_INTPA-2004/086-299": 92641.7181868135,
  "XI-IATI-EC_INTPA-2004/086-398": 92514.84226687955,
  "XI-IATI-EC_INTPA-2004/086-416": 96033.27932580138,
  "XI-IATI-EC_INTPA-2004/16719/0": 497098.74267982814,
  "XI-IATI-EC_INTPA-2005/090-472": 2509575.60822728,
  "XI-IATI-EC_INTPA-2005/103-661": 809622.4329729326,
  "XI-IATI-EC_INTPA-2005/107-311": 78554.5120337636,
  "XI-IATI-EC_INTPA-2005/107-314": 88140.2723284094,
  "XI-IATI-EC_INTPA-2005/107-523": 39166.93345062818,
  "XI-IATI-EC_INTPA-2005/107-536": 30355.685181343375,
  "XI-IATI-EC_INTPA-2005/107-542": 82033.8848712212,
  "XI-IATI-EC_INTPA-2005/107-547": 54279.33422359257,
  "XI-IATI-EC_INTPA-2005/107-680": 78999.82191635043,
  "XI-IATI-EC_INTPA-2005/107-780": 56631.22990552706,
  "XI-IATI-EC_INTPA-2005/110-245": 1382245.1528360667,
  "XI-IATI-EC_INTPA-2005/111-850": 461036.57654199004,
  "XI-IATI-EC_INTPA-2005/113-393": 818039.883744845,
  "XI-IATI-EC_INTPA-2005/115-720": 318720.65446618054,
  "XI-IATI-EC_INTPA-2005/17230/0": 951010.4033566936,
  "XI-IATI-EC_INTPA-2006/118-186": 362938.5849963225,
  "XI-IATI-EC_INTPA-2006/118-187": 927429.7913790719,
  "XI-IATI-EC_INTPA-2006/118-377": 211032.74288147106,
  "XI-IATI-EC_INTPA-2006/118-392": 535598.8586652675,
  "XI-IATI-EC_INTPA-2006/118-430": 182668.00996494133,
  "XI-IATI-EC_INTPA-2006/118-508": 363916.1318861996,
  "XI-IATI-EC_INTPA-2006/119-311": 1072819.4996401544,
  "XI-IATI-EC_INTPA-2006/126-259": 60804.23080750133,
  "XI-IATI-EC_INTPA-2006/126-261": 86766.08013755728,
  "XI-IATI-EC_INTPA-2006/126-262": 84286.74903623409,
  "XI-IATI-EC_INTPA-2006/126-263": 103340.62582078985,
  "XI-IATI-EC_INTPA-2006/126-323": 70884.33647889632,
  "XI-IATI-EC_INTPA-2006/126-326": 56999.12448728949,
  "XI-IATI-EC_INTPA-2006/126-573": 103262.81851283602,
  "XI-IATI-EC_INTPA-2006/126-574": 99344.96069292306,
  "XI-IATI-EC_INTPA-2006/126-576": 96928.6303859229,
  "XI-IATI-EC_INTPA-2006/126-579": 77919.22307349609,
  "XI-IATI-EC_INTPA-2006/127-580": 84710.19375734421,
  "XI-IATI-EC_INTPA-2006/127-710": 77794.4374142302,
  "XI-IATI-EC_INTPA-2006/131-724": 106.6724142533181,
  "XI-IATI-EC_INTPA-2007/134-723": 652901.1000982572,
  "XI-IATI-EC_INTPA-2007/139-108": 72917.84173154799,
  "XI-IATI-EC_INTPA-2007/139-280": 49312.208848003575,
  "XI-IATI-EC_INTPA-2007/140-514": 471465.05879444507,
  "XI-IATI-EC_INTPA-2007/140-567": 1894568.5147788152,
  "XI-IATI-EC_INTPA-2008/155-385": 107559.47527714807,
  "XI-IATI-EC_INTPA-2008/155-428": 118242.46479533784,
  "XI-IATI-EC_INTPA-2008/155-435": 112469.38989720082,
  "XI-IATI-EC_INTPA-2008/155-443": 113026.4223112639,
  "XI-IATI-EC_INTPA-2008/155-446": 110232.77880682572,
  "XI-IATI-EC_INTPA-2008/155-448": 108129.92420163786,
  "XI-IATI-EC_INTPA-2008/155-454": 114180.90846431573,
  "XI-IATI-EC_INTPA-2008/155-694": 107874.01239633735,
  "XI-IATI-EC_INTPA-2008/155-724": 85240.8809674665,
  "XI-IATI-EC_INTPA-2008/155-725": 125223.64604509056,
  "XI-IATI-EC_INTPA-2008/155-774": 140253.3377819952,
  "XI-IATI-EC_INTPA-2008/155-789": 87018.02193776779,
  "XI-IATI-EC_INTPA-2008/155-801": 134458.6405261061,
  "XI-IATI-EC_INTPA-2008/155-829": 94768.90412036295,
  "XI-IATI-EC_INTPA-2009/228-041": 95179.87061610905,
  "XI-IATI-EC_INTPA-2009/228-046": 107802.7994553457,
  "XI-IATI-EC_INTPA-2010/231-618": 788.1929737728574,
  "XI-IATI-EC_INTPA-2010/258-886": 160389.8560094746,
  "XI-IATI-EC_INTPA-2010/258-907": 140163.84495831945,
  "XI-IATI-EC_INTPA-2010/258-910": 194290.03867815132,
  "XI-IATI-EC_INTPA-2010/258-921": 182506.5070930755,
  "XI-IATI-EC_INTPA-2010/258-927": 134350.7272268375,
  "XI-IATI-EC_INTPA-2010/258-968": 158147.5870402251,
  "XI-IATI-EC_INTPA-2010/258-972": 160277.96304839465,
  "XI-IATI-EC_INTPA-2010/259-055": 127344.14453284342,
  "XI-IATI-EC_INTPA-2011/262-657": 161744.2657996233,
  "XI-IATI-EC_INTPA-2011/262-679": 160123.20569048653,
  "XI-IATI-EC_INTPA-2011/262-689": 171223.5556482921,
  "XI-IATI-EC_INTPA-2011/262-691": 193287.0133133965,
  "XI-IATI-EC_INTPA-2011/262-696": 115291.57282187106,
  "XI-IATI-EC_INTPA-2011/263-022": 176388.52608253103,
  "XI-IATI-EC_INTPA-2011/263-083": 185687.29639060344,
  "XI-IATI-EC_INTPA-2012/297-062": 560865.5822328778,
  "XI-IATI-EC_INTPA-2012/307-598": 121281.97672050213,
  "XI-IATI-EC_INTPA-2012/307-904": 136885.44830325452
}