{
  "FR-3-CGN114301": 7926016.9178314805,
  "FR-3-CGN114801": 13229587.749477038,
  "FR-3-CGN117801": 29218445.579407044,
  "FR-3-CGN118401": 39843334.8810096,
  "FR-3-CGN118501": 4283868.454811666,
  "FR-3-CGN119601": 39843334.8810096,
  "FR-3-CGN119701": 41064607.1771532,
  "FR-3-CGN120201": 10624889.301602561,
  "FR-3-CGN120501": 33659727.90509552,
  "FR-3-CGN120602": 43285917.50880677,
  "FR-3-CGN120603": 7209990.301000739,
  "FR-3-CGN121701": 29218439.788842373,
  "FR-3-CGN121801": 1261122.5637648785,
  "FR-3-CGN121901": 16867011.766294066,
  "FR-3-CGN121902": 19921667.4405048,
  "FR-3-CGN121903": 11583922.02449416,
  "FR-3-CGN122001": 2489900.6270200326,
  "FR-3-CGN123701": 19201013.804306146,
  "FR-3-CGN123801": 79706991.8815375,
  "FR-3-CGN126201": 7575461.0729282135,
  "FR-3-CGN126301": 21249778.603205122,
  "FR-3-CGN126401": 14939960.904752951,
  "FR-3-CGN126501": 11131729.763911406,
  "FR-3-CGN128101": 14077978.324623393,
  "FR-3-CGN128103": 8190378.626392988,
  "FR-3-CGN128901": 53952855.84574713,
  "FR-3-CGN128902": 721832.1754822144,
  "FR-3-CGN129201": 11953000.464302883,
  "FR-3-CGN129501": 12617056.045653041,
  "FR-3-CGN130201": 6055158.943873529,
  "FR-3-CGN130301": 1919380.939889852,
  "FR-3-CGN132301": 38847460.85914694,
  "FR-3-CGN132601": 5312444.6508012805,
  "FR-3-CGN133301": 760506.9983189454,
  "FR-3-CGN134201": 1504225.3434301962
}