{
  "GB-CHC-1048007-GEC-6473": {
    "lcdi_admin-298.xml": 4569949.888891016
  },
  "GB-CHC-1048007-GECT-4075": {
    "lcdi_admin-mw.xml": 4077737.6820176714
  }
}