{
  "clientearth-1": {
    "GB-COH-02863827-FGMC-20182021": 589960.8923346256,
    "GB-COH-02863827-FGMC-2021-2023": 589711.1449870659
  }
}