{
  "DE-1-199870452": 2615513.4809463443,
  "DE-1-199970203": 1201824.8591401444,
  "DE-1-200066522": 5574150.623678451,
  "DE-1-200135020": 4215317.602776159,
  "DE-1-200165357": 65897793.754977375,
  "DE-1-200165365": 22223369.49116748,
  "DE-1-200170076": 2515209.5741613107,
  "DE-1-200210054-0": 47278.68627450989,
  "DE-1-200365221": 14495694.384191165,
  "DE-1-200370106": 2459661.1764705814,
  "DE-1-200465351": 6423176.992661427,
  "DE-1-200565242": 47112799.46706486,
  "DE-1-200565259": 20030024.792777173,
  "DE-1-200570119": 3326141.33868532,
  "DE-1-200570127": 1365648.278950541,
  "DE-1-200666321": 3970471.4350026078,
  "DE-1-200710012-0": 1806427.1034902018,
  "DE-1-200720599": 13368126.143352726,
  "DE-1-200765503": 63387946.3173166,
  "DE-1-200770099": 6983714.9661729075,
  "DE-1-200921510": 530004.042175254,
  "DE-1-200922658": 2824305.3256673203,
  "DE-1-200965889": 7930051.733872616,
  "DE-1-200967018": 8121912.169802231,
  "DE-1-200967026": 7839868.129436022,
  "DE-1-200970350": 717928.5330510058,
  "DE-1-201010164-0": 5053631.933333344,
  "DE-1-201115880-0": 283662.3851264597,
  "DE-1-201121896": 1809541.8287937779,
  "DE-1-201165943": 22800321.500762403,
  "DE-1-201170133": 1725036.3972863867,
  "DE-1-201322056": 6771892.8303365875,
  "DE-1-201322064": 23020968.35300541,
  "DE-1-201365907": 19016874.946803555,
  "DE-1-201370097": 1690541.7323086648,
  "DE-1-201455344-0": 378088.6662141163,
  "DE-1-201567445": 12486626.1929626,
  "DE-1-201570076": 664250.3921568604,
  "DE-1-201767391": 13683558.078431325,
  "DE-1-201770072": 1328500.784313721,
  "DE-1-201821776": 12620757.450980349,
  "DE-1-201865278": 22983063.568627372,
  "DE-1-201870419": 3321251.960784302,
  "DE-1-201910033-0": 5232964.589411747,
  "DE-1-201922582": 9299505.490196045,
  "DE-1-201922590": 12620757.450980349,
  "DE-1-201922608": 1328500.784313721,
  "DE-1-201922616-0": 1727051.019607837,
  "DE-1-201965177": 12620757.450980349,
  "DE-1-201968544": 59782535.294117436,
  "DE-1-201970052": 664250.3921568604,
  "DE-1-201970193": 7306754.313725465,
  "DE-1-202001600-4933": 119565.07058823488,
  "DE-1-202108017-5743": 239523.15156349327,
  "DE-1-202110062-0": 1820046.0745097976,
  "DE-1-202121606": 7971004.705882325
}