{
  "GB-CHC-291691-CAM1": 1896558.311160594,
  "GB-CHC-291691-UGA1": 1971530.5926243493
}