{
  "NL-KVK-34200988_WIDG_-16_671": {
    "rainfoundation-2016q1wash.xml": 1414034.6424823801
  },
  "NL-KVK-34200988_WIDG_ET16_670": {
    "rainfoundation-2016q1wash.xml": 37176.48766630736
  },
  "NL-KVK-34200988_WIDG_ET16_673": {
    "rainfoundation-2016q1wash.xml": 33541.44741399658
  },
  "NL-KVK-34200988_WIDG_KE16_676": {
    "rainfoundation-2016q1wash.xml": 42259.16908596149
  },
  "NL-KVK-34200988_WIDG_ML16_679": {
    "rainfoundation-2016q1wash.xml": 21891.389105905644
  },
  "NL-KVK-34200988_WIDG_ML16_680": {
    "rainfoundation-2016q1wash.xml": 77151.3055524243
  },
  "NL-KVK-34200988_WIDG_ML16_681": {
    "rainfoundation-2016q1wash.xml": 49064.41068363793
  },
  "NL-KVK-34200988_WIDG_ML16_682": {
    "rainfoundation-2016q1wash.xml": 52541.405707587364
  },
  "NL-KVK-34200988_WIDG_NP16_660": {
    "rainfoundation-2016q1wash.xml": 47167.86794330187
  },
  "NL-KVK-34200988_WIDG_NP16_661": {
    "rainfoundation-2016q1wash.xml": 48150.67020370011
  },
  "NL-KVK-34200988_WIDG_NP16_662": {
    "rainfoundation-2016q1wash.xml": 10836.058976471912
  },
  "NL-KVK-34200988_WIDG_UG16_677": {
    "rainfoundation-2016q1wash.xml": 27890.334416706723
  },
  "NL-KVK-34200988_WIDG_UG16_678": {
    "rainfoundation-2016q1wash.xml": 46483.8906945112
  }
}