{
  "NL-KVK-34200988_WIDG_-16_671": {
    "rainfoundation-2016q1wash.xml": 1414449.4710556814
  },
  "NL-KVK-34200988_WIDG_ET16_670": {
    "rainfoundation-2016q1wash.xml": 37187.39395450967
  },
  "NL-KVK-34200988_WIDG_ET16_673": {
    "rainfoundation-2016q1wash.xml": 33551.28730784302
  },
  "NL-KVK-34200988_WIDG_KE16_676": {
    "rainfoundation-2016q1wash.xml": 42271.56645607828
  },
  "NL-KVK-34200988_WIDG_ML16_679": {
    "rainfoundation-2016q1wash.xml": 21897.81127792149
  },
  "NL-KVK-34200988_WIDG_ML16_680": {
    "rainfoundation-2016q1wash.xml": 77173.93906156837
  },
  "NL-KVK-34200988_WIDG_ML16_681": {
    "rainfoundation-2016q1wash.xml": 49078.80447490179
  },
  "NL-KVK-34200988_WIDG_ML16_682": {
    "rainfoundation-2016q1wash.xml": 52556.81952823511
  },
  "NL-KVK-34200988_WIDG_NP16_660": {
    "rainfoundation-2016q1wash.xml": 47181.705354901795
  },
  "NL-KVK-34200988_WIDG_NP16_661": {
    "rainfoundation-2016q1wash.xml": 48164.79593529395
  },
  "NL-KVK-34200988_WIDG_NP16_662": {
    "rainfoundation-2016q1wash.xml": 10839.237899215648
  },
  "NL-KVK-34200988_WIDG_UG16_677": {
    "rainfoundation-2016q1wash.xml": 27898.51647058814
  },
  "NL-KVK-34200988_WIDG_UG16_678": {
    "rainfoundation-2016q1wash.xml": 46497.52745098023
  }
}