{
  "DE-1-198570012": 1611186.20256069,
  "DE-1-200465716": 10283899.123479247,
  "DE-1-200466284": 28408391.600320306,
  "DE-1-200560276-0": 994290.8945355931,
  "DE-1-200566299": 1853973.265546421,
  "DE-1-200765644": 11183221.099413777,
  "DE-1-200818658-0": 2201541.168229686,
  "DE-1-200919100-0": 696152.1266891523,
  "DE-1-200922922": 15915180.22995392,
  "DE-1-200967141": 32740200.194395874,
  "DE-1-200975607-0": 626536.9140202372,
  "DE-1-201018340-0": 662525.1948194954,
  "DE-1-201018944-0": 1419128.9673033592,
  "DE-1-201079888-0": 265010.0779277982,
  "DE-1-201122779": 17552745.561324928,
  "DE-1-201179340-0": 1113623.8822949124,
  "DE-1-201215987-0": 47940.14998310787,
  "DE-1-201216944-0": 96335.00117174638,
  "DE-1-201218262-0": 513786.6729159807,
  "DE-1-201255462-0": 173403.00210914348,
  "DE-1-201267228": 15926181.009950109,
  "DE-1-201275247-0": 578010.0070304783,
  "DE-1-201275528-0": 385340.0046869855,
  "DE-1-201276237-0": 642233.3411449759,
  "DE-1-201315761-0": 322413.3375575121,
  "DE-1-201315910-0": 46807.58379741264,
  "DE-1-201334234-0": 65631.78128056531,
  "DE-1-201374206-0": 232331.9387510909,
  "DE-1-201401397-0": 597650.023215144,
  "DE-1-201406214-0": 61121.33584642211,
  "DE-1-201418342-0": 1792950.0696454323,
  "DE-1-201418359-0": 3084006.9309064136,
  "DE-1-201434299-0": 156711.80475398697,
  "DE-1-201468826": 26555960.32003979,
  "DE-1-201474576-0": 199216.67440504802,
  "DE-1-201475599-0": 3320277.9067508006,
  "DE-1-201476167-0": 621556.0241437498,
  "DE-1-201501667-0": 142720.28646605538,
  "DE-1-201516533-0": 112708.82571139997,
  "DE-1-201518307-0": 1992166.7440504802,
  "DE-1-201522184": 35565089.184021905,
  "DE-1-201522192": 8621366.264152069,
  "DE-1-201534122-0": 649184.7206614045,
  "DE-1-201555309-0": 560121.5860907211,
  "DE-1-201555358-0": 657415.0255366585,
  "DE-1-201555507-0": 158364.30706817686,
  "DE-1-201562768-0": 1062488.930160256,
  "DE-1-201568989": 12063009.47908052,
  "DE-1-201575281-0": 239060.00928605764,
  "DE-1-201576255-0": 1726544.5115104162,
  "DE-1-201576669-0": 730461.1394851761,
  "DE-1-201576677-0": 597650.023215144,
  "DE-1-201601699-0": 152865.59482680686,
  "DE-1-201606003-1192": 554353.2008777648,
  "DE-1-201632140-0": 1876621.0728955523,
  "DE-1-201668128": 47147240.92930397,
  "DE-1-201673870-0": 298825.011607572,
  "DE-1-201674555-0": 199216.67440504802,
  "DE-1-201674779-0": 345308.9023020832,
  "DE-1-201706019-1455": 1309714.1668745952,
  "DE-1-201706019-1615": 1306190.6879599513,
  "DE-1-201706019-1784": 236923.90185419368,
  "DE-1-201706019-2254": 54078.48188062695,
  "DE-1-201706019-2344": 50553.22329702498,
  "DE-1-201767854": 31790838.378209185,
  "DE-1-201773662-0": 332027.79067508003,
  "DE-1-201773993-0": 504682.24182612164,
  "DE-1-201775162-0": 398433.34881009604,
  "DE-1-201775170-0": 265622.232540064,
  "DE-1-201775188-0": 292184.45579407044,
  "DE-1-201775196-0": 332027.79067508003,
  "DE-1-201775675-0": 332027.79067508003,
  "DE-1-201775683-0": 464838.90694511204,
  "DE-1-201776558-0": 378511.6813695912,
  "DE-1-201806009-1336": 556993.5655558829,
  "DE-1-201806009-2972": 404798.4543684536,
  "DE-1-201806009-3216": 662220.1317233082,
  "DE-1-201806009-3222": 644111.3360198893,
  "DE-1-201806009-3405": 766112.9555367035,
  "DE-1-201834084-0": 912412.3687751199,
  "DE-1-201868512": 12617056.045653041,
  "DE-1-201874130-0": 464838.90694511204,
  "DE-1-201874148-0": 332027.79067508003,
  "DE-1-201874833-0": 265622.232540064,
  "DE-1-201874841-0": 424995.57206410245,
  "DE-1-201875194-0": 1859355.6277804482,
  "DE-1-201875988-0": 286872.01114326913,
  "DE-1-201876986-0": 903115.5906362177,
  "DE-1-201906015-3415": 298825.011607572,
  "DE-1-201906015-3833": 84169.04493613279,
  "DE-1-201906015-4032": 339604.66485828534,
  "DE-1-201906015-4137": 613178.9364227942,
  "DE-1-201906015-4203": 850764.7688804779,
  "DE-1-201906015-4298": 920144.140563231,
  "DE-1-201920941": 13159656.804133184,
  "DE-1-201973502-0": 265622.232540064,
  "DE-1-201974906-0": 730461.1394851761,
  "DE-1-201975028-0": 265622.232540064,
  "DE-1-201975226-0": 459526.4622943108,
  "DE-1-201975366-0": 166013.89533754002,
  "DE-1-201976836-0": 531244.465080128,
  "DE-1-202006005-4693": 162671.37156881398,
  "DE-1-202006005-4945": 458710.93563485466,
  "DE-1-202006005-5015": 158395.45127494217,
  "DE-1-202006005-5044": 982699.2919397927,
  "DE-1-202006005-5147": 686409.6843851506,
  "DE-1-202006005-5187": 397835.6987868809,
  "DE-1-202006005-5251": 1494125.05803786,
  "DE-1-202021053": 27890334.416706722,
  "DE-1-202026185-0": 1608328.008807298,
  "DE-1-202073658-0": 334684.01300048066,
  "DE-1-202074110-0": 332027.79067508003,
  "DE-1-202074656-0": 664055.5813501601,
  "DE-1-202074664-0": 312106.1232345752,
  "DE-1-202074961-0": 531244.465080128,
  "DE-1-202075323-0": 1314830.051073317,
  "DE-1-202075356-0": 219138.34184555282,
  "DE-1-202077048-0": 710539.4720446713,
  "DE-1-202100709-4995": 574091.588977817,
  "DE-1-202100709-5773": 66748.2108149927,
  "DE-1-202100709-5788": 497733.5642228736,
  "DE-1-202100709-5794": 136120.7692874812,
  "DE-1-202100709-5808": 726832.2882308835,
  "DE-1-202100709-5917": 996083.3720252401,
  "DE-1-202100709-6230": 301858.4175031796,
  "DE-1-202100709-6575": 29834.689158899993,
  "DE-1-202173938-0": 883193.9231957129,
  "DE-1-202173946-0": 703898.9162311697,
  "DE-1-202174225-0": 630852.8022826521,
  "DE-1-202174621-0": 292184.45579407044,
  "DE-1-202174639-0": 438276.68369110563,
  "DE-1-202176071-0": 99608.33720252401,
  "DE-1-202177087-0": 1035926.7069062497,
  "DE-1-202177095-0": 1792950.0696454323
}