{
  "DE-1-198570012": 1611099.8578530187,
  "DE-1-200465716": 10290364.226749044,
  "DE-1-200466284": 28419596.954877913,
  "DE-1-200560276-0": 995272.2178988323,
  "DE-1-200566299": 1856261.7015113228,
  "DE-1-200765644": 11197025.012254883,
  "DE-1-200818658-0": 2206133.2031249995,
  "DE-1-200919100-0": 697391.2109374995,
  "DE-1-200922922": 15923182.883333365,
  "DE-1-200967141": 32751254.436764788,
  "DE-1-200975607-0": 627652.0898437497,
  "DE-1-201018340-0": 662858.3333333347,
  "DE-1-201018944-0": 1419842.5500000028,
  "DE-1-201079888-0": 265143.33333333384,
  "DE-1-201122779": 17559448.240469817,
  "DE-1-201179340-0": 1113564.2023346324,
  "DE-1-201215987-0": 47952.16760039064,
  "DE-1-201216944-0": 96359.15039062503,
  "DE-1-201218262-0": 513915.4687500001,
  "DE-1-201255462-0": 173446.47070312506,
  "DE-1-201267228": 15931558.111817058,
  "DE-1-201275247-0": 578154.9023437501,
  "DE-1-201275528-0": 385436.6015625001,
  "DE-1-201276237-0": 642394.3359375001,
  "DE-1-201315761-0": 322536.4540891185,
  "DE-1-201315910-0": 46825.45770862758,
  "DE-1-201334234-0": 65656.84338666685,
  "DE-1-201374206-0": 232420.65686274573,
  "DE-1-201401397-0": 597825.3529411744,
  "DE-1-201406214-0": 61139.266720097825,
  "DE-1-201418342-0": 1793476.058823523,
  "DE-1-201418359-0": 3084911.6712548914,
  "DE-1-201434299-0": 156757.7785458818,
  "DE-1-201468826": 26563750.914980855,
  "DE-1-201474576-0": 199275.11764705813,
  "DE-1-201475599-0": 3321251.960784302,
  "DE-1-201476167-0": 621738.3670588214,
  "DE-1-201501667-0": 142762.1556332152,
  "DE-1-201516533-0": 112741.8905599996,
  "DE-1-201518307-0": 1992751.1764705812,
  "DE-1-201522184": 35575522.743966125,
  "DE-1-201522192": 8623895.473097747,
  "DE-1-201534122-0": 649375.1688748997,
  "DE-1-201555309-0": 560285.9062788216,
  "DE-1-201555358-0": 657607.8882352918,
  "DE-1-201555507-0": 158410.76564676416,
  "DE-1-201562768-0": 1062800.6274509768,
  "DE-1-201568989": 12097462.068124808,
  "DE-1-201575281-0": 239130.14117646977,
  "DE-1-201576255-0": 1727051.019607837,
  "DE-1-201576669-0": 730675.4313725465,
  "DE-1-201576677-0": 597825.3529411744,
  "DE-1-201601699-0": 152910.44027450928,
  "DE-1-201606003-1192": 554515.8288223118,
  "DE-1-201632140-0": 1877171.6082352875,
  "DE-1-201668128": 47161072.28965555,
  "DE-1-201673870-0": 298912.6764705872,
  "DE-1-201674555-0": 199275.11764705813,
  "DE-1-201674779-0": 345410.2039215674,
  "DE-1-201706019-1455": 1310098.3914494072,
  "DE-1-201706019-1615": 1306573.878868623,
  "DE-1-201706019-1784": 236993.40708499524,
  "DE-1-201706019-2254": 54094.34662595275,
  "DE-1-201706019-2344": 50568.05385411747,
  "DE-1-201767854": 31800164.70426392,
  "DE-1-201773662-0": 332125.1960784302,
  "DE-1-201773993-0": 504830.2980392139,
  "DE-1-201775162-0": 398550.23529411625,
  "DE-1-201775170-0": 265700.1568627442,
  "DE-1-201775188-0": 292270.1725490186,
  "DE-1-201775196-0": 332125.1960784302,
  "DE-1-201775675-0": 332125.1960784302,
  "DE-1-201775683-0": 464975.2745098023,
  "DE-1-201776558-0": 378622.72352941043,
  "DE-1-201806009-1336": 557156.9680915745,
  "DE-1-201806009-2972": 404917.20815301815,
  "DE-1-201806009-3216": 662414.4040729388,
  "DE-1-201806009-3222": 644300.2958788213,
  "DE-1-201806009-3405": 766337.706426664,
  "DE-1-201834084-0": 912680.0388235262,
  "DE-1-201868512": 12620757.450980349,
  "DE-1-201874130-0": 464975.2745098023,
  "DE-1-201874148-0": 332125.1960784302,
  "DE-1-201874833-0": 265700.1568627442,
  "DE-1-201874841-0": 425120.2509803907,
  "DE-1-201875194-0": 1859901.0980392091,
  "DE-1-201875988-0": 286956.1694117637,
  "DE-1-201876986-0": 903380.5333333302,
  "DE-1-201906015-3415": 298912.6764705872,
  "DE-1-201906015-3833": 84193.73720588206,
  "DE-1-201906015-4032": 339704.29305294,
  "DE-1-201906015-4137": 613358.8217917469,
  "DE-1-201906015-4203": 851014.3536676441,
  "DE-1-201906015-4298": 920414.0788445105,
  "DE-1-201920941": 13163517.389647277,
  "DE-1-201973502-0": 265700.1568627442,
  "DE-1-201974906-0": 730675.4313725465,
  "DE-1-201975028-0": 265700.1568627442,
  "DE-1-201975226-0": 459661.27137254743,
  "DE-1-201975366-0": 166062.5980392151,
  "DE-1-201976836-0": 531400.3137254884,
  "DE-1-202006005-4693": 162719.09369029355,
  "DE-1-202006005-4945": 458845.5054659396,
  "DE-1-202006005-5015": 158441.91899015632,
  "DE-1-202006005-5044": 982987.5817263456,
  "DE-1-202006005-5147": 686611.0531080369,
  "DE-1-202006005-5187": 397952.4099411751,
  "DE-1-202006005-5251": 1494563.382352936,
  "DE-1-202021053": 27898516.47058814,
  "DE-1-202026185-0": 1608799.8362952885,
  "DE-1-202073658-0": 334782.19764705765,
  "DE-1-202074110-0": 332125.1960784302,
  "DE-1-202074656-0": 664250.3921568604,
  "DE-1-202074664-0": 312197.6843137244,
  "DE-1-202074961-0": 531400.3137254884,
  "DE-1-202075323-0": 1315215.7764705836,
  "DE-1-202075356-0": 219202.62941176395,
  "DE-1-202077048-0": 710747.9196078407,
  "DE-1-202100709-4995": 574260.0074787823,
  "DE-1-202100709-5773": 66767.79241803898,
  "DE-1-202100709-5788": 497879.58193568455,
  "DE-1-202100709-5794": 136160.7023858819,
  "DE-1-202100709-5808": 727045.5155395347,
  "DE-1-202100709-5917": 996375.5882352906,
  "DE-1-202100709-6230": 301946.97226195975,
  "DE-1-202100709-6575": 29843.441618823425,
  "DE-1-202173938-0": 883453.0215686244,
  "DE-1-202173946-0": 704105.4156862721,
  "DE-1-202174225-0": 631037.8725490174,
  "DE-1-202174621-0": 292270.1725490186,
  "DE-1-202174639-0": 438405.2588235279,
  "DE-1-202176071-0": 99637.55882352906,
  "DE-1-202177087-0": 1036230.6117647022,
  "DE-1-202177095-0": 1793476.058823523
}