{
  "GB-1-201724-140": 14787130.004113259,
  "GB-1-201762-101": 2317750.1109861247
}