{
  "GB-COH-02863827-FGMC-20182021": {
    "clientearth-1-activities.xml": 637881.7369273622
  },
  "GB-COH-02863827-FGMC-2021-2023": {
    "clientearth-1-activities.xml": 638604.1658217687
  }
}