{
  "US-EIN-37-1552838-10": 534777.2852040114,
  "US-EIN-37-1552838-100": 246820.2854787745,
  "US-EIN-37-1552838-101": 164546.85698584965,
  "US-EIN-37-1552838-102": 73853.5658209589,
  "US-EIN-37-1552838-103": 411367.14246462414,
  "US-EIN-37-1552838-104": 307852.360203396,
  "US-EIN-37-1552838-105": 246820.2854787745,
  "US-EIN-37-1552838-106": 271617.496826542,
  "US-EIN-37-1552838-107": 329093.7139716993,
  "US-EIN-37-1552838-108": 361427.1713694188,
  "US-EIN-37-1552838-109": 376305.4981780793,
  "US-EIN-37-1552838-11": 534777.2852040114,
  "US-EIN-37-1552838-110": 240597.12334756964,
  "US-EIN-37-1552838-111": 78110.39301118284,
  "US-EIN-37-1552838-112": 362174.2141001345,
  "US-EIN-37-1552838-113": 292287.87300110445,
  "US-EIN-37-1552838-114": 245833.0043368594,
  "US-EIN-37-1552838-115": 397194.7216724329,
  "US-EIN-37-1552838-116": 236124.73977469426,
  "US-EIN-37-1552838-12": 534777.2852040114,
  "US-EIN-37-1552838-13": 362003.08536886924,
  "US-EIN-37-1552838-14": 362003.08536886924,
  "US-EIN-37-1552838-15": 362003.08536886924,
  "US-EIN-37-1552838-16": 362003.08536886924,
  "US-EIN-37-1552838-17": 362003.08536886924,
  "US-EIN-37-1552838-18": 362003.08536886924,
  "US-EIN-37-1552838-19": 362003.08536886924,
  "US-EIN-37-1552838-2": 346002.5489955652,
  "US-EIN-37-1552838-21": 513647.8232984584,
  "US-EIN-37-1552838-22": 538240.9965435636,
  "US-EIN-37-1552838-23": 125055.61130924574,
  "US-EIN-37-1552838-24": 256117.18289847497,
  "US-EIN-37-1552838-25": 411367.14246462414,
  "US-EIN-37-1552838-26": 321381.4027847725,
  "US-EIN-37-1552838-27": 329093.7139716993,
  "US-EIN-37-1552838-28": 238592.942629482,
  "US-EIN-37-1552838-29": 238592.942629482,
  "US-EIN-37-1552838-3": 329093.7139716993,
  "US-EIN-37-1552838-30": 246532.32847904923,
  "US-EIN-37-1552838-33": 246820.2854787745,
  "US-EIN-37-1552838-34": 344561.1185283692,
  "US-EIN-37-1552838-35": 428526.08871110855,
  "US-EIN-37-1552838-37": 301112.52094125556,
  "US-EIN-37-1552838-38": 411367.14246462414,
  "US-EIN-37-1552838-39": 411367.14246462414,
  "US-EIN-37-1552838-4": 411367.14246462414,
  "US-EIN-37-1552838-40": 411367.14246462414,
  "US-EIN-37-1552838-41": 213910.91408160454,
  "US-EIN-37-1552838-42": 345031.7225393487,
  "US-EIN-37-1552838-43": 81796.24260766586,
  "US-EIN-37-1552838-45": 82273.42849292482,
  "US-EIN-37-1552838-47": 82273.42849292482,
  "US-EIN-37-1552838-48": 493637.28002040926,
  "US-EIN-37-1552838-49": 302766.2168539634,
  "US-EIN-37-1552838-50": 493587.9159633135,
  "US-EIN-37-1552838-51": 493602.7251804422,
  "US-EIN-37-1552838-52": 299524.6437713421,
  "US-EIN-37-1552838-53": 179013.81665204556,
  "US-EIN-37-1552838-54": 44607.007460293986,
  "US-EIN-37-1552838-55": 388266.4092123807,
  "US-EIN-37-1552838-56": 493640.570957549,
  "US-EIN-37-1552838-57": 81842.3157276219,
  "US-EIN-37-1552838-58": 402205.173467652,
  "US-EIN-37-1552838-59": 493640.570957549,
  "US-EIN-37-1552838-6": 410708.95503668074,
  "US-EIN-37-1552838-60": 82273.42849292482,
  "US-EIN-37-1552838-61": 492452.54265011114,
  "US-EIN-37-1552838-62": 478584.5335433437,
  "US-EIN-37-1552838-63": 82273.42849292482,
  "US-EIN-37-1552838-64": 406103.2885096468,
  "US-EIN-37-1552838-65": 493553.3611233465,
  "US-EIN-37-1552838-66": 271502.3140266519,
  "US-EIN-37-1552838-67": 822734.2849292483,
  "US-EIN-37-1552838-68": 55945.931375188884,
  "US-EIN-37-1552838-69": 493640.570957549,
  "US-EIN-37-1552838-7": 431935.49958785536,
  "US-EIN-37-1552838-70": 471630.7833671217,
  "US-EIN-37-1552838-71": 493640.570957549,
  "US-EIN-37-1552838-72": 493638.9254889791,
  "US-EIN-37-1552838-73": 146446.70271740618,
  "US-EIN-37-1552838-74": 78393.4136051985,
  "US-EIN-37-1552838-75": 82273.42849292482,
  "US-EIN-37-1552838-78": 274245.3101326061,
  "US-EIN-37-1552838-8": 534777.2852040114,
  "US-EIN-37-1552838-80": 411367.14246462414,
  "US-EIN-37-1552838-81": 82273.42849292482,
  "US-EIN-37-1552838-82": 82273.42849292482,
  "US-EIN-37-1552838-83": 181001.54268443462,
  "US-EIN-37-1552838-84": 246820.2854787745,
  "US-EIN-37-1552838-85": 246820.2854787745,
  "US-EIN-37-1552838-86": 493640.570957549,
  "US-EIN-37-1552838-87": 493640.570957549,
  "US-EIN-37-1552838-88": 80785.92490577274,
  "US-EIN-37-1552838-89": 464721.4608422859,
  "US-EIN-37-1552838-9": 534777.2852040114,
  "US-EIN-37-1552838-90": 187591.6443067179,
  "US-EIN-37-1552838-91": 196990.56077774963,
  "US-EIN-37-1552838-92": 246820.2854787745,
  "US-EIN-37-1552838-93": 123410.14273938724,
  "US-EIN-37-1552838-94": 493640.570957549,
  "US-EIN-37-1552838-95": 485887.1230563757,
  "US-EIN-37-1552838-96": 246820.2854787745,
  "US-EIN-37-1552838-97": 493640.570957549,
  "US-EIN-37-1552838-98": 82273.42849292482,
  "US-EIN-37-1552838-99": 82273.42849292482
}