{
  "GB-EDU-133903-FIEBRE": 7759297.986215596,
  "GB-EDU-133903-PENDA": 4807164.3717729235
}