{
  "XM-DAC-41108-1100000067": 20801136.190616153,
  "XM-DAC-41108-1100000115": 27135269.37751279,
  "XM-DAC-41108-1100000329": 18108497.79821927,
  "XM-DAC-41108-1100000481": 24809572.318110038,
  "XM-DAC-41108-1100001071": 5255158.017387907,
  "XM-DAC-41108-1100001092": 21351680.453104872,
  "XM-DAC-41108-1100001295": 51911377.62964389,
  "XM-DAC-41108-1100001740": 47788184.63236658,
  "XM-DAC-41108-2000001478": 30002577.71
}