{
  "XM-DAC-41108-1100000329": 8266428.519598844,
  "XM-DAC-41108-1100000481": 24805033.23042948,
  "XM-DAC-41108-1100001071": 5254261.673948223,
  "XM-DAC-41108-1100001092": 21344990.65711848,
  "XM-DAC-41108-1100001295": 51909611.99999452,
  "XM-DAC-41108-1100001740": 47783997.68344621,
  "XM-DAC-41108-2000001478": 30002577.71
}