{
  "GB-SC-044007-GPAF-INN-029": {
    "bioclimate-activities.xml": 545626.8477201606
  },
  "GB-SC-044007-GPAF-INN-072": {
    "bioclimate-activities.xml": 568617.0334467794
  },
  "GB-SC-044007-SG-TWP-PIB7": {
    "bioclimate-activities.xml": 877876.5598499619
  }
}