{
  "US-EIN-47-3594688-G03-001": 255780.7,
  "US-EIN-47-3594688-G03-002": 1534605.792271723,
  "US-EIN-47-3594688-G03-003": 516077.7516311806,
  "US-EIN-47-3594688-G03-004": 628616.8757521522,
  "US-EIN-47-3594688-G03-005": 94719.93,
  "US-EIN-47-3594688-G03-006": 797771.2178220304,
  "US-EIN-47-3594688-G03-007": 590468.79622879,
  "US-EIN-47-3594688-G03-008": 433431.39999999997,
  "US-EIN-47-3594688-G03-009": 126402.03576139917
}