{
  "GB-GOV-12-00002": {
    "dcms-activities.xml": 1959160.6980163204
  },
  "GB-GOV-12-00003": {
    "dcms-activities.xml": 38255932.70715674
  }
}