{
  "SE-0-SE-6-7400055001-HKG-11230": 61534.0142135159,
  "SE-0-SE-6-7400055001-HKG-15162": 184602.1676405477,
  "SE-0-SE-6-7400055001-HKG-99810": 61534.0142135159
}