{
  "GB-CHC-229476-ACCESS": {
    "ippf-activities.xml": 7714302.658632597
  },
  "GB-CHC-229476-GUSO-ippfglobal": {
    "ippf-activities.xml": 9614021.966871744
  },
  "GB-CHC-229476-GUSOflex": {
    "ippf-activities.xml": 98050.47608978816
  },
  "GB-CHC-229476-Grants - Americas and Caribbean": {
    "ippf-activities.xml": 20247249.0
  },
  "GB-CHC-229476-Grants - Arab World": {
    "ippf-activities.xml": 8144641.0
  },
  "GB-CHC-229476-Grants - East and South East Asia": {
    "ippf-activities.xml": 12406227.0
  },
  "GB-CHC-229476-Grants - South Asia": {
    "ippf-activities.xml": 19218571.0
  },
  "GB-CHC-229476-Grants Africa": {
    "ippf-activities.xml": 56765112.0
  },
  "GB-CHC-229476-Grants Europe": {
    "ippf-activities.xml": 3855602.0
  },
  "GB-CHC-229476-WISH1": {
    "ippf-activities.xml": 16323433.68246194
  },
  "GB-CHC-229476-WISH2ACTION": {
    "ippf-activities.xml": 352419631.92076695
  },
  "GB-CHC-229476-WISH2ACTION-BI-ABUBEF": {
    "ippf-activities.xml": 2533869.631537117
  },
  "GB-CHC-229476-WISH2ACTION-ET-FGAE": {
    "ippf-activities.xml": 15835219.252124911
  },
  "GB-CHC-229476-WISH2ACTION-MW-FPAM": {
    "ippf-activities.xml": 2306842.987070265
  },
  "GB-CHC-229476-WISH2ACTION-MZ-AMODEFA": {
    "ippf-activities.xml": 4760698.960715557
  },
  "GB-CHC-229476-WISH2ACTION-PK-Rahnuma-FPAP\u00a0": {
    "ippf-activities.xml": 15055987.320503665
  },
  "GB-CHC-229476-WISH2ACTION-SD-SFPA": {
    "ippf-activities.xml": 11817706.205252877
  },
  "GB-CHC-229476-WISH2ACTION-SS-RHASS": {
    "ippf-activities.xml": 1647592.0000787536
  },
  "GB-CHC-229476-WISH2ACTION-TZ-UMATI": {
    "ippf-activities.xml": 2969855.4265979566
  },
  "GB-CHC-229476-WISH2ACTION-UG-RHU": {
    "ippf-activities.xml": 5766881.747571653
  },
  "GB-CHC-229476-WISH2ACTION-ZM-PPAZ": {
    "ippf-activities.xml": 2906279.794090918
  },
  "GB-CHC-229476-XM-DAC-7PPR-4000000707": {
    "ippf-activities.xml": 31734766.7644151
  }
}