{
  "NL-KVK-41201463-PUANO-001": 880934.8061079597,
  "NL-KVK-41201463-PUANO001": 1071514.7736219675,
  "NL-KVK-41201463-PUANO003": 463930.47890982503,
  "NL-KVK-41201463-PUANS001": 14097744.603057863
}