{
  "XM-DAC-6-4-009960-01-6": 70064.8496971577,
  "XM-DAC-6-4-010159-01-5": 3380994.673926517,
  "XM-DAC-6-4-010159-03-0": 184790.37236578323,
  "XM-DAC-6-4-010185-01-1": 4052894.2865326377,
  "XM-DAC-6-4-010185-02-2": 126716.7328910793,
  "XM-DAC-6-4-011141-05-6": 1328111.1627003201,
  "XM-DAC-6-4-011515-01-1": 4507845.211871829,
  "XM-DAC-6-4-012127-10-6": 44515.62995138933,
  "XM-DAC-6-4-012127-15-2": 104163.75849058611,
  "XM-DAC-6-4-012168-01-6": 1027293.9843486976
}