{
  "GB-CHC-313139-FHH": 1538372.7049846284,
  "GB-CHC-313139-SVE": 180670.21056014075
}