{
  "XI-IATI-EC_FPI-2011/23563/0": 16369843.575781912,
  "XI-IATI-EC_FPI-2012/288-699": 15209022.187317556,
  "XI-IATI-EC_FPI-2013/330-752": 700125.4735145939,
  "XI-IATI-EC_FPI-2014/340-670": 1096.4354514788763,
  "XI-IATI-EC_FPI-2014/354-585": 1926576.7656993668,
  "XI-IATI-EC_FPI-2015/38806/0": 8418277.229311045,
  "XI-IATI-EC_FPI-2016/374-072": 2637444.8390079136,
  "XI-IATI-EC_FPI-2016/374-462": 2760408.9008410014,
  "XI-IATI-EC_FPI-2016/374-464": 579549.8469531711,
  "XI-IATI-EC_FPI-2017/40918/0": 4249955.720641024,
  "XI-IATI-EC_FPI-2018/396-581": 3753025.1058648964,
  "XI-IATI-EC_FPI-2018/398-964": 10624889.301602561,
  "XI-IATI-EC_FPI-2018/399-325": 1553890.0603593746,
  "XI-IATI-EC_FPI-2018/403-634": 4515577.953181089,
  "XI-IATI-EC_FPI-2018/41480/0": 13457238.531038016,
  "XI-IATI-EC_FPI-2018/41620/0": 4515577.953181089,
  "XI-IATI-EC_FPI-2019/411-110": 2721287.633436929,
  "XI-IATI-EC_FPI-2019/42453/0": 7703044.743661857,
  "XI-IATI-EC_FPI-2020/415-786": 2271070.0882175476,
  "XI-IATI-EC_FPI-2020/417-427": 12594834.620923206,
  "XI-IATI-EC_FPI-2020/421-791": 874512.591769606,
  "XI-IATI-EC_FPI-2020/422-479": 4183550.162506008,
  "XI-IATI-EC_FPI-2020/42877/0": 19921667.4405048,
  "XI-IATI-EC_FPI-2020/42951/0": 4648389.069451121,
  "XI-IATI-EC_FPI-2021/431-090": 5033632.94630444,
  "XI-IATI-EC_FPI-2021/43704/0": 10624889.301602561
}