{
  "GB-CHC-202918-SYRA50": 117178.78605968106,
  "GB-CHC-202918-SYRA66": 583366.1946518845,
  "GB-CHC-202918-SYRA84": 1550960.7292741346,
  "GB-CHC-202918-SYRA85": 1010310.0048162921,
  "GB-CHC-202918-SYRA86": 809298.8380306838,
  "GB-CHC-202918-SYRA87": 7565.742464361637,
  "GB-CHC-202918-SYRA89": 1383819.8361746254,
  "GB-CHC-202918-SYRA92": 375448.3222019461,
  "GB-CHC-202918-SYRA93": 1382481.2665300816,
  "GB-CHC-202918-SYRA94": 1683720.3974564804,
  "GB-CHC-202918-SYRA95": 5331559.932086844,
  "GB-CHC-202918-SYRA97": 1435332.7227086078
}