{
  "KR-GOV-120-1480000_2019_010": 1549143.2696326128,
  "KR-GOV-120-1480000_2019_011": 288742.8289198739,
  "KR-GOV-120-1480000_2019_013": 1306941.225637324,
  "KR-GOV-120-1480000_2019_014": 1052391.6264579615,
  "KR-GOV-120-1480000_2019_016": 107328.74890771629,
  "KR-GOV-120-1480000_2019_017": 645435.2038296418,
  "KR-GOV-120-1480000_2019_018": 2117130.8080999963,
  "KR-GOV-120-1480000_2019_019": 702860.8335549562,
  "KR-GOV-120-1480000_2021_009": 1437065.4610387145,
  "KR-GOV-120-1480000_2021_011": 118726.49215455342,
  "KR-GOV-120-1480000_2021_012": 2194065.575016147,
  "KR-GOV-120-1480000_2022_002": 878921.7734888493,
  "KR-GOV-120-1480000_2022_003": 1346012.2107822653,
  "KR-GOV-120-1480000_2022_004": 2275749.4016184798,
  "KR-GOV-120-1480000_2022_005": 1042893.5070855971,
  "KR-GOV-120-1480000_2022_006": 459708.97762243083,
  "KR-GOV-120-1480000_2022_007": 231996.78963565218,
  "KR-GOV-120-1480000_2022_008": 231996.78963565218,
  "KR-GOV-120-1480000_2022_009": 752251.0542912504,
  "KR-GOV-120-1480000_2022_010": 573686.4100908021,
  "KR-GOV-120-1480000_2022_012": 244310.62649595382,
  "KR-GOV-120-1480000_2022_013": 75983.14463736181,
  "KR-GOV-120-GRP_0000154328": 1766650.2032597547
}