{
  "XI-IATI-EC_INTPA-2001/2875/0": 439847.6229578719,
  "XI-IATI-EC_INTPA-2004/073-620": 60640.490753416794,
  "XI-IATI-EC_INTPA-2004/073-621": 61600.84998342953,
  "XI-IATI-EC_INTPA-2004/073-639": 62278.35801808583,
  "XI-IATI-EC_INTPA-2004/073-642": 45940.028471650156,
  "XI-IATI-EC_INTPA-2004/073-692": 61335.51942105892,
  "XI-IATI-EC_INTPA-2004/073-712": 48314.626159034764,
  "XI-IATI-EC_INTPA-2004/073-713": 51200.61604331567,
  "XI-IATI-EC_INTPA-2004/074-025": 62274.66840752225,
  "XI-IATI-EC_INTPA-2004/074-027": 49332.849712102165,
  "XI-IATI-EC_INTPA-2004/074-031": 58203.106762100724,
  "XI-IATI-EC_INTPA-2004/074-032": 49730.69527429654,
  "XI-IATI-EC_INTPA-2004/074-034": 61554.81785674927,
  "XI-IATI-EC_INTPA-2004/074-035": 46167.98826484593,
  "XI-IATI-EC_INTPA-2004/074-037": 53787.71564391756,
  "XI-IATI-EC_INTPA-2004/074-038": 58917.2499510891,
  "XI-IATI-EC_INTPA-2004/074-039": 49730.69527429654,
  "XI-IATI-EC_INTPA-2004/096-578": 40268.9325295654,
  "XI-IATI-EC_INTPA-2004/096-735": 47566.567965061375,
  "XI-IATI-EC_INTPA-2004/096-865": 41690.61720787742,
  "XI-IATI-EC_INTPA-2004/096-957": 51943.73747633798,
  "XI-IATI-EC_INTPA-2005/103-578": 1236545.9708181794,
  "XI-IATI-EC_INTPA-2006/117-319": 442383.3142713097,
  "XI-IATI-EC_INTPA-2008/171-470": 128094.36525938874,
  "XI-IATI-EC_INTPA-2008/171-485": 130717.9211016644,
  "XI-IATI-EC_INTPA-2008/171-604": 125332.26597538465,
  "XI-IATI-EC_INTPA-2008/171-719": 98835.97361974772,
  "XI-IATI-EC_INTPA-2008/172-375": 770695.901130949,
  "XI-IATI-EC_INTPA-2009/227-176": 132868.8507005459,
  "XI-IATI-EC_INTPA-2009/227-188": 128325.16154523061,
  "XI-IATI-EC_INTPA-2009/227-308": 103185.74197035325,
  "XI-IATI-EC_INTPA-2009/227-413": 127671.73283721521,
  "XI-IATI-EC_INTPA-2009/227-431": 75170.00499591348,
  "XI-IATI-EC_INTPA-2009/227-525": 84720.27919131711,
  "XI-IATI-EC_INTPA-2009/227-554": 102939.79854479789,
  "XI-IATI-EC_INTPA-2009/227-716": 130087.08264116776,
  "XI-IATI-EC_INTPA-2009/227-765": 127219.50391832953,
  "XI-IATI-EC_INTPA-2009/227-796": 139224.9373276372,
  "XI-IATI-EC_INTPA-2009/227-809": 90784.23155061356,
  "XI-IATI-EC_INTPA-2010/257-042": 88779.9607736266,
  "XI-IATI-EC_INTPA-2010/257-414": 118448.38446726001,
  "XI-IATI-EC_INTPA-2010/257-788": 89675.76862883892,
  "XI-IATI-EC_INTPA-2010/257-799": 130962.65618922748,
  "XI-IATI-EC_INTPA-2010/257-857": 113942.88855881918,
  "XI-IATI-EC_INTPA-2010/258-042": 110248.76434719634,
  "XI-IATI-EC_INTPA-2010/258-381": 73345.06348365646,
  "XI-IATI-EC_INTPA-2010/258-750": 111777.58304960714,
  "XI-IATI-EC_INTPA-2010/258-756": 94963.96386516273,
  "XI-IATI-EC_INTPA-2010/258-943": 63139.24461686288,
  "XI-IATI-EC_INTPA-2010/258-953": 117387.42821643327,
  "XI-IATI-EC_INTPA-2010/259-069": 110805.57628834379,
  "XI-IATI-EC_INTPA-2010/259-133": 122248.76539554018,
  "XI-IATI-EC_INTPA-2010/259-551": 133574.9412596114,
  "XI-IATI-EC_INTPA-2012/307-118": 119320.06473666706,
  "XI-IATI-EC_INTPA-2012/307-691": 129750.10021836558,
  "XI-IATI-EC_INTPA-2012/307-707": 123065.18019542405,
  "XI-IATI-EC_INTPA-2012/307-763": 111403.17118328655,
  "XI-IATI-EC_INTPA-2012/307-775": 124519.88271865674,
  "XI-IATI-EC_INTPA-2012/307-784": 388430.43081103027,
  "XI-IATI-EC_INTPA-2012/308-147": 131937.3069723068,
  "XI-IATI-EC_INTPA-2012/308-642": 111568.08967527967,
  "XI-IATI-EC_INTPA-2012/308-715": 98550.34265116329,
  "XI-IATI-EC_INTPA-2012/309-012": 87199.66422526517,
  "XI-IATI-EC_INTPA-2013/321-057": 119685.57038859934,
  "XI-IATI-EC_INTPA-2013/321-098": 132206.40995495082,
  "XI-IATI-EC_INTPA-2013/321-170": 79518.17265125498,
  "XI-IATI-EC_INTPA-2013/321-522": 114715.4979435523,
  "XI-IATI-EC_INTPA-2013/321-550": 117320.7621520631,
  "XI-IATI-EC_INTPA-2013/321-576": 128188.15650775451,
  "XI-IATI-EC_INTPA-2013/321-645": 126663.63850136929,
  "XI-IATI-EC_INTPA-2013/321-986": 105553.0320844744,
  "XI-IATI-EC_INTPA-2013/322-252": 94382.46719567147,
  "XI-IATI-EC_INTPA-2013/322-649": 98675.84110356466
}