{
  "GB-CHC-299717-BI0001": 2692014.639364356,
  "GB-CHC-299717-RW001": 846326.9359718937
}