{
  "GB-CHC-202918-NGGA25": 418144.696804707,
  "GB-CHC-202918-NGRA47": -4820.238092898794,
  "GB-CHC-202918-NGRA52": 36277.55388149404,
  "GB-CHC-202918-NGRA54": -21035.936313267302,
  "GB-CHC-202918-NGRA56": 551455.9807222117,
  "GB-CHC-202918-NGRA57": 369479.82132614084,
  "GB-CHC-202918-NGRA60": 1092715.340207271,
  "GB-CHC-202918-NGRA67": 980973.5747960097,
  "GB-CHC-202918-NGRA76": 153909.2794579167,
  "GB-CHC-202918-NGRA78": 772324.4845405165,
  "GB-CHC-202918-NGRA79": 381941.48227425653,
  "GB-CHC-202918-NGRA81": 77526.60129178572
}