{
  "GB-CHC-202918-HECB08": 382467.0146945216,
  "GB-CHC-202918-UGAB72": 605520.3921976634,
  "GB-CHC-202918-UGAB75": 23066.28800110255,
  "GB-CHC-202918-UGAB77": 155068.32747813215,
  "GB-CHC-202918-UGAB78": 108750.7763220782,
  "GB-CHC-202918-UGAB79": 317186.0915155613,
  "GB-CHC-202918-UGGA25": 681033.3724506329
}