{
  "GB-CHC-202918-MYAB12": 75710.72424481892,
  "GB-CHC-202918-MYAB27": 154432.90067146177,
  "GB-CHC-202918-MYAB30": 225694.039105348,
  "GB-CHC-202918-MYAB39": 631481.2027763444,
  "GB-CHC-202918-MYAB43": 286330.15329728636,
  "GB-CHC-202918-MYAB44": 432108.69804217445,
  "GB-CHC-202918-MYAB45": 201815.4058686066,
  "GB-CHC-202918-MYAB48": 289037.9377975758,
  "GB-CHC-202918-MYAB50": 3339051.763244564,
  "GB-CHC-202918-MYAB51": 1231216.6687988513,
  "GB-CHC-202918-MYAB53": 118885.1970941626,
  "GB-CHC-202918-MYAB54": 26281.217794936223,
  "GB-CHC-202918-MYAB57": 45192.44353104017,
  "GB-CHC-202918-MYAB61": 124329.73076210286,
  "GB-CHC-202918-MYAB62": 756205.2682077461,
  "GB-CHC-202918-MYAB65": 555719.386703603,
  "GB-CHC-202918-MYAB66": 454653.19365685206,
  "GB-CHC-202918-MYAB68": 12568025.154473782,
  "GB-CHC-202918-MYAB74": 112284.39983648712,
  "GB-CHC-202918-MYAB75": 14761804.941445043,
  "GB-CHC-202918-MYAB76": 67229.1512912935,
  "GB-CHC-202918-MYAB78": 885483.5909698454,
  "GB-CHC-202918-MYAB79": 478718.8285856024,
  "GB-CHC-202918-MYAB80": 789074.8768925972,
  "GB-CHC-202918-MYAB82": 101527.53528269293,
  "GB-CHC-202918-MYAB84": 206493.0019364302,
  "GB-CHC-202918-MYAB87": 49441.89634172328,
  "GB-CHC-202918-MYAB88": 374131.1712534032,
  "GB-CHC-202918-MYAB90": 1236121.3689479656,
  "GB-CHC-202918-MYAB92": 1132797.216968787
}