{
  "NL-KVK-30214009-C32": 14981909.946601309,
  "NL-KVK-30214009-T35P145": 53045.31764493912,
  "NL-KVK-30214009-T35P146": 677275.3740847814,
  "NL-KVK-30214009-T35P147": 760735.499844488,
  "NL-KVK-30214009-T35P148": 66523.12253513823
}