{
  "XM-DAC-21018-MDR00001": 12146047.470003298,
  "XM-DAC-21018-MDR42004": -3.7109375e-24,
  "XM-DAC-21018-MDR42005": -527254.1808823189,
  "XM-DAC-21018-MDR60005": -353997.5650975834,
  "XM-DAC-21018-MDR63003": 3.7939453125e-23,
  "XM-DAC-21018-MDR65002": -82907.80240355527,
  "XM-DAC-21018-MDR65005": -545761.5329726463,
  "XM-DAC-21018-MDRAF004": -206220.8961722805,
  "XM-DAC-21018-MDRAF006": -432132.8029628301,
  "XM-DAC-21018-MDRAF008": -543251.0299209721,
  "XM-DAC-21018-MDRAF009": -289733.8826245185,
  "XM-DAC-21018-MDRAF010": -283846.20720680954,
  "XM-DAC-21018-MDRAM004": -275182.82137809374,
  "XM-DAC-21018-MDRAM005": -370500.19317930366,
  "XM-DAC-21018-MDRAM006": -301667.3187455771,
  "XM-DAC-21018-MDRAM007": -547383.6890618702,
  "XM-DAC-21018-MDRAM008": -685877.0743788456,
  "XM-DAC-21018-MDRAO007": -174324.96581599078,
  "XM-DAC-21018-MDRAR016": -153874.99737950857,
  "XM-DAC-21018-MDRAR017": -235751.17950297764,
  "XM-DAC-21018-MDRAR018": -114166.76355948193,
  "XM-DAC-21018-MDRAZ004": -674445.5533092006,
  "XM-DAC-21018-MDRBA010": -221682.40772324085,
  "XM-DAC-21018-MDRBA012": -94605.52411852304,
  "XM-DAC-21018-MDRBA013": -123136.90011542034,
  "XM-DAC-21018-MDRBD018": -350647.4188426615,
  "XM-DAC-21018-MDRBD021": -294896.87404828495,
  "XM-DAC-21018-MDRBD023": -364241.98934162897,
  "XM-DAC-21018-MDRBD027": -218200.7001931805,
  "XM-DAC-21018-MDRBF015": -181019.40776220118,
  "XM-DAC-21018-MDRBF016": -342807.0086599764,
  "XM-DAC-21018-MDRBI014": -276424.88730529416,
  "XM-DAC-21018-MDRBI015": -95890.45415652319,
  "XM-DAC-21018-MDRBI016": -50324.51814217848,
  "XM-DAC-21018-MDRBI017": -165399.8655017533,
  "XM-DAC-21018-MDRBI018": -483579.6469518749,
  "XM-DAC-21018-MDRBJ016": -362206.64811102214,
  "XM-DAC-21018-MDRBO011": -75441.05331203526,
  "XM-DAC-21018-MDRBO012": -153453.25469728862,
  "XM-DAC-21018-MDRBO013": -235396.17254100955,
  "XM-DAC-21018-MDRBO014": -58132.70656395682,
  "XM-DAC-21018-MDRBR010": -374246.1475283987,
  "XM-DAC-21018-MDRBY009": -127534.27543027152,
  "XM-DAC-21018-MDRBY010": -350774.03551831114,
  "XM-DAC-21018-MDRBZ006": -320451.4155940443,
  "XM-DAC-21018-MDRCD023": -73665.94209558042,
  "XM-DAC-21018-MDRCD025": -265655.11300960917,
  "XM-DAC-21018-MDRCD026": -1091523.0659452926,
  "XM-DAC-21018-MDRCD027": -220876.71088734397,
  "XM-DAC-21018-MDRCD028": -107022.35214456625,
  "XM-DAC-21018-MDRCD029": -212314.90219514503,
  "XM-DAC-21018-MDRCD030": -409751.3298850044,
  "XM-DAC-21018-MDRCD031": -156043.7445592353,
  "XM-DAC-21018-MDRCD033": -226692.96795084808,
  "XM-DAC-21018-MDRCD034": -752658.6385995105,
  "XM-DAC-21018-MDRCD035": -204249.07066888097,
  "XM-DAC-21018-MDRCD036": -532232.1045702543,
  "XM-DAC-21018-MDRCF024": -83652.73415037095,
  "XM-DAC-21018-MDRCF026": -98213.33530839202,
  "XM-DAC-21018-MDRCF027": -260748.4876083412,
  "XM-DAC-21018-MDRCF028": -276682.5413250106,
  "XM-DAC-21018-MDRCG015": -91067.17745657082,
  "XM-DAC-21018-MDRCG016": -262159.8815087617,
  "XM-DAC-21018-MDRCG017": -223827.79630935632,
  "XM-DAC-21018-MDRCG018": -300705.87248340057,
  "XM-DAC-21018-MDRCI010": -201505.767577702,
  "XM-DAC-21018-MDRCI011": -181841.1281567061,
  "XM-DAC-21018-MDRCI012": -273781.02196542284,
  "XM-DAC-21018-MDRCI013": -118891.83592919118,
  "XM-DAC-21018-MDRCI014": -191016.5365404262,
  "XM-DAC-21018-MDRCL014": -89661.6996111677,
  "XM-DAC-21018-MDRCM026": -132957.22398742355,
  "XM-DAC-21018-MDRCM027": -272880.76648632315,
  "XM-DAC-21018-MDRCM028": -70713.994370346,
  "XM-DAC-21018-MDRCM029": -240080.9567943548,
  "XM-DAC-21018-MDRCM030": -136356.33596708378,
  "XM-DAC-21018-MDRCN006": -408237.15817269444,
  "XM-DAC-21018-MDRCO016": -257088.35971792147,
  "XM-DAC-21018-MDRCO017": -507148.28234668396,
  "XM-DAC-21018-MDRCO018": -17505.15927209906,
  "XM-DAC-21018-MDRCO019": -125005.39113016683,
  "XM-DAC-21018-MDRCR017": -306198.08909431746,
  "XM-DAC-21018-MDRCR018": -313492.8905572591,
  "XM-DAC-21018-MDRCR019": -371237.3860275818,
  "XM-DAC-21018-MDRCR020": -111132.32943615402,
  "XM-DAC-21018-MDRCU005": -63268.20252169217,
  "XM-DAC-21018-MDRCU006": -140357.36834145954,
  "XM-DAC-21018-MDRCV003": -357133.2489005084,
  "XM-DAC-21018-MDRCY001": -87451.71469000958,
  "XM-DAC-21018-MDRCY002": -269149.94064692216,
  "XM-DAC-21018-MDRDJ003": -232060.2815773289,
  "XM-DAC-21018-MDRDJ004": -54576.15329726463,
  "XM-DAC-21018-MDRDO011": -94552.9891133591,
  "XM-DAC-21018-MDRDO012": -207730.75636847998,
  "XM-DAC-21018-MDRDO013": -13467.036943942468,
  "XM-DAC-21018-MDRDZ004": -261673.34601734733,
  "XM-DAC-21018-MDRDZ005": -614773.0788170374,
  "XM-DAC-21018-MDRDZ006": -158765.30451094065,
  "XM-DAC-21018-MDRDZ007": -289810.28923913464,
  "XM-DAC-21018-MDREC013": -110382.7478010774,
  "XM-DAC-21018-MDREC014": -65969.31824637236,
  "XM-DAC-21018-MDREC016": -118868.23720050543,
  "XM-DAC-21018-MDREC017": -54489.92297505495,
  "XM-DAC-21018-MDREC018": -522266.4989781739,
  "XM-DAC-21018-MDREC019": -183065.8825280807,
  "XM-DAC-21018-MDREG015": -518716.6149174146,
  "XM-DAC-21018-MDREG016": -113369.95172134187,
  "XM-DAC-21018-MDREG017": -92445.45454717061,
  "XM-DAC-21018-MDREG018": -213546.66414460298,
  "XM-DAC-21018-MDREG019": -407480.84184030094,
  "XM-DAC-21018-MDRET016": 1.165771484375e-23,
  "XM-DAC-21018-MDRET019": -331753.2200625324,
  "XM-DAC-21018-MDRET021": -357745.4951034278,
  "XM-DAC-21018-MDRET022": -222200.91392525684,
  "XM-DAC-21018-MDRET023": -334197.54407071834,
  "XM-DAC-21018-MDRET024": -436609.226378117,
  "XM-DAC-21018-MDRET025": -196092.60998245148,
  "XM-DAC-21018-MDRET026": -328812.27488980273,
  "XM-DAC-21018-MDRET027": -553520.0789253854,
  "XM-DAC-21018-MDRFJ003": -28130.295846315712,
  "XM-DAC-21018-MDRFJ004": -423994.48338975664,
  "XM-DAC-21018-MDRFJ005": -694881.9977748957,
  "XM-DAC-21018-MDRFJ006": -244050.36774551013,
  "XM-DAC-21018-MDRGE011": -58642.174954986775,
  "XM-DAC-21018-MDRGE012": -112333.67063776407,
  "XM-DAC-21018-MDRGE013": -42663.25964030704,
  "XM-DAC-21018-MDRGE014": -396494.06184387533,
  "XM-DAC-21018-MDRGE015": -184271.18595842013,
  "XM-DAC-21018-MDRGH015": -101274.27161176108,
  "XM-DAC-21018-MDRGH016": -158284.72873546623,
  "XM-DAC-21018-MDRGH017": -188010.48201681286,
  "XM-DAC-21018-MDRGM012": -207124.93923641904,
  "XM-DAC-21018-MDRGM013": -98957.60122613749,
  "XM-DAC-21018-MDRGM014": -301791.9379340161,
  "XM-DAC-21018-MDRGM015": -429065.71046936914,
  "XM-DAC-21018-MDRGN011": -264923.5524203513,
  "XM-DAC-21018-MDRGN013": -394216.65354293375,
  "XM-DAC-21018-MDRGQ002": -238637.50486148742,
  "XM-DAC-21018-MDRGT014": -154831.5645335804,
  "XM-DAC-21018-MDRGT016": -165757.02276416123,
  "XM-DAC-21018-MDRGT017": -42317.945403164595,
  "XM-DAC-21018-MDRGW003": -289430.0026029593,
  "XM-DAC-21018-MDRGY003": -236778.6410801826,
  "XM-DAC-21018-MDRHN014": -59523.863626734754,
  "XM-DAC-21018-MDRHN015": -146211.69772950382,
  "XM-DAC-21018-MDRHR003": -204193.3484163645,
  "XM-DAC-21018-MDRHT015": -60006.07668680806,
  "XM-DAC-21018-MDRHT016": -230708.94327599663,
  "XM-DAC-21018-MDRHT017": -60660.45568007292,
  "XM-DAC-21018-MDRHT019": -71727.25523246301,
  "XM-DAC-21018-MDRHU007": -59198.07673724205,
  "XM-DAC-21018-MDRID015": -76044.88387211622,
  "XM-DAC-21018-MDRID016": -184331.18698135513,
  "XM-DAC-21018-MDRID017": -486782.68864319933,
  "XM-DAC-21018-MDRID018": -69161.23731765484,
  "XM-DAC-21018-MDRID019": -106307.67741713858,
  "XM-DAC-21018-MDRID020": -798239.3647513988,
  "XM-DAC-21018-MDRID021": -214274.00053959564,
  "XM-DAC-21018-MDRID022": -266740.9492403809,
  "XM-DAC-21018-MDRID023": -355146.67692048795,
  "XM-DAC-21018-MDRIL003": -187715.20319701332,
  "XM-DAC-21018-MDRIN020": -360374.11186606786,
  "XM-DAC-21018-MDRIN021": -297272.65040792956,
  "XM-DAC-21018-MDRIN022": -396226.63869271876,
  "XM-DAC-21018-MDRIN023": -457948.163945197,
  "XM-DAC-21018-MDRIN024": -437061.57536710607,
  "XM-DAC-21018-MDRIN025": -233963.87597387616,
  "XM-DAC-21018-MDRIN026": -384067.77031285036,