{
  "XM-DAC-41108-1100001408": 18825957.125560578,
  "XM-DAC-41108-1100001575": 27635714.346834585,
  "XM-DAC-41108-2000000977": 48617937.59837951,
  "XM-DAC-41108-2000001284": 47918473.33,
  "XM-DAC-41108-2000002204": 13500000.0
}