{
  "ES-DIR3-E04585801-009-001293": 34410.977962912795,
  "ES-DIR3-E04585801-009-002269": 8829.82632062666,
  "ES-DIR3-E04585801-009-003455": 32517.817363011443,
  "ES-DIR3-E04585801-009-003749": 52061.91649728716,
  "ES-DIR3-E04585801-009-003781": 27283.785116225354,
  "ES-DIR3-E04585801-009-003809": 14859.918679372739,
  "ES-DIR3-E04585801-009-007381": 179670.42883870908,
  "ES-DIR3-E04585801-009-027895": 2060278.795045702,
  "ES-DIR3-E04585801-009-027897": 1382285.64389856,
  "ES-DIR3-E04585801-009-028257": 356638.0483049457,
  "ES-DIR3-E04585801-009-028291": 3897.6835880321937,
  "ES-DIR3-E04585801-009-028685": 551782.8852965051,
  "ES-DIR3-E04585801-009-032459": 11136.238822949124,
  "ES-DIR3-E04585801-009-034137": 15312.328381555046,
  "ES-DIR3-E04585801-009-035905": 278405.9705737281,
  "ES-DIR3-E04585801-009-036543": 12528.268675817764,
  "ES-DIR3-E04585801-009-038937": 14477.110469833862,
  "ES-DIR3-E04585801-009-044703": 770143.3001592811,
  "ES-DIR3-E04585801-009-045393": 21743.534142405224,
  "ES-DIR3-E04585801-009-046443": 1943895.9119488546,
  "ES-DIR3-E04585801-009-047973": 7938.004096551902,
  "ES-DIR3-E04585801-009-048237": 7706.800093739711,
  "ES-DIR3-E04585801-009-048511": 11598.348801073578,
  "ES-DIR3-E04585801-009-049943": 5523.206733846792,
  "ES-DIR3-E04585801-009-051909": 4624.080056243826,
  "ES-DIR3-E04585801-009-053285": 111972.0600279438,
  "ES-DIR3-E04585801-009-053457": 1456038.009220816,
  "ES-DIR3-E04585801-009-053579": 3228640.205130747,
  "ES-DIR3-E04585801-009-054077": 1130751.9854869486,
  "ES-DIR3-E04585801-009-058761": 32550.903283924665,
  "ES-DIR3-E04585801-009-058949": 109179.6679946459,
  "ES-DIR3-E04585801-009-059561": 5651.653402075788,
  "ES-DIR3-E04585801-009-059967": 12844.666822899517,
  "ES-DIR3-E04585801-009-059983": 13109.780746124163,
  "ES-DIR3-E04585801-009-060513": 15490.668188416817,
  "ES-DIR3-E04585801-009-061511": 69361.2008436574,
  "ES-DIR3-E04585801-009-062439": 2055.146691663923,
  "ES-DIR3-E04585801-009-064529": 1301.5633492159684,
  "ES-DIR3-E04585801-009-065131": 8629.472010754806,
  "ES-DIR3-E04585801-009-065853": 35370.88969356583,
  "ES-DIR3-E04585801-009-065867": 9563.154330096902,
  "ES-DIR3-E04585801-009-065997": 11454.708042632785,
  "ES-DIR3-E04585801-009-066055": 76056.32950677576,
  "ES-DIR3-E04585801-009-066057": 246720.34865072145,
  "ES-DIR3-E04585801-009-066131": 37717.76264516103,
  "ES-DIR3-E04585801-009-066139": 4101.654427265687,
  "ES-DIR3-E04585801-009-066169": 28705.07569657478,
  "ES-DIR3-E04585801-009-066713": 122758.73048969751,
  "ES-DIR3-E04585801-009-073009": 132761.1078577662,
  "ES-DIR3-E04585801-009-073585": 6428.7973346829,
  "ES-DIR3-E04585801-009-073879": 98981.53088776562,
  "ES-DIR3-E04585801-009-074927": 7626.085283670146,
  "ES-DIR3-E04585801-009-075141": 115502.16383625662,
  "ES-DIR3-E04585801-009-076129": 5310.444314310649,
  "ES-DIR3-E04585801-009-076295": 5310.444314310649,
  "ES-DIR3-E04585801-009-076303": 5310.444314310649,
  "ES-DIR3-E04585801-009-076309": 5310.444314310649,
  "ES-DIR3-E04585801-009-076449": 375454.3872716165,
  "ES-DIR3-E04585801-009-076451": 1112363.502991248,
  "ES-DIR3-E04585801-009-080820": 22312.26753336538,
  "ES-DIR3-E04585801-009-080856": 1593.7333952403842,
  "ES-DIR3-E04585801-009-082244": 11421.755999222753,
  "ES-DIR3-E04585801-009-082916": 4464.684733426412,
  "ES-DIR3-E04585801-009-082922": 10292.861510927482,
  "ES-DIR3-E04585801-009-083528": 2523.4112091306083,
  "ES-DIR3-E04585801-009-083716": 6640.555813501601,
  "ES-DIR3-E04585801-009-084326": 80749.15869217947,
  "ES-DIR3-E04585801-009-084382": 1628.7955299356727,
  "ES-DIR3-E04585801-009-084832": 8765.533673822112,
  "ES-DIR3-E04585801-009-085029": 5312.444650801281,
  "ES-DIR3-E04585801-009-085042": 5312.444650801281,
  "ES-DIR3-E04585801-009-085648": 26562.223254006403,
  "ES-DIR3-E04585801-009-085697": 115545.67115492786,
  "ES-DIR3-E04585801-009-086626": 30551.869186758166,
  "ES-DIR3-E04585801-009-086661": 92967.7813890224,
  "ES-DIR3-E04585801-009-086816": 8928.785097941236,
  "ES-DIR3-E04585801-009-086825": 3116.8112766251115,
  "ES-DIR3-E04585801-009-086827": 10890.511534142624,
  "ES-DIR3-E04585801-009-086831": 12299.292168865362,
  "ES-DIR3-E04585801-009-088629": 22557.569665116127,
  "ES-DIR3-E04585801-009-088683": 21249.778603205123,
  "ES-DIR3-E04585801-009-089462": 5843.689115881409,
  "ES-DIR3-E04585801-009-089494": 5843.689115881409,
  "ES-DIR3-E04585801-009-089595": 10784.2626411266,
  "ES-DIR3-E04585801-009-089625": 4093.2386034423866,
  "ES-DIR3-E04585801-009-089676": 146172.52549793207,
  "ES-DIR3-E04585801-009-089991": 25038.136008138023,
  "ES-DIR3-E04585801-009-089992": 115439.42226191182,
  "ES-DIR3-E04585801-009-089993": 87396.46131038759,
  "ES-DIR3-E04585801-009-090422": 27447.648403955453,
  "ES-DIR3-E04585801-009-090511": 9123.061198821038,
  "ES-DIR3-E04585801-009-090513": 9296.77813890224,
  "ES-DIR3-E04585801-009-090846": 5843.051622523313,
  "ES-DIR3-E04585801-009-094445": 48337.933877640855,
  "ES-DIR3-E04585801-009-094566": 17343.93648481975
}