{
  "hmtfitb": {
    "GB-GOV-2-PF-05-AIIB": 30981920.549716752,
    "GB-GOV-2-WORLDBANK-NRA": 412605.3277412422,
    "GB-GOV-hmtfitb-AIIB": 299966287.4338202,
    "GB-GOV-hmtfitb-CFATF-VC": 177167.84144542846,
    "GB-GOV-hmtfitb-ESAAMLG-VC": 296239.23291152,
    "GB-GOV-hmtfitb-FATF-VC": 1655829.9600791475,
    "GB-GOV-hmtfitb-MONEYVAL-VC": 148261.16932244677
  }
}