{
  "hmtfitb": {
    "GB-GOV-2-PF-05-AIIB": 30941990.79382225,
    "GB-GOV-2-WORLDBANK-NRA": 412073.5585763501,
    "GB-GOV-hmtfitb-AIIB": 299579688.3973082,
    "GB-GOV-hmtfitb-CFATF-VC": 176939.50606351055,
    "GB-GOV-hmtfitb-ESAAMLG-VC": 295857.43733375554,
    "GB-GOV-hmtfitb-FATF-VC": 1653695.912707789,
    "GB-GOV-hmtfitb-MONEYVAL-VC": 148070.0890990572
  }
}