{
  "NL-KVK-41160054-200902": 918513.5122398908,
  "NL-KVK-41160054-200903": 322822.65220640413,
  "NL-KVK-41160054-200904": 258017.468022442,
  "NL-KVK-41160054-200905": 847275.0638327013,
  "NL-KVK-41160054-200906": 1237548.590626948,
  "NL-KVK-41160054-200907": 682584.0601809922,
  "NL-KVK-41160054-200929": 22124634.604678065
}