{
  "RW-MINAFFET-0766/09.06/32/16-P03151": {
    "iucn-activities.xml": 2457726.4509803834
  },
  "XM-DAC-30011-5863": {
    "iucn-activity.xml": 30211981.021399897
  },
  "XM-DAC-30011-5870": {
    "iucn-activity.xml": 26072761.828208145
  },
  "XM-DAC-30011-5988": {
    "iucn-activity.xml": 12242387.142599957
  }
}