{
  "GB-1-106804-101": 870120.0729681189,
  "GB-1-106849-101": 448164.7969604991,
  "GB-1-106881-101": 8725.556584492431,
  "GB-1-113473-101": 178416.46247658753,
  "GB-1-113525-101": 9956.086261568782,
  "GB-1-113525-102": 471052.33813324856,
  "GB-1-113525-103": 237951.10253248917,
  "GB-1-113526-101": 215310.37917197606,
  "GB-1-113989-101": 1539054.7057422458,
  "GB-1-113990-102": 3720079.676722206,
  "GB-1-114442-101": 2066987.384587966,
  "GB-1-114445-101": 8899797.461799111,
  "GB-1-114447-101": 466760.16495518136,
  "GB-1-114494-101": 705326.3859553579,
  "GB-1-114508-102": 1178728.166318064,
  "GB-1-114508-103": 989094.3591883129,
  "GB-1-200952-103": 5758585.552545832,
  "GB-1-200952-105": 2175541.1717370874,
  "GB-1-200955-101": 154146.488874136,
  "GB-1-200983-101": 498198.27390760573,
  "GB-1-200983-102": 10979185.298928574,
  "GB-1-201276-101": 53473.585393931215,
  "GB-1-201465-101": 1759625.819216341,
  "GB-1-201728-101": 43310535.94392709,
  "GB-1-201736-101": 475215.73287873063,
  "GB-1-201736-102": 1050178.1823251608,
  "GB-1-201795-102": 252077.33970693868,
  "GB-1-201795-103": 1080169.3054493368,
  "GB-1-201876-101": 1524170.5022917085,
  "GB-1-202199-101": 302224.52799690695,
  "GB-1-202374-101": 17198674.109982956,
  "GB-1-202445-101": 38294138.20580595,
  "GB-1-202445-102": 2272678.707496816,
  "GB-1-202445-104": 13458500.900736686,
  "GB-1-202581-101": 39813.790198250754,
  "GB-1-202589-101": 694326.7153594537,
  "GB-1-202824-103": 22153709.34591202,
  "GB-1-202824-104": 5093857.3060881095,
  "GB-1-202824-105": 1245357.036675967,
  "GB-1-202824-106": 335810.5166738617,
  "GB-1-202824-109": 913554.2771740181,
  "GB-1-203190-101": 2213229.516789881,
  "GB-1-203258-101": 38155826.37488075,
  "GB-1-203258-102": 2270258.06761493,
  "GB-1-203258-103": 599462.6096950398,
  "GB-1-203259-101": 1841693.8970857623,
  "GB-1-203700-101": 4354832.271955719,
  "GB-1-203890-104": 55764.92983250445,
  "GB-1-203891-101": 14288339.116532052,
  "GB-1-203891-103": 231846.52149306217,
  "GB-1-203891-104": 318358.67702194245,
  "GB-1-203891-105": 768168.9016841707,
  "GB-1-203892-104": 79959.89968370378,
  "GB-1-203893-101": 8577256.883282673,
  "GB-1-203894-101": 70929.56817232035,
  "GB-1-203894-104": 311263.41654871264,
  "GB-1-203896-101": 50325581.75313762,
  "GB-1-203896-102": 4058071.822597079,
  "GB-1-203896-103": 1167463.0179559526,
  "GB-1-203897-101": 46617692.71563828,
  "GB-1-203897-102": 4667782.96554609,
  "GB-1-203897-103": 1472771.7070461377,
  "GB-1-203897-104": 1371262.7509715671,
  "GB-1-203897-105": 1750599.2022553259,
  "GB-1-204161-101": 50247759.28213454,
  "GB-1-204161-102": 4728935.159476311,
  "GB-1-204161-103": 2220678.308761071,
  "GB-1-204161-104": 1802169.832703261,
  "GB-1-204161-106": 1526002.61528106,
  "GB-1-204161-107": 267316.2419849319,
  "GB-1-204161-108": 865878.4708309381,
  "GB-1-204238-101": 172427800.72822124,
  "GB-1-204238-102": 14678942.091113633,
  "GB-1-204238-103": 23465048.220952954,
  "GB-1-204238-104": 3153994.6634590896,
  "GB-1-204238-105": 315232.28673921135,
  "GB-1-204712-101": 35862194.36421526,
  "GB-1-204728-101": 191905036.1244993,
  "GB-1-204728-102": 11928939.57998906,
  "GB-1-204728-103": 26859289.522954233,
  "GB-1-204728-104": 11518279.989009475,
  "GB-1-204925-101": 799452.5501343204,
  "GB-1-204925-103": 196088.84400146717,
  "GB-1-204985-101": 36570.53896510509,
  "GB-GOV-1-301379-101": 49031565.489186436,
  "GB-GOV-1-301379-102": 1050363.470477763,
  "GB-GOV-1-301379-103": 5564808.510935879
}