{
  "XM-DAC-41108-1100000278": 7872005.714359903,
  "XM-DAC-41108-1100000367": 13805459.637395488,
  "XM-DAC-41108-1100000438": 1423334.6685502888,
  "XM-DAC-41108-1100000446": 5643319.119713925,
  "XM-DAC-41108-1100000497": 24520454.281487256,
  "XM-DAC-41108-1100001089": 51748575.43502353,
  "XM-DAC-41108-1100001131": 37399382.714978844,
  "XM-DAC-41108-1100001356": 17629601.2066541,
  "XM-DAC-41108-1100001441": 72080647.38253169,
  "XM-DAC-41108-1100001444": 82696044.46460973,
  "XM-DAC-41108-1100001661": 67512205.8580349,
  "XM-DAC-41108-2000001062": 139446144.20709568,
  "XM-DAC-41108-2000001896": 37257251.15531898,
  "XM-DAC-41108-2000003362": 36114833.507137306
}