{
  "kpmgea": {
    "TZ-BRLA-36057-AcT2Programme": 22573791.44803101,
    "TZ-BRLA-36057-BRACEDImplementation": 23841839.212195624
  }
}