{
  "AU-5-INH722-KI": 74725.46756796764,
  "AU-5-INI064-KI": 2852532.21065216,
  "AU-5-INI070-KI": 632030.3816677761,
  "AU-5-INI079-KI": 42408.00235708899,
  "AU-5-INI089-KI": 17339.696715058868,
  "AU-5-INI124-KI": 73603.06288589681,
  "AU-5-INI132-KI": 19962362.031514436,
  "AU-5-INI174-KI": 2408279.4021147573,
  "AU-5-INI215-KI": 81321.10563584087,
  "AU-5-INI285-KI": 679861.1482752729,
  "AU-5-INI297-KI": 53866.53957933445,
  "AU-5-INI304-KI": 1902662.0954361025,
  "AU-5-INI421-KI": 181929.88700443745,
  "AU-5-INI462-KI": 354754.03677215666,
  "AU-5-INI463-KI": 1799992.173188806,
  "AU-5-INI486-KI": 124288.52022916269,
  "AU-5-INI504-KI": 121533.62154770478,
  "AU-5-INI526-KI": 22102.82898829219,
  "AU-5-INI542-KI": 20057.888352889855,
  "AU-5-INI591-KI": 22499.95688669185,
  "AU-5-INI595-KI": 139656.57863158933,
  "AU-5-INI598-KI": 661123.4438137406,
  "AU-5-INI614-KI": 5051562.344441516,
  "AU-5-INI620-KI": 126179266.76328571,
  "AU-5-INI677-KI": 6585011.875914923,
  "AU-5-INI717-KI": 317978.0057775046,
  "AU-5-INI718-KI": 65534.497643949035,
  "AU-5-INI766-KI": 66861.71845449388,
  "AU-5-INI851-KI": 350733.4365184132,
  "AU-5-INI855-KI": 93414.62073195439,
  "AU-5-INI864-KI": 794229.9490671752,
  "AU-5-INI885-KI": 127171.61549670807,
  "AU-5-INI894-KI": 8896411.761905579,
  "AU-5-INI898-KI": 9914.696178626114,
  "AU-5-INI962-KI": 293554.2434856783,
  "AU-5-INI976-KI": 1269407.3966854173,
  "AU-5-INJ054-KI": 3064025.7070446895,
  "AU-5-INJ091-KI": 684811.2226640416,
  "AU-5-INJ147-KI": 11307.461074770468,
  "AU-5-INJ186-KI": 153138.23094451128,
  "AU-5-INJ197-KI": 47525415.88042863,
  "AU-5-INJ201-KI": 13851347.936931668,
  "AU-5-INJ209-KI": 1506398.0060099938,
  "AU-5-INJ270-KI": -361.3580736831172,
  "AU-5-INJ277-KI": 1160567.7696615602,
  "AU-5-INJ383-KI": 14748181.818241742,
  "AU-5-INJ429-KI": 19448.53048086754,
  "AU-5-INJ488-KI": 6318524.5750224525,
  "AU-5-INJ489-KI": 170274.07048937026,
  "AU-5-INJ507-KI": 1236247.9654966083,
  "AU-5-INJ521-KI": 53355.24613844419,
  "AU-5-INJ522-KI": 107183.76035108115,
  "AU-5-INJ554-KI": 251707.51030319222,
  "AU-5-INJ555-KI": 1459887.0052244468,
  "AU-5-INJ560-KI": 974397.8213734651,
  "AU-5-INJ569-KI": 16073336.029904583,
  "AU-5-INJ589-KI": 1067560.259896759,
  "AU-5-INJ612-KI": 264227.07849151647,
  "AU-5-INJ672-KI": 38748.935263404164,
  "AU-5-INJ678-KI": 1653.9427689008407,
  "AU-5-INJ702-KI": 90784.64501736574,
  "AU-5-INJ759-KI": 235285.1343462211,
  "AU-5-INJ760-KI": 1451852.3393323992,
  "AU-5-INJ787-KI": 40031.10622347101,
  "AU-5-INJ804-KI": 96827.52567701194,
  "AU-5-INJ862-KI": 9588867.353750601,
  "AU-5-INJ896-KI": 61621.14241373679,
  "AU-5-INJ911-KI": 92671.75492192,
  "AU-5-INK039-KI": 1469294.4618161842,
  "AU-5-INK048-KI": 2735684.1128816763,
  "AU-5-INK058-KI": 88959.74701322563,
  "AU-5-INK124-KI": 3575864.370629796,
  "AU-5-INK131-KI": 587323.011491039,
  "AU-5-INK134-KI": 4256881.898704001,
  "AU-5-INK135-KI": 689034.9820330932,
  "AU-5-INK144-KI": 332816.6394310344,
  "AU-5-INK177-KI": 29414.176574005895,
  "AU-5-INK189-KI": 747396.717077243,
  "AU-5-INK193-KI": 114000.70667237413,
  "AU-5-INK194-KI": 6970.980696817874,
  "AU-5-INK195-KI": 640712.508102376,
  "AU-5-INK207-KI": 5090207.382816001,
  "AU-5-INK213-KI": 1023712.6209971996,
  "AU-5-INK303-KI": 4641722.603144872,
  "AU-5-INK327-KI": 69021786.45402159,
  "AU-5-INK373-KI": 111859.12416616136,
  "AU-5-INK467-KI": 4784466.299383228,
  "AU-5-INK496-KI": 4843014.939098638,
  "AU-5-INK501-KI": 2823939.5995338866,
  "AU-5-INK504-KI": 9092022.579430815,
  "AU-5-INK525-KI": 30958.257418503905,
  "AU-5-INK573-KI": 2861276.938767666,
  "AU-5-INK624-KI": 36214.49852475848,
  "AU-5-INK680-KI": 77120.94899341399,
  "AU-5-INK728-KI": 8157.919184605758,
  "AU-5-INK730-KI": 128353.778138398,
  "AU-5-INK783-KI": 786263.621347303,
  "AU-5-INK794-KI": 238878.67109053922,
  "AU-5-INK806-KI": 1693731.5844784663,
  "AU-5-INK818-KI": 849260.5841994847,
  "AU-5-INK933-KI": 2830425.3623057227,
  "AU-5-INK959-KI": 188968.36246266804,
  "AU-5-INK967-KI": 197443.8864331056,
  "AU-5-INK970-KI": 16894.45057729647,
  "AU-5-INK982-KI": 82361.65789116187,
  "AU-5-INK983-KI": 245841.91830205865,
  "AU-5-INL001-KI": 1406776.3104340904,
  "AU-5-INL021-KI": 978610.6313658193,
  "AU-5-INL062-KI": 3360623.9339701054,
  "AU-5-INL098-KI": 82793.43709559519,
  "AU-5-INL099-KI": 29598.58651031738,
  "AU-5-INL144-KI": 68447.98126479673,
  "AU-5-INL154-KI": 37246.69565675626,
  "AU-5-INL174-KI": 618294.2018578267,
  "AU-5-INL250-KI": 13963.777241005255,
  "AU-5-INL251-KI": 1237058.417873986,
  "AU-5-INL290-KI": 2630446.9712138837,
  "AU-5-INL310-KI": 5293.126280652109,
  "AU-5-INL416-KI": 789532.1628823242,
  "AU-5-INL471-KI": 216953.27541337698,
  "AU-5-INL495-KI": 4113044.869561063,
  "AU-5-INL565-KI": 2330178.9564679684,
  "AU-5-INL630-KI": 459180.5076824971,
  "AU-5-INL636-KI": 10928.791387368217,
  "AU-5-INL643-KI": 950666.0323346826,
  "AU-5-INL707-KI": 4549638.547336493,
  "AU-5-INL793-KI": 4546367.301547582,
  "AU-5-INL813-KI": 3065609.816027374,
  "AU-5-INL832-KI": 74452.6166809368,
  "AU-5-INL849-KI": 3020215.3088122243,
  "AU-5-INL879-KI": 658963.5737304345,
  "AU-5-INL887-KI": 90781.80308659296,
  "AU-5-INL889-KI": 1550.438896921258,
  "AU-5-INL909-KI": 9086.293070329235,
  "AU-5-INL921-KI": 33962538.01072708,
  "AU-5-INL966-KI": 864.4598268299341,
  "AU-5-INL982-KI": 10546.59017091786,
  "AU-5-INL991-KI": 54396.96841488967,
  "AU-5-INM017-KI": 807418.9995286083,
  "AU-5-INM056-KI": 54956.74897011532,
  "AU-5-INM061-KI": 184595.07478385232,
  "AU-5-INM070-KI": 24338.285009810446,
  "AU-5-INM077-KI": 4087226.456255471,
  "AU-5-INM079-KI": 28555.118242250937,
  "AU-5-INM083-KI": 5311611.658826042,
  "AU-5-INM086-KI": 24876.431533916257,
  "AU-5-INM093-KI": 1132703.7843565783,
  "AU-5-INM102-KI": 9436.043240099843,
  "AU-5-INM106-KI": 2709000.756973815,
  "AU-5-INM120-KI": 507370.3120019218,
  "AU-5-INM162-KI": 467700.71027185745,
  "AU-5-INM181-KI": 41495.87452376349,
  "AU-5-INM229-KI": 7332.133713696229,
  "AU-5-INM247-KI": 2595479.7843443523,
  "AU-5-INM256-KI": 717799.1241967429,
  "AU-5-INM260-KI": 8742.852826301907,
  "AU-5-INM277-KI": 1914749.6710534776,
  "AU-5-INM283-KI": 73970.35807055724,
  "AU-5-INM290-KI": 3063.0182393828113,
  "AU-5-INM292-KI": 33803.17362473673,
  "AU-5-INM295-KI": 48415.15881025626,
  "AU-5-INM303-KI": 704953.0168013796,
  "AU-5-INM308-KI": 4445506.744213037,
  "AU-5-INM311-KI": 128722.48516299747,
  "AU-5-INM339-KI": 143784.27791221684,
  "AU-5-INM343-KI": 182770.60482607986,
  "AU-5-INM380-KI": 6760634.724947345,
  "AU-5-INM388-KI": 112674.54116189912,
  "AU-5-INM389-KI": 1887741.3860362945,
  "AU-5-INM394-KI": 763209.8569352325,
  "AU-5-INM403-KI": 12726.218806240884,
  "AU-5-INM404-KI": 63537.34656301849,
  "AU-5-INM416-KI": 1835246.4095240233,
  "AU-5-INM424-KI": 3810250.4629180846,
  "AU-5-INM445-KI": 405906.706049912,
  "AU-5-INM465-KI": 16389.58140919902,
  "AU-5-INM529-KI": 899101.3191605642,
  "AU-5-INM539-KI": 5217488.299349398,
  "AU-5-INM569-KI": 38632.069654275794,
  "AU-5-INM586-KI": 64883.16358226467,
  "AU-5-INM588-KI": 112068.78829054385,
  "AU-5-INM589-KI": 3456.0364713930835,
  "AU-5-INM608-KI": 2919096.9459401686,
  "AU-5-INM633-KI": 379402.31367422844,
  "AU-5-INN108-KI": 1483012.8332644498,
  "AU-5-INN146-KI": 906327.085554588,
  "AU-5-INN158-KI": 1287739.561287034,
  "AU-5-INN172-KI": 1240276.2998460503,
  "AU-5-INN183-KI": 158022.17464295594,
  "AU-5-INN184-KI": 13871.921037628628,
  "AU-5-INN320-KI": 1604128.2522349367,
  "AU-5-INN387-KI": 41540.9454219298,
  "AU-5-O13798-KI": 1395.3340709840127,
  "AU-5-O14254-KI": 1901132.7629944056,
  "AU-5-O14332-KI": 17377.410746374375,
  "AU-5-O14431-KI": 21427.008092002496,
  "AU-5-O14455-KI": 10314.986669490083,
  "AU-5-O14516-KI": 341639.57480541716,
  "AU-5-O14529-KI": 282611.992280568,
  "AU-5-O14780-KI": 19629.431165999158,
  "AU-5-O14827-KI": 3937595.5814331197,
  "AU-5-O14835-KI": 33133.118503896134,
  "AU-5-O15058-KI": 23155.986817195568,