{
  "FR-3-CTD111601": 13441944.048974298,
  "FR-3-CTD111602": 1768596.805478557,
  "FR-3-CTD113101": 13281448.88126335,
  "FR-3-CTD114401": 6642499.956746581,
  "FR-3-CTD114403": 24991265.355354607,
  "FR-3-CTD114404": 12536211.607926592,
  "FR-3-CTD114405": 20240725.61926946,
  "FR-3-CTD114601": 20983999.28661876,
  "FR-3-CTD115701": 3985218.0537733193,
  "FR-3-CTD115801": 15017124.781645838,
  "FR-3-CTD116001": 3563091.8715805523,
  "FR-3-CTD116101": 11659881.874713378,
  "FR-3-CTD117301": 15942009.41176465,
  "FR-3-CTD117302": 10614953.448748704,
  "FR-3-CTD117701": 14483046.409614291,
  "FR-3-CTD117801": 25475331.78396035,
  "FR-3-CTD118301": 1934491.1030752873,
  "FR-3-CTD118501": 22458162.719144005,
  "FR-3-CTD119001": 22786599.93062014,
  "FR-3-CTD119101": 1134226.1436188195,
  "FR-3-CTD119501": 15942009.41176465,
  "FR-3-CTD119701": 13285007.843137208,
  "FR-3-CTD120001": 1328500.784313721,
  "FR-3-CTD120401": 19927511.764705814,
  "FR-3-CTD120402": 18623843.317052484,
  "FR-3-CTD120501": 4407301.351960769,
  "FR-3-CTD120701": 7771729.5882352665,
  "FR-3-CTD120901": 3985502.3529411624,
  "FR-3-CTD121001": 26570015.686274417,
  "FR-3-CTD121101": 9299505.490196045,
  "FR-3-CTD121201": 9554808.79992075,
  "FR-3-CTD121302": 23913014.117646974,
  "FR-3-CTD121501": 20571229.22072054,
  "FR-3-CTD121601": 24567183.845852464,
  "FR-3-CTD121901": 3851722.323960771,
  "FR-3-CTD122001": 7915892.435385415,
  "FR-3-CTD122002": 8203492.343137226,
  "FR-3-CTD122201": 9299505.490196045,
  "FR-3-CTD122301": 2813443.163986657,
  "FR-3-CTD122302": 5959627.948415666,
  "FR-3-CTD122401": 3949816.443858092,
  "FR-3-CTD122501": 18599010.98039209,
  "FR-3-CTD122601": 26570015.686274417,
  "FR-3-CTD122901": 14879208.784313673,
  "FR-3-CTD123101": 12200500.84137133,
  "FR-3-CTD123201": 19927511.764705814,
  "FR-3-CTD123401": 517318.20541176293,
  "FR-3-CTD123701": 1328500.784313721,
  "FR-3-CTD124201": 3216422.5279006204,
  "FR-3-CTD124301": 39855023.52941163,
  "FR-3-CTD124401": 22584513.333333254,
  "FR-3-CTD124501": 8635255.098039186,
  "FR-3-CTD125101": 8768105.176470557,
  "FR-3-CTD125701": 887896.8566921538,
  "FR-3-CTD126301": 2192026.2941176393
}