{
  "DE-CR-RA000209-VR1207-197235": {
    "wv_de-org.xml": 918409.1851708713
  },
  "DE-CR-RA000209-VR1207-204933": {
    "wv_de-org.xml": 997678.8475047024,
    "wv_de-activities.xml": 997678.8475047024
  },
  "DE-CR-RA000209-VR1207-204987": {
    "wv_de-org.xml": 1262726.7636223799,
    "wv_de-activities.xml": 1262726.7636223799
  },
  "DE-CR-RA000209-VR1207-205051": {
    "wv_de-org.xml": 755693.5057275936,
    "wv_de-activities.xml": 755693.5057275936
  },
  "DE-CR-RA000209-VR1207-205057": {
    "wv_de-org.xml": 2866249.741662343,
    "wv_de-activities.xml": 2866249.741662343
  },
  "DE-CR-RA000209-VR1207-205077": {
    "wv_de-org.xml": 727572.0535403896,
    "wv_de-activities.xml": 727572.0535403896
  },
  "DE-CR-RA000209-VR1207-205233": {
    "wv_de-org.xml": 3687704.3816236695,
    "wv_de-activities.xml": 3687704.3816236695
  },
  "DE-CR-RA000209-VR1207-205238": {
    "wv_de-org.xml": 788061.6169519188,
    "wv_de-activities.xml": 788061.6169519188
  },
  "DE-CR-RA000209-VR1207-206267": {
    "wv_de-org.xml": 549377.5863388216,
    "wv_de-activities.xml": 549377.5863388216
  },
  "DE-CR-RA000209-VR1207-206910": {
    "wv_de-org.xml": 471136.86114744935,
    "wv_de-activities.xml": 471136.86114744935
  },
  "DE-CR-RA000209-VR1207-206926": {
    "wv_de-org.xml": 2657056.2895747474,
    "wv_de-activities.xml": 2657056.2895747474
  },
  "DE-CR-RA000209-VR1207-207604": {
    "wv_de-org.xml": 1235505.7294117603,
    "wv_de-activities.xml": 1235505.7294117603
  },
  "DE-CR-RA000209-VR1207-207632": {
    "wv_de-org.xml": 1996127.866769095,
    "wv_de-activities.xml": 1996127.866769095
  },
  "DE-CR-RA000209-VR1207-207691": {
    "wv_de-org.xml": 4927730.906209394,
    "wv_de-activities.xml": 4927730.906209394
  },
  "DE-CR-RA000209-VR1207-209610": {
    "wv_de-org.xml": 1087632.4061410392,
    "wv_de-activities.xml": 1087632.4061410392
  },
  "DE-CR-RA000209-VR1207-209833": {
    "wv_de-org.xml": 12522545.373498388,
    "wv_de-activities.xml": 12522545.373498388
  },
  "DE-CR-RA000209-VR1207-209904": {
    "wv_de-org.xml": 2154878.7551866593,
    "wv_de-activities.xml": 2154878.7551866593
  },
  "DE-CR-RA000209-VR1207-209936": {
    "wv_de-org.xml": 2665503.9736470496,
    "wv_de-activities.xml": 2665503.9736470496
  },
  "DE-CR-RA000209-VR1207-209946": {
    "wv_de-org.xml": 2602886.5239592693,
    "wv_de-activities.xml": 2602886.5239592693
  },
  "DE-CR-RA000209-VR1207-210014": {
    "wv_de-org.xml": 531300.742591704,
    "wv_de-activities.xml": 531300.742591704
  },
  "DE-CR-RA000209-VR1207-210064": {
    "wv_de-org.xml": 691323.9096403897,
    "wv_de-activities.xml": 691323.9096403897
  },
  "DE-CR-RA000209-VR1207-210132": {
    "wv_de-org.xml": 1924939.1824360718,
    "wv_de-activities.xml": 1924939.1824360718
  },
  "DE-CR-RA000209-VR1207-210186": {
    "wv_de-org.xml": 736673.6124137229,
    "wv_de-activities.xml": 736673.6124137229
  },
  "DE-CR-RA000209-VR1207-210294": {
    "wv_de-org.xml": 1612316.377871367,
    "wv_de-activities.xml": 1612316.377871367
  },
  "DE-CR-RA000209-VR1207-210857": {
    "wv_de-org.xml": 3059517.3787627346,
    "wv_de-activities.xml": 3059517.3787627346
  },
  "DE-CR-RA000209-VR1207-210947": {
    "wv_de-org.xml": 4963636.363332081,
    "wv_de-activities.xml": 4963636.363332081
  },
  "DE-CR-RA000209-VR1207-210957": {
    "wv_de-org.xml": 814037.2613872914,
    "wv_de-activities.xml": 814037.2613872914
  },
  "DE-CR-RA000209-VR1207-210993": {
    "wv_de-org.xml": 2061539.6185815614,
    "wv_de-activities.xml": 2061539.6185815614
  },
  "DE-CR-RA000209-VR1207-211353": {
    "wv_de-org.xml": 953796.7794028241,
    "wv_de-activities.xml": 953796.7794028241
  },
  "DE-CR-RA000209-VR1207-211407": {
    "wv_de-org.xml": 2483179.038086956,
    "wv_de-activities.xml": 2483179.038086956
  },
  "DE-CR-RA000209-VR1207-211451": {
    "wv_de-org.xml": 397459.25716502994,
    "wv_de-activities.xml": 397459.25716502994
  },
  "DE-CR-RA000209-VR1207-211517": {
    "wv_de-org.xml": 741303.4376470563,
    "wv_de-activities.xml": 741303.4376470563
  },
  "DE-CR-RA000209-VR1207-211528": {
    "wv_de-org.xml": 2922701.725490186,
    "wv_de-activities.xml": 2922701.725490186
  },
  "DE-CR-RA000209-VR1207-211535": {
    "wv_de-org.xml": 1992751.1764705812,
    "wv_de-activities.xml": 1992751.1764705812
  },
  "DE-CR-RA000209-VR1207-211620": {
    "wv_de-org.xml": 936434.1243923458,
    "wv_de-activities.xml": 936434.1243923458
  },
  "DE-CR-RA000209-VR1207-211628": {
    "wv_de-org.xml": 2626637.328131152,
    "wv_de-activities.xml": 2626637.328131152
  },
  "DE-CR-RA000209-VR1207-211632": {
    "wv_de-org.xml": 109629.85090272903,
    "wv_de-activities.xml": 109629.85090272903
  },
  "DE-CR-RA000209-VR1207-211635": {
    "wv_de-org.xml": 3564350.2009534384,
    "wv_de-activities.xml": 3564350.2009534384
  },
  "DE-CR-RA000209-VR1207-211641": {
    "wv_de-org.xml": 745550.2561042719,
    "wv_de-activities.xml": 745550.2561042719
  },
  "DE-CR-RA000209-VR1207-211695": {
    "wv_de-org.xml": 2265093.837254894,
    "wv_de-activities.xml": 2265093.837254894
  },
  "DE-CR-RA000209-VR1207-211696": {
    "wv_de-org.xml": 820813.2796376835,
    "wv_de-activities.xml": 820813.2796376835
  },
  "DE-CR-RA000209-VR1207-211707": {
    "wv_de-org.xml": 1924025.5458766834,
    "wv_de-activities.xml": 1924025.5458766834
  },
  "DE-CR-RA000209-VR1207-211726": {
    "wv_de-org.xml": 483796.1451211748,
    "wv_de-activities.xml": 483796.1451211748
  },
  "DE-CR-RA000209-VR1207-211732": {
    "wv_de-org.xml": 378111.25072744966,
    "wv_de-activities.xml": 378111.25072744966
  },
  "DE-CR-RA000209-VR1207-211813": {
    "wv_de-org.xml": 705109.191023876,
    "wv_de-activities.xml": 705109.191023876
  },
  "DE-CR-RA000209-VR1207-211818": {
    "wv_de-org.xml": 432476.7177934651,
    "wv_de-activities.xml": 432476.7177934651
  },
  "DE-CR-RA000209-VR1207-211978": {
    "wv_de-org.xml": 551182.4742193824,
    "wv_de-activities.xml": 551182.4742193824
  },
  "DE-CR-RA000209-VR1207-211990": {
    "wv_de-org.xml": 341436.6580756851,
    "wv_de-activities.xml": 341436.6580756851
  },
  "DE-CR-RA000209-VR1207-211994": {
    "wv_de-org.xml": 9890350.474896185,
    "wv_de-activities.xml": 9890350.474896185
  },
  "DE-CR-RA000209-VR1207-212035": {
    "wv_de-org.xml": 1537607.4985851084,
    "wv_de-activities.xml": 1537607.4985851084
  },
  "DE-CR-RA000209-VR1207-212130": {
    "wv_de-org.xml": 240443.36420176388,
    "wv_de-activities.xml": 240443.36420176388
  },
  "DE-CR-RA000209-VR1207-212152": {
    "wv_de-org.xml": 179317.78103974447,
    "wv_de-activities.xml": 179317.78103974447
  },
  "DE-CR-RA000209-VR1207-212304": {
    "wv_de-org.xml": 916924.8910995811,
    "wv_de-activities.xml": 916924.8910995811
  },
  "DE-CR-RA000209-VR1207-212308": {
    "wv_de-org.xml": 689065.6708671818,
    "wv_de-activities.xml": 689065.6708671818
  },
  "DE-CR-RA000209-VR1207-212315": {
    "wv_de-org.xml": 2475202.1348375916,
    "wv_de-activities.xml": 2475202.1348375916
  },
  "DE-CR-RA000209-VR1207-212379": {
    "wv_de-org.xml": 2952223.962189378,
    "wv_de-activities.xml": 2952223.962189378
  },
  "DE-CR-RA000209-VR1207-212425": {
    "wv_de-org.xml": 5405556.54296073,
    "wv_de-activities.xml": 5405556.54296073
  },
  "DE-CR-RA000209-VR1207-212449": {
    "wv_de-org.xml": 145519.97712636422,
    "wv_de-activities.xml": 145519.97712636422
  },
  "DE-CR-RA000209-VR1207-212497": {
    "wv_de-org.xml": 407716.89070588094,
    "wv_de-activities.xml": 407716.89070588094
  },
  "DE-CR-RA000209-VR1207-212512": {
    "wv_de-org.xml": 4151851.9071497894,
    "wv_de-activities.xml": 4151851.9071497894
  },
  "DE-CR-RA000209-VR1207-212532": {
    "wv_de-org.xml": 932238.891620585,
    "wv_de-activities.xml": 932238.891620585
  },
  "DE-CR-RA000209-VR1207-212566": {
    "wv_de-org.xml": 478146.7619609199,
    "wv_de-activities.xml": 478146.7619609199
  },
  "DE-CR-RA000209-VR1207-212581": {
    "wv_de-org.xml": 602443.9656278881,
    "wv_de-activities.xml": 602443.9656278881
  },