{
  "XM-DAC-6-4-000913-01-0": 150588.62429797306,
  "XM-DAC-6-4-000913-05-4": 2488681.2984729777,
  "XM-DAC-6-4-001289-02-4": 19203.03170142749,
  "XM-DAC-6-4-002294-07-3": 26426.288076877154,
  "XM-DAC-6-4-002925-01-6": 618737.30515101,
  "XM-DAC-6-4-002925-02-0": 1091.7499677137273,
  "XM-DAC-6-4-003835-01-6": 935301.1631032813,
  "XM-DAC-6-4-004243-01-3": 703690.8814885303,
  "XM-DAC-6-4-004815-01-6": 2019.1895406580102,
  "XM-DAC-6-4-004902-02-6": 748454.6237970407,
  "XM-DAC-6-4-004902-03-0": 145389.48020019464,
  "XM-DAC-6-4-004998-02-2": 36660.12490416178,
  "XM-DAC-6-4-005572-02-2": 11505.713665572614,
  "XM-DAC-6-4-005572-03-3": 1511286.3823941622,
  "XM-DAC-6-4-005572-04-4": 789391.283191716,
  "XM-DAC-6-4-005572-05-5": 82129.18258042411,
  "XM-DAC-6-4-005693-01-5": 92906.73123728647,
  "XM-DAC-6-4-005738-02-5": 921275.3705870716,
  "XM-DAC-6-4-005740-01-1": 90864.14933495238,
  "XM-DAC-6-4-005740-04-4": 27538.74164961781,
  "XM-DAC-6-4-005875-01-5": 8156.676283724742,
  "XM-DAC-6-4-006046-04-0": 72956.54203631433,
  "XM-DAC-6-4-006048-02-2": 1717900.3148928909,
  "XM-DAC-6-4-006361-01-4": 565184.313020892,
  "XM-DAC-6-4-006552-01-1": 15994.322543384407,
  "XM-DAC-6-4-006561-01-5": 6901.999564690211,
  "XM-DAC-6-4-006564-01-4": 628453.8613300062,
  "XM-DAC-6-4-006597-01-0": 184917.41976014155,
  "XM-DAC-6-4-006627-01-4": 569232.5295004854,
  "XM-DAC-6-4-006627-02-5": 454098.7115890776,
  "XM-DAC-6-4-006812-01-3": 556557.8522345974,
  "XM-DAC-6-4-006874-01-1": 585173.4445015144,
  "XM-DAC-6-4-007029-04-6": 470147.4541918582,
  "XM-DAC-6-4-007186-03-4": 867355.6895461299,
  "XM-DAC-6-4-007600-01-4": 171879.21224434412,
  "XM-DAC-6-4-007870-01-5": 907481.2654371387,
  "XM-DAC-6-4-007950-03-6": 155249.42340188657,
  "XM-DAC-6-4-008408-01-3": 1358916.0307728106,
  "XM-DAC-6-4-008614-01-2": 634025.344319938,
  "XM-DAC-6-4-008614-02-3": 20092.66000317375,
  "XM-DAC-6-4-008778-02-2": 491601.4606985893,
  "XM-DAC-6-4-009427-02-5": 17960.587607496098,
  "XM-DAC-6-4-011987-01-0": 261475.52436862653
}