{
  "46002-P-MZ-A00-001": 41521535.27645606,
  "46002-P-MZ-AA0-001": 23673072.377722662,
  "46002-P-MZ-AA0-002": 1172648.9674074133,
  "46002-P-MZ-AA0-003": 13333039.24273126,
  "46002-P-MZ-AA0-004": 44963348.816513635,
  "46002-P-MZ-AA0-005": 25025460.18586492,
  "46002-P-MZ-AA0-006": 22522871.163995106,
  "46002-P-MZ-AA0-007": 9841680.03401006,
  "46002-P-MZ-AA0-008": 38709580.06271346,
  "46002-P-MZ-AA0-009": 34505704.35508952,
  "46002-P-MZ-AA0-011": 177443120.5556308,
  "46002-P-MZ-AA0-012": 4732203.573184023,
  "46002-P-MZ-AA0-015": 50487152.98452526,
  "46002-P-MZ-AA0-017": 70181925.80716097,
  "46002-P-MZ-AA0-018": 35513450.63982171,
  "46002-P-MZ-AA0-022": 1831874.9007508047,
  "46002-P-MZ-AA0-023": 3476887.2324040346,
  "46002-P-MZ-AA0-025": 2499916.6895981804,
  "46002-P-MZ-AA0-026": 54337153.45282242,
  "46002-P-MZ-AA0-030": 2288634.1656832914,
  "46002-P-MZ-AA0-031": 3117393.817260674,
  "46002-P-MZ-AA0-032": 2176990.654644714,
  "46002-P-MZ-AA0-033": 32854211.71569807,
  "46002-P-MZ-AA0-034": 28497277.173172675,
  "46002-P-MZ-AA0-039": 45579979.66789285,
  "46002-P-MZ-AA0-041": 2027108.8224233107,
  "46002-P-MZ-AA0-043": 6077330.622385713,
  "46002-P-MZ-AAC-001": 3261813.005129089,
  "46002-P-MZ-AAC-002": 53083053.234112166,
  "46002-P-MZ-AAC-005": 65332359.85225073,
  "46002-P-MZ-AAC-006": 15264100.793426972,
  "46002-P-MZ-AAD-001": 24038280.106482446,
  "46002-P-MZ-AAF-001": 26816756.77208061,
  "46002-P-MZ-AAG-002": 110603590.83228955,
  "46002-P-MZ-AAG-008": 45767652.28667005,
  "46002-P-MZ-AAZ-001": 39217166.47956698,
  "46002-P-MZ-AAZ-002": 1029545.1730776045,
  "46002-P-MZ-AAZ-003": 563805.4414270929,
  "46002-P-MZ-AZ0-001": 7677749.0182779515,
  "46002-P-MZ-AZ0-002": 978383.6801010151,
  "46002-P-MZ-AZ0-003": 52399212.06796482,
  "46002-P-MZ-BA0-001": 9000682.358098434,
  "46002-P-MZ-CB0-001": 1965972.0006682756,
  "46002-P-MZ-D00-001": 54755045.94181026,
  "46002-P-MZ-D00-002": 64941073.24844351,
  "46002-P-MZ-D00-003": 73186240.37659027,
  "46002-P-MZ-D00-007": 127234385.93411183,
  "46002-P-MZ-DB0-001": 26337652.602490727,
  "46002-P-MZ-DB0-002": 11809094.241060687,
  "46002-P-MZ-DB0-003": 48084904.68574905,
  "46002-P-MZ-DB0-004": 4074794.7707805373,
  "46002-P-MZ-DB0-006": 65342727.20130126,
  "46002-P-MZ-DB0-007": 142720013.8706494,
  "46002-P-MZ-DB0-010": 98622357.83716561,
  "46002-P-MZ-DB0-012": 124391749.34099096,
  "46002-P-MZ-E00-001": 64695410.80997867,
  "46002-P-MZ-E00-002": 41662404.08945712,
  "46002-P-MZ-E00-003": 63697064.096128434,
  "46002-P-MZ-E00-005": 1313583.630217489,
  "46002-P-MZ-E00-006": 56840906.37136662,
  "46002-P-MZ-E00-008": 31080101.399111655,
  "46002-P-MZ-EA0-001": 31381427.0554694,
  "46002-P-MZ-EAZ-001": 3029701.240449761,
  "46002-P-MZ-EAZ-002": 10314770.745467963,
  "46002-P-MZ-EAZ-003": 3566139.61070622,
  "46002-P-MZ-EB0-001": 18361160.17043834,
  "46002-P-MZ-F00-001": 51810350.57098679,
  "46002-P-MZ-F00-002": 44182706.15548709,
  "46002-P-MZ-FA0-001": 2888955.4182663523,
  "46002-P-MZ-FA0-004": 33681958.7621729,
  "46002-P-MZ-FA0-005": 41904542.78486721,
  "46002-P-MZ-FA0-006": 81142417.2139633,
  "46002-P-MZ-FA0-021": 47667658.266737476,
  "46002-P-MZ-GB0-001": 5167622.217937627,
  "46002-P-MZ-GB0-002": 82095006.49067032,
  "46002-P-MZ-GB0-003": 6075625.99657579,
  "46002-P-MZ-GB0-004": 1174060.2149959921,
  "46002-P-MZ-HA0-001": 10024976.472389169,
  "46002-P-MZ-HA0-002": 485342.2405606322,
  "46002-P-MZ-HA0-003": 359669.0670397412,
  "46002-P-MZ-HAA-001": 10068717.785961332,
  "46002-P-MZ-HZ0-001": 19137282.59447168,
  "46002-P-MZ-I00-001": 35311470.41836299,
  "46002-P-MZ-I00-002": 21370282.828856114,
  "46002-P-MZ-IA0-002": 4808667.833007319,
  "46002-P-MZ-IA0-004": 43322927.420417115,
  "46002-P-MZ-IA0-006": 30593870.911771234,
  "46002-P-MZ-IAB-001": 24980407.20366724,
  "46002-P-MZ-IB0-001": 24525051.76092644,
  "46002-P-MZ-IB0-004": 20843463.946830895,
  "46002-P-MZ-IBD-003": 620763.657454295,
  "46002-P-MZ-IE0-001": 164996918.7811113,
  "46002-P-MZ-IE0-002": 6977031.018522723,
  "46002-P-MZ-IE0-004": 823712.7853265634,
  "46002-P-MZ-IZ0-002": 11273234.230554324,
  "46002-P-MZ-IZ0-003": 16910673.897337902,
  "46002-P-MZ-K00-001": 275473502.08793026,
  "46002-P-MZ-K00-002": 91020707.81136724,
  "46002-P-MZ-K00-004": 179772356.22321948,
  "46002-P-MZ-K00-005": 5936829.663995325,
  "46002-P-MZ-K00-007": 1248440045.6321955,
  "46002-P-MZ-K00-008": 804527.9495840201,
  "46002-P-MZ-K00-009": 187359020.45314762,
  "46002-P-MZ-K00-010": 58752593.79191388,
  "46002-P-MZ-K00-011": 45579979.66789285,
  "46002-P-MZ-K00-012": 91159959.3357857,
  "46002-P-MZ-KA0-001": 92776341.8754826,
  "46002-P-MZ-KB0-001": 2403361.9220127296
}