{
  "AU-5-INI774-LY": 6788853.250868779,
  "AU-5-INI916-LY": 87135.6619279693,
  "AU-5-INI955-LY": 149724.0204366039,
  "AU-5-INJ814-LY": 51574933.34745041,
  "AU-5-INJ876-LY": 3094496.000847025,
  "AU-5-INK031-LY": 6188992.00169405,
  "AU-5-INK063-LY": 14675051.203389915,
  "AU-5-INK342-LY": 8267634.48078305,
  "AU-5-INK770-LY": 96512.68646362759,
  "AU-5-INL702-LY": 27042.538899789386,
  "AU-5-INL860-LY": 1802835.9266526257,
  "AU-5-O14734-LY": 41287256.741558984
}