{
  "GB-CHC-285776-ETH670": 622004.9620564514,
  "GB-CHC-285776-ETH671": 1776165.7136460992,
  "GB-CHC-285776-ETH672": 87310.89228793338,
  "GB-CHC-285776-HIB669": 24713.880001181304
}