{
  "NL-KVK-41172933-0000078": {
    "waste-1.xml": 1108262.6416806157
  },
  "NL-KVK-41172933-087FWASHSDG-ET-INCEP": {
    "waste-activities.xml": 19761.449166666596
  },
  "NL-KVK-41172933-089FFINMON": {
    "waste-activities.xml": 6350831.574372527
  },
  "NL-KVK-41172933-FM2025": {
    "waste-activities.xml": 6188450.517706802
  }
}