{
  "GB-1-104423-101": 131603.86332708548,
  "GB-1-104469-101": 7772.2039817134455,
  "GB-1-104477-101": 3546.2997500027964,
  "GB-1-104485-101": 6008.321440553518,
  "GB-1-109304-102": 7154.381725615398,
  "GB-1-114049-102": 157188.55166464165,
  "GB-1-114076-101": 29096.09208137766,
  "GB-1-114100-101": 1417948.8934905154,
  "GB-1-114207-102": 3502637.557084492,
  "GB-1-114247-101": 58693.11432931457,
  "GB-1-114248-101": 173873.71753367368,
  "GB-1-114249-101": 2252119.8089938518,
  "GB-1-114272-101": 4950.74326999165,
  "GB-1-114272-102": 528959.3438362206,
  "GB-1-114462-101": 1924757.7754854078,
  "GB-1-114493-101": 17000.92393217804,
  "GB-1-114533-102": 666293.5622140712,
  "GB-1-114534-101": 22652.986482508968,
  "GB-1-200865-101": 8933.709823177776,
  "GB-1-200875-101": 456425.06811731204,
  "GB-1-200987-101": 77262.7194808405,
  "GB-1-201131-102": 7447847.29726197,
  "GB-1-201332-102": 50043602.7439419,
  "GB-1-201340-102": 12057044.432471376,
  "GB-1-201535-102": 3824830.646135531,
  "GB-1-202139-102": 1107560.1895441986,
  "GB-1-202139-103": 88722.15784930333,
  "GB-1-202139-104": 191853.4898478596,
  "GB-1-202139-105": 134263.9022392998,
  "GB-1-202139-109": 109868.38175433289,
  "GB-1-202139-110": 51936.38064184792,
  "GB-1-202139-111": 236413.18566843393,
  "GB-1-202139-112": 34645.63995873734,
  "GB-1-202139-113": 189580.62106124815,
  "GB-1-202139-114": 104878.44722138697,
  "GB-1-202139-116": 68659.3177811903,
  "GB-1-202358-101": 18403892.263266306,
  "GB-1-202665-101": 25663437.006472103,
  "GB-1-202665-102": 9986284.925143458,
  "GB-1-202665-103": 1483347.941138177,
  "GB-1-203046-101": 12818701.18690371,
  "GB-1-203047-101": 38350828.14782264,
  "GB-1-203047-102": 15847449.647860596,
  "GB-1-203047-103": 4996792.789178404,
  "GB-1-203047-104": 3042710.3323892346,
  "GB-1-203139-101": 7571842.873051081,
  "GB-1-203140-101": 12536432.128979675,
  "GB-1-203140-102": 2598654.9117586506,
  "GB-1-203507-101": 6268316.487243621,
  "GB-1-203517-101": 41882761.24384441,
  "GB-1-203517-102": 15545020.073484207,
  "GB-1-203517-103": 1646079.121278909,
  "GB-1-203931-101": 13164782.266124446,
  "GB-1-203955-101": 44649743.20213422,
  "GB-1-203955-102": 13223573.392632077,
  "GB-1-204337-101": 52647006.487236485,
  "GB-1-204337-102": 1684507.946432518,
  "GB-1-204337-103": 210178.36867404636,
  "GB-1-204733-101": 55194332.00263824,
  "GB-1-204733-102": 8831093.12042212,
  "GB-1-204733-103": 3954220.8001890085,
  "GB-1-204950-101": 9478034.947581043,
  "GB-1-204950-103": 2786906.810909212,
  "GB-1-204950-104": 57942.51545876961,
  "GB-1-205211-102": 267366.2869967799,
  "GB-GOV-1-300714-101": 118367.9520616579,
  "GB-GOV-1-300714-102": 33857982.64977839,
  "GB-GOV-1-300806-101": 274886786.5848194,
  "GB-GOV-1-300806-102": 31801820.785520103,
  "GB-GOV-1-300806-104": 9602040.95946697,
  "GB-GOV-1-300923-101": 107556.45335714112,
  "GB-GOV-1-301398-101": 62344881.28298004,
  "GB-GOV-1-301398-102": 6326753.280302414
}