{
  "bii": {
    "GB-COH-03877777-1942": 9552436.548785249,
    "GB-COH-03877777-D400301": 1555848.7887440484,
    "GB-COH-03877777-D400401": 19097201.933900192,
    "GB-COH-03877777-D400501": 33590726.356023535,
    "GB-COH-03877777-D400601": 25209238.075562663,
    "GB-COH-03877777-D400701": 6708784.144442675,
    "GB-COH-03877777-D400801": 42729548.30750116,
    "GB-COH-03877777-D400901": 14682464.572024051,
    "GB-COH-03877777-D401001": 30100107.612487964,
    "GB-COH-03877777-F203501": 211531012.62611222,
    "GB-COH-03877777-F2035011": 81869324.10435817,
    "GB-COH-03877777-F208301": 42697566.47617063,
    "GB-COH-03877777-F214301": 4507030.753607432,
    "GB-COH-03877777-F214401": 17961853.21169893,
    "GB-COH-03877777-F300801": 81616498.8217932,
    "GB-COH-03877777-F302701": 29688497.10394197,
    "GB-COH-03877777-F303201": 74921755.13886696,
    "GB-COH-03877777-F303401": 12983855.832269784,
    "GB-COH-03877777-F304001": 34523990.5570487,
    "GB-COH-03877777-F304101": 13146282.900536617,
    "GB-COH-03877777-F304201": 29730691.60225046,
    "GB-COH-03877777-F304301": 15136055.065881293,
    "GB-COH-03877777-F304401": 118251058.63853262,
    "GB-COH-03877777-F3044011": 31934654.854325287,
    "GB-COH-03877777-F304501": 19796938.973343782,
    "GB-COH-03877777-F304601": 29695408.460015673,
    "GB-COH-03877777-F304701": 14429169.674899278,
    "GB-COH-03877777-F304801": 20623433.280168086,
    "GB-COH-03877777-F304901": 196788328.9197627,
    "GB-COH-03877777-F305001": 51419519.84887789,
    "GB-COH-03877777-F305101": 1060328100.015868,
    "GB-COH-03877777-F305201": 25163483.391566273,
    "GB-COH-03877777-F305301": 77083641.13262524,
    "GB-COH-03877777-F305401": 55245293.983244926,
    "GB-COH-03877777-F305501": 25701306.10043412,
    "GB-COH-03877777-F305601": 25239665.798676264,
    "GB-COH-03877777-F305701": 70562249.77572861,
    "GB-COH-03877777-F305801": 33326004.99129272,
    "GB-COH-03877777-F305901": 96592699.10279863,
    "GB-COH-03877777-F306101": 24080763.879785202,
    "GB-COH-03877777-F306201": 82591560.0828219,
    "GB-COH-03877777-F306301": 11344800.52857807,
    "GB-COH-03877777-F306501": 19104873.11320306,
    "GB-COH-03877777-F306601": 31137937.16142561,
    "GB-COH-03877777-F306801": 191048731.13203064,
    "GB-COH-03877777-F306901": 21564983.27984768,
    "GB-COH-03877777-F307001": 38951567.496809356,
    "GB-COH-03877777-F307101": 23587170.567371644,
    "GB-COH-03877777-F307201": 7890220.46395305,
    "GB-COH-03877777-F307301": 238241425.23730704,
    "GB-COH-03877777-F307501": 24720801.535173636,
    "GB-COH-03877777-F307601": 17304561.568899143,
    "GB-COH-03877777-F307701": 39553283.11531462,
    "GB-COH-03877777-F307801": 16319255.420276048,
    "GB-COH-03877777-F307901": 9934733.857368873,
    "GB-COH-03877777-F308101": 15487224.755420279,
    "GB-COH-03877777-F308201": 32592024.032269873,
    "GB-COH-03877777-F308301": 20325586.260243546,
    "GB-COH-03877777-F308401": 30902006.53818909,
    "GB-COH-03877777-F308501": 30902006.53818909,
    "GB-COH-03877777-F308601": 44714431.25580788,
    "GB-COH-03877777-F308801": 52379393.110867456,
    "GB-COH-03877777-F309001": 88158710.2452376,
    "GB-COH-03877777-F309101": 26326089.963058367,
    "GB-COH-03877777-F309201": 25177909.459675483,
    "GB-COH-03877777-F309301": 21871658.58405345,
    "GB-COH-03877777-F309401": 37580979.77906731,
    "GB-COH-03877777-F309501": 54679144.81254162,
    "GB-COH-03877777-F309601": 27708960.061300468,
    "GB-COH-03877777-F309701": 135560409.82327968,
    "GB-COH-03877777-F309801": 22240712.60170309,
    "GB-COH-03877777-F309901": 18413175.150400136,
    "GB-COH-03877777-F310001": 33361068.902554635,
    "GB-COH-03877777-F310101": 80506482.31570415,
    "GB-COH-03877777-F310201": 53885138.92345567,
    "GB-COH-03877777-F310401": 12671214.879421674,
    "GB-COH-03877777-F310501": 31639841.07321636,
    "GB-COH-03877777-F310601": 69149887.9141762,
    "GB-COH-03877777-F310701": 48172074.120974585,
    "GB-COH-03877777-F310801": 23935381.248000093,
    "GB-COH-03877777-F310901": 19422279.11787237,
    "GB-COH-03877777-F311001": 16057357.49112753,
    "GB-COH-03877777-F311101": 75475641.78164728,
    "GB-COH-03877777-F311301": 299153627.12916315,
    "GB-COH-03877777-F311401": 27361365.929451853,
    "GB-COH-03877777-F311501": 54350427.14223791,
    "GB-COH-03877777-F311601": 59064702.41392077,
    "GB-COH-03877777-F311701": 11327145.144407509,
    "GB-COH-03877777-F311801": 34698322.21994607,
    "GB-COH-03877777-F311901": 88803018.33068071,
    "GB-COH-03877777-F312001": 47361609.77636305,
    "GB-COH-03877777-F312101": 4819533.63076645,
    "GB-COH-03877777-F312201": 68391460.90110818,
    "GB-COH-03877777-F312301": 23463395.979635533,
    "GB-COH-03877777-F312401": 21518874.389121305,
    "GB-COH-03877777-F312501": 28190952.02910527,
    "GB-COH-03877777-F312601": 335982808.3884416,
    "GB-COH-03877777-F312701": 22761511.358344622,
    "GB-COH-03877777-F313001": 24764647.53357037,
    "GB-COH-03877777-F313201": 20162947.626471214,
    "GB-COH-03877777-F313301": 24764647.53357037,
    "GB-COH-03877777-F313401": 18834501.891062357,
    "GB-COH-03877777-F313501": 180428710.2726321,
    "GB-COH-03877777-F313601": 62864060.35782997,
    "GB-COH-03877777-F313701": 248183333.0068108,
    "GB-COH-03877777-F313801": 130483607.76622206,
    "GB-COH-03877777-F313901": 22181625.6194133,
    "GB-COH-03877777-F314001": 111850710.65286702,
    "GB-COH-03877777-F314101": 33730612.38683566,
    "GB-COH-03877777-F314201": 35834944.189935684,
    "GB-COH-03877777-F314401": 26049475.610357784,
    "GB-COH-03877777-F314701": 64762775.76031721,
    "GB-COH-03877777-F314801": 201152377.52981615,
    "GB-COH-03877777-F314901": 33730612.38683566,
    "GB-COH-03877777-F315001": 39649086.93246496,
    "GB-COH-03877777-F315101": 259361388.65501782,
    "GB-COH-03877777-F315201": 82536788.33747008,
    "GB-COH-03877777-F315301": 29682938.89975634,
    "GB-COH-03877777-F315401": 78593402.16817726,
    "GB-COH-03877777-F315501": 32776420.601236045,
    "GB-COH-03877777-F315601": 39774170.96379653,
    "GB-COH-03877777-F315701": 53032227.96271266,
    "GB-COH-03877777-F316001": 83636436.5965304,
    "GB-COH-03877777-F316201": 6701731.626886338,
    "GB-COH-03877777-F316301": 25530406.215707295,
    "GB-COH-03877777-F316401": 31913007.773753095,
    "GB-COH-03877777-F316501": 27168447.24029303,
    "GB-COH-03877777-F316601": 50006206.80034474,
    "GB-COH-03877777-F316701": 19189582.878670365,
    "GB-COH-03877777-F316901": 2457753.5996602788,
    "GB-COH-03877777-F317001": 14746521.663865352,
    "GB-COH-03877777-F317101": 14132083.268069262,
    "GB-COH-03877777-F317201": 4423956.495864421,
    "GB-COH-03877777-F317301": 19354809.698239703,
    "GB-COH-03877777-F317401": 13517644.872273173,
    "GB-COH-03877777-F317501": 19354809.698239703,
    "GB-COH-03877777-F317601": 14254970.943933297,
    "GB-COH-03877777-F317701": 8602137.640000775,
    "GB-COH-03877777-F317801": 4608288.017898433,
    "GB-COH-03877777-F317901": 31036982.332942985,
    "GB-COH-03877777-F318001": 18622189.396470606,
    "GB-COH-03877777-F318101": 66481782.45440426,
    "GB-COH-03877777-F318201": 31036982.332942985,
    "GB-COH-03877777-F318301": 48560462.56484147,
    "GB-COH-03877777-F318401": 26469498.249000102,
    "GB-COH-03877777-F318501": 36131403.50818657,
    "GB-COH-03877777-F318601": 121977893.43796363,
    "GB-COH-03877777-F318603": 223616332.91619867,
    "GB-COH-03877777-F318701": 18296684.01981353,
    "GB-COH-03877777-F318801": 24395578.68759273,
    "GB-COH-03877777-F318901": 243955786.87592727,
    "GB-COH-03877777-F319201": 36458038.754009545,
    "GB-COH-03877777-F319501": 35214739.13975972,
    "GB-COH-03877777-F320201": 23945121.861332316,
    "GB-COH-03877777-F320301": 62361507.15032875,
    "GB-COH-03877777-F320401": 29931402.330784377,
    "GB-COH-03877777-F320501": 18834115.21769586,
    "GB-COH-03877777-F320601": 54610936.71151164,