{
  "bii": {
    "GB-COH-03877777-1942": 9552881.79990421,
    "GB-COH-03877777-D400301": 1553843.5979346663,
    "GB-COH-03877777-D400401": 19072589.3018245,
    "GB-COH-03877777-D400501": 33547434.3495915,
    "GB-COH-03877777-D400601": 25176748.200668428,
    "GB-COH-03877777-D400701": 6700137.807853999,
    "GB-COH-03877777-D400801": 42674478.11162151,
    "GB-COH-03877777-D400901": 14663541.690037128,
    "GB-COH-03877777-D401001": 30061314.344412923,
    "GB-COH-03877777-F203501": 211258389.7044724,
    "GB-COH-03877777-F2035011": 81763810.2411524,
    "GB-COH-03877777-F208301": 42560605.25401575,
    "GB-COH-03877777-F214301": 4501222.055030733,
    "GB-COH-03877777-F214401": 17962690.436337925,
    "GB-COH-03877777-F300801": 81511310.80190632,
    "GB-COH-03877777-F302701": 29689880.9222472,
    "GB-COH-03877777-F303201": 74681428.20699053,
    "GB-COH-03877777-F303401": 12984461.02617065,
    "GB-COH-03877777-F304001": 34427485.18099568,
    "GB-COH-03877777-F304101": 13104113.49554591,
    "GB-COH-03877777-F304201": 29635324.296958562,
    "GB-COH-03877777-F304301": 15087503.057616755,
    "GB-COH-03877777-F304401": 118098655.69443089,
    "GB-COH-03877777-F3044011": 31832217.883815885,
    "GB-COH-03877777-F304501": 19733436.22177062,
    "GB-COH-03877777-F304601": 29600154.332655933,
    "GB-COH-03877777-F304701": 14429842.236701768,
    "GB-COH-03877777-F304801": 20624394.564411942,
    "GB-COH-03877777-F304901": 196587377.1846718,
    "GB-COH-03877777-F305001": 51421916.57756928,
    "GB-COH-03877777-F305101": 1059060639.2670034,
    "GB-COH-03877777-F305201": 25164656.29327358,
    "GB-COH-03877777-F305301": 77087234.09838769,
    "GB-COH-03877777-F305401": 55197787.34593351,
    "GB-COH-03877777-F305501": 25702504.070736412,
    "GB-COH-03877777-F305601": 25227328.895618785,
    "GB-COH-03877777-F305701": 70565538.7712125,
    "GB-COH-03877777-F305801": 33327558.35842969,
    "GB-COH-03877777-F305901": 96597201.41036583,
    "GB-COH-03877777-F306101": 24081886.314570103,
    "GB-COH-03877777-F306201": 82508672.51140903,
    "GB-COH-03877777-F306301": 11344235.435093323,
    "GB-COH-03877777-F306501": 19105763.61544171,
    "GB-COH-03877777-F306601": 31133174.444261935,
    "GB-COH-03877777-F306801": 191057636.15441713,
    "GB-COH-03877777-F306901": 21557798.794018555,
    "GB-COH-03877777-F307001": 38953383.07851195,
    "GB-COH-03877777-F307101": 23588269.99514953,
    "GB-COH-03877777-F307201": 7887705.387854136,
    "GB-COH-03877777-F307301": 237934377.714594,
    "GB-COH-03877777-F307501": 24688941.161339425,
    "GB-COH-03877777-F307601": 17282259.306578167,
    "GB-COH-03877777-F307701": 39502306.5163305,
    "GB-COH-03877777-F307801": 16298223.02868283,
    "GB-COH-03877777-F307901": 9921929.890062682,
    "GB-COH-03877777-F308101": 15467264.69184143,
    "GB-COH-03877777-F308201": 32550019.161667105,
    "GB-COH-03877777-F308301": 20299390.476270705,
    "GB-COH-03877777-F308401": 30862179.77613475,
    "GB-COH-03877777-F308501": 30862179.77613475,
    "GB-COH-03877777-F308601": 44656802.92633938,
    "GB-COH-03877777-F308801": 52311886.115054764,
    "GB-COH-03877777-F309001": 88045090.56906493,
    "GB-COH-03877777-F309101": 26292160.680198234,
    "GB-COH-03877777-F309201": 25145459.961360965,
    "GB-COH-03877777-F309301": 21843470.209260233,
    "GB-COH-03877777-F309401": 37532545.100963786,
    "GB-COH-03877777-F309501": 54608673.87768201,
    "GB-COH-03877777-F309601": 27673248.524000425,
    "GB-COH-03877777-F309701": 135385698.4439604,
    "GB-COH-03877777-F309801": 22212048.587034255,
    "GB-COH-03877777-F309901": 18389444.097710285,
    "GB-COH-03877777-F310001": 33318072.880551383,
    "GB-COH-03877777-F310101": 80402724.89428696,
    "GB-COH-03877777-F310201": 53815691.30996437,
    "GB-COH-03877777-F310401": 12654884.112702092,
    "GB-COH-03877777-F310501": 31599063.383900203,
    "GB-COH-03877777-F310601": 69060766.96571484,
    "GB-COH-03877777-F310701": 48109989.55273436,
    "GB-COH-03877777-F310801": 23904533.13033932,
    "GB-COH-03877777-F310901": 19397247.523628656,
    "GB-COH-03877777-F311001": 16036662.635755263,
    "GB-COH-03877777-F311101": 75378368.14919168,
    "GB-COH-03877777-F311301": 298768075.45598483,
    "GB-COH-03877777-F311401": 27326102.374348808,
    "GB-COH-03877777-F311501": 54280379.861435264,
    "GB-COH-03877777-F311601": 58988579.33608947,
    "GB-COH-03877777-F311701": 11312546.62589824,
    "GB-COH-03877777-F311801": 34653602.734788015,
    "GB-COH-03877777-F311901": 88688568.26490934,
    "GB-COH-03877777-F312001": 47300569.74128498,
    "GB-COH-03877777-F312101": 4813322.175892534,
    "GB-COH-03877777-F312201": 68303317.41966496,
    "GB-COH-03877777-F312301": 23433156.1604991,
    "GB-COH-03877777-F312401": 21491140.68552139,
    "GB-COH-03877777-F312501": 28154619.29656374,
    "GB-COH-03877777-F312601": 335549790.9613209,
    "GB-COH-03877777-F312701": 22732176.133923333,
    "GB-COH-03877777-F313001": 24732730.650650155,
    "GB-COH-03877777-F313201": 20136961.452517066,
    "GB-COH-03877777-F313301": 24732730.650650155,
    "GB-COH-03877777-F313401": 18810227.828978382,
    "GB-COH-03877777-F313501": 180196172.25595286,
    "GB-COH-03877777-F313601": 62783040.6360023,
    "GB-COH-03877777-F313701": 247863472.2709942,
    "GB-COH-03877777-F313801": 130315439.411456,
    "GB-COH-03877777-F313901": 22153037.75653679,
    "GB-COH-03877777-F314001": 111706556.5302771,
    "GB-COH-03877777-F314101": 33687140.09412814,
    "GB-COH-03877777-F314201": 35788759.81696562,
    "GB-COH-03877777-F314401": 26015902.830367204,
    "GB-COH-03877777-F314701": 64679308.958347656,
    "GB-COH-03877777-F314801": 200893130.67907703,
    "GB-COH-03877777-F314901": 33687140.09412814,
    "GB-COH-03877777-F315001": 39597986.860727556,
    "GB-COH-03877777-F315101": 259027121.54846984,
    "GB-COH-03877777-F315201": 82430414.24083063,
    "GB-COH-03877777-F315301": 29644683.282174576,
    "GB-COH-03877777-F315401": 78492110.34030437,
    "GB-COH-03877777-F315501": 32734178.078807436,
    "GB-COH-03877777-F315601": 39722909.68272321,
    "GB-COH-03877777-F315701": 52963879.58793408,
    "GB-COH-03877777-F316001": 83528645.26410392,
    "GB-COH-03877777-F316201": 6693094.379640719,
    "GB-COH-03877777-F316301": 25497502.41665311,
    "GB-COH-03877777-F316401": 31871878.024930056,
    "GB-COH-03877777-F316501": 27133432.320394937,
    "GB-COH-03877777-F316601": 49941758.38671127,
    "GB-COH-03877777-F316701": 19164851.18526766,
    "GB-COH-03877777-F316901": 2454586.026458166,
    "GB-COH-03877777-F317001": 14727516.22456774,
    "GB-COH-03877777-F317101": 14113869.72206687,
    "GB-COH-03877777-F317201": 4418254.864079385,
    "GB-COH-03877777-F317301": 19329865.05914301,
    "GB-COH-03877777-F317401": 13500223.219566,
    "GB-COH-03877777-F317501": 19329865.05914301,
    "GB-COH-03877777-F317601": 14236599.019276107,
    "GB-COH-03877777-F317701": 8591051.133740297,
    "GB-COH-03877777-F317801": 4602348.818120583,
    "GB-COH-03877777-F317901": 30996981.612966068,
    "GB-COH-03877777-F318001": 18598188.964488704,
    "GB-COH-03877777-F318101": 66396100.18236513,
    "GB-COH-03877777-F318201": 30996981.612966068,
    "GB-COH-03877777-F318301": 48497877.438356936,
    "GB-COH-03877777-F318401": 26435384.140352886,
    "GB-COH-03877777-F318501": 36084837.055990934,
    "GB-COH-03877777-F318601": 121820687.318295,
    "GB-COH-03877777-F318603": 223328134.33364025,
    "GB-COH-03877777-F318701": 18273103.101857923,
    "GB-COH-03877777-F318801": 24364137.463659003,
    "GB-COH-03877777-F318901": 243641374.63659,
    "GB-COH-03877777-F319201": 36411051.331602864,
    "GB-COH-03877777-F319501": 35169354.092196815,
    "GB-COH-03877777-F320201": 23914261.18988838,
    "GB-COH-03877777-F320301": 62281135.12323863,
    "GB-COH-03877777-F320401": 29892826.491474144,
    "GB-COH-03877777-F320501": 18809841.65395972,
    "GB-COH-03877777-F320601": 54540553.68381775,