{
  "free_press_unlimited": {
    "NL-KVK-52957535-2-CD-SP-16": 2539381.423187442,
    "NL-KVK-52957535-2-CF-SP-16": 902532.949832938,
    "NL-KVK-52957535-2-ML-SP-16": 1760972.9586345037,
    "NL-KVK-52957535-2-NI-SP-19": 292410.9936321558,
    "NL-KVK-52957535-2-SO-SP-16": 2799638.712336853,
    "NL-KVK-52957535-4-BD-SP-16": 1804773.629493327,
    "NL-KVK-52957535-4-ID-SP-16": 3135786.6087901853,
    "NL-KVK-52957535-4-NG-SP-16": 1476792.824461642,
    "NL-KVK-52957535-4-NP-SP-16": 2544421.8059220957,
    "NL-KVK-52957535-4-RR-SP-16": 128183.05517607799,
    "NL-KVK-52957535-5-IQ-SP-16": 1672219.806736857,
    "NL-KVK-52957535-5-PK-SP-16": 2529357.884769795,
    "NL-KVK-52957535-SP": 18832961.297010522,
    "NL-KVK-52957535-SP-IP": 1059114.037774506,
    "NL-KVK-52957535-SP-LA": 2029741.9523090124,
    "NL-KVK-52957535-XM-DAC-7-PPR-4000001717": 343223.491630587
  }
}