{
  "XM-DAC-41108-1100000016": 5848817.190250126,
  "XM-DAC-41108-1100000086": 28518673.72650918,
  "XM-DAC-41108-1100000149": 27098638.028061736,
  "XM-DAC-41108-1100000218": 11262582.413050136,
  "XM-DAC-41108-1100000266": 24129987.29326118,
  "XM-DAC-41108-1100000354": 14978371.202626318,
  "XM-DAC-41108-1100000373": 10823436.999142883,
  "XM-DAC-41108-1100001031": 15530885.329673294,
  "XM-DAC-41108-1100001145": 22733381.47740627,
  "XM-DAC-41108-1100001298": 14471654.909434797,
  "XM-DAC-41108-1100001490": 15462352.33246631,
  "XM-DAC-41108-1100001598": 85527125.74776419,
  "XM-DAC-41108-1100001721": 36838043.26699553,
  "XM-DAC-41108-2000002284": 23600000.0
}