{
  "NL-KVK-41180885-ATEWA Final Lifeline": 999764.8961682454,
  "NL-KVK-41180885-GLA - ToC Agro-commodities": 553020.7600726741,
  "NL-KVK-41180885-GLA - ToC Bolivia": 3035390.226495722,
  "NL-KVK-41180885-GLA - ToC DRC": 4043544.7477542986,
  "NL-KVK-41180885-GLA - ToC Forest Governance": 1369836.1389144203,
  "NL-KVK-41180885-GLA - ToC Ghana": 3046750.756570344,
  "NL-KVK-41180885-GLA - ToC Indonesia Lariang": 1245866.55083894,
  "NL-KVK-41180885-GLA - ToC Indonesia Mudiak Baduo": 1840779.469758875,
  "NL-KVK-41180885-GLA - ToC JET": 686935.5898433566,
  "NL-KVK-41180885-GLA - ToC Liberia": 601470.7334080003,
  "NL-KVK-41180885-GLA - ToC Philippines Cagayan de Oro Tagaloan river basin": 1403431.0029593809,
  "NL-KVK-41180885-GLA - ToC Philippines Sierra Madre": 2240738.4729860113,
  "NL-KVK-41180885-GLA - ToC Vietnam": 976481.9387482856,
  "NL-KVK-41180885-GLA II - IUCN NL - Bolivia": 981453.8556969706,
  "NL-KVK-41180885-GLA II - IUCN NL - Colombia": 524483.0511508207,
  "NL-KVK-41180885-GLA II - IUCN NL - DRC": 1228987.7321644097,
  "NL-KVK-41180885-GLA II - IUCN NL - Ghana": 1248574.5694996861,
  "NL-KVK-41180885-GLA II - IUCN NL - Indonesia": 1004607.7339930275,
  "NL-KVK-41180885-GLA II - IUCN NL - International Thematic": 125713.6902165615,
  "NL-KVK-41180885-GLA II - IUCN NL - Philippines": 784574.8694360611,
  "NL-KVK-41180885-GLA II - IUCN NL - Uganda": 680658.2989950768,
  "NL-KVK-41180885-MoMo 4 Climate - IUCN NL": 262724.4799186147,
  "NL-KVK-41180885-MoMo 4 Climate - IUCN NL - Ghana": 803238.8156054887,
  "NL-KVK-41180885-MoMo 4 Climate - IUCN NL - Netherlands/International": 39773.60904496784,
  "NL-KVK-41180885-MoMo 4 Climate - IUCN NL - Uganda": 649587.8156803957,
  "NL-KVK-41180885-NL-KVK-41180885-PPR-4000002211": 10023265.556507505,
  "NL-KVK-41180885-SRJS - Netherlands": 333098.0092122072,
  "NL-KVK-41180885-SRJS - ToC Benin": 3441812.774880595,
  "NL-KVK-41180885-SRJS - ToC Burkina Faso": 2614158.388655596,
  "NL-KVK-41180885-SRJS - ToC Cambodia": 2878708.3839295655,
  "NL-KVK-41180885-SRJS - ToC Chaco Pantanal": 8945900.439932732,
  "NL-KVK-41180885-SRJS - ToC Ghana": 3066618.39644875,
  "NL-KVK-41180885-SRJS - ToC Guianas": 5427916.744597795,
  "NL-KVK-41180885-SRJS - ToC Indonesia Bulungan": 3516035.834379275,
  "NL-KVK-41180885-SRJS - ToC Indonesia Papua": 2549454.5127911246,
  "NL-KVK-41180885-SRJS - ToC International Program": 15460616.419219537,
  "NL-KVK-41180885-SRJS - ToC Madagascar": 4707809.931608156,
  "NL-KVK-41180885-SRJS - ToC Myanmar": 2585178.113250996,
  "NL-KVK-41180885-SRJS - ToC Philippines Cordillera": 789710.8346755628,
  "NL-KVK-41180885-SRJS - ToC Philippines National": 3249845.515570477,
  "NL-KVK-41180885-SRJS - ToC Philippines Palawan": 1814242.3478058437,
  "NL-KVK-41180885-SRJS - ToC Philippines Zamb-Malin": 820153.7987469794,
  "NL-KVK-41180885-SRJS - ToC Tanzania": 3115567.527083466,
  "NL-KVK-41180885-SRJS - ToC Uganda": 5562272.958832289,
  "NL-KVK-41180885-SRJS-NL-1-27537-IUCN": 47399174.439620085
}