{
  "DE-1-199370230": 1067543.1272107023,
  "DE-1-200166264": 31306833.574216746,
  "DE-1-200170407": 2325431.662755448,
  "DE-1-200507145-0": 6220451.361867702,
  "DE-1-200565135": 18086018.0392157,
  "DE-1-200566133": 16193872.941176469,
  "DE-1-200721449": 3235662.0312499995,
  "DE-1-200766014": 17911036.9140625,
  "DE-1-200766022": 11197025.012254883,
  "DE-1-200766030": 13612456.535879018,
  "DE-1-200766048": 6807251.152726722,
  "DE-1-200779926-0": 1850145.3529411822,
  "DE-1-200831537-0": 129426.48124999998,
  "DE-1-200833103-0": 80891.55078124999,
  "DE-1-200839050-0": 117660.43749999999,
  "DE-1-200855205-0": 181393.54613847643,
  "DE-1-200875369-0": 209217.36328124985,
  "DE-1-200875559-0": 2059057.6562499995,
  "DE-1-200921692": 11908636.533949438,
  "DE-1-200921700": 7656229.132413049,
  "DE-1-200921718": 14081588.64821987,
  "DE-1-200921726": 6707551.568872513,
  "DE-1-200930883-0": 86476.51015624995,
  "DE-1-200930891-0": 164584.3257812499,
  "DE-1-200931535-0": 251060.83593749985,
  "DE-1-200931667-0": 278956.4843749998,
  "DE-1-200932400-0": 348695.60546874977,
  "DE-1-200932418-0": 185506.06210937488,
  "DE-1-200933333-0": 139478.2421874999,
  "DE-1-200933671-0": 209217.36328124985,
  "DE-1-200933705-0": 193874.75664062487,
  "DE-1-200933945-0": 181321.71484374988,
  "DE-1-200966119": 19043192.260624077,
  "DE-1-200966127": 15812811.88925725,
  "DE-1-200974238-0": 216191.27539062485,
  "DE-1-200975094-0": 202243.45117187488,
  "DE-1-200975110-0": 269193.00742187485,
  "DE-1-200975706-0": 278956.4843749998,
  "DE-1-200975714-0": 739234.6835937495,
  "DE-1-201015866-0": 402372.2426500008,
  "DE-1-201019181-0": 821944.333333335,
  "DE-1-201030279-0": 145828.83333333363,
  "DE-1-201032416-0": 132571.66666666692,
  "DE-1-201074590-0": 430857.9166666675,
  "DE-1-201074848-0": 657555.466666668,
  "DE-1-201075654-0": 265143.33333333384,
  "DE-1-201116524-0": 211495.073083658,
  "DE-1-201118967-0": 237437.93142052574,
  "DE-1-201120815": 8222943.746571964,
  "DE-1-201120831": 1328118.03921569,
  "DE-1-201121946": 7089538.40914922,
  "DE-1-201122472": 5907550.599651553,
  "DE-1-201130673-0": 180954.18287937777,
  "DE-1-201130756-0": 172602.45136186804,
  "DE-1-201131036-0": 200441.55642023386,
  "DE-1-201139260-0": 90477.09143968888,
  "DE-1-201139351-0": 86301.22568093402,
  "DE-1-201155993-0": 703528.983706227,
  "DE-1-201165539": 10625653.761312654,
  "DE-1-201165547": 18319431.575700913,
  "DE-1-201167121": 20906315.64950977,
  "DE-1-201174721-0": 1472688.6575875515,
  "DE-1-201175421-0": 139195.52529182905,
  "DE-1-201175793-0": 278391.0505836581,
  "DE-1-201175801-0": 229672.61673151795,
  "DE-1-201175991-0": 2157530.6420233506,
  "DE-1-201198506-0": 1325419.7918287963,
  "DE-1-201201003-0": 42816.86727890626,
  "DE-1-201206077-0": 546549.1010156252,
  "DE-1-201215714-0": 373137.3196066407,
  "DE-1-201216845-0": 448609.66055859387,
  "DE-1-201218494-0": 835112.6367187502,
  "DE-1-201230648-0": 159313.79531250003,
  "DE-1-201231133-0": 282653.50781250006,
  "DE-1-201231158-0": 128478.86718750003,
  "DE-1-201231216-0": 154174.64062500003,
  "DE-1-201231372-0": 267236.04375000007,
  "DE-1-201231778-0": 154174.64062500003,
  "DE-1-201233600-0": 91219.99570312502,
  "DE-1-201233634-0": 152889.85195312503,
  "DE-1-201275320-0": 448391.2464843751,
  "DE-1-201275338-0": 328905.9000000001,
  "DE-1-201275346-0": 334045.0546875001,
  "DE-1-201275718-0": 128478.86718750003,
  "DE-1-201276120-0": 483080.54062500014,
  "DE-1-201276138-0": 391860.5449218751,
  "DE-1-201276294-0": 256957.73437500006,
  "DE-1-201298355-0": 2055661.8750000005,
  "DE-1-201306125-0": 714195.4755882373,
  "DE-1-201315571-0": 47314.20514705896,
  "DE-1-201316546-0": 370381.57442235394,
  "DE-1-201321371": 11600195.177465841,
  "DE-1-201321397": 5178064.4937750995,
  "DE-1-201322254": 6820350.201999612,
  "DE-1-201322262": 11331658.83084868,
  "DE-1-201330687-0": 199217.7058823535,
  "DE-1-201330703-0": 232420.65686274573,
  "DE-1-201331016-0": 82343.31843137278,
  "DE-1-201332071-0": 146092.9843137259,
  "DE-1-201332154-0": 159374.16470588278,
  "DE-1-201332402-0": 199217.7058823535,
  "DE-1-201332709-0": 130155.56784313761,
  "DE-1-201333020-0": 163358.51882352986,
  "DE-1-201333236-0": 154061.69254902002,
  "DE-1-201333889-0": 296170.32274509885,
  "DE-1-201333905-0": 82343.31843137278,
  "DE-1-201333947-0": 143436.7482352945,
  "DE-1-201333988-0": 195233.35176470643,
  "DE-1-201365303": 29224380.924805436,
  "DE-1-201366996": 23782731.5529714,
  "DE-1-201373570-0": 130155.56784313761,
  "DE-1-201373893-0": 531247.215686276,
  "DE-1-201375187-0": 597653.1176470604,
  "DE-1-201375195-0": 305467.1490196087,
  "DE-1-201375989-0": 464841.31372549146,
  "DE-1-201379833-0": 1128900.3333333365,
  "DE-1-201409721": 7169772.6244248925,
  "DE-1-201409952-0": 797100.4705882325,
  "DE-1-201415538-0": 358695.2117647046,
  "DE-1-201415611-0": 7335.981330980367,
  "DE-1-201416999-0": 531247.5361352923,
  "DE-1-201418136-0": 1022945.6039215651,
  "DE-1-201424738": 6804503.964209388,
  "DE-1-201430842-0": 79710.04705882326,
  "DE-1-201431048-0": 220531.13019607766,
  "DE-1-201439066-0": 132850.0784313721,
  "DE-1-201439074-0": 108937.06431372512,
  "DE-1-201467679": 15911547.845300902,
  "DE-1-201475052-0": 272342.66078431276,
  "DE-1-201475227-0": 340096.20078431256,
  "DE-1-201475235-0": 285627.66862745,
  "DE-1-201475300-0": 132850.0784313721,
  "DE-1-201475565-0": 483574.2854901944,
  "DE-1-201475912-0": 704105.4156862721,
  "DE-1-201475920-0": 2922701.725490186,
  "DE-1-201476399-0": 332125.1960784302,
  "DE-1-201479351-0": 1328500.784313721,
  "DE-1-201495944-0": 107720.15759529374,
  "DE-1-201498575-0": 791572.5788247031,
  "DE-1-201501162-0": 664250.3921568604,
  "DE-1-201501584-0": 827958.8868062716,
  "DE-1-201515519-0": 688383.9374047035,
  "DE-1-201520667-33": 1062800.6274509768,
  "DE-1-201520931": 22425214.664187293,
  "DE-1-201520949": 6522938.850980369,
  "DE-1-201521509": 12720660.70996074,
  "DE-1-201530484-0": 239130.14117646977,
  "DE-1-201530492-0": 178019.1050980386,
  "DE-1-201530500-0": 209903.1239215679,
  "DE-1-201532266-0": 155434.59176470534,
  "DE-1-201533553-0": 189975.61215686207,
  "DE-1-201533843-0": 192632.61372548953,
  "DE-1-201535046": 12279001.912861405,
  "DE-1-201555259-0": 429808.5302482338,
  "DE-1-201567536": 23904388.348044537,
  "DE-1-201567551": 31884018.8235293,
  "DE-1-201568641": 13528539.493402218,
  "DE-1-201570100": 5269079.391688025,
  "DE-1-201574599-0": 265700.1568627442,
  "DE-1-201575406-0": 79710.04705882326,
  "DE-1-201575711-0": 471617.7784313709,
  "DE-1-201575729-0": 451690.2666666651,
  "DE-1-201576057-0": 159420.0941176465,
  "DE-1-201576065-0": 770530.4549019581,
  "DE-1-201576073-0": 470289.2776470572,
  "DE-1-201598341-0": 518115.3058823511,
  "DE-1-201601202": 7971004.705882325,
  "DE-1-201601228-1759": 1619498.3992464533,
  "DE-1-201601228-1797": 899282.1084137224,
  "DE-1-201606003-1289": 99791.47892439965,
  "DE-1-201606003-1296": 1417523.6218705834,
  "DE-1-201606003-1395": 806334.8795399972,
  "DE-1-201606003-1415": 2028521.0600882282,
  "DE-1-201606003-1434": 770519.8268956837,
  "DE-1-201606003-1665": 2046544.8302290125,
  "DE-1-201608025-0": 31884.018823529303,
  "DE-1-201630458-0": 377294.2227450967,
  "DE-1-201631910-0": 330796.6952941165,
  "DE-1-201631928-0": 310869.1835294107,
  "DE-1-201632751-0": 205917.62156862672,
  "DE-1-201632777-0": 189975.61215686207,
  "DE-1-201633502-0": 168719.59960784254,
  "DE-1-201673912-0": 232487.63725490114,
  "DE-1-201674852-0": 94323.55568627418,
  "DE-1-201675263-0": 664250.3921568604,
  "DE-1-201675271-0": 292270.1725490186,
  "DE-1-201675560-0": 425120.2509803907,
  "DE-1-201675883-0": 664250.3921568604,
  "DE-1-201676535-0": 292270.1725490186,
  "DE-1-201679380-0": 1467993.3666666616,
  "DE-1-201701127-2690": 498187.7941176453,
  "DE-1-201701127-2709": 498187.7941176453,
  "DE-1-201701127-2716": 411835.24313725345,
  "DE-1-201706019-1847": 522989.5752599982,