{
  "GB-CHC-285776-SLK299": 232346.71903510598,
  "GB-CHC-285776-SLK313": 85327.20799575858
}