{
  "US-GOV-11-VE-1037650829": -2725.86,
  "US-GOV-11-VE-2075214010": 75068.0,
  "US-GOV-11-VE-FA9463338": 2000000.0,
  "US-GOV-11-VE-INFORMATION-REDACTED": 9186535.95,
  "US-GOV-11-VE-SINLEC20CA3290": -1.65740966796875e-24,
  "US-GOV-11-VE-SPRMCO17CA2132": 5064596.0600000005,
  "US-GOV-11-VE-SPRMCO17CA2167": 2996540.0,
  "US-GOV-11-VE-SPRMCO17VC2036": 1500000.0,
  "US-GOV-11-VE-SPRMCO18CA0022": 1000000.0,
  "US-GOV-11-VE-SPRMCO18CA0183": 5401287.92,
  "US-GOV-11-VE-SPRMCO18CA0184": 1350000.0,
  "US-GOV-11-VE-SPRMCO18VC0046": 1054784.0,
  "US-GOV-11-VE-SPRMCO19CA0041": 8754499.0,
  "US-GOV-11-VE-SPRMCO19CA0229": 646197.7,
  "US-GOV-11-VE-SPRMCO19CA0237": 173805.0,
  "US-GOV-11-VE-SPRMCO19VC0037": 2000000.0,
  "US-GOV-11-VE-SPRMCO19VC0241": 484962.0,
  "US-GOV-16-VE-AID-LAC-529-01": 464621.49,
  "US-GOV-16-VE-AID-LAC-529-02": 59559.21,
  "US-GOV-2-VE-FCC-529-2019001-00": 12674430.0,
  "US-GOV-21-VE-VZ-199": 154283.0,
  "US-GOV-21-VE-VZ-200": 388410.0,
  "US-GOV-21-VE-VZ-201": 252516.0,
  "US-GOV-21-VE-VZ-202": 293900.0,
  "US-GOV-21-VE-VZ-203": 256855.0,
  "US-GOV-21-VE-VZ-204": 114025.0,
  "US-GOV-21-VE-VZ-205": 27360.0,
  "US-GOV-9-VE-F17AP00406": 165767.80000000002,
  "US-GOV-9-VE-F17AP00670": 62355.0,
  "US-GOV-9-VE-F19AP00610": 124355.0
}