{
  "NL-KVK-41149486-AFG-16.2-DRA": 1659251.7751187163,
  "NL-KVK-41149486-AFG-17.2-DRA": 1399408.1542475615,
  "NL-KVK-41149486-AFG-18.1-DRA": 2471196.5187690454,
  "NL-KVK-41149486-AFG-18.2-DRA": 778080.5652237961,
  "NL-KVK-41149486-AFG-19.1-DRA": 2463938.391264888,
  "NL-KVK-41149486-AFG-22.1-DRA": 3920197.6719429996,
  "NL-KVK-41149486-BGD-21.2-SHO": 792802.6774623292,
  "NL-KVK-41149486-BKF-19.3-DRA": 1705881.7580411246,
  "NL-KVK-41149486-BKF-21-4-DRA": 1347064.6371032163,
  "NL-KVK-41149486-CAMJR-19.2-DRA": 3088053.6856191615,
  "NL-KVK-41149486-CAMJR-19.2-SV-IRC": 1931607.531253671,
  "NL-KVK-41149486-CAR-15.1-DRA": 2292617.3637211975,
  "NL-KVK-41149486-CAR-16.1-DRA": 1845866.0027009011,
  "NL-KVK-41149486-CAR-17.1-DRA": 972838.7704556591,
  "NL-KVK-41149486-CAR-18.1-DRA": 1819526.9021222284,
  "NL-KVK-41149486-CAR-19.1-DRA": 1643524.2827300192,
  "NL-KVK-41149486-CAR-20.1-DRA": 2892157.2891208637,
  "NL-KVK-41149486-CAR-21.1-DRA": 2279079.9266397934,
  "NL-KVK-41149486-DRC-18.1-DRA": 1399364.3265791924,
  "NL-KVK-41149486-DRC-20.1-DRA": 2633328.3451780123,
  "NL-KVK-41149486-DRC-21.1-DRA": 1998905.5800900217,
  "NL-KVK-41149486-ETH-15.2-DRA": 1578975.4240004583,
  "NL-KVK-41149486-ETH-16.1-DRA": 1217317.473285534,
  "NL-KVK-41149486-ETH-20.1-DRA": 1158745.1147881246,
  "NL-KVK-41149486-ETH-21.1-DRA": 2487224.164280513,
  "NL-KVK-41149486-ETH-22.1-DRA": 3681901.3265754944,
  "NL-KVK-41149486-GLOB-18.4-DRA": 1959420.8352229411,
  "NL-KVK-41149486-GLOB-19.5-DRA": 1020405.0717477711,
  "NL-KVK-41149486-IRQ-15.1-DRA": 1567479.2937761243,
  "NL-KVK-41149486-IRQ-15.3-DRA": 2510512.593518463,
  "NL-KVK-41149486-IRQ-17.1-DRA": 1186708.4953187797,
  "NL-KVK-41149486-JEM-15.2-DRA": 1720711.4472838365,
  "NL-KVK-41149486-JEM-15.3-DRA": 2450156.5817295467,
  "NL-KVK-41149486-JEM-17.1-DRA": 1740225.3845973923,
  "NL-KVK-41149486-JEM-17.3-SHO": 1726544.5115104162,
  "NL-KVK-41149486-JEM-18.1-DRA": 2784270.835041229,
  "NL-KVK-41149486-JOR-17.1-ARC": 2222281.9246557513,
  "NL-KVK-41149486-LEB-20.1-SHO": 3342228.9280479113,
  "NL-KVK-41149486-LEB-20.2-DRA": 1268216.005484861,
  "NL-KVK-41149486-MOL-22.1-SHO": 963277.6981953795,
  "NL-KVK-41149486-NGR-15.2-DRA": 2842157.888178685,
  "NL-KVK-41149486-NGR-16.1-DRA": 2852193.096124049,
  "NL-KVK-41149486-NGR-17-1-DRA": 1594829.086949612,
  "NL-KVK-41149486-NGR-21.4-SHO": 792483.930783281,
  "NL-KVK-41149486-POL-22.3-SHO": 651393.3695249752,
  "NL-KVK-41149486-SOM-17.1-DRA": 1345943.7112818973,
  "NL-KVK-41149486-SOM-17.2-SHO": 1328111.1627003201,
  "NL-KVK-41149486-SOM-22.1-DRA": 1231246.703159935,
  "NL-KVK-41149486-SSDN-15.2-DRA": 1214831.2491889591,
  "NL-KVK-41149486-SSDN-16.1-DRA": 2465510.874881525,
  "NL-KVK-41149486-SSDN-17.2-DRA": 2924589.7637140057,
  "NL-KVK-41149486-SSDN-17.3-SHO": 2442108.2280835826,
  "NL-KVK-41149486-SYR-14.1a-BZ": 10687427.400031794,
  "NL-KVK-41149486-SYR-15.1-DRA": 1048938.2119672247,
  "NL-KVK-41149486-SYR-16.2-DRA": 2903952.244356806,
  "NL-KVK-41149486-SYR-17.2-DRA": 1758063.24562362,
  "NL-KVK-41149486-SYR-20.2-DRA": 1458510.4290988883,
  "NL-KVK-41149486-SYR19.4-DRA": 2095536.2920657715,
  "NL-KVK-41149486-UKR-22-2-SHO": 1926425.2414968144,
  "NL-KVK-41149486-UKR-22-3-SHO": 1892558.4068479564,
  "NL-KVK-41149486-UKR-22-5-SHO": 1992166.7440504802,
  "NL-KVK-41149486-UKR-22-6-SHO": 921148.6840033627,
  "NL-KVK-41149486-UKR-22-7-SHO": 1261705.604565304,
  "NL-KVK-41149486-YEM-19.1-DRA": 2818934.536387707,
  "NL-KVK-41149486-YEM-20.1-DRA": 2138253.659502865,
  "NL-KVK-41149486-YEM-21.1-DRA": 2086880.9916184535,
  "NL-KVK-41149486-YEM-21.3-SHO": 757023.3627391824,
  "NL-KVK-41149486-YEM-22.1-DRA": 3480660.610758491,
  "NL-KVK-41149486-ZIM-16.1-DRA": 1276340.061467099
}