{
  "471065461-1053670": {
    "msmgf-activities.xml": 883763.6828845113
  },
  "US-EIN-471065461-105367": {
    "msmgf-activities.xml": 164286.0227148669
  },
  "US-EIN-471065461-1053673": {
    "msmgf-activities.xml": 58448.84415927839
  },
  "US-EIN-471065461-1053675": {
    "msmgf-activities.xml": 661516.232807077
  },
  "US-EIN-471065461-1053676": {
    "msmgf-activities.xml": 190383.40706192818
  }
}