{
  "FR-3-CSD100801": 3719802.1960784183,
  "FR-3-CSD101901": 4535699.783684,
  "FR-3-CSD102001": 13285007.843137208,
  "FR-3-CSD102003": 34541020.39215674,
  "FR-3-CSD102004": 5314003.137254884,
  "FR-3-CSD102006": 34541020.39215674,
  "FR-3-CSD102201": 3188401.88235293
}