{
  "ES-DIR3-E04585801-009-003755": 63754.96726138374,
  "ES-DIR3-E04585801-009-003793": 36819.18960837554,
  "ES-DIR3-E04585801-009-003821": 14859.918679372739,
  "ES-DIR3-E04585801-009-028379": 163789.37847599172,
  "ES-DIR3-E04585801-009-029981": 4346.3069690146995,
  "ES-DIR3-E04585801-009-037153": 66828.48565472652,
  "ES-DIR3-E04585801-009-038231": 11136.238822949124,
  "ES-DIR3-E04585801-009-043421": 11136.238822949124,
  "ES-DIR3-E04585801-009-043515": 16704.358234423686,
  "ES-DIR3-E04585801-009-046719": 6681.743293769475,
  "ES-DIR3-E04585801-009-048511": 11598.348801073578,
  "ES-DIR3-E04585801-009-050907": 961.8086516987158,
  "ES-DIR3-E04585801-009-051277": 4667.006932765957,
  "ES-DIR3-E04585801-009-051425": 9157.528143385272,
  "ES-DIR3-E04585801-009-064651": 9293.277550043636,
  "ES-DIR3-E04585801-009-065867": 24159.54778129744,
  "ES-DIR3-E04585801-009-066055": 464260.60236095305,
  "ES-DIR3-E04585801-009-066057": 426133.65670526365,
  "ES-DIR3-E04585801-009-066169": 211373.7392202325,
  "ES-DIR3-E04585801-009-067909": 3202.1979215293213,
  "ES-DIR3-E04585801-009-068017": 27109.180971238147,
  "ES-DIR3-E04585801-009-075541": 212419.10965555572,
  "ES-DIR3-E04585801-009-077495": 21145.392692937858,
  "ES-DIR3-E04585801-009-077685": 9317.174549458034,
  "ES-DIR3-E04585801-009-084388": 96274.59224858343,
  "ES-DIR3-E04585801-009-087498": 32802.80510974918,
  "ES-DIR3-E04585801-009-087511": 31874.667904807684,
  "ES-DIR3-E04585801-009-087593": 7240.676123479367,
  "ES-DIR3-E04585801-009-087660": 23894.71198372281,
  "ES-DIR3-E04585801-009-087661": 18730.85640980444,
  "ES-DIR3-E04585801-009-089676": 264937.7240468083,
  "ES-DIR3-E04585801-009-089760": 1957.237420471462,
  "ES-DIR3-E04585801-009-089978": 2390.6000928605763,
  "ES-DIR3-E04585801-009-089991": 45381.6381161397,
  "ES-DIR3-E04585801-009-089992": 95836.5015004551,
  "ES-DIR3-E04585801-009-089993": 258827.98770281475,
  "ES-DIR3-E04585801-009-090595": 68252.00452229501,
  "ES-DIR3-E04585801-009-091035": 7170.604978535299,
  "ES-DIR3-E04585801-009-093092": 38674.96892895888
}