{
  "GB-CHC-202918-NICB41": 92650.43807192547,
  "GB-CHC-202918-NICB48": 23319.62174703466,
  "GB-CHC-202918-NICB51": 24153.698721154527,
  "GB-CHC-202918-NICB54": 6715.238998000983
}