{
  "XI-IATI-EC_INTPA-2001/2903/0": 170582.52364654338,
  "XI-IATI-EC_INTPA-2002/2537/2": 26321101.234306656,
  "XI-IATI-EC_INTPA-2002/2537/3": 7975258.9703773055,
  "XI-IATI-EC_INTPA-2002/2537/4": 2721172.940821819,
  "XI-IATI-EC_INTPA-2003/019-976": 1107732.9249409596,
  "XI-IATI-EC_INTPA-2003/069-568": 276223.7906054218,
  "XI-IATI-EC_INTPA-2003/5619/0": 45244791.633527465,
  "XI-IATI-EC_INTPA-2004/072-962": 23464.97330038616,
  "XI-IATI-EC_INTPA-2004/072-964": 56903.496802556736,
  "XI-IATI-EC_INTPA-2004/072-965": 61546.49444515886,
  "XI-IATI-EC_INTPA-2004/072-968": 29223.556864636448,
  "XI-IATI-EC_INTPA-2004/073-088": 30043.068574613593,
  "XI-IATI-EC_INTPA-2004/073-157": 14086.087049764315,
  "XI-IATI-EC_INTPA-2004/087-295": 30563.488504646786,
  "XI-IATI-EC_INTPA-2004/16767/1": 17848196.928396005,
  "XI-IATI-EC_INTPA-2004/16770/29": 4977096.322854409,
  "XI-IATI-EC_INTPA-2004/16770/30": 888841.7905367581,
  "XI-IATI-EC_INTPA-2004/16770/31": 1859767.3294384915,
  "XI-IATI-EC_INTPA-2004/16770/32": 1364818.2757822326,
  "XI-IATI-EC_INTPA-2004/16770/33": 2163543.371221893,
  "XI-IATI-EC_INTPA-2004/16770/34": 2407001.024648624,
  "XI-IATI-EC_INTPA-2004/16770/35": 2978693.476579878,
  "XI-IATI-EC_INTPA-2005/104-762": 788542.9814287934,
  "XI-IATI-EC_INTPA-2005/17099/2": 2437989.0159451277,
  "XI-IATI-EC_INTPA-2005/17611/1": 5977669.163138518,
  "XI-IATI-EC_INTPA-2005/17611/2": 1717373.9958002835,
  "XI-IATI-EC_INTPA-2005/17611/3": 1694152.9157296298,
  "XI-IATI-EC_INTPA-2005/17611/5": 1736580.7283406435,
  "XI-IATI-EC_INTPA-2005/17611/6": 4217514.535334938,
  "XI-IATI-EC_INTPA-2006/117-758": 1187518.708555238,
  "XI-IATI-EC_INTPA-2006/118-131": 464941.08238405926,
  "XI-IATI-EC_INTPA-2006/126-319": 238013.6477263313,
  "XI-IATI-EC_INTPA-2006/131-274": 50194.44268824923,
  "XI-IATI-EC_INTPA-2006/18041/7": -216824.7640502503,
  "XI-IATI-EC_INTPA-2006/18399/0": 7230564.830746063,
  "XI-IATI-EC_INTPA-2007/128-241": 558755.2387285094,
  "XI-IATI-EC_INTPA-2008/155-098": 579800.5172442928,
  "XI-IATI-EC_INTPA-2009/153-330": 1613323.4736902674,
  "XI-IATI-EC_INTPA-2009/170-159": 1749417.546340407,
  "XI-IATI-EC_INTPA-2009/20557/0": 981771.6835558256,
  "XI-IATI-EC_INTPA-2010/167-016": 1353072.4572035263,
  "XI-IATI-EC_INTPA-2010/230-309": 3411749.460154615,
  "XI-IATI-EC_INTPA-2010/235-364": 5195852.62384863,
  "XI-IATI-EC_INTPA-2010/253-365": 417600.7500000008,
  "XI-IATI-EC_INTPA-2011/282-507": 1657097.033674883,
  "XI-IATI-EC_INTPA-2012/286-625": 1859620.6032731798,
  "XI-IATI-EC_INTPA-2012/292-464": 25999933.43845742,
  "XI-IATI-EC_INTPA-2012/296-838": 1298360.1473131508,
  "XI-IATI-EC_INTPA-2013/317-884": 6850439.950491472,
  "XI-IATI-EC_INTPA-2013/331-217": 2573068.1777202617,
  "XI-IATI-EC_INTPA-2016/38892/0": 1328434.3592745052,
  "XI-IATI-EC_INTPA-2016/39570/0": 21256009.892017964,
  "XI-IATI-EC_INTPA-2018/40953/0": 14480658.549019558,
  "XI-IATI-EC_INTPA-2019/41889/0": 2657001.568627442,
  "XI-IATI-EC_INTPA-2020/42549/0": 5314003.137254884,
  "XI-IATI-EC_INTPA-2021/428-270": 1542022.7443717592,
  "XI-IATI-EC_INTPA-2021/43546/0": 66425039.215686046
}