{
  "XI-IATI-EC_INTPA-2001/2903/0": 170237.2924738958,
  "XI-IATI-EC_INTPA-2002/2537/2": 26266082.540621795,
  "XI-IATI-EC_INTPA-2002/2537/3": 7957867.840074975,
  "XI-IATI-EC_INTPA-2002/2537/4": 2714459.9197960766,
  "XI-IATI-EC_INTPA-2003/019-976": 1106944.039702911,
  "XI-IATI-EC_INTPA-2003/069-568": 275648.83471265016,
  "XI-IATI-EC_INTPA-2003/5619/0": 45197508.80677133,
  "XI-IATI-EC_INTPA-2004/072-962": 23452.995891358245,
  "XI-IATI-EC_INTPA-2004/072-964": 56870.602614368894,
  "XI-IATI-EC_INTPA-2004/072-965": 61512.8891901321,
  "XI-IATI-EC_INTPA-2004/072-968": 29205.86017186594,
  "XI-IATI-EC_INTPA-2004/073-088": 30026.663801872484,
  "XI-IATI-EC_INTPA-2004/073-157": 14078.269295699556,
  "XI-IATI-EC_INTPA-2004/087-295": 30545.342580851207,
  "XI-IATI-EC_INTPA-2004/16767/1": 17839126.057358738,
  "XI-IATI-EC_INTPA-2004/16770/29": 4974553.8813375775,
  "XI-IATI-EC_INTPA-2004/16770/30": 888365.0124699051,
  "XI-IATI-EC_INTPA-2004/16770/31": 1858816.7316838854,
  "XI-IATI-EC_INTPA-2004/16770/32": 1364120.1272776872,
  "XI-IATI-EC_INTPA-2004/16770/33": 2162438.9125202023,
  "XI-IATI-EC_INTPA-2004/16770/34": 2405762.603359667,
  "XI-IATI-EC_INTPA-2004/16770/35": 2977144.5775651475,
  "XI-IATI-EC_INTPA-2005/104-762": 787765.4899679869,
  "XI-IATI-EC_INTPA-2005/17099/2": 2435559.057418237,
  "XI-IATI-EC_INTPA-2005/17611/1": 5971617.74722881,
  "XI-IATI-EC_INTPA-2005/17611/2": 1715577.6431185482,
  "XI-IATI-EC_INTPA-2005/17611/3": 1692399.3691061959,
  "XI-IATI-EC_INTPA-2005/17611/5": 1734805.8584640552,
  "XI-IATI-EC_INTPA-2005/17611/6": 4213280.372259554,
  "XI-IATI-EC_INTPA-2006/117-758": 1185692.114472362,
  "XI-IATI-EC_INTPA-2006/118-131": 464327.6247843654,
  "XI-IATI-EC_INTPA-2006/126-319": 237900.18258957416,
  "XI-IATI-EC_INTPA-2006/131-274": 50156.58818594407,
  "XI-IATI-EC_INTPA-2006/18041/7": -215016.83129194635,
  "XI-IATI-EC_INTPA-2006/18399/0": 7226924.264170231,
  "XI-IATI-EC_INTPA-2007/128-241": 558138.6251503484,
  "XI-IATI-EC_INTPA-2008/155-098": 579437.7710252351,
  "XI-IATI-EC_INTPA-2009/153-330": 1612063.6967641776,
  "XI-IATI-EC_INTPA-2009/170-159": 1748314.3158222954,
  "XI-IATI-EC_INTPA-2009/20557/0": 970724.3894983036,
  "XI-IATI-EC_INTPA-2010/167-016": 1352612.0341075321,
  "XI-IATI-EC_INTPA-2010/230-309": 3411010.9814376314,
  "XI-IATI-EC_INTPA-2010/235-364": 5194189.610305786,
  "XI-IATI-EC_INTPA-2010/253-365": 417390.8727362821,
  "XI-IATI-EC_INTPA-2011/282-507": 1656622.2105922115,
  "XI-IATI-EC_INTPA-2012/286-625": 1859045.3752542103,
  "XI-IATI-EC_INTPA-2012/292-464": 25992973.6192583,
  "XI-IATI-EC_INTPA-2012/296-838": 1297945.639774302,
  "XI-IATI-EC_INTPA-2013/317-884": 6848125.485800486,
  "XI-IATI-EC_INTPA-2013/331-217": 2572313.550409062,
  "XI-IATI-EC_INTPA-2016/38892/0": 1328044.757142185,
  "XI-IATI-EC_INTPA-2016/39570/0": 21249775.946982797,
  "XI-IATI-EC_INTPA-2018/40953/0": 14476411.67343349,
  "XI-IATI-EC_INTPA-2019/41889/0": 2656222.3254006403,
  "XI-IATI-EC_INTPA-2020/42549/0": 5312444.6508012805,
  "XI-IATI-EC_INTPA-2021/428-270": 1541570.5012141664,
  "XI-IATI-EC_INTPA-2021/43546/0": 66405558.13501601
}