{
  "GB-CHC-299717-UG0001": 1324222.3145517767,
  "GB-CHC-299717-UG0002": 711621.3463060149
}