{
  "FR-3-CPH103301": 265700156.86274418,
  "FR-3-CPH104601": 1017140.055494114,
  "FR-3-CPH105001": 664250392.1568605,
  "FR-3-CPH105201": 1233780.0068929368,
  "FR-3-CPH105601": 610726.4240576449
}