{
  "XM-DAC-41108-1100001080": 8208404.93886201,
  "XM-DAC-41108-1100001126": 6784797.566387005,
  "XM-DAC-41108-1100001136": 18760861.020245973,
  "XM-DAC-41108-1100001238": 25602769.815423828,
  "XM-DAC-41108-1100001362": 29078905.889613297,
  "XM-DAC-41108-1100001439": 36500066.00460795,
  "XM-DAC-41108-1100001694": 102345050.30084446,
  "XM-DAC-41108-2000001936": 66233614.91122086
}