{
  "AU-5-INK131-KZ": 587323.011491039,
  "AU-5-INL588-KZ": 25419.085147838694
}