{
  "XM-DAC-6-4-005299-08-1": 7802653.080864381,
  "XM-DAC-6-4-009334-01-0": 1966738.9199214603,
  "XM-DAC-6-4-009334-02-1": 1277780.2210863451,
  "XM-DAC-6-4-009377-01-2": 3651727.0250274464,
  "XM-DAC-6-4-009377-02-3": 443604.7882915,
  "XM-DAC-6-4-009659-01-6": 3771835.702068909,
  "XM-DAC-6-4-009659-02-0": 21588.212818764147,
  "XM-DAC-6-4-010025-01-3": 1555133.1989698852,
  "XM-DAC-6-4-010338-01-6": 588523.402678407,
  "XM-DAC-6-4-010342-01-0": 2204068.2612949256,
  "XM-DAC-6-4-010342-02-1": 43426.77801464947,
  "XM-DAC-6-4-010603-01-4": 1026637.8708721005,
  "XM-DAC-6-4-010627-01-3": 395226.0666010678,
  "XM-DAC-6-4-010837-01-3": 6446362.01567055,
  "XM-DAC-6-4-010837-02-4": 475496.62715465657,
  "XM-DAC-6-4-010837-03-5": 385152.23718309286,
  "XM-DAC-6-4-010884-01-6": 5312444.6508012805,
  "XM-DAC-6-4-010905-01-6": 5312444.6508012805,
  "XM-DAC-6-4-011084-01-0": 3984333.4881009604,
  "XM-DAC-6-4-011128-01-4": 9707898.282875143,
  "XM-DAC-6-4-011623-01-0": 4449172.395046073,
  "XM-DAC-6-4-011624-01-2": 5312444.6508012805,
  "XM-DAC-6-4-011625-01-4": 1328111.1627003201,
  "XM-DAC-6-4-011638-01-2": 1541128.2401969873,
  "XM-DAC-6-4-011710-01-6": 2789160.3692544918,
  "XM-DAC-6-4-011808-01-6": 4662854.856235253,
  "XM-DAC-6-4-011816-01-1": 5620007.0135638025,
  "XM-DAC-6-4-011925-01-2": 3453089.0230208323,
  "XM-DAC-6-4-011925-02-3": 1843418.2938280443,
  "XM-DAC-6-4-012231-01-0": 3984333.4881009604,
  "XM-DAC-6-4-012590-03-7": 3565671.014116194
}