{
  "NL-KVK-27189542-BFX-POD": 856680.78693028,
  "NL-KVK-27189542-BUR-L4P": 837547.8847093028,
  "NL-KVK-27189542-COL-L4P": 790621.1220664777,
  "NL-KVK-27189542-COL-POD": 810619.6871433028,
  "NL-KVK-27189542-ETH-POD": 1022722.6257266832,
  "NL-KVK-27189542-GLO-L4P-..-O4": 180891.396582109,
  "NL-KVK-27189542-GUA-POD": 1051421.514219242,
  "NL-KVK-27189542-JOR-POD": 1132857.2266958675,
  "NL-KVK-27189542-KEN-POD": 819822.0764218719,
  "NL-KVK-27189542-MAL-POD": 1430327.9102263877,
  "NL-KVK-27189542-MMR-L4P": 398715.1739988211,
  "NL-KVK-27189542-MMR-POD": 455236.6632387887,
  "NL-KVK-27189542-MOZ-POD": 1199528.3140956422,
  "NL-KVK-27189542-NIG-POD": 816982.2692904511,
  "NL-KVK-27189542-SEN-POD": 2331206.9483835064,
  "NL-KVK-27189542-TUN-POD": 2205604.8327857233,
  "NL-KVK-27189542-UGA-POD": 3084048.8460947084
}