{
  "AU-5-INI127-ET": 1409443.0501902741,
  "AU-5-INI205-ET": 8202304.828412571,
  "AU-5-INI384-ET": 1804544.780906946,
  "AU-5-INI470-ET": 2370238.4190922356,
  "AU-5-INI582-ET": 87374.88892247011,
  "AU-5-INI592-ET": 48403.337321305145,
  "AU-5-INI595-ET": 6418.692921720107,
  "AU-5-INI740-ET": 3160317.8921229807,
  "AU-5-INI916-ET": 3184758.3035866944,
  "AU-5-INI941-ET": 6179137.692391691,
  "AU-5-INI978-ET": 6552162.995079608,
  "AU-5-INJ018-ET": 1329335.2656068243,
  "AU-5-INJ084-ET": 4071846.334486121,
  "AU-5-INJ092-ET": 854065.9528962856,
  "AU-5-INJ144-ET": 1433110.7474107582,
  "AU-5-INJ211-ET": 4715283.151501076,
  "AU-5-INJ269-ET": 13453.949859970044,
  "AU-5-INJ318-ET": 10465212.741952486,
  "AU-5-INJ344-ET": 691401.6355094244,
  "AU-5-INJ447-ET": 4430277.16069148,
  "AU-5-INJ540-ET": 1935618.9930818914,
  "AU-5-INJ554-ET": 187.59469662344463,
  "AU-5-INJ661-ET": 1950429.7802081124,
  "AU-5-INJ691-ET": 412707.887440595,
  "AU-5-INJ730-ET": 1519616.906128893,
  "AU-5-INK048-ET": 3315572.74757939,
  "AU-5-INK057-ET": 34025521.41831061,
  "AU-5-INK058-ET": 104699.3217721609,
  "AU-5-INK124-ET": 1608057.781926964,
  "AU-5-INK131-ET": 5214994.948648444,
  "AU-5-INK134-ET": 1392235.0091910209,
  "AU-5-INK135-ET": 118039.86820785217,
  "AU-5-INK194-ET": 312.3680361746511,
  "AU-5-INK200-ET": 9342709.055252934,
  "AU-5-INK213-ET": 46893.34378973444,
  "AU-5-INK228-ET": 52140278.201884866,
  "AU-5-INK235-ET": 461205.39970704186,
  "AU-5-INK246-ET": 1881.864011380811,
  "AU-5-INK277-ET": 29395.84247945854,
  "AU-5-INK347-ET": 191107.35428099992,
  "AU-5-INK373-ET": 13552.460339121759,
  "AU-5-INK573-ET": 4896154.478018031,
  "AU-5-INK601-ET": 4144173.6298648505,
  "AU-5-INK624-ET": 1657.6694519459402,
  "AU-5-INK680-ET": 99577.20293430056,
  "AU-5-INK695-ET": 2349681.868917139,
  "AU-5-INK757-ET": 102307.04194759208,
  "AU-5-INK770-ET": 1044160.7605424116,
  "AU-5-INK785-ET": 1002400.9126569348,
  "AU-5-INL021-ET": 28683068.228620492,
  "AU-5-INL062-ET": 4457665.1449823575,
  "AU-5-INL144-ET": 185303.77745966136,
  "AU-5-INL149-ET": 3459239.470213805,
  "AU-5-INL400-ET": 19667.93462229338,
  "AU-5-INL420-ET": 27916.943477102253,
  "AU-5-INL471-ET": 500603.0324402352,
  "AU-5-INL553-ET": 24849.981130821223,
  "AU-5-INL568-ET": 4487115.828907584,
  "AU-5-INL673-ET": 510763.92565519625,
  "AU-5-INL860-ET": 29235191.807423253,
  "AU-5-INL889-ET": 1013.2896797783621,
  "AU-5-INL907-ET": 39639.31428238135,
  "AU-5-INL960-ET": 7615706.4173883265,
  "AU-5-INL966-ET": 1644.5637316188925,
  "AU-5-INM061-ET": 1128241.1624886198,
  "AU-5-INM079-ET": 23560.339720194217,
  "AU-5-INM098-ET": 420452.90250204457,
  "AU-5-INM256-ET": 1674160.4601266433,
  "AU-5-INM260-ET": 15546.139525583534,
  "AU-5-INM295-ET": 199730.95569527877,
  "AU-5-INM300-ET": 3431818.8798197648,
  "AU-5-INM339-ET": 582760.7764231204,
  "AU-5-INM343-ET": 915565.9278447997,
  "AU-5-INM529-ET": 1409910.4063805216,
  "AU-5-INM544-ET": 216508.03446643977,
  "AU-5-INM588-ET": 631820.433530607,
  "AU-5-O14244-ET": 6951497.776773768,
  "AU-5-O14245-ET": 159695.70152893336,
  "AU-5-O14827-ET": 14241278.901334759,
  "AU-5-O14972-ET": 41139.44295113536,
  "AU-5-O14981-ET": 1332792.2272104854,
  "AU-5-O14982-ET": 82440.04601890147,
  "AU-5-O14992-ET": 2147521.569303033,
  "AU-5-O15015-ET": 64006.76171326261,
  "AU-5-O15020-ET": 29450.56990063456,
  "AU-5-O15031-ET": 28008.241160802838,
  "AU-5-O15245-ET": 1386382.7581318,
  "AU-5-O15253-ET": 1093366.792697259,
  "AU-5-O15263-ET": 1457211.8675500378,
  "AU-5-O15582-ET": 614432.8522429307,
  "AU-5-O15590-ET": 2545125.386077028,
  "AU-5-O15601-ET": 119210.55056216025,
  "AU-5-O15904-ET": 147492.35057280122,
  "AU-5-O16376-ET": 108656.80439648294,
  "AU-5-O16378-ET": 108835.62022232618,
  "AU-5-O16380-ET": 105532.04299538389,
  "AU-5-O16381-ET": 63405.56313536475,
  "AU-5-O16382-ET": 54423.22877255228,
  "AU-5-O16383-ET": 63494.06793805484,
  "AU-5-O16384-ET": 108848.26376556762,
  "AU-5-O16385-ET": 29025.96284142296,
  "AU-5-O18836-ET": 368898.85493506794
}