{
  "NL-KVK-813612809-NL-KVK-27302841-202001": 797100.4705882325,
  "NL-KVK-813612809-NL-KVK-813612809-NL-KVK-27302841-202001": 894924.4441403905
}