{
  "CA-4-2014050001": {
    "finance_canada-activity.xml": 1599782440.745709
  },
  "CA-4-2014050002": {
    "finance_canada-activity.xml": 764190362.2547209
  },
  "CA-4-2014050003": {
    "finance_canada-activity.xml": 36226137.10617307
  },
  "CA-4-2014050006": {
    "finance_canada-activity.xml": 362261371.0617307
  },
  "CA-4-2015050001": {
    "finance_canada-activity.xml": 7707929795.6287565
  },
  "CA-4-2015050004": {
    "finance_canada-activity.xml": 362261371.0617307
  },
  "CA-4-2018030001": {
    "finance_canada-activity.xml": 323127345.6255665
  },
  "CA-4-2018030002": {
    "finance_canada-activity.xml": 43098464.41836169
  },
  "CA-4-2019030001": {
    "finance_canada-activity.xml": 453544995.98321295
  },
  "CA-4-2021050001": {
    "finance_canada-activity.xml": 44208642.74598919
  },
  "CA-4-2022010001": {
    "finance_canada-activity.xml": 351875578.0
  },
  "CA-4-2022030001": {
    "finance_canada-activity.xml": 90565342.76543267
  },
  "CA-4-2022040001": {
    "finance_canada-activity.xml": 905653427.6543268
  },
  "CA-4-2022060001": {
    "finance_canada-activity.xml": 2626394940.1975474
  }
}