{
  "XI-IATI-EC_INTPA-1998/2395/0": 4097382.5255016913,
  "XI-IATI-EC_INTPA-2000/055-456": 32225105.177975018,
  "XI-IATI-EC_INTPA-2000/055-471": 29863243.81296198,
  "XI-IATI-EC_INTPA-2000/4157/0": 133142665.77300102,
  "XI-IATI-EC_INTPA-2001/2338/0": 3030431.6942163263,
  "XI-IATI-EC_INTPA-2001/5827/0": 36654447.931297876,
  "XI-IATI-EC_INTPA-2003/020-399": 752491.6171377167,
  "XI-IATI-EC_INTPA-2003/020-449": 1186514.790293552,
  "XI-IATI-EC_INTPA-2003/020-452": 1242513.8077248607,
  "XI-IATI-EC_INTPA-2003/070-245": 937082.7268697319,
  "XI-IATI-EC_INTPA-2003/071-312": 3108168.4546435336,
  "XI-IATI-EC_INTPA-2003/071-490": 30116108.636162993,
  "XI-IATI-EC_INTPA-2003/074-089": 1128513.3762275088,
  "XI-IATI-EC_INTPA-2003/074-265": 1151727.871781345,
  "XI-IATI-EC_INTPA-2003/076-342": 11197239.021222422,
  "XI-IATI-EC_INTPA-2003/076-463": 559085.2857931616,
  "XI-IATI-EC_INTPA-2003/076-546": 562331.7999156574,
  "XI-IATI-EC_INTPA-2003/077-528": 31249257.923164804,
  "XI-IATI-EC_INTPA-2003/5598/0": 870523.753347859,
  "XI-IATI-EC_INTPA-2003/5747/0": 29712369.185655832,
  "XI-IATI-EC_INTPA-2003/5793/0": 1555060.1460449875,
  "XI-IATI-EC_INTPA-2004/075-280": 163063.7670399208,
  "XI-IATI-EC_INTPA-2004/077-600": 552105.6623919789,
  "XI-IATI-EC_INTPA-2004/077-691": 606569.8779172339,
  "XI-IATI-EC_INTPA-2004/079-129": 653121.0624621445,
  "XI-IATI-EC_INTPA-2004/079-240": 240966.6249436614,
  "XI-IATI-EC_INTPA-2004/084-449": 337585.6354631253,
  "XI-IATI-EC_INTPA-2004/087-099": 1722853.0553324781,
  "XI-IATI-EC_INTPA-2004/087-102": 466226.51146391185,
  "XI-IATI-EC_INTPA-2004/087-105": 825786.0596975503,
  "XI-IATI-EC_INTPA-2004/087-164": 1911545.6328181378,
  "XI-IATI-EC_INTPA-2004/087-222": 23752460.50464496,
  "XI-IATI-EC_INTPA-2004/087-223": 1254052.9688362537,
  "XI-IATI-EC_INTPA-2004/088-068": 381424.48661479953,
  "XI-IATI-EC_INTPA-2004/088-488": 157084.3595955943,
  "XI-IATI-EC_INTPA-2004/088-494": 171706.65106174807,
  "XI-IATI-EC_INTPA-2004/090-398": 949789.4292519413,
  "XI-IATI-EC_INTPA-2004/16807/0": 32446262.730728276,
  "XI-IATI-EC_INTPA-2004/17003/0": 16700431.564200837,
  "XI-IATI-EC_INTPA-2005/081-261": 2061155.1575070831,
  "XI-IATI-EC_INTPA-2005/099-985": 22476528.92366236,
  "XI-IATI-EC_INTPA-2005/101-101": 22476528.92366236,
  "XI-IATI-EC_INTPA-2005/102-046": 22476528.92366236,
  "XI-IATI-EC_INTPA-2005/102-580": 22476528.92366236,
  "XI-IATI-EC_INTPA-2005/103-581": 22476528.92366236,
  "XI-IATI-EC_INTPA-2005/103-662": 22476528.92366236,
  "XI-IATI-EC_INTPA-2005/104-072": 22476528.92366236,
  "XI-IATI-EC_INTPA-2005/104-492": 32972627.204158053,
  "XI-IATI-EC_INTPA-2006/114-114": 1548801.5532229817,
  "XI-IATI-EC_INTPA-2006/116-697": 10907540.305827158,
  "XI-IATI-EC_INTPA-2006/118-718": 709653.0437653272,
  "XI-IATI-EC_INTPA-2006/118-807": 1021484.3916268719,
  "XI-IATI-EC_INTPA-2006/118-808": 808395.2239869785,
  "XI-IATI-EC_INTPA-2006/119-042": 960248.4387536044,
  "XI-IATI-EC_INTPA-2006/119-224": 862148.3123725379,
  "XI-IATI-EC_INTPA-2006/119-568": 987776.8063896211,
  "XI-IATI-EC_INTPA-2006/119-651": 732175.5077563296,
  "XI-IATI-EC_INTPA-2006/121-885": 27941482.29630047,
  "XI-IATI-EC_INTPA-2006/127-680": 56425.440243435136,
  "XI-IATI-EC_INTPA-2006/18324/0": 30076833.868499104,
  "XI-IATI-EC_INTPA-2006/18366/0": 1861806.3971887964,
  "XI-IATI-EC_INTPA-2007/133-531": 900750.58044024,
  "XI-IATI-EC_INTPA-2007/133-722": 831799.4975228753,
  "XI-IATI-EC_INTPA-2007/138-209": 27698263.81229759,
  "XI-IATI-EC_INTPA-2007/141-123": 606548.701933334,
  "XI-IATI-EC_INTPA-2007/141-327": 2127872.20894438,
  "XI-IATI-EC_INTPA-2007/19235/0": 9350518.197561255,
  "XI-IATI-EC_INTPA-2008/147-847": 22476528.92366236,
  "XI-IATI-EC_INTPA-2008/163-354": 22563844.981782574,
  "XI-IATI-EC_INTPA-2008/164-563": 2870783.0349180424,
  "XI-IATI-EC_INTPA-2008/168-941": 354962.6845994387,
  "XI-IATI-EC_INTPA-2008/168-944": 282152.14387363585,
  "XI-IATI-EC_INTPA-2008/169-653": 211186.08445336236,
  "XI-IATI-EC_INTPA-2008/169-691": 73451.06954261636,
  "XI-IATI-EC_INTPA-2008/170-222": 243001.39476414467,
  "XI-IATI-EC_INTPA-2008/19893/0": 60136594.945593126,
  "XI-IATI-EC_INTPA-2008/19897/0": 10625851.321438536,
  "XI-IATI-EC_INTPA-2009/205-262": 22476528.92366236,
  "XI-IATI-EC_INTPA-2009/21376/0": 2755401.7352743223,
  "XI-IATI-EC_INTPA-2009/216-293": 22476528.92366236,
  "XI-IATI-EC_INTPA-2009/222-475": 193308.37910134732,
  "XI-IATI-EC_INTPA-2009/222-479": 341592.71198363806,
  "XI-IATI-EC_INTPA-2009/223-868": 335078.4178557185,
  "XI-IATI-EC_INTPA-2009/223-869": 369126.303270629,
  "XI-IATI-EC_INTPA-2009/223-985": 347857.46695951547,
  "XI-IATI-EC_INTPA-2009/224-649": 177590.35763549202,
  "XI-IATI-EC_INTPA-2009/225-421": 865830.3664634068,
  "XI-IATI-EC_INTPA-2009/225-504": 826761.1857647932,
  "XI-IATI-EC_INTPA-2009/225-755": 905349.1584120685,
  "XI-IATI-EC_INTPA-2009/226-523": 403209.63182767807,
  "XI-IATI-EC_INTPA-2009/226-972": 244508.95649220393,
  "XI-IATI-EC_INTPA-2009/227-001": 22476528.92366236,
  "XI-IATI-EC_INTPA-2009/227-464": 235670.5769095891,
  "XI-IATI-EC_INTPA-2009/229-054": 7249698.772555232,
  "XI-IATI-EC_INTPA-2009/229-073": 6229370.754391445,
  "XI-IATI-EC_INTPA-2010/21598/0": 26215501.111679368,
  "XI-IATI-EC_INTPA-2010/226-354": 289703.7324428065,
  "XI-IATI-EC_INTPA-2010/227-466": 154697.38252657547,
  "XI-IATI-EC_INTPA-2010/227-788": 776297.0649329852,
  "XI-IATI-EC_INTPA-2010/228-820": 161198.9218913211,
  "XI-IATI-EC_INTPA-2010/230-884": 1033520.6377812006,
  "XI-IATI-EC_INTPA-2010/233-702": 13250.50389638991,
  "XI-IATI-EC_INTPA-2010/234-769": 13250.50389638991,
  "XI-IATI-EC_INTPA-2010/234-772": 13250.50389638991,
  "XI-IATI-EC_INTPA-2010/245-830": 22476528.92366236,
  "XI-IATI-EC_INTPA-2010/254-478": 50556267.75491069,
  "XI-IATI-EC_INTPA-2010/255-296": 261284.92214332896,
  "XI-IATI-EC_INTPA-2010/256-280": 253917.795355098,
  "XI-IATI-EC_INTPA-2010/256-445": 260309.60998142147,
  "XI-IATI-EC_INTPA-2010/256-446": 135977.57454826162,
  "XI-IATI-EC_INTPA-2010/258-957": 163477.4334779713,
  "XI-IATI-EC_INTPA-2011/22857/0": 6225599.202615864,
  "XI-IATI-EC_INTPA-2011/22863/0": 48796150.53558427,
  "XI-IATI-EC_INTPA-2011/260-693": 245821.4121142831,
  "XI-IATI-EC_INTPA-2011/264-136": 22476528.92366236,
  "XI-IATI-EC_INTPA-2011/266-945": 248011.1462491094,
  "XI-IATI-EC_INTPA-2011/267-218": 244890.0393912501,
  "XI-IATI-EC_INTPA-2011/267-402": 267710.98654847563,
  "XI-IATI-EC_INTPA-2011/267-847": 2337729.361767712,
  "XI-IATI-EC_INTPA-2011/267-848": 239682.75578359293,
  "XI-IATI-EC_INTPA-2011/267-852": 264745.41303501884,
  "XI-IATI-EC_INTPA-2011/267-959": 231389.6048317316,
  "XI-IATI-EC_INTPA-2011/270-333": 22476528.92366236,
  "XI-IATI-EC_INTPA-2011/270-392": 268876.10771002056,
  "XI-IATI-EC_INTPA-2011/271-493": 262836.6869048877,
  "XI-IATI-EC_INTPA-2011/271-991": 1744138.197277221,
  "XI-IATI-EC_INTPA-2011/272-649": 120928.52744564041,
  "XI-IATI-EC_INTPA-2011/275-287": 129474.24157482713,
  "XI-IATI-EC_INTPA-2011/276-362": 269475.4060720585,
  "XI-IATI-EC_INTPA-2011/281-027": 655059.2867988476,
  "XI-IATI-EC_INTPA-2011/281-583": 638123.0562886663,
  "XI-IATI-EC_INTPA-2011/282-052": 539125.6969662275,
  "XI-IATI-EC_INTPA-2012/23510/0": 60148978.245499365,
  "XI-IATI-EC_INTPA-2012/299-201": 47187698.01983937,
  "XI-IATI-EC_INTPA-2012/301-366": 265580.26036959526,
  "XI-IATI-EC_INTPA-2012/302-927": 476184.27067698044,
  "XI-IATI-EC_INTPA-2012/306-470": 145169.9310327718,
  "XI-IATI-EC_INTPA-2012/307-047": 131934.3995077182,
  "XI-IATI-EC_INTPA-2012/307-137": 464554.4289093963,
  "XI-IATI-EC_INTPA-2012/307-153": 662096.3138444214,
  "XI-IATI-EC_INTPA-2012/307-607": 495240.6664790197,
  "XI-IATI-EC_INTPA-2012/307-626": 131254.7917446528,
  "XI-IATI-EC_INTPA-2012/307-650": 390597.20281841833,
  "XI-IATI-EC_INTPA-2012/307-833": 131989.93755818869,
  "XI-IATI-EC_INTPA-2012/307-962": 378910.4966505558,
  "XI-IATI-EC_INTPA-2012/308-422": 127171.79287827483,
  "XI-IATI-EC_INTPA-2012/308-446": 386339.9383011088,