{
  "GB-CHC-202918-SDXA77": 532532.5114440146,
  "GB-CHC-202918-SDXA87": 138827.99665743587,
  "GB-CHC-202918-SDXA89": 10264.893582570654,
  "GB-CHC-202918-SDXA91": 867539.3205026677,
  "GB-CHC-202918-SDXA98": 61563.856771262705,
  "GB-CHC-202918-SDXB19": 545091.792218135,
  "GB-CHC-202918-SDXB20": 224027.58217686837,
  "GB-CHC-202918-SDXB21": 1124569.0271889535,
  "GB-CHC-202918-SDXB26": 2040463.3770186526,
  "GB-CHC-202918-SDXB28": 234888.36035810746,
  "GB-CHC-202918-SDXB31": 1116556.9026240106,
  "GB-CHC-202918-SDXB37": 529347.5019209024,
  "GB-CHC-202918-SDXB42": 2058266.2181885436,
  "GB-CHC-202918-SDXB43": 425100.15471631946,
  "GB-CHC-202918-SDXB46": 84007.84927393551,
  "GB-CHC-202918-SDXB48": 235180.57727524143,
  "GB-CHC-202918-SDXB50": 27882342.757836755,
  "GB-CHC-202918-SDXB51": 4907214.374506561,
  "GB-CHC-202918-SDXB55": 689227.8854499846,
  "GB-CHC-202918-SDXB56": 85260.8265140754,
  "GB-CHC-202918-SDXB57": 3920108.528189938,
  "GB-CHC-202918-SDXB60": 755055.166612091,
  "GB-CHC-202918-SDXB61": 3542978.5417853515,
  "GB-CHC-202918-SDXB62": 1367432.1612013623
}