{
  "ZA-NPO-048-364-FCFA_AG_ModelEvaluationHub/LaunchPad": {
    "ssn-activities.xml": 1770681.6196005065
  },
  "ZA-NPO-048-364-SACFP_Programme": {
    "ssn-activities.xml": 77400.4108649869
  },
  "ZA-NPO-048-364-SSN_VCA": {
    "ssn-activities.xml": 1827453.7948831308
  }
}