{
  "ES-DIR3-E04585801-009-000117": 295110.3288081518,
  "ES-DIR3-E04585801-009-000123": 353994.41657076584,
  "ES-DIR3-E04585801-009-000127": 99112.5255242472,
  "ES-DIR3-E04585801-009-002705": 1950371.3146575335,
  "ES-DIR3-E04585801-009-003175": 427374.6299310039,
  "ES-DIR3-E04585801-009-003371": 1398896.3602847813,
  "ES-DIR3-E04585801-009-004603": 21750.939741222483,
  "ES-DIR3-E04585801-009-027991": 41760.89558605922,
  "ES-DIR3-E04585801-009-027993": 668174.3293769475,
  "ES-DIR3-E04585801-009-027995": 629787.7141542418,
  "ES-DIR3-E04585801-009-027997": 422400.322614166,
  "ES-DIR3-E04585801-009-028105": 627354.4459714275,
  "ES-DIR3-E04585801-009-028125": 521607.5061684083,
  "ES-DIR3-E04585801-009-028861": 12806.674646391493,
  "ES-DIR3-E04585801-009-029491": 180963.88087292327,
  "ES-DIR3-E04585801-009-029783": 38325.58863395587,
  "ES-DIR3-E04585801-009-030141": 32851.90452769992,
  "ES-DIR3-E04585801-009-030201": 267269.73175077897,
  "ES-DIR3-E04585801-009-030455": 11136.238822949124,
  "ES-DIR3-E04585801-009-030835": 195.357469551585,
  "ES-DIR3-E04585801-009-030953": 16704358.234423686,
  "ES-DIR3-E04585801-009-031619": 167043.58234423687,
  "ES-DIR3-E04585801-009-031749": 13920.298528686406,
  "ES-DIR3-E04585801-009-031865": 99443.82862922995,
  "ES-DIR3-E04585801-009-031995": 12806.674646391493,
  "ES-DIR3-E04585801-009-032107": 974420.8970080484,
  "ES-DIR3-E04585801-009-032115": 662464.2229204803,
  "ES-DIR3-E04585801-009-032817": 9758.129268609171,
  "ES-DIR3-E04585801-009-033721": 72385.5523491693,
  "ES-DIR3-E04585801-009-033899": 30624.65676311009,
  "ES-DIR3-E04585801-009-034777": 16704.358234423686,
  "ES-DIR3-E04585801-009-034783": 359630.35567667213,
  "ES-DIR3-E04585801-009-035197": 109691.95240604888,
  "ES-DIR3-E04585801-009-036053": 125282.68675817765,
  "ES-DIR3-E04585801-009-036331": 24942.390903700303,
  "ES-DIR3-E04585801-009-036547": 13920.298528686406,
  "ES-DIR3-E04585801-009-036741": 30067.844821962637,
  "ES-DIR3-E04585801-009-036851": 334417.0757636036,
  "ES-DIR3-E04585801-009-036913": 30067.844821962637,
  "ES-DIR3-E04585801-009-037355": 33408.71646884737,
  "ES-DIR3-E04585801-009-037357": 83521.79117211844,
  "ES-DIR3-E04585801-009-037549": 30067.844821962637,
  "ES-DIR3-E04585801-009-037911": 15515.564740073867,
  "ES-DIR3-E04585801-009-038057": 34404.79735036606,
  "ES-DIR3-E04585801-009-038229": 26448.567204504172,
  "ES-DIR3-E04585801-009-038265": 373958.03174180054,
  "ES-DIR3-E04585801-009-038335": 127248.8732441605,
  "ES-DIR3-E04585801-009-038515": 25724.71168101248,
  "ES-DIR3-E04585801-009-038519": 278405.9705737281,
  "ES-DIR3-E04585801-009-038543": 7795.367176064387,
  "ES-DIR3-E04585801-009-038557": 9465.802999506755,
  "ES-DIR3-E04585801-009-038677": 97024.48074494425,
  "ES-DIR3-E04585801-009-038811": 10022.614940654212,
  "ES-DIR3-E04585801-009-039837": 30067.844821962637,
  "ES-DIR3-E04585801-009-040117": 25056.53735163553,
  "ES-DIR3-E04585801-009-040177": 1392029.8528686406,
  "ES-DIR3-E04585801-009-040191": 265469.83715101983,
  "ES-DIR3-E04585801-009-040287": 467722.0305638632,
  "ES-DIR3-E04585801-009-040523": 44544.9552917965,
  "ES-DIR3-E04585801-009-040643": 236645.0749876689,
  "ES-DIR3-E04585801-009-040755": 43193.767594811026,
  "ES-DIR3-E04585801-009-040773": 51662.79369787266,
  "ES-DIR3-E04585801-009-040825": 30067.844821962637,
  "ES-DIR3-E04585801-009-040901": 30067.844821962637,
  "ES-DIR3-E04585801-009-040951": 264485.6720450417,
  "ES-DIR3-E04585801-009-040959": 210474.91375373845,
  "ES-DIR3-E04585801-009-041237": 35635.9642334372,
  "ES-DIR3-E04585801-009-041319": 4176.089558605921,
  "ES-DIR3-E04585801-009-041625": 12806.674646391493,
  "ES-DIR3-E04585801-009-041893": 12806.674646391493,
  "ES-DIR3-E04585801-009-041921": 287170.7194987332,
  "ES-DIR3-E04585801-009-041935": 192100.1196958724,
  "ES-DIR3-E04585801-009-042055": 1670.4358234423687,
  "ES-DIR3-E04585801-009-042673": 139202.98528686404,
  "ES-DIR3-E04585801-009-043469": 11431.989485489594,
  "ES-DIR3-E04585801-009-043573": 73396.16602235194,
  "ES-DIR3-E04585801-009-044089": 93683.6090980595,
  "ES-DIR3-E04585801-009-044419": 54845.97620302444,
  "ES-DIR3-E04585801-009-044429": 10298.68230107512,
  "ES-DIR3-E04585801-009-044647": 57390.606774068314,
  "ES-DIR3-E04585801-009-044681": 17757.345296327643,
  "ES-DIR3-E04585801-009-044723": 67633.16243147576,
  "ES-DIR3-E04585801-009-044967": 139202.98528686404,
  "ES-DIR3-E04585801-009-045171": 10022.614940654212,
  "ES-DIR3-E04585801-009-045289": 22829.289587045707,
  "ES-DIR3-E04585801-009-045377": 657633.8793310261,
  "ES-DIR3-E04585801-009-045459": 650161.4630808273,
  "ES-DIR3-E04585801-009-045799": 208105.67894415604,
  "ES-DIR3-E04585801-009-045941": 125282.68675817765,
  "ES-DIR3-E04585801-009-046029": 139202.98528686404,
  "ES-DIR3-E04585801-009-046043": 6124.9313526220185,
  "ES-DIR3-E04585801-009-046239": 22829.289587045707,
  "ES-DIR3-E04585801-009-046501": 31042.265718970684,
  "ES-DIR3-E04585801-009-046551": 3580877.081937231,
  "ES-DIR3-E04585801-009-046639": 35635.9642334372,
  "ES-DIR3-E04585801-009-046647": 6681.743293769475,
  "ES-DIR3-E04585801-009-046791": 41204.08364491176,
  "ES-DIR3-E04585801-009-047351": 19267.000234349278,
  "ES-DIR3-E04585801-009-048511": 9192.77390914731,
  "ES-DIR3-E04585801-009-048755": 510315.47877509304,
  "ES-DIR3-E04585801-009-048785": 68313.46137091349,
  "ES-DIR3-E04585801-009-048787": 1516561.0260276392,
  "ES-DIR3-E04585801-009-049767": 603.108486002424,
  "ES-DIR3-E04585801-009-049959": 603.108486002424,
  "ES-DIR3-E04585801-009-050105": 603.108486002424,
  "ES-DIR3-E04585801-009-050477": 28511.795044129332,
  "ES-DIR3-E04585801-009-051013": 834.9033434884686,
  "ES-DIR3-E04585801-009-051163": 1609.873471581288,
  "ES-DIR3-E04585801-009-051205": 2395.9670811427386,
  "ES-DIR3-E04585801-009-051609": 10404.180126548608,
  "ES-DIR3-E04585801-009-051635": 3100.7025710479434,
  "ES-DIR3-E04585801-009-051821": 688.9879283803301,
  "ES-DIR3-E04585801-009-052375": 389676.1073130599,
  "ES-DIR3-E04585801-009-052975": 2568933.3645799034,
  "ES-DIR3-E04585801-009-053143": 1871.4679560964596,
  "ES-DIR3-E04585801-009-053261": 77068.00093739711,
  "ES-DIR3-E04585801-009-053523": 651890.2827791023,
  "ES-DIR3-E04585801-009-053721": 30827.200374958844,
  "ES-DIR3-E04585801-009-053941": 770680.009373971,
  "ES-DIR3-E04585801-009-053947": 770680.009373971,
  "ES-DIR3-E04585801-009-053953": 436718.6719785836,
  "ES-DIR3-E04585801-009-053957": 166980.66869769373,
  "ES-DIR3-E04585801-009-053961": 166980.66869769373,
  "ES-DIR3-E04585801-009-053975": 89912.66776029662,
  "ES-DIR3-E04585801-009-053989": 50864.88061868209,
  "ES-DIR3-E04585801-009-058301": 1575172.0440111174,
  "ES-DIR3-E04585801-009-063653": 28251.931628411367,
  "ES-DIR3-E04585801-009-063967": 244.4663040092907,
  "ES-DIR3-E04585801-009-064021": 1632.218164446521,
  "ES-DIR3-E04585801-009-064223": 8649.06755027461,
  "ES-DIR3-E04585801-009-064249": 57352.79859455501,
  "ES-DIR3-E04585801-009-064411": 20314.960097930587,
  "ES-DIR3-E04585801-009-064529": 2603.1532506535086,
  "ES-DIR3-E04585801-009-064877": 2988.0250782205244,
  "ES-DIR3-E04585801-009-064915": 102.49157526619553,
  "ES-DIR3-E04585801-009-065181": 178.21851118826538,
  "ES-DIR3-E04585801-009-065235": 78597.15141729005,
  "ES-DIR3-E04585801-009-065239": 24215.572968813416,
  "ES-DIR3-E04585801-009-065251": 3151.7221483217986,
  "ES-DIR3-E04585801-009-065867": 57043.3855565817,
  "ES-DIR3-E04585801-009-066055": 114084.50089821903,
  "ES-DIR3-E04585801-009-066057": 134614.08119235863,
  "ES-DIR3-E04585801-009-066169": 20441.49329907598,
  "ES-DIR3-E04585801-009-066769": 3305.751585658379,
  "ES-DIR3-E04585801-009-067979": 343635.1342680221,
  "ES-DIR3-E04585801-009-072923": 65052.94285030545,
  "ES-DIR3-E04585801-009-073989": 62398.3048420247,
  "ES-DIR3-E04585801-009-074741": 22676.81862429876,
  "ES-DIR3-E04585801-009-076595": 190891.5546415981,