{
  "GB-CHC-285776-AFG084": 1536282.3321454332,
  "GB-CHC-285776-AFG089": 551.3996146663565
}