{
  "XI-IATI-EC_INTPA-2002/16093/0": 4114952.7593756313,
  "XI-IATI-EC_INTPA-2003/16260/0": 1255247.220421039,
  "XI-IATI-EC_INTPA-2003/16445/0": 591663.7060720053,
  "XI-IATI-EC_INTPA-2003/188-970": 29727.92435564843,
  "XI-IATI-EC_INTPA-2003/189-418": 1904981.6369099529,
  "XI-IATI-EC_INTPA-2004/16617/0": 1714379.1337505358,
  "XI-IATI-EC_INTPA-2004/17430/6": 1606279.8208593621,
  "XI-IATI-EC_INTPA-2005/190-743": 697998.3076460623,
  "XI-IATI-EC_INTPA-2005/192-177": 55748.368325671865,
  "XI-IATI-EC_INTPA-2005/192-178": 53275.61657117187,
  "XI-IATI-EC_INTPA-2005/192-179": 52030.19554778906,
  "XI-IATI-EC_INTPA-2005/192-180": 58829.189221171866,
  "XI-IATI-EC_INTPA-2006/120-231": 1920591.1811876588,
  "XI-IATI-EC_INTPA-2006/132-160": 1195320.344240082,
  "XI-IATI-EC_INTPA-2006/17922/0": 57830071.26588744,
  "XI-IATI-EC_INTPA-2006/190-744": 86659.38308793749,
  "XI-IATI-EC_INTPA-2006/192-181": 33058.419445950516,
  "XI-IATI-EC_INTPA-2006/192-182": 90861.00789595311,
  "XI-IATI-EC_INTPA-2006/195-281": 55475490.60742185,
  "XI-IATI-EC_INTPA-2006/195-285": 11854289.078124998,
  "XI-IATI-EC_INTPA-2006/20700/1": 2962876.911754178,
  "XI-IATI-EC_INTPA-2006/20701/1": 5935968.041643575,
  "XI-IATI-EC_INTPA-2007/117-222": 339630.3754587921,
  "XI-IATI-EC_INTPA-2007/134-813": 718764.1741516739,
  "XI-IATI-EC_INTPA-2007/188-971": 1371694.0444281586,
  "XI-IATI-EC_INTPA-2007/18814/0": 3283853.1073490665,
  "XI-IATI-EC_INTPA-2007/192-183": 89461.17225590623,
  "XI-IATI-EC_INTPA-2007/192-184": 294523.9409283567,
  "XI-IATI-EC_INTPA-2007/192-185": 286984.6465303046,
  "XI-IATI-EC_INTPA-2007/192-186": 67528.10480908593,
  "XI-IATI-EC_INTPA-2007/192-187": 288966.73955287493,
  "XI-IATI-EC_INTPA-2007/192-188": 145604.79140624998,
  "XI-IATI-EC_INTPA-2007/192-189": 145071.96611503122,
  "XI-IATI-EC_INTPA-2007/192-190": 204107.91413999998,
  "XI-IATI-EC_INTPA-2007/193-570": 917288.6667495553,
  "XI-IATI-EC_INTPA-2007/193-571": 966833.3871077297,
  "XI-IATI-EC_INTPA-2007/195-282": 93790.00270441404,
  "XI-IATI-EC_INTPA-2007/196-348": 796856.0485703826,
  "XI-IATI-EC_INTPA-2007/197-140": 247297.48681046092,
  "XI-IATI-EC_INTPA-2008/188-398": 249166.26023561702,
  "XI-IATI-EC_INTPA-2008/188-399": 170379.66727734372,
  "XI-IATI-EC_INTPA-2008/188-400": 104182.43438437498,
  "XI-IATI-EC_INTPA-2008/188-401": 284068.9888625272,
  "XI-IATI-EC_INTPA-2008/188-973": 73914.87513968749,
  "XI-IATI-EC_INTPA-2008/195-283": 90867.97927687498,
  "XI-IATI-EC_INTPA-2008/195-284": 142704.46162187497,
  "XI-IATI-EC_INTPA-2008/196-345": 507933.99034474994,
  "XI-IATI-EC_INTPA-2008/196-346": 35620.89876676962,
  "XI-IATI-EC_INTPA-2008/196-347": 570016.8376005334,
  "XI-IATI-EC_INTPA-2008/196-349": 142160.46184206248,
  "XI-IATI-EC_INTPA-2008/196-350": 427400.4179667655,
  "XI-IATI-EC_INTPA-2008/197-142": 102782.86348031247,
  "XI-IATI-EC_INTPA-2008/197-143": 98698.86969468748,
  "XI-IATI-EC_INTPA-2008/197-144": 42978.44572292187,
  "XI-IATI-EC_INTPA-2008/197-145": 237421.74029275388,
  "XI-IATI-EC_INTPA-2008/197-146": 40636.973601562495,
  "XI-IATI-EC_INTPA-2008/197-147": 20791.334683984373,
  "XI-IATI-EC_INTPA-2008/197-148": 46185.83983406249,
  "XI-IATI-EC_INTPA-2008/197-149": 84680.21686874998,
  "XI-IATI-EC_INTPA-2008/197-150": 17765.255307031246,
  "XI-IATI-EC_INTPA-2008/197-620": 377313.52320078627,
  "XI-IATI-EC_INTPA-2009/209-930": 307297.6556876913,
  "XI-IATI-EC_INTPA-2009/21636/1": 6286978.761976684,
  "XI-IATI-EC_INTPA-2009/21637/1": 134918601.68628478,
  "XI-IATI-EC_INTPA-2009/217-387": 732370.7428065353,
  "XI-IATI-EC_INTPA-2009/225-852": 3131855.101197438,
  "XI-IATI-EC_INTPA-2010/241-037": 379683.8503831224,
  "XI-IATI-EC_INTPA-2010/244-540": 66543344.39208052,
  "XI-IATI-EC_INTPA-2010/250-624": 13920025.000000028,
  "XI-IATI-EC_INTPA-2011/22316/0": 9756183.947733691,
  "XI-IATI-EC_INTPA-2011/282-084": 1814327.1968420157,
  "XI-IATI-EC_INTPA-2012/256-427": 363893.06274026487,
  "XI-IATI-EC_INTPA-2012/280-892": 376906.88848223205,
  "XI-IATI-EC_INTPA-2012/283-909": 621166.0038376391,
  "XI-IATI-EC_INTPA-2013/24553/1": 3061055.4119095476,
  "XI-IATI-EC_INTPA-2013/312-562": 1771854.7992254884,
  "XI-IATI-EC_INTPA-2013/313-065": 31454366.870588224,
  "XI-IATI-EC_INTPA-2013/330-703": 34970.13414094164,
  "XI-IATI-EC_INTPA-2013/335-583": 161900.40508196023,
  "XI-IATI-EC_INTPA-2013/335-712": 153342.20302941123,
  "XI-IATI-EC_INTPA-2013/335-714": 161412.84529411708,
  "XI-IATI-EC_INTPA-2014/337-116": -3193.715885490185,
  "XI-IATI-EC_INTPA-2014/337-887": -56986.29355828608,
  "XI-IATI-EC_INTPA-2014/339-517": 2045572.447364942,
  "XI-IATI-EC_INTPA-2014/339-878": 358634.2202936968,
  "XI-IATI-EC_INTPA-2014/340-020": 14640078.643137204,
  "XI-IATI-EC_INTPA-2015/364-216": 168657.90403141902,
  "XI-IATI-EC_INTPA-2015/364-677": 174552.05017617586,
  "XI-IATI-EC_INTPA-2015/364-685": 159948.41230955237,
  "XI-IATI-EC_INTPA-2015/365-258": 161100.44833468573,
  "XI-IATI-EC_INTPA-2015/368-949": 1272760.8769062702,
  "XI-IATI-EC_INTPA-2015/370-992": 2113586.4133736906,
  "XI-IATI-EC_INTPA-2015/371-991": 1033643.0110770474,
  "XI-IATI-EC_INTPA-2016/373-679": -93218.003903584,
  "XI-IATI-EC_INTPA-2017/392-486": 196915.63382907773,
  "XI-IATI-EC_INTPA-2017/392-495": 161860.61648347002,
  "XI-IATI-EC_INTPA-2017/392-499": 173803.0148639641,
  "XI-IATI-EC_INTPA-2018/38913/0": 1992751.1764705812,
  "XI-IATI-EC_INTPA-2018/41158/1": 1992751.1764705812,
  "XI-IATI-EC_INTPA-2019/38602/0": 17270510.19607837,
  "XI-IATI-EC_INTPA-2019/405-043": 568806.6977492843,
  "XI-IATI-EC_INTPA-2019/411-842": 199175.48008823462,
  "XI-IATI-EC_INTPA-2019/411-845": 168282.52284980335,
  "XI-IATI-EC_INTPA-2019/411-850": 175975.8708917641,
  "XI-IATI-EC_INTPA-2019/411-863": 223116.76470257176,
  "XI-IATI-EC_INTPA-2019/411-868": 141178.33028316422,
  "XI-IATI-EC_INTPA-2019/412-166": 7738517.068627425,
  "XI-IATI-EC_INTPA-2019/412-200": 2866640.3208929314,
  "XI-IATI-EC_INTPA-2019/41651/0": 7971004.705882325,
  "XI-IATI-EC_INTPA-2020/415-124": 493406.3072347748,
  "XI-IATI-EC_INTPA-2020/416-180": 274803.04423686175,
  "XI-IATI-EC_INTPA-2020/416-182": 252445.14656731675,
  "XI-IATI-EC_INTPA-2020/416-601": 577834.9100943155,
  "XI-IATI-EC_INTPA-2021/423-212": 325639.45524941065,
  "XI-IATI-EC_INTPA-2021/423-319": 588674.6395388215
}