{
  "XI-IATI-EC_FPI-2011/23598/0": 17374895.35895962,
  "XI-IATI-EC_FPI-2012/290-815": 5128903.567051538,
  "XI-IATI-EC_FPI-2012/290-882": 3012102.210558303,
  "XI-IATI-EC_FPI-2012/290-984": 3061274.019476701,
  "XI-IATI-EC_FPI-2012/299-373": 1781945.638473886,
  "XI-IATI-EC_FPI-2012/310-697": 418247.2677254657,
  "XI-IATI-EC_FPI-2013/24900/0": 1658536.9135132306,
  "XI-IATI-EC_FPI-2013/323-151": 1658762.234486052,
  "XI-IATI-EC_FPI-2016/372-975": 14524376.155733291,
  "XI-IATI-EC_FPI-2016/373-502": 9296778.138902241,
  "XI-IATI-EC_FPI-2016/39325/0": 23821154.29463553,
  "XI-IATI-EC_FPI-2017/40876/0": 4648389.069451121,
  "XI-IATI-EC_FPI-2018/396-111": 1545113.9017962508,
  "XI-IATI-EC_FPI-2018/400-661": 2656222.3254006403,
  "XI-IATI-EC_FPI-2019/406-034": 860484.5504247001,
  "XI-IATI-EC_FPI-2019/408-790": 1792882.3359761345,
  "XI-IATI-EC_FPI-2019/408-803": 2191891.5936297122,
  "XI-IATI-EC_FPI-2019/408-814": 1494125.05803786,
  "XI-IATI-EC_FPI-2019/408-858": 4105461.3300027223,
  "XI-IATI-EC_FPI-2019/42045/0": 1328111.1627003201,
  "XI-IATI-EC_FPI-2019/42282/0": 10796550.13966834,
  "XI-IATI-EC_FPI-2020/415-445": 1153315.7963550056,
  "XI-IATI-EC_FPI-2020/416-531": 18195.574486789705,
  "XI-IATI-EC_FPI-2020/42738/0": 1992166.7440504802,
  "XI-IATI-EC_FPI-2021/43503/0": 3984333.4881009604,
  "XI-IATI-EC_FPI-2021/43549/0": 19257611.85915464,
  "XI-IATI-EC_FPI-2022/427-921": 3987323.0663281986,
  "XI-IATI-EC_FPI-2022/428-899": 4933943.594320991,
  "XI-IATI-EC_FPI-2022/430-145": 560586.86327435,
  "XI-IATI-EC_FPI-2022/44504/1": 7968666.976201921
}