{
  "DE-1-199065178": 21276336.001255333,
  "DE-1-199670068": 1620964.925841619,
  "DE-1-199770223": 2037157.3596780975,
  "DE-1-199865155": 11718867.353113266,
  "DE-1-199866021": 42010080.820161,
  "DE-1-199866716": 9027912.120247748,
  "DE-1-199866724": 23156881.363997895,
  "DE-1-199866773": 12230948.488232985,
  "DE-1-200065508": 5696376.751005232,
  "DE-1-200070235": 384245.4654095561,
  "DE-1-200166397": 7974927.442494409,
  "DE-1-200265033": 12374117.486143088,
  "DE-1-200266361": 8861950.649527378,
  "DE-1-200266379": 25707769.443604235,
  "DE-1-200320572": 10343774.217130722,
  "DE-1-200365445": 4439179.593984642,
  "DE-1-200465492": 15398443.868399912,
  "DE-1-200465500": 21684461.842580926,
  "DE-1-200465526": 5166161.484302242,
  "DE-1-200565879": 6609414.18450526,
  "DE-1-200566489": 7125176.90675869,
  "DE-1-200666487": 26376115.008997936,
  "DE-1-200666503": 11170978.00716846,
  "DE-1-200666511": 13602077.080393124,
  "DE-1-200731083-0": 316347.30044749734,
  "DE-1-200816876-0": 775952.2647660108,
  "DE-1-200831164-0": 366923.528038281,
  "DE-1-200831982-0": 604689.9742070871,
  "DE-1-200834085-0": 59688.18415304324,
  "DE-1-200834143-0": 122079.86086067255,
  "DE-1-200907022-0": 640459.9565540202,
  "DE-1-200921866": 13077154.539284334,
  "DE-1-200921874": 2784608.5067566093,
  "DE-1-200922500": 11329137.077383026,
  "DE-1-200922534": 7164499.171941825,
  "DE-1-200939074-0": 208845.63800674572,
  "DE-1-200966796": 51682679.29581025,
  "DE-1-201015619-0": 135931.6192715055,
  "DE-1-201015841-0": 313422.11896364833,
  "DE-1-201030477-0": 170931.50026342983,
  "DE-1-201033372-0": 377639.3610471124,
  "DE-1-201066679": 13159376.811202347,
  "DE-1-201070291": 413235.2180999524,
  "DE-1-201118066": 454562.86611812835,
  "DE-1-201130749-0": 225508.83616471977,
  "DE-1-201132364-0": 341047.31395281694,
  "DE-1-201134162-0": 93045.36341051923,
  "DE-1-201134261-0": 1803009.9625698722,
  "DE-1-201198522-0": 861484.9582328744,
  "DE-1-201206424-0": 260181.57116465262,
  "DE-1-201222223": 4953402.016587947,
  "DE-1-201222231": 13037744.854673397,
  "DE-1-201222249": 6638055.392888311,
  "DE-1-201225127": 2310400.9085974796,
  "DE-1-201231323-0": 655078.0079678753,
  "DE-1-201233840-0": 231204.00281219132,
  "DE-1-201234483-0": 209008.41854222096,
  "DE-1-201255728-0": 660325.8706518791,
  "DE-1-201267053": 97485377.57976969,
  "DE-1-201316884-0": 90758.14855372615,
  "DE-1-201334333-0": 255282.35146646295,
  "DE-1-201339290-0": 402266.1568090317,
  "DE-1-201339332-0": 321281.8810157943,
  "DE-1-201367325": 15273561.537634682,
  "DE-1-201398353-0": 3982833.2357329866,
  "DE-1-201416700-0": 119530.00464302882,
  "DE-1-201416734-0": 183720.60538645135,
  "DE-1-201416825-0": 152785.90815704482,
  "DE-1-201430149-0": 281559.5664924679,
  "DE-1-201439447-0": 1195300.046430288,
  "DE-1-201439512-0": 132811.116270032,
  "DE-1-201439520-0": 119530.00464302882,
  "DE-1-201455351-0": 121389.36027080927,
  "DE-1-201506211-0": 49310.111248737485,
  "DE-1-201516970-0": 38439.52138203537,
  "DE-1-201520592": 4648389.069451121,
  "DE-1-201521046": 3207925.2140476783,
  "DE-1-201522168-0": 1859355.6277804482,
  "DE-1-201522176": 19177320.898813594,
  "DE-1-201533520-0": 517963.3534531249,
  "DE-1-201534114-0": 215466.11448068643,
  "DE-1-201555390-0": 343790.8712431168,
  "DE-1-201567858": 71138235.67315902,
  "DE-1-201568997": 18154119.43588831,
  "DE-1-201606003-1202": 326980.96825681883,
  "DE-1-201606003-1407": 1702764.681142267,
  "DE-1-201606003-1653": 465927.9580985263,
  "DE-1-201606003-1741": 177192.60699398862,
  "DE-1-201622208": 49936979.71753204,
  "DE-1-201632843-0": 217810.2306828525,
  "DE-1-201668862": 31921770.867958464,
  "DE-1-201706019-1643": 619348.7033913418,
  "DE-1-201706019-2169": 290042.2124886348,
  "DE-1-201706019-2237": 67411.93436855217,
  "DE-1-201706019-2405": 106242.25246021211,
  "DE-1-201706019-2414": 157738.43468275433,
  "DE-1-201706019-2476": 13525.059085367997,
  "DE-1-201706019-2496": 109327.54765894635,
  "DE-1-201706019-2498": 201530.8815438301,
  "DE-1-201730639-0": 345308.9023020832,
  "DE-1-201731090-0": 531244.465080128,
  "DE-1-201806009-2168": 123514.33813112977,
  "DE-1-201806009-3375": 228481.60387514957,
  "DE-1-201820182": 10624889.301602561,
  "DE-1-201820190": 5312444.6508012805,
  "DE-1-201835024": 9296778.138902241,
  "DE-1-201902162-0": 1842090.182665344,
  "DE-1-201906015-3329": 121909.3954776762,
  "DE-1-201906015-4098": 41362.3620233481,
  "DE-1-201906015-4218": 136890.06439736375,
  "DE-1-201906015-4402": 1914193.3376883445,
  "DE-1-201910157-0": 3922310.6968028555,
  "DE-1-201923309": 21913834.18455528,
  "DE-1-201923317": 27890334.416706722,
  "DE-1-201923325": 17610754.017406244,
  "DE-1-201923507": 10624889.301602561,
  "DE-1-201930221-0": 1178034.601315184,
  "DE-1-201931260-0": 557806.6883341344,
  "DE-1-201933035-0": 195232.34091694705,
  "DE-1-201933746-0": 245700.56509955923,
  "DE-1-201933845-0": 488744.90787371784,
  "DE-1-201949346": 43562046.1365705,
  "DE-1-201965250": 37187112.555608965,
  "DE-1-201967504": 23906000.92860576,
  "DE-1-201969120": 22284950.770316504,
  "DE-1-201969138": 23906000.92860576,
  "DE-1-201969393": 51796335.34531249,
  "DE-1-201970441": 6640555.813501601,
  "DE-1-202006005-5088": 375523.43125351553,
  "DE-1-202006005-5096": 286011.8599487463,
  "DE-1-202006005-5126": 204742.94495304406,
  "DE-1-202020998": 2656222.3254006403,
  "DE-1-202021012": 22577889.765905444,
  "DE-1-202021020": 9296778.138902241,
  "DE-1-202030351-0": 495385.4636872194,
  "DE-1-202031235-0": 676008.5818144629,
  "DE-1-202033918-0": 915068.5911005206,
  "DE-1-202065118": 47812001.85721152,
  "DE-1-202068278": 265622232.54006404,
  "DE-1-202100709-5143": 247995.5411887054,
  "DE-1-202100709-5765": 93864.25642384513,
  "DE-1-202100709-5895": 492726.5851394934,
  "DE-1-202100709-5909": 101112.42309428213,
  "DE-1-202100709-6011": 391541.4479590534,
  "DE-1-202100709-6304": 925500.9042835316,
  "DE-1-202102150-0": 1859355.6277804482,
  "DE-1-202102168-0": 1992166.7440504802,
  "DE-1-202116507-0": 199216.67440504802,
  "DE-1-202130706-0": 446245.35066730756,
  "DE-1-202133148-0": 155389.00603593746,
  "DE-1-202139301-0": 503354.13066342135
}