{
  "GB-1-106627-101": 28667.47853941705,
  "GB-1-114215-101": 944210.7686521066,
  "GB-1-201724-141": 4258933.389993349,
  "GB-1-201724-145": 5327931.79202476
}