{
  "GB-COH-3799145-781-14007AF": 136750.13600653654,
  "GB-COH-3799145-781-14026XR": 29717.61690542048,
  "GB-COH-3799145-781-15006KE": 16060706.617289769,
  "GB-COH-3799145-781-16001ET": 12554.651040600103,
  "GB-COH-3799145-781-199168NG": 1183737.0215773818,
  "GB-COH-3799145-781-203216MW": 3119446.169712627,
  "GB-COH-3799145-781-205669XR": 208792.2330484601,
  "GB-COH-3799145-781-208777PS": 6836182.844823324,
  "GB-COH-3799145-781-212226XR": 2309627.4669781583,
  "GB-COH-3799145-781-213227XR": 1903794.0389237998,
  "GB-COH-3799145-781-215853AF": 69108.24644330332,
  "GB-COH-3799145-781-217382KE": 1796572.2938814748,
  "GB-COH-3799145-781-224672ZW": 118886.6634510427,
  "GB-COH-3799145-781-227134PK": 383843.26476810744,
  "GB-COH-3799145-781-229822XR": 167081.08550990635,
  "GB-COH-3799145-781-230288PK": 59889.969202862696,
  "GB-COH-3799145-781-231558XR": 1560226.3583086575,
  "GB-COH-3799145-IDEVREAN09076GH": 23930464.801781
}