{
  "GB-GOV-13-BA-GCRF-01": 16829591.084011637,
  "GB-GOV-13-BA-GCRF-02": 8527650.736103078,
  "GB-GOV-13-BA-GCRF-03": 5420974.812307409,
  "GB-GOV-13-BA-GCRF-04": 39501319.72882916,
  "GB-GOV-13-GCRF-BACImECRN": 14798669.938468646,
  "GB-GOV-13-GCRF-CImChlGECE": 14219685.231391845,
  "GB-GOV-13-GCRF-CImChlGHDV": 13820053.323947167,
  "GB-GOV-13-GCRF-CImChlGUWB": 19214569.100379366,
  "GB-GOV-13-GCRF-CImERICC": 4936405.70957549,
  "GB-GOV-13-GCRF-CImYF": 19037001.798692398
}