{
  "GB-1-204158-102": 1799994260.0860384,
  "GB-1-204158-103": 4942776.000236261,
  "GB-1-204158-104": 618970.6577735863,
  "GB-1-204484-101": 4456014.714916994,
  "GB-1-205013-101": 828725.5953036124,
  "GB-1-205013-102": 656835.6171193962,
  "GB-1-205013-103": 608162.4542530697,
  "GB-1-205013-107": 71601.05313942248,
  "GB-1-205013-109": 157649.84052753553,
  "GB-1-205013-110": 295449.4926381223,
  "GB-GOV-1-300175-101": 1551599.9949701652,
  "GB-GOV-1-300175-103": 2499522.281111475,
  "GB-GOV-1-300175-105": 1003340.690655959,
  "GB-GOV-1-300175-107": 1772436.6362927211,
  "GB-GOV-1-300175-108": 1876.6072880897002,
  "GB-GOV-1-300175-110": 411354.2946596624,
  "GB-GOV-1-300420-101": 787548976.0376443,
  "GB-GOV-1-300420-102": 596519373.0287211,
  "GB-GOV-1-300420-103": 35525622.5493141,
  "GB-GOV-1-300420-104": 4219181.602865674,
  "GB-GOV-1-300420-105": 2838097.494351659,
  "GB-GOV-1-300420-106": 534971.4748335712,
  "GB-GOV-1-300420-107": 271852680.01299435,
  "GB-GOV-1-300420-108": 65903680.00315015,
  "GB-GOV-1-300420-111": 9885552.000472521,
  "GB-GOV-1-300420-113": 6919886.400330765,
  "GB-GOV-1-300420-114": 21081368.014927674,
  "GB-GOV-1-300544-103": 115331440.00551276,
  "GB-GOV-1-300605-101": 10658287.476837458,
  "GB-GOV-1-300605-102": 906175.6000433145,
  "GB-GOV-1-300631-101": 4952633.543172732,
  "GB-GOV-1-300631-102": 966701.5397582076,
  "GB-GOV-1-301019-105": 794139.3440379592,
  "GB-GOV-1-301019-106": 3220899.0196499564,
  "GB-GOV-1-301019-107": 988555.2000472521,
  "GB-GOV-1-301433-102": 9885552.000472521,
  "GB-GOV-1-301433-103": 9885552.000472521,
  "GB-GOV-1-301433-104": 3295184.000157507,
  "GB-GOV-1-301433-105": 16475920.000787536,
  "GB-GOV-1-301465-101": 32951840.00157507
}