{
  "DE-1-200235085": 235940.55559771278,
  "DE-1-200328138-0": 9538638.129901232,
  "DE-1-200626002-0": 6622707.895103656,
  "DE-1-200820639": 13160544.706454774,
  "DE-1-200821942": 6977481.696085361,
  "DE-1-200822114": 11527938.38985922,
  "DE-1-200916676-0": 2027018.1702786328,
  "DE-1-200922625": 8182186.156020769,
  "DE-1-200922732": 6265369.140202371,
  "DE-1-200924779": 7308156.727560363,
  "DE-1-200924787": 6995802.322703234,
  "DE-1-201020742": 10997035.837662261,
  "DE-1-201022136": 6463436.345283037,
  "DE-1-201022565": 6737027.748610797,
  "DE-1-201022623": 10647440.85019285,
  "DE-1-201026087-0": 5224673.686346541,
  "DE-1-201028265-0": 12057958.545714818,
  "DE-1-201122209": 10410818.918285359,
  "DE-1-201122217": 16989152.22999223,
  "DE-1-201134279-0": 1250981.0359968727,
  "DE-1-201197706": 6996932.876856088,
  "DE-1-201197771": 6975366.578503105,
  "DE-1-201226190-0": 3782754.379343908,
  "DE-1-201228147-0": 12916123.528377997,
  "DE-1-201228253-0": 6094794.407465821,
  "DE-1-201322296": 9296778.138902241,
  "DE-1-201322676": 9296778.138902241,
  "DE-1-201326123-0": 6750902.334567413,
  "DE-1-201328350-0": 12214021.922914492,
  "DE-1-201397512": 6581251.40013131,
  "DE-1-201406834-0": 398818.50104727916,
  "DE-1-201425065": 8898344.790092144,
  "DE-1-201425073": 7968666.976201921,
  "DE-1-201498617-0": 921034.8648767193,
  "DE-1-201506096-0": 1035870.9262374163,
  "DE-1-201510262-0": 4069332.602513781,
  "DE-1-201518463-0": 571698.7310959798,
  "DE-1-201520261": 5402756.209864902,
  "DE-1-201521681": 7968666.976201921,
  "DE-1-201528181-0": 14964925.596213792,
  "DE-1-201528272-0": 6062827.457726962,
  "DE-1-201618115-0": 1992166.7440504802,
  "DE-1-201622083": 7636639.18552684,
  "DE-1-201626225-0": 7616717.518086336,
  "DE-1-201628189-0": 14941250.580378601,
  "DE-1-201720663": 20320100.7893149,
  "DE-1-201721794": 5179633.534531249,
  "DE-1-201721802": 9549119.259815302,
  "DE-1-201721810": 7304611.394851761,
  "DE-1-201721943": 3984333.4881009604,
  "DE-1-201740497": 14489692.785060493,
  "DE-1-201775717-0": 863272.2557552081,
  "DE-1-201806009-3080": 316409.2034017243,
  "DE-1-201826080-0": 3997614.5997279636,
  "DE-1-201828110-0": 13265157.74478571,
  "DE-1-201828136-0": 6647196.369315103,
  "DE-1-201921717": 15007656.138513617,
  "DE-1-201921733": 11953000.46430288,
  "DE-1-201921741": 7968666.976201921,
  "DE-1-201922681": 5843689.115881409,
  "DE-1-201922848": 13281111.627003202,
  "DE-1-201922855": 9296778.138902241,
  "DE-1-201932342-0": 177966.8958018429,
  "DE-1-201932862-0": 625540.3576318508,
  "DE-1-201939677-0": 502026.019500721,
  "DE-1-201961903-0": 1326814.9262055247,
  "DE-1-201961911-0": 2823997.455513261,
  "DE-1-201961929-0": 813703.7339175441,
  "DE-1-201974443-0": 300153.12277027237,
  "DE-1-201974708-0": 398433.34881009604,
  "DE-1-201975259-0": 597650.023215144,
  "DE-1-201975291-0": 1309517.6064225156,
  "DE-1-201976265-0": 431636.12787760404,
  "DE-1-202022713": 7304611.394851761,
  "DE-1-202073914-0": 366558.6809052884,
  "DE-1-202074516-0": 239060.00928605764,
  "DE-1-202075729-0": 823428.9208741984,
  "DE-1-202076255-0": 239060.00928605764,
  "DE-1-202076396-0": 863272.2557552081,
  "DE-1-202077097-0": 592337.5785643428,
  "DE-1-202077147-0": 310778.0120718749,
  "DE-1-202121366": 7968666.976201921,
  "DE-1-202126092-0": 4914011.301991184,
  "DE-1-202128072-0": 4781200.185721152,
  "DE-1-202128239-0": 5035028.791136438,
  "DE-1-202173664-0": 233747.56463525633,
  "DE-1-202174258-0": 332027.79067508003,
  "DE-1-202174498-0": 545853.6878698316,
  "DE-1-202175479-0": 265622.232540064,
  "DE-1-202176550-0": 406402.01578629797,
  "DE-1-202177285-0": 478120.0185721153
}