{
  "AU-5-INI127-RW": 239982.89175607282,
  "AU-5-INI384-RW": 154409.0609454703,
  "AU-5-INI473-RW": 162668.71022392655,
  "AU-5-INI595-RW": 8198.46430750784,
  "AU-5-INI882-RW": 113480.7737282098,
  "AU-5-INI941-RW": 564604.2219018555,
  "AU-5-INI978-RW": 4780572.401673283,
  "AU-5-INJ018-RW": 664314.7517272403,
  "AU-5-INJ144-RW": 1424190.6145961287,
  "AU-5-INJ211-RW": 447481.55830925785,
  "AU-5-INJ269-RW": 315496.858023791,
  "AU-5-INJ318-RW": 3259772.1937007466,
  "AU-5-INJ344-RW": 109356.64241325369,
  "AU-5-INJ429-RW": 5186.39710116145,
  "AU-5-INJ447-RW": 4291855.482381681,
  "AU-5-INJ482-RW": 777683.1088544037,
  "AU-5-INJ522-RW": 85493.66484730782,
  "AU-5-INJ540-RW": 1291224.9636120216,
  "AU-5-INJ748-RW": 144294.28552216286,
  "AU-5-INK048-RW": 1340099.6686219587,
  "AU-5-INK131-RW": 587323.011491039,
  "AU-5-INK235-RW": 551826.4358606711,
  "AU-5-INK277-RW": 14678.24575419068,
  "AU-5-INK573-RW": 1830054.7797159934,
  "AU-5-INK680-RW": 16137.154392833514,
  "AU-5-INL021-RW": 1620160.3220936088,
  "AU-5-INL062-RW": 1183668.439526781,
  "AU-5-INL144-RW": 66110.60075212856,
  "AU-5-INL406-RW": 157710.28402764504,
  "AU-5-INL420-RW": 4119877.6177230766,
  "AU-5-INL495-RW": 1670050.7507289166,
  "AU-5-INL630-RW": 57396.88739683965,
  "AU-5-INL860-RW": 13819689.275161648,
  "AU-5-INL889-RW": 505.6954774260615,
  "AU-5-INL907-RW": 138564.16648659416,
  "AU-5-INL966-RW": 590.4287659787349,
  "AU-5-INM061-RW": 39050.3275892592,
  "AU-5-INM079-RW": 15958.703622729043,
  "AU-5-INM256-RW": 812235.2757066608,
  "AU-5-INM260-RW": 370.48278292711456,
  "AU-5-INM295-RW": 384044.61618535896,
  "AU-5-INM339-RW": 210341.37465237846,
  "AU-5-INM529-RW": 1102234.054360222,
  "AU-5-O14827-RW": 2737521.6213334594,
  "AU-5-O14978-RW": 134603.29392207804,
  "AU-5-O14982-RW": 82389.64079975073,
  "AU-5-O14992-RW": 2145427.394252541,
  "AU-5-O15263-RW": 1453009.0433768525,
  "AU-5-O15904-RW": 147215.9760986001,
  "AU-5-O15918-RW": 144226.87413221007,
  "AU-5-O16835-RW": 51342.964355140124,
  "AU-5-O18836-RW": 368207.60398767894
}