{
  "AU-5-INI127-RW": 243206.54046726116,
  "AU-5-INI384-RW": 155378.5948769033,
  "AU-5-INI473-RW": 164788.4558489686,
  "AU-5-INI595-RW": 8248.439569479047,
  "AU-5-INI882-RW": 114210.82361700867,
  "AU-5-INI941-RW": 568889.1643161828,
  "AU-5-INI978-RW": 4813847.495091606,
  "AU-5-INJ018-RW": 669127.9893522182,
  "AU-5-INJ144-RW": 1433110.7474107582,
  "AU-5-INJ211-RW": 448083.5603520781,
  "AU-5-INJ269-RW": 315759.89721417107,
  "AU-5-INJ318-RW": 3264348.2569433125,
  "AU-5-INJ344-RW": 109434.44687201353,
  "AU-5-INJ429-RW": 5190.668454835363,
  "AU-5-INJ447-RW": 4301240.053429148,
  "AU-5-INJ482-RW": 778236.2552333783,
  "AU-5-INJ522-RW": 85565.3544577299,
  "AU-5-INJ540-RW": 1292544.64011265,
  "AU-5-INJ748-RW": 144417.20237956615,
  "AU-5-INK048-RW": 1342575.8680636142,
  "AU-5-INK131-RW": 588570.0490167241,
  "AU-5-INK235-RW": 552560.4134347943,
  "AU-5-INK277-RW": 14697.405051055548,
  "AU-5-INK573-RW": 1832591.281522871,
  "AU-5-INK680-RW": 16169.305517499737,
  "AU-5-INL021-RW": 1624546.1322113015,
  "AU-5-INL062-RW": 1186902.2107674335,
  "AU-5-INL144-RW": 66289.63242838586,
  "AU-5-INL406-RW": 158006.35988829116,
  "AU-5-INL420-RW": 4127612.0297111385,
  "AU-5-INL495-RW": 1673186.004186821,
  "AU-5-INL630-RW": 57504.64088253782,
  "AU-5-INL860-RW": 13845633.533782654,
  "AU-5-INL889-RW": 506.64483988918107,
  "AU-5-INL907-RW": 138824.29857056175,
  "AU-5-INL966-RW": 591.5372016531437,
  "AU-5-INM061-RW": 39123.638340176854,
  "AU-5-INM079-RW": 15988.663539033978,
  "AU-5-INM256-RW": 813760.1176647149,
  "AU-5-INM260-RW": 371.1783051594535,
  "AU-5-INM295-RW": 384765.5985928452,
  "AU-5-INM339-RW": 210736.25697672187,
  "AU-5-INM529-RW": 1104303.3226916452,
  "AU-5-O14827-RW": 2742660.8807994532,
  "AU-5-O14978-RW": 134685.64297060765,
  "AU-5-O14982-RW": 82440.04601890147,
  "AU-5-O14992-RW": 2147521.569303033,
  "AU-5-O15263-RW": 1457211.8675500378,
  "AU-5-O15904-RW": 147492.35057280122,
  "AU-5-O15918-RW": 144497.63704504273,
  "AU-5-O16835-RW": 51439.35256757215,
  "AU-5-O18836-RW": 368898.85493506794
}