{
  "IM-CR-024714B-IM1213-001": {
    "openmindedly-im1213.xml": 94779.69417136349
  },
  "IM-CR-024714B-IM1213-002": {
    "openmindedly-im1213.xml": 110576.30986659073
  },
  "IM-CR-024714B-IM1213-003": {
    "openmindedly-im1213.xml": 47389.847085681744
  },
  "IM-CR-024714B-IM1213-004": {
    "openmindedly-im1213.xml": 208366.83898946454
  },
  "IM-CR-024714B-IM1213-005": {
    "openmindedly-im1213.xml": 63186.46278090899
  },
  "IM-CR-024714B-IM1213-006": {
    "openmindedly-im1213.xml": 157966.15695227246
  },
  "IM-CR-024714B-IM1213-007": {
    "openmindedly-im1213.xml": 82932.23239994305
  },
  "IM-CR-024714B-IM1213-008": {
    "openmindedly-im1213.xml": 21148.50909277024
  },
  "IM-CR-024714B-IM1213-009": {
    "openmindedly-im1213.xml": 157966.15695227246
  },
  "IM-CR-024714B-IM1213-010": {
    "openmindedly-im1213.xml": 157966.15695227246
  },
  "IM-CR-024714B-IM1213-011": {
    "openmindedly-im1213.xml": 157966.15695227246
  },
  "IM-CR-024714B-IM1213-012": {
    "openmindedly-im1213.xml": 86881.38632374986
  },
  "IM-CR-024714B-IM1213-013": {
    "openmindedly-im1213.xml": 125109.1963061998
  },
  "IM-CR-024714B-IM1213-014": {
    "openmindedly-im1213.xml": 88492.64112466305
  },
  "IM-CR-024714B-IM1213-015": {
    "openmindedly-im1213.xml": 94779.69417136349
  },
  "IM-CR-024714B-IM1213-016": {
    "openmindedly-im1213.xml": 108917.66521859186
  },
  "IM-CR-024714B-IM1213-017": {
    "openmindedly-im1213.xml": 78983.07847613623
  },
  "IM-CR-024714B-IM1213-018": {
    "openmindedly-im1213.xml": 86881.38632374986
  },
  "IM-CR-024714B-IM1213-019": {
    "openmindedly-im1213.xml": 83406.13087079987
  },
  "IM-CR-024714B-IM1213-020": {
    "openmindedly-im1213.xml": 78983.07847613623
  },
  "IM-CR-024714B-IM1213-021": {
    "openmindedly-im1213.xml": 110576.30986659073
  },
  "IM-CR-024714B-IM1213-022": {
    "openmindedly-im1213.xml": 94779.69417136349
  },
  "IM-CR-024714B-IM1213-023": {
    "openmindedly-im1213.xml": 73138.33066890216
  },
  "IM-CR-024714B-IM1213-024": {
    "openmindedly-im1213.xml": 50059.47513817515
  },
  "IM-CR-024714B-IM1213-025": {
    "openmindedly-im1213.xml": 118193.4379548293
  },
  "IM-CR-024714B-IM1213-026": {
    "openmindedly-im1213.xml": 76901.08452750529
  },
  "IM-CR-024714B-IM1213-027": {
    "openmindedly-im1213.xml": 64298.54452585299
  },
  "IM-CR-024714B-IM1213-028": {
    "openmindedly-im1213.xml": 15796.615695227247
  },
  "IM-CR-024714B-IM1213-029": {
    "openmindedly-im1213.xml": 81065.07242476719
  },
  "IM-CR-024714B-IM1213-030": {
    "openmindedly-im1213.xml": 127134.32243832793
  },
  "IM-CR-024714B-IM1213-031": {
    "openmindedly-im1213.xml": 157966.15695227246
  },
  "IM-CR-024714B-IM1213-032": {
    "openmindedly-im1213.xml": 104333.48734383692
  },
  "IM-CR-024714B-IM1213-033": {
    "openmindedly-im1213.xml": 43835.60855425561
  },
  "IM-CR-024714B-IM1213-034": {
    "openmindedly-im1213.xml": 94779.69417136349
  },
  "IM-CR-024714B-IM1213-035": {
    "openmindedly-im1213.xml": 53708.49336377264
  },
  "IM-CR-024714B-IM1213-036": {
    "openmindedly-im1213.xml": 157966.15695227246
  },
  "IM-CR-024714B-IM1213-037": {
    "openmindedly-im1213.xml": 145240.4033481974
  }
}