{
  "XI-IATI-EC_FPI-2015/370-817": 4855.67036666665,
  "XI-IATI-EC_FPI-2022/44539/3": 3985502.3529411624
}