{
  "DE-1-199665852": 12698346.654652655,
  "DE-1-199870015": 3209887.4275966897,
  "DE-1-200070003": 4094492.954114462,
  "DE-1-200166116": 5255301.28335716,
  "DE-1-200166124": 13001071.38170579,
  "DE-1-200170183": 1018119.7207320636,
  "DE-1-200365817": 18005458.181124613,
  "DE-1-200365833": 2124213.3688725526,
  "DE-1-200370304": 885812.5969805538,
  "DE-1-200370312": 2799256.2530637207,
  "DE-1-200465013": 6575265.641342499,
  "DE-1-200566539": 9797396.885723023,
  "DE-1-200566547": 5300762.4908088185,
  "DE-1-200574301-0": 646926.9416342409,
  "DE-1-200620088": 9339772.652406763,
  "DE-1-200665331": 32387745.882352937,
  "DE-1-200665349": 19718063.863618284,
  "DE-1-200665356": 8368694.531249994,
  "DE-1-200766311": 8161368.111696034,
  "DE-1-200766329": 7839868.368566163,
  "DE-1-200766337": 79710040.12404916,
  "DE-1-200766345": 9005580.90440348,
  "DE-1-200766469": 97876515.67901368,
  "DE-1-200775130-0": 671534.2392156884,
  "DE-1-200820159": 9006877.075515624,
  "DE-1-200870030": 2727395.908486706,
  "DE-1-200920967": 2664690.500000005,
  "DE-1-200920975": 12157590.112656023,
  "DE-1-200920983": 11891899.66398835,
  "DE-1-200920991": 13497824.013166694,
  "DE-1-200932228-0": 627652.0898437497,
  "DE-1-200956607-0": 6973.912109374995,
  "DE-1-200965418": 79710051.09746563,
  "DE-1-200965426": 15880544.281078525,
  "DE-1-200965442": 61587829.07327736,
  "DE-1-200966648": 91367686.24854222,
  "DE-1-200966770": 15625449.26634736,
  "DE-1-200970095": 1365986.3602692697,
  "DE-1-200974931-0": 962399.8710937494,
  "DE-1-201016583-0": 425710.1588500009,
  "DE-1-201067149": 20906315.64950977,
  "DE-1-201070424": 5440912.074464023,
  "DE-1-201074244-0": 603201.0833333345,
  "DE-1-201075522-0": 636344.0000000013,
  "DE-1-201120955": 24719356.17238059,
  "DE-1-201121995": 7101760.693719975,
  "DE-1-201122001": 5314003.137254884,
  "DE-1-201122019": 16634592.550942387,
  "DE-1-201122837": 2184140.7421875005,
  "DE-1-201133453-0": 835173.1517509744,
  "DE-1-201135128": 8073340.466926086,
  "DE-1-201165703": 26132894.561887212,
  "DE-1-201165711": 21391294.719504178,
  "DE-1-201166065": 38154285.585738264,
  "DE-1-201216670-0": 286533.5696015626,
  "DE-1-201234178-0": 71668.08169453127,
  "DE-1-201266576": 66425042.536938004,
  "DE-1-201274778-0": 552459.1289062501,
  "DE-1-201275031-0": 398284.4882812501,
  "DE-1-201275551-0": 1085646.4277343752,
  "DE-1-201297605": 23292445.73911969,
  "DE-1-201306182-0": 339650.2511129421,
  "DE-1-201321819": 7971004.705882325,
  "DE-1-201322767": 8709621.755523404,
  "DE-1-201324722": 4105067.4235293977,
  "DE-1-201365584": 34652163.15303766,
  "DE-1-201365626": 57579559.64267057,
  "DE-1-201374966-0": 830073.7745098062,
  "DE-1-201374974-0": 232420.65686274573,
  "DE-1-201397678": 7939120.687058796,
  "DE-1-201398999-0": 79687.08235294139,
  "DE-1-201415330-0": 59224.56496470568,
  "DE-1-201432723-0": 797100.4705882325,
  "DE-1-201475334-0": 863525.5098039185,
  "DE-1-201510049-0": 1919683.6333333266,
  "DE-1-201516756-0": 67854.50605960761,
  "DE-1-201516913-0": 105858.92799647021,
  "DE-1-201522093": 9033805.333333302,
  "DE-1-201522101": 17591038.855670497,
  "DE-1-201522119": 8052613.087566878,
  "DE-1-201522143": 6435257.799215664,
  "DE-1-201522150": 4384052.588235279,
  "DE-1-201567015": 16714955.399932679,
  "DE-1-201567031": 6833808.03450978,
  "DE-1-201569136": 9067930.187569765,
  "DE-1-201569219": 7971004.705882325,
  "DE-1-201575216-0": 1195650.7058823488,
  "DE-1-201576784-0": 491545.29019607673,
  "DE-1-201577030-0": 498187.7941176453,
  "DE-1-201606003-1208": 55403.464583823334,
  "DE-1-201606003-1335": 68359.33635764683,
  "DE-1-201606003-1683": 663340.3691196055,
  "DE-1-201610203-0": 978440.8276470554,
  "DE-1-201622372": 4649752.745098023,
  "DE-1-201622380": 7572483.857025558,
  "DE-1-201665314": 64461325.306703344,
  "DE-1-201668052": 10438608.706329167,
  "DE-1-201668680": 39855026.13327316,
  "DE-1-201673607-0": 446376.26352941024,
  "DE-1-201674092-0": 425120.2509803907,
  "DE-1-201675370-0": 314854.6858823518,
  "DE-1-201676063-0": 717390.4235294092,
  "DE-1-201706019-2673": 329340.65843450866,
  "DE-1-201706019-3140": 66425.03921568605,
  "DE-1-201720440": 26045656.426705793,
  "DE-1-201720630": 17934760.588235233,
  "DE-1-201720648": 13285007.843137208,
  "DE-1-201721687": 2657001.568627442,
  "DE-1-201721869": 10628006.274509767,
  "DE-1-201767680": 13285007.843137208,
  "DE-1-201767698": 14028968.282352893,
  "DE-1-201768217": 26570015.686274417,
  "DE-1-201768423": 53140027.22762639,
  "DE-1-201768514": 33484993.68392492,
  "DE-1-201768647": 3985502.3529411624,
  "DE-1-201770288": 1222826.624206333,
  "DE-1-201770296": 1992751.1764705812,
  "DE-1-201839430-0": 753259.9447058798,
  "DE-1-201875103-0": 1248790.7372548976,
  "DE-1-201875111-0": 817027.9823529384,
  "DE-1-201876713-0": 225845.13333333255,
  "DE-1-201906015-4095": 866279.824054997,
  "DE-1-201920883": 10628006.274509767,
  "DE-1-201920958": 4649752.745098023,
  "DE-1-201920974": 16832104.937254842,
  "DE-1-201923242": 11823656.980392115,
  "DE-1-201967462": 7971004.705882325,
  "DE-1-201975788-0": 597825.3529411744,
  "DE-1-201976653-0": 249758.14745097954,
  "DE-1-201976877-0": 274999.66235294024,
  "DE-1-201977024-0": 862197.0090196049,
  "DE-1-202006005-5080": 132517.95323529365,
  "DE-1-202068773": 66425044.52968918,
  "DE-1-202074300-0": 398550.23529411625,
  "DE-1-202075539-0": 398550.23529411625,
  "DE-1-202075653-0": 464975.2745098023,
  "DE-1-202106003-6050": 495594.3480265395,
  "DE-1-202120921": 9696062.974313691,
  "DE-1-202120947": 3321251.960784302,
  "DE-1-202120954": 3321251.960784302,
  "DE-1-202131076-0": 836955.4941176441,
  "DE-1-202173524-0": 518115.3058823511,
  "DE-1-202176139-0": 836955.4941176441,
  "DE-1-202176147-0": 1248790.7372548976,
  "DE-1-202179968-0": 664250.3921568604
}