{
  "GB-GOV-13-NEWT-RS_BRA_798": 1767868.4607147335,
  "GB-GOV-13-NEWT-RS_BRA_799": 223223.6079995757,
  "GB-GOV-13-NEWT-RS_BRA_800": 41272.991953418095,
  "GB-GOV-13-NEWT-RS_BRA_802": 1485015.7703119405,
  "GB-GOV-13-NEWT-RS_BRA_835": 134130.8312032149,
  "GB-GOV-13-NEWT-RS_BRA_845": 158504.20275675828,
  "GB-GOV-13-NEWT-RS_BRA_846": 836564.0533464522,
  "GB-GOV-13-NEWT-RS_BRA_847": 634469.6439774582,
  "GB-GOV-13-NEWT-RS_BRA_868": 334959.3816014167,
  "GB-GOV-13-NEWT-RS_BRA_869": 310538.7192811755,
  "GB-GOV-13-NEWT-RS_BRA_900": 1583848.2401201506,
  "GB-GOV-13-NEWT-RS_BRA_908": 1147747.2368476985,
  "GB-GOV-13-NEWT-RS_BRA_909": 1067678.7362383842,
  "GB-GOV-13-NEWT-RS_BRA_910": 219403.12616470683,
  "GB-GOV-13-NEWT-RS_BRA_911": 408596.17339298245,
  "GB-GOV-13-NEWT-RS_BRA_912": 85376.97967190635,
  "GB-GOV-13-NEWT-RS_BRA_913": 178915.08853785406,
  "GB-GOV-13-NEWT-RS_BRA_946": 896958.0811784252,
  "GB-GOV-13-NEWT-RS_BRA_947": 300831.9685500947,
  "GB-GOV-13-NEWT-RS_BRA_948": 147598.53071630714,
  "GB-GOV-13-NEWT-RS_CHN_803": 4535550.478522549,
  "GB-GOV-13-NEWT-RS_CHN_804": 829860.2169366203,
  "GB-GOV-13-NEWT-RS_CHN_805": 2429856.657779534,
  "GB-GOV-13-NEWT-RS_CHN_806": 2300666.642141662,
  "GB-GOV-13-NEWT-RS_CHN_807": 325802.7768319823,
  "GB-GOV-13-NEWT-RS_CHN_808": 618839.9633104289,
  "GB-GOV-13-NEWT-RS_CHN_809": 570443.4746431223,
  "GB-GOV-13-NEWT-RS_CHN_810": 317904.52769666153,
  "GB-GOV-13-NEWT-RS_CHN_831": 3335416.853728723,
  "GB-GOV-13-NEWT-RS_CHN_832": 1191089.8662589132,
  "GB-GOV-13-NEWT-RS_CHN_848": 1314450.4474849764,
  "GB-GOV-13-NEWT-RS_CHN_849": 964326.8553655719,
  "GB-GOV-13-NEWT-RS_CHN_850": 968766.4612045357,
  "GB-GOV-13-NEWT-RS_CHN_851": 3163131.654243171,
  "GB-GOV-13-NEWT-RS_CHN_852": 748290.5553510239,
  "GB-GOV-13-NEWT-RS_CHN_870": 1303211.1073279292,
  "GB-GOV-13-NEWT-RS_CHN_871": 902004.7332821813,
  "GB-GOV-13-NEWT-RS_CHN_872": 3094800.577127,
  "GB-GOV-13-NEWT-RS_CHN_873": 5769147.734346617,
  "GB-GOV-13-NEWT-RS_CHN_874": 1102732.1202727081,
  "GB-GOV-13-NEWT-RS_CHN_891": 389100.5301398134,
  "GB-GOV-13-NEWT-RS_CHN_930": 7130524.164602075,
  "GB-GOV-13-NEWT-RS_CHN_931": 5087064.811831733,
  "GB-GOV-13-NEWT-RS_CHN_932": 495641.4607384969,
  "GB-GOV-13-NEWT-RS_CHN_933": 1696888.7715697752,
  "GB-GOV-13-NEWT-RS_CHN_934": 1145848.1522071678,
  "GB-GOV-13-NEWT-RS_CHN_935": 2816054.910455831,
  "GB-GOV-13-NEWT-RS_CHN_936": 1382522.6923951088,
  "GB-GOV-13-NEWT-RS_CHN_937": 1985598.3428001225,
  "GB-GOV-13-NEWT-RS_CHN_938": 646289.1928069232,
  "GB-GOV-13-NEWT-RS_DEL_Del37": 7936223.851344664,
  "GB-GOV-13-NEWT-RS_DEL_Del38": 270145.36191583244,
  "GB-GOV-13-NEWT-RS_DEL_Del39": 82676.140470712,
  "GB-GOV-13-NEWT-RS_IND_837": 2479879.79085626,
  "GB-GOV-13-NEWT-RS_IND_863": 2879821.0299373865,
  "GB-GOV-13-NEWT-RS_IND_884": 2746322.6510336823,
  "GB-GOV-13-NEWT-RS_IND_904": 3669849.4879315565,
  "GB-GOV-13-NEWT-RS_IND_905": 849205.6782734183,
  "GB-GOV-13-NEWT-RS_MEX_811": 38635.602020277496,
  "GB-GOV-13-NEWT-RS_MEX_812": 928201.1852830137,
  "GB-GOV-13-NEWT-RS_MEX_813": 39056.282514847524,
  "GB-GOV-13-NEWT-RS_MEX_814": 31539.38717527714,
  "GB-GOV-13-NEWT-RS_MEX_816": 907706.3147861125,
  "GB-GOV-13-NEWT-RS_MEX_817": 1169947.800064115,
  "GB-GOV-13-NEWT-RS_MEX_818": 463792.9887470575,
  "GB-GOV-13-NEWT-RS_MEX_833": 131723.5765042547,
  "GB-GOV-13-NEWT-RS_MEX_853": 106503.51264340493,
  "GB-GOV-13-NEWT-RS_MEX_854": 620761.3440500813,
  "GB-GOV-13-NEWT-RS_MEX_855": 702148.4573525375,
  "GB-GOV-13-NEWT-RS_MEX_875": 76351.65038497528,
  "GB-GOV-13-NEWT-RS_MEX_876": 797113.5494716379,
  "GB-GOV-13-NEWT-RS_MEX_894": 52606.0250908329,
  "GB-GOV-13-NEWT-RS_MEX_899": 651605.5536639646,
  "GB-GOV-13-NEWT-RS_MEX_901": 1046847.1041439755,
  "GB-GOV-13-NEWT-RS_MEX_902": 154708.6662254085,
  "GB-GOV-13-NEWT-RS_MEX_914": 825949.2014210378,
  "GB-GOV-13-NEWT-RS_MEX_916": 94755.95306387138,
  "GB-GOV-13-NEWT-RS_MEX_918": 893183.6066447698,
  "GB-GOV-13-NEWT-RS_MYS_843": 644987.413257251,
  "GB-GOV-13-NEWT-RS_MYS_844": 33498.1529608367,
  "GB-GOV-13-NEWT-RS_MYS_866": 250432.08898961387,
  "GB-GOV-13-NEWT-RS_MYS_867": 8236.754929512073,
  "GB-GOV-13-NEWT-RS_MYS_887": 737982.9782263449,
  "GB-GOV-13-NEWT-RS_MYS_888": 75652.06296781424,
  "GB-GOV-13-NEWT-RS_MYS_893": 39491.24567660392,
  "GB-GOV-13-NEWT-RS_MYS_896": 35980.8030296678,
  "GB-GOV-13-NEWT-RS_MYS_898": 274299.6105954114,
  "GB-GOV-13-NEWT-RS_THA_841": 387551.55184689135,
  "GB-GOV-13-NEWT-RS_THA_842": 70125.4605916019,
  "GB-GOV-13-NEWT-RS_THA_864": 77505.09094307468,
  "GB-GOV-13-NEWT-RS_THA_865": 483507.7755043603,
  "GB-GOV-13-NEWT-RS_THA_885": 114606.88589064429,
  "GB-GOV-13-NEWT-RS_THA_886": 641551.7407021292,
  "GB-GOV-13-NEWT-RS_THA_892": 78005.34629768306,
  "GB-GOV-13-NEWT-RS_THA_897": 30075.8745198736,
  "GB-GOV-13-NEWT-RS_THA_924": 631859.9308256627,
  "GB-GOV-13-NEWT-RS_THA_942": 110575.48789449097,
  "GB-GOV-13-NEWT-RS_THA_956": 115676.4404610523,
  "GB-GOV-13-NEWT-RS_TUR_825": 1088636.5757721006,
  "GB-GOV-13-NEWT-RS_TUR_826": 49290.142647596855,
  "GB-GOV-13-NEWT-RS_TUR_829": 325802.7768319823,
  "GB-GOV-13-NEWT-RS_TUR_830": 715778.827888446,
  "GB-GOV-13-NEWT-RS_TUR_840": 19745.62283830196,
  "GB-GOV-13-NEWT-RS_TUR_860": 22865.76034046764,
  "GB-GOV-13-NEWT-RS_TUR_861": 325412.57041532604,
  "GB-GOV-13-NEWT-RS_TUR_862": 298954.061090058,
  "GB-GOV-13-NEWT-RS_TUR_881": 78982.49135320784,
  "GB-GOV-13-NEWT-RS_TUR_883": 365294.02250858623,
  "GB-GOV-13-NEWT-RS_TUR_890": 36463.58350806429,
  "GB-GOV-13-NEWT-RS_TUR_925": 970826.456216513,
  "GB-GOV-13-NEWT-RS_TUR_926": 480723.64268415974,
  "GB-GOV-13-NEWT-RS_TUR_927": 92606.97111163619,
  "GB-GOV-13-NEWT-RS_TUR_928": 337321.0568209918,
  "GB-GOV-13-NEWT-RS_TUR_929": 211031.34408435217,
  "GB-GOV-13-NEWT-RS_TUR_943": 85432.72814705315,
  "GB-GOV-13-NEWT-RS_TUR_944": 180513.18406758632,
  "GB-GOV-13-NEWT-RS_TUR_945": 487058.696678115,
  "GB-GOV-13-NEWT-RS_ZAF_819": 39577.73150463568,
  "GB-GOV-13-NEWT-RS_ZAF_820": 1654483.2035997235,
  "GB-GOV-13-NEWT-RS_ZAF_821": 80173.7447790426,
  "GB-GOV-13-NEWT-RS_ZAF_822": 104276.23929661588,
  "GB-GOV-13-NEWT-RS_ZAF_824": 1888641.8387990368,
  "GB-GOV-13-NEWT-RS_ZAF_836": 77811.14809706836,
  "GB-GOV-13-NEWT-RS_ZAF_856": 29206.40892756037,
  "GB-GOV-13-NEWT-RS_ZAF_858": 550149.9765898002,
  "GB-GOV-13-NEWT-RS_ZAF_877": 115497.90712122266,
  "GB-GOV-13-NEWT-RS_ZAF_878": 612394.0376442367,
  "GB-GOV-13-NEWT-RS_ZAF_879": 319240.64817538665,
  "GB-GOV-13-NEWT-RS_ZAF_889": 172534.48797388517,
  "GB-GOV-13-NEWT-RS_ZAF_895": 93798.29035621374,
  "GB-GOV-13-NEWT-RS_ZAF_903": 168037.58691931886,
  "GB-GOV-13-NEWT-RS_ZAF_920": 929360.6482560788,
  "GB-GOV-13-NEWT-RS_ZAF_940": 662388.2104741331,
  "GB-GOV-13-NF-TRMobG-NMG-Y2R2": 157964.98270641567
}