{
  "GB-CHC-285776-JOR020": 16454.685698584966,
  "GB-CHC-285776-JOR021": 78159.75706827859,
  "GB-CHC-285776-JOR022": 105309.98847094378
}