{
  "NZ-1-ACT-0100549": 283482.28852694825,
  "NZ-1-ACT-0101205": 2654647.014904744,
  "NZ-1-ACT-0101281": 29005.336946602958,
  "NZ-1-ACT-0101285": 1.5234375e-23,
  "NZ-1-ACT-0101309": 2156900.6996101043,
  "NZ-1-ACT-0102259": 54752.094682410345,
  "NZ-1-ACT-0102756": 24887.315764731975,
  "NZ-1-ACT-0102790": 866656.9449437294,
  "NZ-1-ACT-0A11036": 136468.65027790872,
  "NZ-1-ACT-0A12565": 1697405.2014489993
}