{
  "XM-DAC-6-4-011051-01-4": 531244.465080128,
  "XM-DAC-6-4-011876-01-2": 3718711.2555608964,
  "XM-DAC-6-4-012127-06-5": 551431.754753173,
  "XM-DAC-6-4-012269-01-0": 265622.232540064,
  "XM-DAC-6-4-012314-02-0": 2499324.970236113
}