{
  "XM-DAC-6-4-002994-02-5": 256851.5231113408,
  "XM-DAC-6-4-003935-01-3": 153822.50223438255,
  "XM-DAC-6-4-004603-01-2": 21397.870845891935,
  "XM-DAC-6-4-005092-02-1": 597358.0766677941,
  "XM-DAC-6-4-006350-01-3": 287718.31231268024,
  "XM-DAC-6-4-006880-01-6": 677811.141874408,
  "XM-DAC-6-4-007060-01-2": 789343.0700082055,
  "XM-DAC-6-4-007296-02-6": 582544.815633117,
  "XM-DAC-6-4-007376-01-4": 986674.2467670157,
  "XM-DAC-6-4-007451-01-0": 1711627.1786723388,
  "XM-DAC-6-4-007904-02-4": 167416.54475254414,
  "XM-DAC-6-4-007969-01-0": 733412.818042359,
  "XM-DAC-6-4-008624-02-2": 46665.53069627624,
  "XM-DAC-6-4-008883-01-1": 1106002.8705640708,
  "XM-DAC-6-4-009101-02-4": 314136.6463009189,
  "XM-DAC-6-4-011051-01-4": 531400.3137254884,
  "XM-DAC-6-4-011876-01-2": 3719802.1960784183,
  "XM-DAC-6-4-012127-06-5": 551593.5256470569,
  "XM-DAC-6-4-012269-01-0": 265700.1568627442,
  "XM-DAC-6-4-012314-02-0": 2500058.1852369835
}