{
  "sjg": {
    "ZA-PBO-064-502-1607": 3550242.2933377996,
    "ZA-PBO-064-502-2104": 873148.0903610477,
    "ZA-PBO-064-502-2107": 11302786.723112617
  }
}