{
  "GB-CHC-1017255-AN001": {
    "hi-ao.xml": 1402016.012883959
  },
  "GB-CHC-1017255-KE011": {
    "hi-ke.xml": 1283527.8845704095
  },
  "GB-CHC-1017255-SL002": {
    "hi-lk.xml": 1335790.8949777347
  },
  "GB-CHC-1017255-TA012": {
    "hi-tz.xml": 4469992.285168903
  }
}