{
  "XM-DAC-6-4-009695-01-1": 4615845.901082281,
  "XM-DAC-6-4-010284-01-3": 2253348.63613473,
  "XM-DAC-6-4-010284-02-4": 2389182.9185633054,
  "XM-DAC-6-4-010697-01-3": 193749.54464712704,
  "XM-DAC-6-4-010716-01-6": 174404.5032301318,
  "XM-DAC-6-4-010717-01-1": 2185654.664079667,
  "XM-DAC-6-4-010746-01-3": 10756906.526143977,
  "XM-DAC-6-4-010846-01-0": 3453089.0230208323,
  "XM-DAC-6-4-010862-01-4": 7171800.278581729,
  "XM-DAC-6-4-010862-02-5": 15831060.994013548,
  "XM-DAC-6-4-011010-01-6": 7530390.292510815,
  "XM-DAC-6-4-011010-02-0": 9256934.804021232,
  "XM-DAC-6-4-011083-01-5": 847698.9039480538,
  "XM-DAC-6-4-011180-01-3": 9296778.138902241,
  "XM-DAC-6-4-011226-01-4": 8767610.759993905,
  "XM-DAC-6-4-011226-02-5": 8762715.06334485,
  "XM-DAC-6-4-011237-01-5": 7968666.976201921,
  "XM-DAC-6-4-011274-01-2": 7952014.547356185,
  "XM-DAC-6-4-011286-01-5": 5484617.475720281,
  "XM-DAC-6-4-011286-02-6": 831736.6147869029,
  "XM-DAC-6-4-011297-01-6": 13257483.573178727,
  "XM-DAC-6-4-011301-01-0": 7968666.976201921,
  "XM-DAC-6-4-011302-01-2": 2261954.703501247,
  "XM-DAC-6-4-011346-01-6": 2653943.2866454464,
  "XM-DAC-6-4-011525-01-0": 7831639.106990315,
  "XM-DAC-6-4-011534-01-4": 2521286.2312702877,
  "XM-DAC-6-4-011574-01-0": 6640555.813501601,
  "XM-DAC-6-4-011597-01-4": 99608.33720252401,
  "XM-DAC-6-4-011659-01-2": 13281111.627003202,
  "XM-DAC-6-4-011713-02-6": 3993518.518966633,
  "XM-DAC-6-4-011713-03-0": 228561.70225937202,
  "XM-DAC-6-4-011762-01-5": 9561709.753637701,
  "XM-DAC-6-4-012071-01-0": 13281111.627003202,
  "XM-DAC-6-4-012087-01-4": 2656222.3254006403,
  "XM-DAC-6-4-012098-01-5": 2574875.5166852456,
  "XM-DAC-6-4-012377-01-0": 3081217.897464743,
  "XM-DAC-6-4-012560-01-0": 2656222.3254006403
}