{
  "NL-KVK-67143555-DSH-4000000969": 3280833.005218601,
  "NL-KVK-67143555-DSH-4000002756": 756520.0086085191,
  "NL-KVK-67143555-DSH-4000003602": 661399.3590247594
}