{
  "XI-IATI-EC_FPI-2011/23431/0": 13852648.975572973,
  "XI-IATI-EC_FPI-2011/278-341": 402426.54202370637,
  "XI-IATI-EC_FPI-2011/278-993": 6612615.960072395,
  "XI-IATI-EC_FPI-2011/279-945": 562895.8383782273,
  "XI-IATI-EC_FPI-2012/282-118": 1051548.3429612608,
  "XI-IATI-EC_FPI-2012/283-429": 1142912.1332102858,
  "XI-IATI-EC_FPI-2012/283-431": 804542.1869778234,
  "XI-IATI-EC_FPI-2012/294-344": 2749671.665179579,
  "XI-IATI-EC_FPI-2013/24978/0": 12410664.584702525,
  "XI-IATI-EC_FPI-2013/331-479": 1069.7138548853459,
  "XI-IATI-EC_FPI-2014/336-346": 12050256.982258495,
  "XI-IATI-EC_FPI-2016/373-134": 10351.484337649073,
  "XI-IATI-EC_FPI-2016/39916/0": 10846522.221363902,
  "XI-IATI-EC_FPI-2017/385-777": 5312444.6508012805,
  "XI-IATI-EC_FPI-2017/386-952": 2656222.3254006403,
  "XI-IATI-EC_FPI-2018/400-055": 1991946.277597472,
  "XI-IATI-EC_FPI-2019/409-485": 2068648.495641341,
  "XI-IATI-EC_FPI-2019/409-499": 3223530.4670849605,
  "XI-IATI-EC_FPI-2019/409-500": 4249955.720641024,
  "XI-IATI-EC_FPI-2019/42322/0": 10624303.60457981,
  "XI-IATI-EC_FPI-2020/42953/0": 3320277.9067508006,
  "XI-IATI-EC_FPI-2021/424-781": 2758655.0105206515,
  "XI-IATI-EC_FPI-2021/426-991": 2026303.6766664968,
  "XI-IATI-EC_FPI-2021/43493/0": 5312444.6508012805
}