{
  "NZ-1-ACT-0100354": 980093.189171255,
  "NZ-1-ACT-0100373": 2039930.3155158642,
  "NZ-1-ACT-0100374": 106849.54234991595,
  "NZ-1-ACT-0100379": 3405385.122915696,
  "NZ-1-ACT-0100987": 414788.5960788663,
  "NZ-1-ACT-0101347": 474492.25451428385,
  "NZ-1-ACT-0101354": 181580.68467770977,
  "NZ-1-ACT-0101357": 936907.0597019078,
  "NZ-1-ACT-0102106": 604900.3124740773,
  "NZ-1-ACT-0102110": 311091.4470591497,
  "NZ-1-ACT-0102403": 87.24663329922873,
  "NZ-1-ACT-0102411": 1147369.9637751323,
  "NZ-1-ACT-0A12750": -2.69775390625e-25,
  "NZ-1-ACT-0A12769": 41105.300998258
}