{
  "GB-COH-04105827-AIDDIRECT": {
    "manniondaniels-ukaid.xml": 418253304.535252
  },
  "GB-COH-04105827-AIDMATCHII": {
    "manniondaniels-ukaid.xml": 435300916.7357321
  },
  "GB-COH-04105827-AMPLIFYCHANGE_Afghanistan": {
    "manniondaniels-amplifychange.xml": 1307194.2887348975
  },
  "GB-COH-04105827-AMPLIFYCHANGE_Angola": {
    "manniondaniels-amplifychange.xml": 184271.02978901897
  },
  "GB-COH-04105827-AMPLIFYCHANGE_Bangladesh": {
    "manniondaniels-amplifychange.xml": 2285522.1938152863
  },
  "GB-COH-04105827-AMPLIFYCHANGE_Benin": {
    "manniondaniels-amplifychange.xml": 479482.50307450816
  },
  "GB-COH-04105827-AMPLIFYCHANGE_Bhutan": {
    "manniondaniels-amplifychange.xml": 251631.33355686185
  },
  "GB-COH-04105827-AMPLIFYCHANGE_Bolivia": {
    "manniondaniels-amplifychange.xml": 25953.59132235285
  },
  "GB-COH-04105827-AMPLIFYCHANGE_Botswana": {
    "manniondaniels-amplifychange.xml": 680189.7445670564
  },
  "GB-COH-04105827-AMPLIFYCHANGE_Burkina Faso": {
    "manniondaniels-amplifychange.xml": 2390303.7076756777
  },
  "GB-COH-04105827-AMPLIFYCHANGE_Burundi": {
    "manniondaniels-amplifychange.xml": 504579.21139097866
  },
  "GB-COH-04105827-AMPLIFYCHANGE_Cameroon": {
    "manniondaniels-amplifychange.xml": 3473015.9048819486
  },
  "GB-COH-04105827-AMPLIFYCHANGE_Central African Republic": {
    "manniondaniels-amplifychange.xml": 132848.74993058777
  },
  "GB-COH-04105827-AMPLIFYCHANGE_Comoros": {
    "manniondaniels-amplifychange.xml": 13285.00784313721
  },
  "GB-COH-04105827-AMPLIFYCHANGE_Congo": {
    "manniondaniels-amplifychange.xml": 1068187.698131369
  },
  "GB-COH-04105827-AMPLIFYCHANGE_Cote DIvoire": {
    "manniondaniels-amplifychange.xml": 488050.0046325473
  },
  "GB-COH-04105827-AMPLIFYCHANGE_DRC": {
    "manniondaniels-amplifychange.xml": 3089973.2592431265
  },
  "GB-COH-04105827-AMPLIFYCHANGE_Egypt": {
    "manniondaniels-amplifychange.xml": 26570.01568627442
  },
  "GB-COH-04105827-AMPLIFYCHANGE_Eswatini": {
    "manniondaniels-amplifychange.xml": 66425.03921568605
  },
  "GB-COH-04105827-AMPLIFYCHANGE_Ethiopia": {
    "manniondaniels-amplifychange.xml": 2068297.7020713654
  },
  "GB-COH-04105827-AMPLIFYCHANGE_Funds": {
    "manniondaniels-amplifychange.xml": 128583288.37210767
  },
  "GB-COH-04105827-AMPLIFYCHANGE_Gabon": {
    "manniondaniels-amplifychange.xml": 205917.62156862675
  },
  "GB-COH-04105827-AMPLIFYCHANGE_Gambia": {
    "manniondaniels-amplifychange.xml": 1632587.97133921
  },
  "GB-COH-04105827-AMPLIFYCHANGE_Ghana": {
    "manniondaniels-amplifychange.xml": 3477959.25630038
  },
  "GB-COH-04105827-AMPLIFYCHANGE_Guatemala": {
    "manniondaniels-amplifychange.xml": 203741.53728392086
  },
  "GB-COH-04105827-AMPLIFYCHANGE_Guinea": {
    "manniondaniels-amplifychange.xml": 839932.6643752912
  },
  "GB-COH-04105827-AMPLIFYCHANGE_Guinea Bissau": {
    "manniondaniels-amplifychange.xml": 84949.65415215657
  },
  "GB-COH-04105827-AMPLIFYCHANGE_Haiti": {
    "manniondaniels-amplifychange.xml": 51147.28019607826
  },
  "GB-COH-04105827-AMPLIFYCHANGE_Honduras": {
    "manniondaniels-amplifychange.xml": 12390.926815294075
  },
  "GB-COH-04105827-AMPLIFYCHANGE_India": {
    "manniondaniels-amplifychange.xml": 12423294.408403095
  },
  "GB-COH-04105827-AMPLIFYCHANGE_Indonesia": {
    "manniondaniels-amplifychange.xml": 119522.55856313684
  },
  "GB-COH-04105827-AMPLIFYCHANGE_Jordan": {
    "manniondaniels-amplifychange.xml": 413894.41935293976
  },
  "GB-COH-04105827-AMPLIFYCHANGE_Kenya": {
    "manniondaniels-amplifychange.xml": 15155798.662105437
  },
  "GB-COH-04105827-AMPLIFYCHANGE_Lesotho": {
    "manniondaniels-amplifychange.xml": 2159719.8120446983
  },
  "GB-COH-04105827-AMPLIFYCHANGE_Liberia": {
    "manniondaniels-amplifychange.xml": 634029.6563152919
  },
  "GB-COH-04105827-AMPLIFYCHANGE_Madagascar": {
    "manniondaniels-amplifychange.xml": 1767526.4530035234
  },
  "GB-COH-04105827-AMPLIFYCHANGE_Malawi": {
    "manniondaniels-amplifychange.xml": 3168580.6506509692
  },
  "GB-COH-04105827-AMPLIFYCHANGE_Mali": {
    "manniondaniels-amplifychange.xml": 3182854.0630776356
  },
  "GB-COH-04105827-AMPLIFYCHANGE_Mauritania": {
    "manniondaniels-amplifychange.xml": 380505.209140783
  },
  "GB-COH-04105827-AMPLIFYCHANGE_Mozambique": {
    "manniondaniels-amplifychange.xml": 1081019.687207055
  },
  "GB-COH-04105827-AMPLIFYCHANGE_Namibia": {
    "manniondaniels-amplifychange.xml": 751567.4347066641
  },
  "GB-COH-04105827-AMPLIFYCHANGE_Nepal": {
    "manniondaniels-amplifychange.xml": 3593258.510870184
  },
  "GB-COH-04105827-AMPLIFYCHANGE_Nicaragua": {
    "manniondaniels-amplifychange.xml": 227232.08815215607
  },
  "GB-COH-04105827-AMPLIFYCHANGE_Niger": {
    "manniondaniels-amplifychange.xml": 295979.34673882247
  },
  "GB-COH-04105827-AMPLIFYCHANGE_Nigeria": {
    "manniondaniels-amplifychange.xml": 5582065.368512138
  },
  "GB-COH-04105827-AMPLIFYCHANGE_Pakistan": {
    "manniondaniels-amplifychange.xml": 5764265.2655784115
  },
  "GB-COH-04105827-AMPLIFYCHANGE_Palestine": {
    "manniondaniels-amplifychange.xml": 699956.5077368603
  },
  "GB-COH-04105827-AMPLIFYCHANGE_Rwanda": {
    "manniondaniels-amplifychange.xml": 3668664.2153878305
  },
  "GB-COH-04105827-AMPLIFYCHANGE_Senegal": {
    "manniondaniels-amplifychange.xml": 1505300.3256917594
  },
  "GB-COH-04105827-AMPLIFYCHANGE_Sierra Leone": {
    "manniondaniels-amplifychange.xml": 1503480.2796172495
  },
  "GB-COH-04105827-AMPLIFYCHANGE_Somalia": {
    "manniondaniels-amplifychange.xml": 1719110.570419994
  },
  "GB-COH-04105827-AMPLIFYCHANGE_South Africa": {
    "manniondaniels-amplifychange.xml": 11131424.376215255
  },
  "GB-COH-04105827-AMPLIFYCHANGE_South Sudan": {
    "manniondaniels-amplifychange.xml": 674377.553635684
  },
  "GB-COH-04105827-AMPLIFYCHANGE_Sri Lanka": {
    "manniondaniels-amplifychange.xml": 699790.4451388211
  },
  "GB-COH-04105827-AMPLIFYCHANGE_Strategic Grants": {
    "manniondaniels-amplifychange.xml": 19401425.45411758
  },
  "GB-COH-04105827-AMPLIFYCHANGE_Sudan": {
    "manniondaniels-amplifychange.xml": 806721.4732682325
  },
  "GB-COH-04105827-AMPLIFYCHANGE_Tanzania": {
    "manniondaniels-amplifychange.xml": 1977276.799334895
  },
  "GB-COH-04105827-AMPLIFYCHANGE_Togo": {
    "manniondaniels-amplifychange.xml": 732935.2112066641
  },
  "GB-COH-04105827-AMPLIFYCHANGE_Uganda": {
    "manniondaniels-amplifychange.xml": 8053707.865208208
  },
  "GB-COH-04105827-AMPLIFYCHANGE_Zambia": {
    "manniondaniels-amplifychange.xml": 2150789.6297725416
  },
  "GB-COH-04105827-AMPLIFYCHANGE_Zimbabwe": {
    "manniondaniels-amplifychange.xml": 5026955.301289002
  },
  "GB-COH-04105827-MFTDCN001": {
    "manniondaniels-activities.xml": 1876735.6872729308
  },
  "GB-COH-04105827-SCCF_Bangladesh": {
    "manniondaniels-sccf.xml": 82273.41203823911
  },
  "GB-COH-04105827-SCCF_Burkina Faso": {
    "manniondaniels-sccf.xml": 63387.49716363114
  },
  "GB-COH-04105827-SCCF_Cambodia": {
    "manniondaniels-sccf.xml": 38427.26924464771
  },
  "GB-COH-04105827-SCCF_Ethiopia": {
    "manniondaniels-sccf.xml": 329756.4922569526
  },
  "GB-COH-04105827-SCCF_Gambia": {
    "manniondaniels-sccf.xml": 200167.40112683264
  },
  "GB-COH-04105827-SCCF_Ghana": {
    "manniondaniels-sccf.xml": 434425.7188121078
  },
  "GB-COH-04105827-SCCF_Kenya": {
    "manniondaniels-sccf.xml": 1204704.9174824362
  },
  "GB-COH-04105827-SCCF_Lebanon": {
    "manniondaniels-sccf.xml": 150964.22149315279
  },
  "GB-COH-04105827-SCCF_Lesotho": {
    "manniondaniels-sccf.xml": 160343.19488511785
  },
  "GB-COH-04105827-SCCF_Madagascar": {
    "manniondaniels-sccf.xml": 79597.86368896351
  },
  "GB-COH-04105827-SCCF_Malawi": {
    "manniondaniels-sccf.xml": 376265.8917496028
  },
  "GB-COH-04105827-SCCF_Mali": {
    "manniondaniels-sccf.xml": 69370.93097889329
  },
  "GB-COH-04105827-SCCF_Nepal": {
    "manniondaniels-sccf.xml": 248617.49916014532
  },
  "GB-COH-04105827-SCCF_Pakistan": {
    "manniondaniels-sccf.xml": 163623.53520724495
  },