{
  "GB-CHC-288701-BF150": 86090.10929539731,
  "GB-CHC-288701-BF999": 624324.1386767816,
  "GB-CHC-288701-BFA21": 1598.656182979636,
  "GB-CHC-288701-BFA51": 1747623.8330779362,
  "GB-CHC-288701-BFJ22": 314712.05162495404,
  "GB-CHC-288701-BFJ50": 13337.558012412735,
  "GB-CHC-288701-BFJ53": 194304.16879059866,
  "GB-CHC-288701-BFJ55": 27079.163615133006,
  "GB-CHC-288701-BFJ56": 1267309.0399693293,
  "GB-CHC-288701-BFJ57": 1264.3945037649673,
  "GB-CHC-288701-BFJ58": 980690.8099272149,
  "GB-CHC-288701-BFJ59": 140977.41201148203,
  "GB-CHC-288701-BFJ60": 266289.2556864261,
  "GB-CHC-288701-BFR50": 9355.393827358974,
  "GB-CHC-288701-BFR52": 365582.78453813365,
  "GB-CHC-288701-BFR53": 3250393.5675259074,
  "GB-CHC-288701-BFR55": 143614.90067273684,
  "GB-CHC-288701-BFR56": 9448.675440584253,
  "GB-CHC-288701-BFR58": 568284.2743310683,
  "GB-CHC-288701-BFR59": 114859.67922703164,
  "GB-CHC-288701-BFR60": 20577.654020650905,
  "GB-CHC-288701-BFR61": 18356.287906027635,
  "GB-CHC-288701-BFR62": 348718.62523571646
}