{
  "DE-1-200140483": 8494538.350942586,
  "DE-1-200140624": 12354494.98838285,
  "DE-1-200222364": 2694885.117647064,
  "DE-1-200235069": 10495868.352941196,
  "DE-1-200265322": 22108199.85728319,
  "DE-1-200265330": 20576162.846544076,
  "DE-1-200270165": 5057381.97695464,
  "DE-1-200365288": 65967118.46193297,
  "DE-1-200365304": 51642907.83118097,
  "DE-1-200370130": 5144806.201832081,
  "DE-1-200370528": 2335139.657881924,
  "DE-1-200465237": 77177731.70061783,
  "DE-1-200465807": 23128262.451361887,
  "DE-1-200465898": 128679922.6497386,
  "DE-1-200470336": 5057757.888497081,
  "DE-1-200470344": 2378468.398344506,
  "DE-1-200521047": 2736998.599221789,
  "DE-1-200565440": 25571101.571691215,
  "DE-1-200570192": 2641502.6050404105,
  "DE-1-200665059": 22258466.83300748,
  "DE-1-200665935": 124131246.5556748,
  "DE-1-200670166": 4646716.744408709,
  "DE-1-200670331": 3919934.184283082,
  "DE-1-200720938": 3214973.482421873,
  "DE-1-200765784": 148799383.59375,
  "DE-1-200765792": 52408987.05224718,
  "DE-1-200770180": 2755544.140625,
  "DE-1-200821520": 4184347.265624997,
  "DE-1-200821538": 6636534.437972902,
  "DE-1-200866293": 179774681.34113556,
  "DE-1-200866301": 25842763.657139357,
  "DE-1-200870196": 3316801.2725723623,
  "DE-1-200921452": 5581462.642422297,
  "DE-1-200921460": 6765718.920878304,
  "DE-1-200921478": 4184347.265624997,
  "DE-1-200965806": 74318088.62745091,
  "DE-1-200965814": 122154772.54001093,
  "DE-1-200965822": 47604907.40678406,
  "DE-1-200965830": 78307464.83109339,
  "DE-1-200970046": 4077088.9187856945,
  "DE-1-200970236": 2602663.0175451366,
  "DE-1-200970244": 1327108.7254901952,
  "DE-1-200970251": 5440912.074464023,
  "DE-1-201020957": 9883244.204085622,
  "DE-1-201020965": 3947302.9340269533,
  "DE-1-201020981": 6230868.333333346,
  "DE-1-201022334": 5327960.6801920105,
  "DE-1-201065630": 66425039.215686046,
  "DE-1-201065648": 65332104.17227154,
  "DE-1-201065655": 41812631.29901954,
  "DE-1-201066307": 26570015.686274417,
  "DE-1-201070333": 1303698.4717710542,
  "DE-1-201121177": 2606524.384175825,
  "DE-1-201121821": 2948964.18484244,
  "DE-1-201121839": 3340692.6070038974,
  "DE-1-201121847-0": 347988.81322957267,
  "DE-1-201166073": 389910.0913131908,
  "DE-1-201166081": 22147341.069372658,
  "DE-1-201167139": 21256012.549019534,
  "DE-1-201197870": 12916539.541553153,
  "DE-1-201197888": 41172323.09921743,
  "DE-1-201197896": 4857979.792575078,
  "DE-1-201222256": 8712158.407927737,
  "DE-1-201222264": 3239689.050971409,
  "DE-1-201265941": 37473908.67639582,
  "DE-1-201266121": 233816138.03921488,
  "DE-1-201267194": 37496194.46304279,
  "DE-1-201267335": 6116756.674180376,
  "DE-1-201270081": 3916538.4762685085,
  "DE-1-201270149": 1328421.0742666621,
  "DE-1-201270396": 2453579.58892218,
  "DE-1-201315969-0": 49724.73938823543,
  "DE-1-201321884": 4206919.593160378,
  "DE-1-201321892-0": 664250.3921568604,
  "DE-1-201321900": 3985502.3529411624,
  "DE-1-201324573": 2657001.568627442,
  "DE-1-201365766": 39994516.11176457,
  "DE-1-201365774": 37198021.96078418,
  "DE-1-201366574": 53140031.37254883,
  "DE-1-201366582": 142608299.77864254,
  "DE-1-201366624": 39855023.52941163,
  "DE-1-201366962": 5078820.370458845,
  "DE-1-201370071": 3723957.8660968225,
  "DE-1-201370220": 2524127.577181952,
  "DE-1-201370303": 1327942.7077042465,
  "DE-1-201370311": 2211962.972537757,
  "DE-1-201422187": 4007606.560100935,
  "DE-1-201422195": 2657001.568627442,
  "DE-1-201422203": 3985502.3529411624,
  "DE-1-201422211": 13285007.843137208,
  "DE-1-201422914": 7284706.156013783,
  "DE-1-201465236": 55797032.94117628,
  "DE-1-201468644": 31884018.8235293,
  "DE-1-201468669": 39855023.52941163,
  "DE-1-201468677": 62439536.86274488,
  "DE-1-201470384": 2458166.822420368,
  "DE-1-201470400": 3865796.4346997747,
  "DE-1-201470418": 2657001.568627442,
  "DE-1-201518414-0": 1162438.1862745057,
  "DE-1-201521087": 5163517.210911747,
  "DE-1-201521418": 3985502.3529411624,
  "DE-1-201522028": 7467202.66745017,
  "DE-1-201565308": 9032343.052520007,
  "DE-1-201566975-0": 614832.8199819586,
  "DE-1-201567072": 7306754.313725465,
  "DE-1-201567098": 15903775.6640224,
  "DE-1-201567940": 26570015.686274417,
  "DE-1-201569029": 13241499.774576131,
  "DE-1-201569037": 6307588.873843116,
  "DE-1-201570035": 1328500.784313721,
  "DE-1-201570043": 1328500.784313721,
  "DE-1-201620228": 44305501.156862594,
  "DE-1-201620251": 7570446.441652719,
  "DE-1-201668144": 29227017.25490186,
  "DE-1-201706019-1753": 393347.16197235155,
  "DE-1-201720317": 6642503.921568604,
  "DE-1-201721133-0": 664250.3921568604,
  "DE-1-201721224": 7638879.509803895,
  "DE-1-201721240": 10772407.667260747,
  "DE-1-201722081": 20591762.156862672,
  "DE-1-201726157-0": 833501.3920784285,
  "DE-1-201768043": 9246365.458823496,
  "DE-1-201768084": 34314359.55934184,
  "DE-1-201768886": 66425039.215686046,
  "DE-1-201769009": 9233080.45098036,
  "DE-1-201867035": 4251202.509803907,
  "DE-1-201874361-0": 199275.11764705813,
  "DE-1-201906015-4223": 3686375.7878443007,
  "DE-1-201906015-4232": 1221819.5143317604,
  "DE-1-201906015-4378": 448369.0147058808,
  "DE-1-201921808": 7855790.475362718,
  "DE-1-201921816": 5817805.175687038,
  "DE-1-201921840": 9299505.490196045,
  "DE-1-201968304": 4626157.16295778,
  "DE-1-201968510": 4016830.633316598,
  "DE-1-201968593": 5978253.529411744,
  "DE-1-201968791": 7243663.492638217,
  "DE-1-201969062": 66425039.215686046,
  "DE-1-201969278": 106280062.74509767,
  "DE-1-201970540": 748677.9455007818,
  "DE-1-202006005-4621": 1319647.575377007,
  "DE-1-202026094-0": 815433.7814117619,
  "DE-1-202068047": 3321251.960784302,
  "DE-1-202068575": 29758417.568627346,
  "DE-1-202106003-5871": 571521.0374117628,
  "DE-1-202110070-0": 1182365.6980392116,
  "DE-1-202121473": 1744321.5298039154,
  "DE-1-202122232": 6642503.921568604,
  "DE-1-202122661": 1992751.1764705812,
  "DE-1-202131621-0": 383936.72666666534,
  "DE-1-202168797": 1992751.1764705812,
  "DE-1-202174936-0": 166062.5980392151,
  "DE-1-202174944-0": 199275.11764705813,
  "DE-1-202177277-0": 531400.3137254884
}