{
  "GB-CHC-1085096-GPAF-INN-041": 689948.8381928068,
  "GB-CHC-1085096-GPAF-INN-061": 646799.4361557505
}