{
  "NL-KVK-41146484-DUPC2": {
    "ihedelft-activities.xml": 52630710.741858646
  },
  "NL-KVK-41146484-XM-DAC-7-PPR-4000003751": {
    "ihedelft-activities.xml": 2680069.656246265
  }
}