{
  "DE-1-200721928": 33578840.05022475,
  "DE-1-201621291": 38905936.13271836,
  "DE-1-201730373-0": 159373.33952403843,
  "DE-1-201731785-0": 252341.12091306082,
  "DE-1-201933514-0": 309449.9009091746,
  "DE-1-201933522-0": 278903.3441670672,
  "DE-1-201975267-0": 1320142.4957241183,
  "DE-1-201976901-0": 790226.1418066905,
  "DE-1-202010031-0": 1726544.5115104162,
  "DE-1-202075083-0": 996083.3720252401,
  "DE-1-202076453-0": 358590.01392908645,
  "DE-1-202076842-0": 796866.6976201921
}