{
  "si-mfa": {
    "XI-PB-XM-DAC-61-2-2017000001": 172706.43046156803,
    "XM-DAC-61-2-2018000140": 219202.62941176395,
    "XM-DAC-61-2-2019000101": 155867.68302039162,
    "XM-DAC-61-2-2020000012": 58454.03450980372,
    "XM-DAC-61-2-2019000102": 92995.05490196047,
    "XM-DAC-61-2-2020000010": 58454.03450980372,
    "XM-DAC-61-2-2020000011": 58454.03450980372,
    "XM-DAC-61-2-2016000004": 131787.2778039211,
    "XM-DAC-61-2-2020000001": 79710.04705882326,
    "XM-DAC-61-2-2020000005": 4110.381426666652,
    "XM-DAC-61-2-2017000002": 204589.12078431304,
    "XM-DAC-61-2-2018000002": 132850.0784313721,
    "XM-DAC-61-2-2019000079": 398550.23529411625,
    "XM-DAC-61-2-2019000104": 39855.02352941163,
    "XM-DAC-61-2-2019000070": 34141.14165607831,
    "XM-DAC-61-2-2016000050": 225845.13333333257,
    "XM-DAC-61-2-2019000103": 79710.04705882326
  }
}