{
  "SE-ON-802004-1524-0-20182900": 1029792.1962896953,
  "SE-ON-802004-1524-0-20183900": 928567.4574003834,
  "SE-ON-802004-1524-0-20183901": 198043.1569099677,
  "SE-ON-802004-1524-0-20183903": 38347.654490096924,
  "SE-ON-802004-1524-0-20183910": 485581.70084740134,
  "SE-ON-802004-1524-0-20183911": 116776.6314311429,
  "SE-ON-802004-1524-0-20183920": 624300.1130501376,
  "SE-ON-802004-1524-0-20183921": 53155.25285092519,
  "SE-ON-802004-1524-0-20183922": 178360.40245265394,
  "SE-ON-802004-1524-0-20186990": 743550.6170946683,
  "SE-ON-802004-1524-0-20187000": 4366381.073101007,
  "SE-ON-802004-1524-0-20187130": 103063.85826277862,
  "SE-ON-802004-1524-0-20188050": 155704.99896356062,
  "SE-ON-802004-1524-0-20188900": 951394.4750305046,
  "SE-ON-802004-1524-0-20188910": 779852.9231328889,
  "SE-ON-802004-1524-0-20188912": 419991.5064194763,
  "SE-ON-802004-1524-0-20188920": 449618.97172653396,
  "SE-ON-802004-1524-0-20188926": 212335.32862935984,
  "SE-ON-802004-1524-0-20188940": 82432.0410919335,
  "SE-ON-802004-1524-0-20188950": 23215.814943667,
  "SE-ON-802004-1524-0-20189010": 28870.026213125147,
  "SE-ON-802004-1524-0-20189011": 16787.07619346759,
  "SE-ON-802004-1524-0-20189910": 800720.6184635299,
  "SE-ON-802004-1524-0-20189912": 127054.93096012743,
  "SE-ON-802004-1524-0-20189920": 586044.034786785,
  "SE-ON-802004-1524-AL-20189120": 241616.2063988352,
  "SE-ON-802004-1524-AL-20189130": 252063.05292249733,
  "SE-ON-802004-1524-AL-20189140": 176955.50336963485,
  "SE-ON-802004-1524-BA-20189220": 237899.40924064102,
  "SE-ON-802004-1524-BO-20184210": 104921.81867811138,
  "SE-ON-802004-1524-BO-20184211": 141843.2501153253,
  "SE-ON-802004-1524-BO-20184212": 51074.41313413832,
  "SE-ON-802004-1524-BO-20184213": 53843.02390632979,
  "SE-ON-802004-1524-BO-20184214": 91587.18083836092,
  "SE-ON-802004-1524-BO-20184215": 231457.96374127615,
  "SE-ON-802004-1524-BO-20184216": 191844.8922998041,
  "SE-ON-802004-1524-BO-20184217": 104619.33962613794,
  "SE-ON-802004-1524-BO-20184218": 80459.57387952339,
  "SE-ON-802004-1524-GT-20183201": 66388.38275193998,
  "SE-ON-802004-1524-GT-20183202": 101303.60836689068,
  "SE-ON-802004-1524-GT-20183204": 126272.80864080449,
  "SE-ON-802004-1524-GT-20183205": 111198.9527658538,
  "SE-ON-802004-1524-GT-20183206": 69580.98999341148,
  "SE-ON-802004-1524-GT-20183207": 53110.70620155199,
  "SE-ON-802004-1524-GT-20183210": 193436.01098266194,
  "SE-ON-802004-1524-HN-20173372B": 263435.009207241,
  "SE-ON-802004-1524-HN-20183301": 85489.10967563996,
  "SE-ON-802004-1524-HN-20183302": 86647.32255934319,
  "SE-ON-802004-1524-HN-20183303": 82017.68422546868,
  "SE-ON-802004-1524-HN-20183304": 78346.45609876447,
  "SE-ON-802004-1524-HN-20183305": 120312.6130092583,
  "SE-ON-802004-1524-HN-20183306": 198859.74811208431,
  "SE-ON-802004-1524-HN-20183307": 141516.96416549015,
  "SE-ON-802004-1524-HN-20183315": 235494.32833825247,
  "SE-ON-802004-1524-KE-20188001": 224354.0146302495,
  "SE-ON-802004-1524-KE-20188003": 166373.11818820768,
  "SE-ON-802004-1524-KE-20188004": 134682.48576952433,
  "SE-ON-802004-1524-KE-20188005": 146141.92875254518,
  "SE-ON-802004-1524-KE-20188006": 154643.9123809498,
  "SE-ON-802004-1524-KE-20188007": 126095.06020707602,
  "SE-ON-802004-1524-KE-20188008": 62364.14068577668,
  "SE-ON-802004-1524-KE-20188020": 247691.7851549874,
  "SE-ON-802004-1524-KE-20188021": 119499.23500808008,
  "SE-ON-802004-1524-KE-20188032": 191472.74520930272,
  "SE-ON-802004-1524-KE-20188060": 138134.63201406525,
  "SE-ON-802004-1524-KE-20188061": 84390.19495470893,
  "SE-ON-802004-1524-KE-20188063": 85619.53642282118,
  "SE-ON-802004-1524-KE-20188082": 197317.1195524786,
  "SE-ON-802004-1524-KH-20185311": 103021.35637763893,
  "SE-ON-802004-1524-KH-20185312": 130152.74877391626,
  "SE-ON-802004-1524-KH-20185314": 81438.86989279329,
  "SE-ON-802004-1524-LK-20185001": 304376.301072975,
  "SE-ON-802004-1524-LK-20185002": 29167.10124533856,
  "SE-ON-802004-1524-LK-20185003": 93031.80676934563,
  "SE-ON-802004-1524-LK-20185004": 162843.12484820475,
  "SE-ON-802004-1524-LK-20185005": 75325.609052909,
  "SE-ON-802004-1524-LK-20185006": 40864.46715238873,
  "SE-ON-802004-1524-LK-20185009": 71575.51144862601,
  "SE-ON-802004-1524-LK-20185070": 253125.74610557736,
  "SE-ON-802004-1524-LK-20185098": 146343.7761933116,
  "SE-ON-802004-1524-MD-20189020": 383289.3029190137,
  "SE-ON-802004-1524-MD-20189030": 272072.96965717495,
  "SE-ON-802004-1524-MK-20189404": 129430.65489030608,
  "SE-ON-802004-1524-MK-20189405": 307716.71555761265,
  "SE-ON-802004-1524-MM-20185410": 107294.76757111597,
  "SE-ON-802004-1524-MM-20185412": 63049.428813183426,
  "SE-ON-802004-1524-MM-20185420": 53015.04044634069,
  "SE-ON-802004-1524-MW-20182625": 163290.05188781786,
  "SE-ON-802004-1524-MW-20182640": 256361.29339595287,
  "SE-ON-802004-1524-MW-20182650": 183248.11924371682,
  "SE-ON-802004-1524-MW-20182680": 604906.6927318675,
  "SE-ON-802004-1524-MW-20182695": 206389.4463474483,
  "SE-ON-802004-1524-MZ-20182400": 399384.3724740215,
  "SE-ON-802004-1524-MZ-20182421": 224141.6512591392,
  "SE-ON-802004-1524-MZ-20182460": 209352.45577641265,
  "SE-ON-802004-1524-MZ-20182482": 148090.00484874108,
  "SE-ON-802004-1524-MZ-20182483": 66388.38275193998,
  "SE-ON-802004-1524-NI-20173482": 220510.00392581252,
  "SE-ON-802004-1524-NI-20183405": 113507.49158550237,
  "SE-ON-802004-1524-NI-20183406": 154364.9481176619,
  "SE-ON-802004-1524-NI-20183407": 137984.92606125367,
  "SE-ON-802004-1524-NI-20183408": 174515.3693661002,
  "SE-ON-802004-1524-NI-20183415": 253032.85538754016,
  "SE-ON-802004-1524-PH-20189520": 132998.4763686292,
  "SE-ON-802004-1524-PH-20189525": 86365.291149705,
  "SE-ON-802004-1524-PH-20189530": 101257.16300787206,
  "SE-ON-802004-1524-PH-20189535": 95994.52408913377,
  "SE-ON-802004-1524-PH-20189550": 134142.52195728588,
  "SE-ON-802004-1524-PH-20189560": 148911.85401602963,
  "SE-ON-802004-1524-PH-20189571": 98635.19104214189,
  "SE-ON-802004-1524-PH-20189572": 135054.7789146138,
  "SE-ON-802004-1524-PH-20189573": 139140.50996237094,
  "SE-ON-802004-1524-PH-20189575": 100866.46698468087,
  "SE-ON-802004-1524-PH-20189580": 254656.39818895818,
  "SE-ON-802004-1524-PS-20185210": 199165.29431040806,
  "SE-ON-802004-1524-PS-20185215": 272192.5883648361,
  "SE-ON-802004-1524-PS-20185220": 146054.5881088561,
  "SE-ON-802004-1524-PS-20185250": 644751.9909684326,
  "SE-ON-802004-1524-PY-20184115": 98341.9134292193,
  "SE-ON-802004-1524-PY-20184120": 169957.88199875146,
  "SE-ON-802004-1524-PY-20184121": 262733.0708567898,
  "SE-ON-802004-1524-PY-20184122": 124709.2942750992,
  "SE-ON-802004-1524-PY-20184123": 159831.0410776358,
  "SE-ON-802004-1524-PY-20184124": 105849.99558554316,
  "SE-ON-802004-1524-SE-20181160": 431438.5347625079,
  "SE-ON-802004-1524-SE-2018AdminInfo": 46058.31436012776,
  "SE-ON-802004-1524-SE-2018AdminSyd": 3407934.9365020194,
  "SE-ON-802004-1524-SV-20183102": 152034.9392735613,
  "SE-ON-802004-1524-SV-20183103": 97253.22252945589,
  "SE-ON-802004-1524-SV-20183104": 154682.0326284462,
  "SE-ON-802004-1524-SV-20183105": 182717.94108888166,
  "SE-ON-802004-1524-SV-20183106": 250810.19666569956,
  "SE-ON-802004-1524-SV-20183107": 33194.264403264046,
  "SE-ON-802004-1524-SV-20183109": 37052.5884573357,
  "SE-ON-802004-1524-SV-20183120": 207405.2560077454,
  "SE-ON-802004-1524-TZ-20178283": 42851.39376902161,
  "SE-ON-802004-1524-TZ-20188200": 84433.13500361293,
  "SE-ON-802004-1524-TZ-20188202": 197483.03756457026,
  "SE-ON-802004-1524-TZ-20188203": 128494.15287135208,
  "SE-ON-802004-1524-TZ-20188205": 150881.40013667755,
  "SE-ON-802004-1524-TZ-20188206": 138907.84500351353,
  "SE-ON-802004-1524-TZ-20188207": 160550.94414242439,
  "SE-ON-802004-1524-TZ-20188209": 100497.82520429412,
  "SE-ON-802004-1524-TZ-20188211": 86141.97368448655,
  "SE-ON-802004-1524-TZ-20188230": 102684.55449745992,
  "SE-ON-802004-1524-TZ-20188270": 185834.89205371277,
  "SE-ON-802004-1524-TZ-20188282": 193159.82175654813,