{
  "DE-1-199966573": 57951483.09666746,
  "DE-1-200166413": 59399614.34792036,
  "DE-1-200267021": 8253105.283240267,
  "DE-1-200270330": 2631094.180528549,
  "DE-1-200565499": 41891167.526881725,
  "DE-1-200565986": 178503129.42685726,
  "DE-1-200765412": 13622550.12591183,
  "DE-1-200831719-0": 186397.15224344673,
  "DE-1-200833210-0": 305280.37532784976,
  "DE-1-200839167-0": 308215.76355215604,
  "DE-1-201031590-0": 225258.56623862847,
  "DE-1-201033729-0": 225258.56623862847,
  "DE-1-201075217-0": 556521.1636483761,
  "DE-1-201075365-0": 139202.98528686404,
  "DE-1-201106012-0": 74664.30521831528,
  "DE-1-201130848-0": 229684.9257233257,
  "DE-1-201130970-0": 320166.86615978734,
  "DE-1-201131234-0": 431529.2543892786,
  "DE-1-201166776": 85439895.09656413,
  "DE-1-201174325-0": 417608.9558605922,
  "DE-1-201174853-0": 751696.1205490659,
  "DE-1-201175884-0": 1027573.3458319614,
  "DE-1-201230606-0": 278729.27005691954,
  "DE-1-201231265-0": 280013.7367392095,
  "DE-1-201274885-0": 299280.7369735588,
  "DE-1-201275007-0": 128446.66822899517,
  "DE-1-201310051-0": 1062088.8628621297,
  "DE-1-201370154": 3395138.5596872373,
  "DE-1-201430735-0": 326715.3460242788,
  "DE-1-201431089-0": 260309.78788926275,
  "DE-1-201432236-0": 421011.2385760015,
  "DE-1-201474378-0": 398433.34881009604,
  "DE-1-201474733-0": 770304.4743661857,
  "DE-1-201530062-0": 152732.7837105368,
  "DE-1-201575125-0": 278903.3441670672,
  "DE-1-201576370-0": 557806.6883341344,
  "DE-1-201576719-0": 1195300.046430288,
  "DE-1-201633098-0": 1010692.5948149436,
  "DE-1-201639251-0": 492729.2413618188,
  "DE-1-201676378-0": 1128894.4882952722,
  "DE-1-201676386-0": 683977.2487906648,
  "DE-1-201706019-1832": 980375.8013039834
}