{
  "GB-GOV-13-NEWT-RAE_BRA_703": 632751.774790526,
  "GB-GOV-13-NEWT-RAE_BRA_705": 3788087.3799512503,
  "GB-GOV-13-NEWT-RAE_CHL_710": 1142123.3872790076,
  "GB-GOV-13-NEWT-RAE_CHN_714": 3381465.3410202703,
  "GB-GOV-13-NEWT-RAE_CHN_715": 14104.1996652849,
  "GB-GOV-13-NEWT-RAE_CHN_797": 6949660.528638479,
  "GB-GOV-13-NEWT-RAE_CHN_798": 715729.6612875786,
  "GB-GOV-13-NEWT-RAE_COL_717": 3149338.2177719898,
  "GB-GOV-13-NEWT-RAE_COL_721": 5426445.008021046,
  "GB-GOV-13-NEWT-RAE_COL_801": 4002043.4785997835,
  "GB-GOV-13-NEWT-RAE_DEL_Del34": 7648876.06990273,
  "GB-GOV-13-NEWT-RAE_DEL_Del35": 31850.940194294148,
  "GB-GOV-13-NEWT-RAE_EGY_722": 2092615.916279437,
  "GB-GOV-13-NEWT-RAE_EGY_723": 1583598.951631817,
  "GB-GOV-13-NEWT-RAE_IDN_732": 1790975.4796569138,
  "GB-GOV-13-NEWT-RAE_IDN_733": 2956392.004828038,
  "GB-GOV-13-NEWT-RAE_IND_726": 1098307.4881977302,
  "GB-GOV-13-NEWT-RAE_IND_727": 2174180.838915552,
  "GB-GOV-13-NEWT-RAE_IND_728": 1728400.1857793648,
  "GB-GOV-13-NEWT-RAE_IND_799": 1054.3504408225301,
  "GB-GOV-13-NEWT-RAE_IND_802": 1687354.2520339014,
  "GB-GOV-13-NEWT-RAE_JOR_800": 1841885.0431069084,
  "GB-GOV-13-NEWT-RAE_JOR_803": 3949029.229211454,
  "GB-GOV-13-NEWT-RAE_KEN_798": 2978586.117807661,
  "GB-GOV-13-NEWT-RAE_MEX_747": 1398508.419551284,
  "GB-GOV-13-NEWT-RAE_MEX_748": 2550420.3208946087,
  "GB-GOV-13-NEWT-RAE_MEX_749": 1763942.3068883084,
  "GB-GOV-13-NEWT-RAE_MYS_741": 4889280.263104971,
  "GB-GOV-13-NEWT-RAE_PER_798": 2485297.561941262,
  "GB-GOV-13-NEWT-RAE_PHL_753": 784467.2678686191,
  "GB-GOV-13-NEWT-RAE_PHL_754": 1824187.2552678522,
  "GB-GOV-13-NEWT-RAE_PHL_755": 2139767.328243989,
  "GB-GOV-13-NEWT-RAE_THA_770": 864486.4044208378,
  "GB-GOV-13-NEWT-RAE_THA_771": 3990519.9660207215,
  "GB-GOV-13-NEWT-RAE_THA_772": 520884.0675187537,
  "GB-GOV-13-NEWT-RAE_THA_775": 2340566.4576641615,
  "GB-GOV-13-NEWT-RAE_THA_805": 2540397.261740344,
  "GB-GOV-13-NEWT-RAE_TUR_780": 131975.89265475684,
  "GB-GOV-13-NEWT-RAE_TUR_782": 2516378.932940119,
  "GB-GOV-13-NEWT-RAE_TUR_783": 1692638.674346002,
  "GB-GOV-13-NEWT-RAE_TUR_806": 1865212.6535655637,
  "GB-GOV-13-NEWT-RAE_VNM_792": 828838.9733234233,
  "GB-GOV-13-NEWT-RAE_VNM_793": 2644432.9828961035,
  "GB-GOV-13-NEWT-RAE_VNM_794": 1813306.3639840633,
  "GB-GOV-13-NEWT-RAE_ZAF_765": 3495733.8527542087,
  "GB-GOV-13-NEWT-RAE_ZAF_766": 628568.9936859456,
  "GB-GOV-13-NEWT-RAE_ZAF_769": 2628762.379425742,
  "GB-GOV-13-NEWT-RAE_ZAF_804": 3554321.7813745337,
  "GB-GOV-13-NF-RAEBRLIF-704": 508620.48899571254,
  "GB-GOV-13-NF-RAEBRLIF-709": 486695.0481241763,
  "GB-GOV-13-NF-RAEBRNRCP-694": 125592.62643170476,
  "GB-GOV-13-NF-RAEBRNRCP-695": 222176.66216731753,
  "GB-GOV-13-NF-RAEBRNRCP-696": 462429.7838556726,
  "GB-GOV-13-NF-RAEBRNRCP-697": 102315.23567380132,
  "GB-GOV-13-NF-RAEBRNRCP-698": 279094.50600797904,
  "GB-GOV-13-NF-RAEBRNRCP-699": 455682.90198805317,
  "GB-GOV-13-NF-RAEBRNRCP-702": 30059.419834175016,
  "GB-GOV-13-NF-RAECLLIF-708": 562750.2508916059,
  "GB-GOV-13-NF-RAECNLIF-716": 103631.21561723136,
  "GB-GOV-13-NF-RAECNNRCP-712": 1028964.3162736103,
  "GB-GOV-13-NF-RAECNNRCP-713": 68862.85964857809,
  "GB-GOV-13-NF-RAECOLIF-718": 1171145.7999110862,
  "GB-GOV-13-NF-RAECOLIF-720": 381898.24839079997,
  "GB-GOV-13-NF-RAEEGLIF-725": 604561.6072517103,
  "GB-GOV-13-NF-RAEIDLIF-735": 32909.37139716993,
  "GB-GOV-13-NF-RAEINIAPP-731": 5514807.986597303,
  "GB-GOV-13-NF-RAEINLIF-730": 87650.8197792224,
  "GB-GOV-13-NF-RAEJOIAPP-798": 1873883.302102262,
  "GB-GOV-13-NF-RAEKZIAPP-736": 1711101.6050700422,
  "GB-GOV-13-NF-RAEMXNRCP-742": 155821.59534731798,
  "GB-GOV-13-NF-RAEMXNRCP-743": 199856.63793272915,
  "GB-GOV-13-NF-RAEMXNRCP-744": 21061.997694188754,
  "GB-GOV-13-NF-RAEMXNRCP-746": 909993.4831888443,
  "GB-GOV-13-NF-RAEMYNRCP-737": 233942.8484510619,
  "GB-GOV-13-NF-RAEMYNRCP-738": 124239.45889859593,
  "GB-GOV-13-NF-RAEPHNRCP-752": 293880.6865767275,
  "GB-GOV-13-NF-RAETRIAPP-786": 341624.4836811141,
  "GB-GOV-13-NF-RAETRNRCP-776": 297188.0784021431,
  "GB-GOV-13-NF-RAETRNRCP-777": 181360.25483266378,
  "GB-GOV-13-NF-RAETRNRCP-778": 98162.07300347846,
  "GB-GOV-13-NF-RAETRNRCP-779": 94778.9896238494,
  "GB-GOV-13-NF-RAETRNRCP-781": 29618.434257452936,
  "GB-GOV-13-NF-RAEVNNRCP-787": 223817.65506266602,
  "GB-GOV-13-NF-RAEVNNRCP-788": 440974.84826700157,
  "GB-GOV-13-NF-RAEVNNRCP-789": 209258.84534090062,
  "GB-GOV-13-NF-RAEVNNRCP-791": 372073.3530164032,
  "GB-GOV-13-NF-RAEZALIF-764": 800941.6991900423,
  "GB-GOV-13-NF-RAEZANRCP-759": 22929.86779594933,
  "GB-GOV-13-NF-RAEZANRCP-760": 96604.14336153644,
  "GB-GOV-13-NF-RAEZANRCP-761": 15480.568305228735,
  "GB-GOV-13-NF-RAEZANRCP-762": 90961.50254177769
}