{
  "GB-GOV-13-NEWT-RAE_BRA_703": 633568.322894284,
  "GB-GOV-13-NEWT-RAE_BRA_705": 3792975.7985858615,
  "GB-GOV-13-NEWT-RAE_CHL_710": 1143597.264908903,
  "GB-GOV-13-NEWT-RAE_CHN_714": 3385829.0255204802,
  "GB-GOV-13-NEWT-RAE_CHN_715": 14122.400732355041,
  "GB-GOV-13-NEWT-RAE_CHN_797": 6958628.867175817,
  "GB-GOV-13-NEWT-RAE_CHN_798": 716653.2899852955,
  "GB-GOV-13-NEWT-RAE_COL_717": 3153402.3488456104,
  "GB-GOV-13-NEWT-RAE_COL_721": 5433447.680408514,
  "GB-GOV-13-NEWT-RAE_COL_801": 4007208.0014724215,
  "GB-GOV-13-NEWT-RAE_DEL_Del34": 7658746.726137281,
  "GB-GOV-13-NEWT-RAE_DEL_Del35": 31892.042923444413,
  "GB-GOV-13-NEWT-RAE_EGY_722": 2095316.3773866345,
  "GB-GOV-13-NEWT-RAE_EGY_723": 1585642.5408757925,
  "GB-GOV-13-NEWT-RAE_IDN_732": 1793286.6823908377,
  "GB-GOV-13-NEWT-RAE_IDN_733": 2960207.1443214156,
  "GB-GOV-13-NEWT-RAE_IND_726": 1099724.822660566,
  "GB-GOV-13-NEWT-RAE_IND_727": 2176986.5572271785,
  "GB-GOV-13-NEWT-RAE_IND_728": 1730630.6368827228,
  "GB-GOV-13-NEWT-RAE_IND_799": 1055.7110499704622,
  "GB-GOV-13-NEWT-RAE_IND_802": 1689531.7345313984,
  "GB-GOV-13-NEWT-RAE_JOR_800": 1844261.9431792744,
  "GB-GOV-13-NEWT-RAE_JOR_803": 3954125.338708524,
  "GB-GOV-13-NEWT-RAE_KEN_798": 2982429.898170318,
  "GB-GOV-13-NEWT-RAE_MEX_747": 1400313.1547469338,
  "GB-GOV-13-NEWT-RAE_MEX_748": 2553711.5655181454,
  "GB-GOV-13-NEWT-RAE_MEX_749": 1766218.6240844238,
  "GB-GOV-13-NEWT-RAE_MYS_741": 4895589.739722245,
  "GB-GOV-13-NEWT-RAE_PER_798": 2488504.7675032686,
  "GB-GOV-13-NEWT-RAE_PHL_753": 785479.6004855454,
  "GB-GOV-13-NEWT-RAE_PHL_754": 1826541.316850187,
  "GB-GOV-13-NEWT-RAE_PHL_755": 2142528.636902411,
  "GB-GOV-13-NEWT-RAE_THA_770": 865601.9994493751,
  "GB-GOV-13-NEWT-RAE_THA_771": 3995669.6181293097,
  "GB-GOV-13-NEWT-RAE_THA_772": 521556.25353948993,
  "GB-GOV-13-NEWT-RAE_THA_775": 2343586.8918673815,
  "GB-GOV-13-NEWT-RAE_THA_805": 2543675.571892146,
  "GB-GOV-13-NEWT-RAE_TUR_780": 132146.20377703648,
  "GB-GOV-13-NEWT-RAE_TUR_782": 2519626.248124196,
  "GB-GOV-13-NEWT-RAE_TUR_783": 1694822.9762396512,
  "GB-GOV-13-NEWT-RAE_TUR_806": 1867619.6572533508,
  "GB-GOV-13-NEWT-RAE_VNM_792": 829908.566359669,
  "GB-GOV-13-NEWT-RAE_VNM_793": 2647845.548176405,
  "GB-GOV-13-NEWT-RAE_VNM_794": 1815646.3840867865,
  "GB-GOV-13-NEWT-RAE_ZAF_765": 3500244.997507069,
  "GB-GOV-13-NEWT-RAE_ZAF_766": 629380.1440300839,
  "GB-GOV-13-NEWT-RAE_ZAF_769": 2632154.722239575,
  "GB-GOV-13-NEWT-RAE_ZAF_804": 3558908.532176913,
  "GB-GOV-13-NF-RAEBRLIF-704": 509276.849218423,
  "GB-GOV-13-NF-RAEBRLIF-709": 487323.11419129366,
  "GB-GOV-13-NF-RAEBRNRCP-694": 125754.70013113099,
  "GB-GOV-13-NF-RAEBRNRCP-695": 222463.37480791358,
  "GB-GOV-13-NF-RAEBRNRCP-696": 463026.53629189235,
  "GB-GOV-13-NF-RAEBRNRCP-697": 102447.2705648969,
  "GB-GOV-13-NF-RAEBRNRCP-698": 279454.6695013577,
  "GB-GOV-13-NF-RAEBRNRCP-699": 456270.94776580937,
  "GB-GOV-13-NF-RAEBRNRCP-702": 30098.21065743867,
  "GB-GOV-13-NF-RAECLLIF-708": 563476.4640269338,
  "GB-GOV-13-NF-RAECNLIF-716": 103764.94874287989,
  "GB-GOV-13-NF-RAECNNRCP-712": 1030292.1653524472,
  "GB-GOV-13-NF-RAECNNRCP-713": 68951.72520329583,
  "GB-GOV-13-NF-RAECOLIF-718": 1172657.1301360521,
  "GB-GOV-13-NF-RAECOLIF-720": 382391.077179238,
  "GB-GOV-13-NF-RAEEGLIF-725": 605341.7767489349,
  "GB-GOV-13-NF-RAEIDLIF-735": 32951.840001575074,
  "GB-GOV-13-NF-RAEINIAPP-731": 5521924.688886344,
  "GB-GOV-13-NF-RAEINLIF-730": 87763.93066019505,
  "GB-GOV-13-NF-RAEJOIAPP-798": 1876301.4950144857,
  "GB-GOV-13-NF-RAEKZIAPP-736": 1713309.7328487749,
  "GB-GOV-13-NF-RAEMXNRCP-742": 156022.67866825775,
  "GB-GOV-13-NF-RAEMXNRCP-743": 200114.54721916534,
  "GB-GOV-13-NF-RAEMXNRCP-744": 21089.177601008047,
  "GB-GOV-13-NF-RAEMXNRCP-746": 911167.8038035531,
  "GB-GOV-13-NF-RAEMYNRCP-737": 234244.7450191967,
  "GB-GOV-13-NF-RAEMYNRCP-738": 124399.78637394622,
  "GB-GOV-13-NF-RAEPHNRCP-752": 294259.9312140654,
  "GB-GOV-13-NF-RAETRIAPP-786": 342065.34032579046,
  "GB-GOV-13-NF-RAETRNRCP-776": 297571.5911342237,
  "GB-GOV-13-NF-RAETRNRCP-777": 181594.29506468007,
  "GB-GOV-13-NF-RAETRNRCP-778": 98288.74835669812,
  "GB-GOV-13-NF-RAETRNRCP-779": 94901.2992045362,
  "GB-GOV-13-NF-RAETRNRCP-781": 29656.656001417567,
  "GB-GOV-13-NF-RAEVNNRCP-787": 224106.4853577521,
  "GB-GOV-13-NF-RAEVNNRCP-788": 441543.91372126545,
  "GB-GOV-13-NF-RAEVNNRCP-789": 209528.8879076153,
  "GB-GOV-13-NF-RAEVNNRCP-791": 372553.50305780774,
  "GB-GOV-13-NF-RAEZALIF-764": 801975.2915903338,
  "GB-GOV-13-NF-RAEZANRCP-759": 22959.458135817444,
  "GB-GOV-13-NF-RAEZANRCP-760": 96728.80825102355,
  "GB-GOV-13-NF-RAEZANRCP-761": 15500.545536740914,
  "GB-GOV-13-NF-RAEZANRCP-762": 91078.8857643535
}