{
  "BE-BCE_KBO-0421210424-PROG2017-2021": {
    "111111_publisher-activities.xml": 9444040.432733616
  },
  "BE-BCE_KBO-0421210424-PROG2017-2021_BE_NSD4": {
    "111111_publisher-activities.xml": 7477613.81112743
  },
  "BE-BCE_KBO-0421210424-PROG2017-2021_BI_ZSD2": {
    "111111_publisher-activities.xml": 2901560.316152782
  },
  "BE-BCE_KBO-0421210424-PROG2017-2021_BO_ZSD5": {
    "111111_publisher-activities.xml": 1851673.8328153894
  },
  "BE-BCE_KBO-0421210424-PROG2017-2021_CD_ZSD1": {
    "111111_publisher-activities.xml": 6870278.988816089
  },
  "BE-BCE_KBO-0421210424-PROG2017-2021_EC_ZSD6": {
    "111111_publisher-activities.xml": 2548694.4613349345
  },
  "BE-BCE_KBO-0421210424-PROG2017-2021_ID_ZSD8": {
    "111111_publisher-activities.xml": 3953148.1098895944
  },
  "BE-BCE_KBO-0421210424-PROG2017-2021_PE_ZSD4": {
    "111111_publisher-activities.xml": 5579394.994504045
  },
  "BE-BCE_KBO-0421210424-PROG2017-2021_PH_ZSD7": {
    "111111_publisher-activities.xml": 8056433.874277809
  },
  "BE-BCE_KBO-0421210424-PROG2017-2021_RW_ZSD3": {
    "111111_publisher-activities.xml": 1449549.6630841494
  }
}