{
  "XI-IATI-EC_FPI-2014/342-520": 1700855.2822858759,
  "XI-IATI-EC_FPI-2014/343-412": 1075770.0417872593,
  "XI-IATI-EC_FPI-2014/345-016": 6640555.8135016,
  "XI-IATI-EC_FPI-2014/345-095": 524568.7541641498,
  "XI-IATI-EC_FPI-2014/352-880": 5976500.232151441,
  "XI-IATI-EC_FPI-2014/37418/0": 13691366.294055818,
  "XI-IATI-EC_FPI-2014/37799/0": 5976500.23215144,
  "XI-IATI-EC_FPI-2015/359-338": 2656222.3254006403,
  "XI-IATI-EC_FPI-2015/362-877": 6562065.346901602,
  "XI-IATI-EC_FPI-2015/363-323": 4249320.883505254,
  "XI-IATI-EC_FPI-2015/364-041": 2011232.6563444107,
  "XI-IATI-EC_FPI-2015/364-116": 2673819.2272186195,
  "XI-IATI-EC_FPI-2015/366-480": 2738918.4950573384,
  "XI-IATI-EC_FPI-2015/38412/0": 23827510.462005764,
  "XI-IATI-EC_FPI-2015/38573/0": 12150725.337844426,
  "XI-IATI-EC_FPI-2015/38948/0": 12834729.10901501,
  "XI-IATI-EC_FPI-2016/366-840": 7968666.976201921,
  "XI-IATI-EC_FPI-2016/372-334": 9296778.138902241,
  "XI-IATI-EC_FPI-2016/372-335": 477434.0757188038,
  "XI-IATI-EC_FPI-2016/372-337": 12834729.10901501,
  "XI-IATI-EC_FPI-2016/378-590": 929677.8138902241,
  "XI-IATI-EC_FPI-2016/379-800": 996083.3720252401,
  "XI-IATI-EC_FPI-2016/379-842": 3221457.285559986,
  "XI-IATI-EC_FPI-2016/379-920": 5452915.448985512,
  "XI-IATI-EC_FPI-2016/39840/0": 9670456.10657074,
  "XI-IATI-EC_FPI-2016/39939/0": 7481993.9217420155,
  "XI-IATI-EC_FPI-2016/39962/0": 6640555.813501601,
  "XI-IATI-EC_FPI-2017/383-430": 6640555.813501601,
  "XI-IATI-EC_FPI-2017/383-891": 5897225.276849858,
  "XI-IATI-EC_FPI-2017/384-704": 1584768.644892157,
  "XI-IATI-EC_FPI-2017/385-653": 3850370.8596095326,
  "XI-IATI-EC_FPI-2017/40463/0": 3850370.859609532,
  "XI-IATI-EC_FPI-2017/40709/0": 7939054.081607192,
  "XI-IATI-EC_FPI-2018/389-726": 1298498.2681055912,
  "XI-IATI-EC_FPI-2018/389-808": 6640555.8135016,
  "XI-IATI-EC_FPI-2018/398-620": 12213171.331764527,
  "XI-IATI-EC_FPI-2018/399-226": 1328111.1627003201,
  "XI-IATI-EC_FPI-2018/399-227": 3984333.4881009604,
  "XI-IATI-EC_FPI-2018/41504/0": 25494282.958767727,
  "XI-IATI-EC_FPI-2018/41596/0": 5312444.6508012805,
  "XI-IATI-EC_FPI-2018/41843/0": 1327877.415135685,
  "XI-IATI-EC_FPI-2019/398-846": 13281111.6270032,
  "XI-IATI-EC_FPI-2019/405-088": 1327877.415135685,
  "XI-IATI-EC_FPI-2019/407-030": 2342296.1586287008,
  "XI-IATI-EC_FPI-2019/407-032": 3937127.2111828336,
  "XI-IATI-EC_FPI-2019/407-033": 2639714.408330517,
  "XI-IATI-EC_FPI-2019/42184/0": 2342296.1586287003,
  "XI-IATI-EC_FPI-2019/42307/0": 6640555.813501601,
  "XI-IATI-EC_FPI-2019/42400/0": 2568849.8763400745,
  "XI-IATI-EC_FPI-2019/42468/0": 1085715.3498880197,
  "XI-IATI-EC_FPI-2020/411-684": 1829587.3441796831,
  "XI-IATI-EC_FPI-2020/411-685": 1085715.3498880197,
  "XI-IATI-EC_FPI-2020/414-892": 1195300.046430288,
  "XI-IATI-EC_FPI-2020/418-051": 2656222.3254006403,
  "XI-IATI-EC_FPI-2020/42741/0": 1328111.1627003201,
  "XI-IATI-EC_FPI-2020/42940/0": 2656222.3254006403,
  "XI-IATI-EC_FPI-2021/426-365": 11288944.882952722,
  "XI-IATI-EC_FPI-2021/426-484": 4482218.988240846,
  "XI-IATI-EC_FPI-2021/426-486": 2032117.602811222,
  "XI-IATI-EC_FPI-2021/426-630": 2244170.538009327,
  "XI-IATI-EC_FPI-2021/43504/0": 25234112.091306083,
  "XI-IATI-EC_FPI-2021/43674/0": 10292861.510927482,
  "XI-IATI-EC_FPI-2022/430-522": 5949938.008897434,
  "XI-IATI-EC_FPI-2022/44275/1": 9960833.7202524,
  "XI-IATI-EC_FPI-2022/44296/1": 26562223.254006404,
  "XI-IATI-EC_FPI-2022/44297/1": 26562223.254006404,
  "XI-IATI-EC_FPI-2022/44310/1": 9628805.92957732,
  "XI-IATI-EC_FPI-2022/44416/1": 4648389.069451121,
  "XI-IATI-EC_FPI-2022/44477/1": 21249778.603205122
}