{
  "XM-DAC-41108-1100000002": 18976912.7,
  "XM-DAC-41108-1100000176": 17963536.02582177,
  "XM-DAC-41108-1100000242": 13500722.334512528,
  "XM-DAC-41108-1100000324": 32173032.575384144,
  "XM-DAC-41108-1100000455": 19920830.458282083,
  "XM-DAC-41108-1100000489": 30244035.505327877,
  "XM-DAC-41108-1100001006": 31432136.15840824,
  "XM-DAC-41108-1100001086": 36526707.23080677,
  "XM-DAC-41108-1100001151": 40218662.91106369,
  "XM-DAC-41108-1100001166": 37813188.32255322,
  "XM-DAC-41108-1100001273": 51674774.65834832,
  "XM-DAC-41108-1100001306": 61165709.89493801,
  "XM-DAC-41108-1100001363": 38606495.733716846,
  "XM-DAC-41108-1100001420": 117613686.665979,
  "XM-DAC-41108-1100001553": 182957400.4627051,
  "XM-DAC-41108-2000001519": 61848365.0
}