{
  "GB-1-103206-101": -6792.955705798039,
  "GB-1-103210-101": 147429.380417037,
  "GB-1-103210-103": 1176777.0813128403,
  "GB-1-103217-101": 284379.6075973054
}