{
  "KR-GOV-310-1140100_2022_001": 70286.08335549562,
  "KR-GOV-310-1140100_2022_002": 36156.45302230159,
  "KR-GOV-310-1140100_2022_003": 70286.08335549562
}