{
  "DK-CVR-14766383 112-288": {
    "dpod-2020.xml": 53452.433273545765
  },
  "DK-CVR-14766383 115-299-2": {
    "dpod-2020.xml": 16907.004644422526
  },
  "DK-CVR-14766383 119-293": {
    "dpod-2020.xml": 62361.172152470055
  },
  "DK-CVR-14766383 121-303-2": {
    "dpod-2020.xml": 178174.77757848587
  },
  "DK-CVR-14766383 129-286": {
    "dpod-2020.xml": 124722.34430494011
  },
  "DK-CVR-14766383 129-292": {
    "dpod-2020.xml": 44504.67411833178
  },
  "DK-CVR-14766383 131-300": {
    "dpod-2020.xml": 89056.03002838913
  },
  "DK-CVR-14766383 141-290": {
    "dpod-2020.xml": 88735.31542874785
  },
  "DK-CVR-14766383 141-294": {
    "dpod-2020.xml": 16925.891170845844
  },
  "DK-CVR-14766383 141-301": {
    "dpod-2020.xml": 25176.27424661763
  },
  "DK-CVR-14766383 306-281": {
    "dpod-2020.xml": 16925.712996068265
  },
  "DK-CVR-14766383 312-287": {
    "dpod-2020.xml": 87757.84859895227
  },
  "DK-CVR-14766383 315-295": {
    "dpod-2020.xml": 44495.4090298977
  },
  "DK-CVR-14766383 324-280": {
    "dpod-2020.xml": 463254.4217040633
  },
  "DK-CVR-14766383 405-266": {
    "dpod-2020.xml": 89087.38878924293
  },
  "DK-CVR-14766383 405-283": {
    "dpod-2020.xml": 16846.603394823418
  },
  "DK-CVR-14766383 405-289": {
    "dpod-2020.xml": 15221.471248530048
  },
  "DK-CVR-14766383 508-304": {
    "dpod-2020.xml": 161209.68795657277
  },
  "DK-CVR-14766383 HP 112-240": {
    "dpod-2020.xml": 19023.36465249978
  },
  "DK-CVR-14766383 HP 112-257": {
    "dpod-2020.xml": 89083.46894413621
  },
  "DK-CVR-14766383 HP 114-180": {
    "dpod-2020.xml": 19894.639314858578
  },
  "DK-CVR-14766383 HP 114-203": {
    "dpod-2020.xml": 89051.21930939451
  },
  "DK-CVR-14766383 HP 114-237": {
    "dpod-2020.xml": 419601.60119733424
  },
  "DK-CVR-14766383 HP 115-008": {
    "dpod-2020.xml": 196302.27944932104
  },
  "DK-CVR-14766383 HP 115-009": {
    "dpod-2020.xml": 30764.496284150617
  },
  "DK-CVR-14766383 HP 115-077": {
    "dpod-2020.xml": 3557082.86314989
  },
  "DK-CVR-14766383 HP 115-089": {
    "dpod-2020.xml": 35634.95551569718
  },
  "DK-CVR-14766383 HP 115-093": {
    "dpod-2020.xml": 37285.032130851534
  },
  "DK-CVR-14766383 HP 115-103": {
    "dpod-2020.xml": 35497.404587406585
  },
  "DK-CVR-14766383 HP 115-117": {
    "dpod-2020.xml": 524681.0671481342
  },
  "DK-CVR-14766383 HP 115-124": {
    "dpod-2020.xml": 252927.1146376517
  },
  "DK-CVR-14766383 HP 115-144": {
    "dpod-2020.xml": 43532.196182308406
  },
  "DK-CVR-14766383 HP 115-165": {
    "dpod-2020.xml": 56463.05249028944
  },
  "DK-CVR-14766383 HP 115-200": {
    "dpod-2020.xml": 41940.91724375495
  },
  "DK-CVR-14766383 HP 115-210": {
    "dpod-2020.xml": 16862.81729958306
  },
  "DK-CVR-14766383 HP 115-212": {
    "dpod-2020.xml": 24662.061838526122
  },
  "DK-CVR-14766383 HP 115-218": {
    "dpod-2020.xml": 657843.9070165224
  },
  "DK-CVR-14766383 HP 115-219": {
    "dpod-2020.xml": 562012.6028959338
  },
  "DK-CVR-14766383 HP 115-229": {
    "dpod-2020.xml": 12405.597063679657
  },
  "DK-CVR-14766383 HP 115-236": {
    "dpod-2020.xml": 191751.87380474407
  },
  "DK-CVR-14766383 HP 115-270": {
    "dpod-2020.xml": 39575.29072184539
  },
  "DK-CVR-14766383 HP 118-134": {
    "dpod-2020.xml": 556368.3822918024
  },
  "DK-CVR-14766383 HP 118-167": {
    "dpod-2020.xml": 4596.3747371922
  },
  "DK-CVR-14766383 HP 118-227": {
    "dpod-2020.xml": 27350.18470785274
  },
  "DK-CVR-14766383 HP 118-228": {
    "dpod-2020.xml": 35650.10037179135
  },
  "DK-CVR-14766383 HP 119-131": {
    "dpod-2020.xml": 35628.18487414919
  },
  "DK-CVR-14766383 HP 119-206": {
    "dpod-2020.xml": 9877.475144618522
  },
  "DK-CVR-14766383 HP 119-265": {
    "dpod-2020.xml": 16920.011403185756
  },
  "DK-CVR-14766383 HP 121-123": {
    "dpod-2020.xml": 191532.8970031001
  },
  "DK-CVR-14766383 HP 121-159": {
    "dpod-2020.xml": 22396.03501728294
  },
  "DK-CVR-14766383 HP 121-195": {
    "dpod-2020.xml": 545070.8541698833
  },
  "DK-CVR-14766383 HP 121-284": {
    "dpod-2020.xml": 20687.517075082837
  },
  "DK-CVR-14766383 HP 129-037": {
    "dpod-2020.xml": 895040.1487165471
  },
  "DK-CVR-14766383 HP 129-127": {
    "dpod-2020.xml": 15204.544644660093
  },
  "DK-CVR-14766383 HP 129-129": {
    "dpod-2020.xml": 35616.247164051434
  },
  "DK-CVR-14766383 HP 129-139": {
    "dpod-2020.xml": 890484.2196538652
  },
  "DK-CVR-14766383 HP 129-141": {
    "dpod-2020.xml": 4646.97637402449
  },
  "DK-CVR-14766383 HP 129-145": {
    "dpod-2020.xml": 129298.40711748837
  },
  "DK-CVR-14766383 HP 129-152": {
    "dpod-2020.xml": 19599.225533633446
  },
  "DK-CVR-14766383 HP 129-164": {
    "dpod-2020.xml": 57.01592882511548
  },
  "DK-CVR-14766383 HP 129-185": {
    "dpod-2020.xml": 4596.3747371922
  },
  "DK-CVR-14766383 HP 129-202": {
    "dpod-2020.xml": 32622.19820162256
  },
  "DK-CVR-14766383 HP 129-205": {
    "dpod-2020.xml": 16924.643947402794
  },
  "DK-CVR-14766383 HP 129-243": {
    "dpod-2020.xml": 88992.95615712633
  },
  "DK-CVR-14766383 HP 129-245": {
    "dpod-2020.xml": 89056.92090227702
  },
  "DK-CVR-14766383 HP 129-267": {
    "dpod-2020.xml": 89034.11453074697
  },
  "DK-CVR-14766383 HP 129-274": {
    "dpod-2020.xml": 35513.61849216623
  },
  "DK-CVR-14766383 HP 130-178": {
    "dpod-2020.xml": 91566.15629491484
  },
  "DK-CVR-14766383 HP 130-214": {
    "dpod-2020.xml": 2316.2721085203166
  },
  "DK-CVR-14766383 HP 131-162": {
    "dpod-2020.xml": 20503.462529844262
  },
  "DK-CVR-14766383 HP 131-259": {
    "dpod-2020.xml": 16883.129224227006
  },
  "DK-CVR-14766383 HP 131-263": {
    "dpod-2020.xml": 15723.567771746222
  },
  "DK-CVR-14766383 HP 139-150": {
    "dpod-2020.xml": 7117.904189482932
  },
  "DK-CVR-14766383 HP 139-174": {
    "dpod-2020.xml": 89080.43997291739
  },
  "DK-CVR-14766383 HP 141-031": {
    "dpod-2020.xml": 2343075.084901452
  },
  "DK-CVR-14766383 HP 141-052": {
    "dpod-2020.xml": 89009.8827609963
  },
  "DK-CVR-14766383 HP 141-061": {
    "dpod-2020.xml": 409808.93724684307
  },
  "DK-CVR-14766383 HP 141-076": {
    "dpod-2020.xml": 444321.03531424067
  },
  "DK-CVR-14766383 HP 141-088": {
    "dpod-2020.xml": 513364.83067456936
  },
  "DK-CVR-14766383 HP 141-113": {
    "dpod-2020.xml": 88958.92477460885
  },
  "DK-CVR-14766383 HP 141-120": {
    "dpod-2020.xml": 26814.234976896652
  },
  "DK-CVR-14766383 HP 141-130": {
    "dpod-2020.xml": 33210.7094919643
  },
  "DK-CVR-14766383 HP 141-132": {
    "dpod-2020.xml": 17737.29910793827
  },
  "DK-CVR-14766383 HP 141-137": {
    "dpod-2020.xml": 124550.94016890961
  },
  "DK-CVR-14766383 HP 141-155": {
    "dpod-2020.xml": 11402.294891135203
  },
  "DK-CVR-14766383 HP 141-160": {
    "dpod-2020.xml": 9787.14053238623
  },
  "DK-CVR-14766383 HP 141-161": {
    "dpod-2020.xml": 7333.495670352901
  },
  "DK-CVR-14766383 HP 141-168": {
    "dpod-2020.xml": 16883.663748559742
  },
  "DK-CVR-14766383 HP 141-171": {
    "dpod-2020.xml": 609513.1077244701
  },
  "DK-CVR-14766383 HP 141-177": {
    "dpod-2020.xml": 6479.325786641639
  },
  "DK-CVR-14766383 HP 141-181": {
    "dpod-2020.xml": 12963.462292277896
  },
  "DK-CVR-14766383 HP 141-182": {
    "dpod-2020.xml": 24608.787580030155
  },
  "DK-CVR-14766383 HP 141-183": {
    "dpod-2020.xml": 13610.236734887802
  },
  "DK-CVR-14766383 HP 141-184": {
    "dpod-2020.xml": 32949.14891847908
  },
  "DK-CVR-14766383 HP 141-186": {
    "dpod-2020.xml": 16926.603869956158
  },
  "DK-CVR-14766383 HP 141-187": {
    "dpod-2020.xml": 91444.64109660631
  },
  "DK-CVR-14766383 HP 141-189": {
    "dpod-2020.xml": 89061.9097960492
  },
  "DK-CVR-14766383 HP 141-192": {
    "dpod-2020.xml": 264432.57272500487
  },
  "DK-CVR-14766383 HP 141-194": {
    "dpod-2020.xml": 888749.6881941387
  },
  "DK-CVR-14766383 HP 141-197": {
    "dpod-2020.xml": 534505.4462090343
  },
  "DK-CVR-14766383 HP 141-216": {
    "dpod-2020.xml": 3600.3777305284643
  },
  "DK-CVR-14766383 HP 141-224": {
    "dpod-2020.xml": 16771.94816301803
  },