{
  "NL-KVK-27102631-SH-2021-NEPAL": 2213973.048724112,
  "NL-KVK-27102631-SH-2021-SURINAME": 664055.5813501601
}