{
  "KR-GOV-070-1741000_2019_011": 802490.6858335614,
  "KR-GOV-070-1741000_2019_012": 531217.0942343763,
  "KR-GOV-070-1741000_2019_013": 862570.2278241094,
  "KR-GOV-070-1741000_2019_033": 289958.2939611113,
  "KR-GOV-070-1741000_2019_034": 76054.63448160296,
  "KR-GOV-070-1741000_2020_006": 724289.811432595,
  "KR-GOV-070-1741000_2020_008": 724185.2106417436,
  "KR-GOV-070-1741000_2021_008": 750472.6689068427,
  "KR-GOV-070-1741000_2021_009": 729437.4448280183,
  "KR-GOV-070-1741000_2021_017": 66547.8051714026,
  "KR-GOV-070-1741000_2021_026": 744868.6582690172,
  "KR-GOV-070-1741000_2022_004": 77005.317412623,
  "KR-GOV-070-1741000_2022_005": 76054.63448160296,
  "KR-GOV-070-1741000_2022_006": 77005.317412623,
  "KR-GOV-070-1741000_2022_007": 129292.87861872504,
  "KR-GOV-070-1741000_2022_008": 200594.0984452278,
  "KR-GOV-070-1741000_2022_009": 242424.14741010944,
  "KR-GOV-070-1741000_2022_010": 897337.8576912733,
  "KR-GOV-070-1741000_2022_011": 782477.1930239239,
  "KR-GOV-070-1741000_2022_012": 652557.271513703,
  "KR-GOV-070-1741000_2022_013": 117917.47725419012,
  "KR-GOV-070-1741000_2022_016": 75192.36506316777,
  "KR-GOV-070-1741000_2022_017": 40879.36603386159,
  "KR-GOV-070-1741000_2022_018": 131194.2444807651,
  "KR-GOV-070-1741000_2022_019": 24744.7394401521,
  "KR-GOV-070-1741000_2022_022": 32645.793978639802,
  "KR-GOV-070-1741000_2022_023": 1891859.0327298737,
  "KR-GOV-070-1741000_2022_025": 337492.44051211316,
  "KR-GOV-070-GRP_0000145354": 465834.6361998181,
  "KR-GOV-070-GRP_0000155104": 3518806.697867291,
  "KR-GOV-070-GRP_0000169504": 454426.4410275777,
  "KR-GOV-070-GRP_0000169506": 465834.6361998181,
  "KR-GOV-070-GRP_0000169507": 465834.6361998181,
  "KR-GOV-070-GRP_0000169508": 454426.4410275777,
  "KR-GOV-070-GRP_0000169509": 454426.4410275777,
  "KR-GOV-070-GRP_0000169510": 454426.4410275777
}