{
  "ES-DIR3-E04585801-009-048693": 382998.2525336954,
  "ES-DIR3-E04585801-009-054273": 513915.4687500001,
  "ES-DIR3-E04585801-009-066055": 6340.435519215704,
  "ES-DIR3-E04585801-009-066169": 2921.3284390588315,
  "ES-DIR3-E04585801-009-074065": 1471.4751003686315,
  "ES-DIR3-E04585801-009-076913": 53124.721568627596,
  "ES-DIR3-E04585801-009-077175": 119530.6235294121,
  "ES-DIR3-E04585801-009-081256": 53140.03137254884,
  "ES-DIR3-E04585801-009-084176": 528500.993613802,
  "ES-DIR3-E04585801-009-084370": 160376.61468235237,
  "ES-DIR3-E04585801-009-084378": 1000702.4090097378,
  "ES-DIR3-E04585801-009-093227": 40855.38461999986
}