{
  "GB-CHC-1085096-GPAF-INN-041": {
    "wcf-activities.xml": 689948.8381928068
  },
  "GB-CHC-1085096-GPAF-INN-061": {
    "wcf-activities.xml": 646799.4361557505
  }
}