{
  "GB-CHC-288701-ET150": 124593.44433763546,
  "GB-CHC-288701-ET151": 707066.1663237972,
  "GB-CHC-288701-ET153": 11375.568301663743,
  "GB-CHC-288701-ET156": 194585.327322421,
  "GB-CHC-288701-ET157": 210445.78933157914,
  "GB-CHC-288701-ET159": 75208.1922088749,
  "GB-CHC-288701-ET160": 90104.0055779069,
  "GB-CHC-288701-ET162": 326552.53670456895,
  "GB-CHC-288701-ET163": 208278.9422367556,
  "GB-CHC-288701-ET999": 5413099.556737302,
  "GB-CHC-288701-ETA37": 534678.8954461972,
  "GB-CHC-288701-ETA48": 23404.373879518713,
  "GB-CHC-288701-ETA50": -9.308894800444959,
  "GB-CHC-288701-ETA51": 31909.47444680525,
  "GB-CHC-288701-ETA52": 512010.7315759937,
  "GB-CHC-288701-ETA53": 62584.44115979149,
  "GB-CHC-288701-ETA55": 1460990.5411184742,
  "GB-CHC-288701-ETF13": 624989.113638834,
  "GB-CHC-288701-ETF15": 934072.8419756079,
  "GB-CHC-288701-ETJ59": 31952.443646167303,
  "GB-CHC-288701-ETJ60": 271349.45598841034,
  "GB-CHC-288701-ETL51": 293145.1375149721,
  "GB-CHC-288701-ETL52": 222403.92968855076,
  "GB-CHC-288701-ETL53": 252839.1388136855,
  "GB-CHC-288701-ETL54": 464132.0210961852,
  "GB-CHC-288701-ETL56": 22229.591355702556,
  "GB-CHC-288701-ETR39": 15084.050755041004,
  "GB-CHC-288701-ETR56": 53794.27422465133,
  "GB-CHC-288701-ETR57": 44943.739518628274,
  "GB-CHC-288701-ETR59": 521031.857957705,
  "GB-CHC-288701-ETV01": 44288.96998187698,
  "GB-CHC-288701-ETV03": 77254.7980395327
}