{
  "GB-1-203836-101": 492448.6689100648,
  "GB-1-204785-101": 987281.141915098
}