{
  "XI-IATI-EC_FPI-2006/123-062": 114963.05624487407,
  "XI-IATI-EC_FPI-2006/123-074": 79719.97267272591,
  "XI-IATI-EC_FPI-2006/123-075": 440398.3239836384,
  "XI-IATI-EC_FPI-2006/123-076": 152730.9542953348,
  "XI-IATI-EC_FPI-2006/123-078": 110437.3229916705,
  "XI-IATI-EC_FPI-2006/123-128": 135795.63380223766,
  "XI-IATI-EC_FPI-2006/123-141": 758835.0127804612,
  "XI-IATI-EC_FPI-2006/18297/0": 1745753.6797970515,
  "XI-IATI-EC_FPI-2007/143-969": 1521059.883417148,
  "XI-IATI-EC_FPI-2007/144-217": 1444688.495620389,
  "XI-IATI-EC_FPI-2007/144-510": 1194056.500246803,
  "XI-IATI-EC_FPI-2007/145-962": 2472479.929559039,
  "XI-IATI-EC_FPI-2007/19435/0": 6496845.820542381,
  "XI-IATI-EC_FPI-2011/270-966": 1448985.819220103,
  "XI-IATI-EC_FPI-2012/24582/0": 9147684.832447335,
  "XI-IATI-EC_FPI-2013/313-884": 1301163.7441499112,
  "XI-IATI-EC_FPI-2013/315-391": 3837233.932234364,
  "XI-IATI-EC_FPI-2013/315-716": 836531.4739646178,
  "XI-IATI-EC_FPI-2013/316-985": 1928418.9416503788,
  "XI-IATI-EC_FPI-2013/317-571": 1564781.334045601,
  "XI-IATI-EC_FPI-2014/355-412": 4592110.4784617,
  "XI-IATI-EC_FPI-2015/364-137": 4734052.252726403,
  "XI-IATI-EC_FPI-2015/366-300": 1016005.0394657449,
  "XI-IATI-EC_FPI-2015/38439/1": 4734052.252726403,
  "XI-IATI-EC_FPI-2015/38439/2": 1016005.0394657449,
  "XI-IATI-EC_FPI-2016/374-572": 2655886.313276477,
  "XI-IATI-EC_FPI-2016/375-253": 2271070.0882175476,
  "XI-IATI-EC_FPI-2016/375-762": 3547608.8749579214,
  "XI-IATI-EC_FPI-2016/376-867": 2648584.358103951,
  "XI-IATI-EC_FPI-2016/377-468": 5342839.80287084,
  "XI-IATI-EC_FPI-2016/382-566": 1118064.3925379207,
  "XI-IATI-EC_FPI-2016/382-598": 985608.5592850227,
  "XI-IATI-EC_FPI-2016/382-601": 1024917.0505197012,
  "XI-IATI-EC_FPI-2016/39599/0": 16465989.437426737,
  "XI-IATI-EC_FPI-2016/40106/0": 9679143.148874845,
  "XI-IATI-EC_FPI-2017/383-840": 1008040.502915259,
  "XI-IATI-EC_FPI-2017/383-885": 1832417.363131835,
  "XI-IATI-EC_FPI-2017/385-640": 894320.5994568068,
  "XI-IATI-EC_FPI-2017/385-870": 3288142.3579703034,
  "XI-IATI-EC_FPI-2017/392-176": 2143080.9849892664,
  "XI-IATI-EC_FPI-2017/394-064": 2185257.040878666,
  "XI-IATI-EC_FPI-2017/40756/0": 8412721.912971921,
  "XI-IATI-EC_FPI-2018/397-017": 1885782.3836958592,
  "XI-IATI-EC_FPI-2018/404-255": 4047412.831672328,
  "XI-IATI-EC_FPI-2019/410-491": 5454719.475502254,
  "XI-IATI-EC_FPI-2019/42294/0": 5976500.23215144,
  "XI-IATI-EC_FPI-2020/414-841": 13281111.6270032,
  "XI-IATI-EC_FPI-2020/416-682": 3793863.4483478894,
  "XI-IATI-EC_FPI-2020/42740/0": 4648389.069451121,
  "XI-IATI-EC_FPI-2021/426-819": 11288944.882952722,
  "XI-IATI-EC_FPI-2021/43641/0": 2656222.3254006403
}