{
  "GB-1-104855-105": 8120756.269440149,
  "GB-1-104888-103": 490929.6801022929,
  "GB-1-104905-101": 72404.13474777051,
  "GB-1-104938-101": 2439194.702743539,
  "GB-1-105349-104": 4592329.497771416,
  "GB-1-113336-104": 8917993.866816979,
  "GB-1-113971-101": 3466660.306446437,
  "GB-1-113993-101": 306958.80971975427,
  "GB-1-200325-101": 2581845.1741197174,
  "GB-1-200994-101": 1190215.3729932301,
  "GB-1-202022-101": 5453480.363875322,
  "GB-1-202295-102": 46867177.75928386,
  "GB-1-202295-103": 7923724.823930298,
  "GB-1-202295-104": 9827991.523414738,
  "GB-1-202542-103": 2614287.573316594,
  "GB-1-202544-101": 272589.9411913402,
  "GB-1-202553-102": 11754593.76123172,
  "GB-1-202554-102": 3555936.173614264,
  "GB-1-202555-101": 190055.09106586268,
  "GB-1-202555-102": 20707864.88935107,
  "GB-1-202555-104": 21450.000249025292,
  "GB-1-202575-105": 5366341.01950161,
  "GB-1-202800-101": 608762.8204499341,
  "GB-1-203622-103": 1402515.4858099178,
  "GB-1-204211-104": 6459926.49407678,
  "GB-1-205238-113": 472254.2377585734,
  "GB-1-205238-117": 3052384.9574739016,
  "GB-GOV-1-300310-110": 325043.5401435368,
  "GB-GOV-1-300372-102": 9722694.121632738,
  "GB-GOV-1-300708-175": 126633.921126053,
  "GB-GOV-1-300708-178": 102229.7884208865,
  "GB-GOV-1-300985-103": 494277.60002362606,
  "GB-GOV-1-301186-101": 3542322.8001693203,
  "GB-GOV-1-301186-102": 823796.0000393768,
  "GB-GOV-1-301313-101": 713532.5530261063,
  "GB-GOV-1-301313-102": 307934.944814719,
  "GB-GOV-1-301314-101": 17246360.381496362,
  "GB-GOV-1-301316-101": 1220671.256202347,
  "GB-GOV-1-301316-102": 732700.6383550225,
  "GB-GOV-1-301316-104": 424680.0187562994,
  "GB-GOV-1-301317-101": 13841674.121829621
}