{
  "FR-3-CGM101001": 21913834.18455528,
  "FR-3-CGM101301": 5312444.6508012805
}