{
  "US-EIN-941191246-32217-np": {
    "taf-np.xml": 49653.659564049995
  },
  "US-EIN-941191246-Cross Border Conflict Evidence and Policy": {
    "taf-af.xml": 6052992.708115778
  }
}