{
  "camfed": {
    "GB-CHC-1029161-203292-103": 39690759.83939319,
    "GB-CHC-1029161-5101TW": 45833627.02415881,
    "GB-CHC-1029161-5276": 9283114.928419726,
    "GB-CHC-1029161-300075-106": 9892949.688552875,
    "GB-CHC-1029161-205210-221": 2195035.7463529212
  }
}