{
  "XI-IATI-EC_NEAR-2009/21145/0": 16108507.953483336,
  "XI-IATI-EC_NEAR-2009/21145/1": 1418015.246624924,
  "XI-IATI-EC_NEAR-2009/21145/10": 36853232.9251422,
  "XI-IATI-EC_NEAR-2009/21145/11": 5729986.291008448,
  "XI-IATI-EC_NEAR-2009/21145/12": 2657178.2585709207,
  "XI-IATI-EC_NEAR-2009/21145/2": 18210901.649214886,
  "XI-IATI-EC_NEAR-2009/21145/3": 9083021.279018518,
  "XI-IATI-EC_NEAR-2009/21145/4": 5250852.826012896,
  "XI-IATI-EC_NEAR-2009/21145/5": 4174371.3368452336,
  "XI-IATI-EC_NEAR-2009/21145/6": 10480756.067111138,
  "XI-IATI-EC_NEAR-2009/21145/7": 9588599.352192506,
  "XI-IATI-EC_NEAR-2009/21145/8": 20984139.017822247,
  "XI-IATI-EC_NEAR-2009/21145/9": 1372.0025483211502,
  "XI-IATI-EC_NEAR-2010/22452/1": 15686638.102505008,
  "XI-IATI-EC_NEAR-2010/22452/10": 13747134.811605746,
  "XI-IATI-EC_NEAR-2010/22452/11": 1889220.394772507,
  "XI-IATI-EC_NEAR-2010/22452/2": 2549289.146799828,
  "XI-IATI-EC_NEAR-2010/22452/3": 10763338.138052903,
  "XI-IATI-EC_NEAR-2010/22452/4": 8639704.40697505,
  "XI-IATI-EC_NEAR-2010/22452/5": 1927380.2944504118,
  "XI-IATI-EC_NEAR-2010/22452/6": 20019139.31239872,
  "XI-IATI-EC_NEAR-2010/22452/7": 2639363.704426466,
  "XI-IATI-EC_NEAR-2010/22452/8": 1877739.3702242258,
  "XI-IATI-EC_NEAR-2010/22452/9": 2484869.1743119317,
  "XI-IATI-EC_NEAR-2010/230-083": 2184148.6462769336,
  "XI-IATI-EC_NEAR-2010/239-129": 2539087.9985336284,
  "XI-IATI-EC_NEAR-2010/255-343": 178965.66504042404,
  "XI-IATI-EC_NEAR-2011/22939/1": 5023123.770327978,
  "XI-IATI-EC_NEAR-2011/22939/10": 3458551.5037474353,
  "XI-IATI-EC_NEAR-2011/22939/11": 5509535.086695577,
  "XI-IATI-EC_NEAR-2011/22939/12": 9008831.083384322,
  "XI-IATI-EC_NEAR-2011/22939/13": 3452286.8186926357,
  "XI-IATI-EC_NEAR-2011/22939/14": 4607392.526609981,
  "XI-IATI-EC_NEAR-2011/22939/15": 292607.8416908332,
  "XI-IATI-EC_NEAR-2011/22939/16": 31959.34508416026,
  "XI-IATI-EC_NEAR-2011/22939/17": 9076798.068564646,
  "XI-IATI-EC_NEAR-2011/22939/2": 2778179.6927811,
  "XI-IATI-EC_NEAR-2011/22939/3": 3851515.5700896913,
  "XI-IATI-EC_NEAR-2011/22939/4": 7405242.798172258,
  "XI-IATI-EC_NEAR-2011/22939/5": 13195515.157389555,
  "XI-IATI-EC_NEAR-2011/22939/6": 1381572.1196379755,
  "XI-IATI-EC_NEAR-2011/22939/7": 5568119.411474562,
  "XI-IATI-EC_NEAR-2011/22939/8": 5797359.655819688,
  "XI-IATI-EC_NEAR-2011/22939/9": 3115093.2849315954,
  "XI-IATI-EC_NEAR-2011/22965/5": 1403336.9152063986,
  "XI-IATI-EC_NEAR-2011/277-389": 2010302.5423369226,
  "XI-IATI-EC_NEAR-2011/279-872": 318697.37846467615,
  "XI-IATI-EC_NEAR-2011/280-187": 591410.4377992373,
  "XI-IATI-EC_NEAR-2011/282-152": 1276360.3310328498,
  "XI-IATI-EC_NEAR-2012/22931/8": 87389.30236507568,
  "XI-IATI-EC_NEAR-2012/22940/1": 4152465.2813770166,
  "XI-IATI-EC_NEAR-2012/22940/10": 9086492.442653708,
  "XI-IATI-EC_NEAR-2012/22940/11": 2317084.9729082044,
  "XI-IATI-EC_NEAR-2012/22940/12": 14747845.553518819,
  "XI-IATI-EC_NEAR-2012/22940/13": 2095498.7628164554,
  "XI-IATI-EC_NEAR-2012/22940/2": 4279599.616403924,
  "XI-IATI-EC_NEAR-2012/22940/3": 5137627.1511871675,
  "XI-IATI-EC_NEAR-2012/22940/4": 8053448.274914792,
  "XI-IATI-EC_NEAR-2012/22940/5": 2325013.092650609,
  "XI-IATI-EC_NEAR-2012/22940/6": 10521295.274793716,
  "XI-IATI-EC_NEAR-2012/22940/7": 3206810.501111222,
  "XI-IATI-EC_NEAR-2012/22940/8": 7111497.511999871,
  "XI-IATI-EC_NEAR-2012/22940/9": 4441970.591647018,
  "XI-IATI-EC_NEAR-2012/23324/5": 1183849.0644333859,
  "XI-IATI-EC_NEAR-2012/23773/1": 576149.5541271905,
  "XI-IATI-EC_NEAR-2012/23773/2": -2618.668824622102,
  "XI-IATI-EC_NEAR-2012/293-854": 652917.446346289,
  "XI-IATI-EC_NEAR-2012/297-056": 3930306.3535508774,
  "XI-IATI-EC_NEAR-2013/23676/8": 167289.57177160756,
  "XI-IATI-EC_NEAR-2013/23699/4": 728918.079085126,
  "XI-IATI-EC_NEAR-2013/23777/1": 796596.6521939568,
  "XI-IATI-EC_NEAR-2013/23777/2": -30.005047359474702,
  "XI-IATI-EC_NEAR-2013/24081/5": 1406818.1225285053,
  "XI-IATI-EC_NEAR-2013/24216/1": 3273655.676707379,
  "XI-IATI-EC_NEAR-2013/24216/10": 701465.4360832695,
  "XI-IATI-EC_NEAR-2013/24216/11": 1327611.0785776624,
  "XI-IATI-EC_NEAR-2013/24216/12": -250.04206132888794,
  "XI-IATI-EC_NEAR-2013/24216/13": 2715561.0168350935,
  "XI-IATI-EC_NEAR-2013/24216/2": 9198248.725165736,
  "XI-IATI-EC_NEAR-2013/24216/3": 4245774.26750928,
  "XI-IATI-EC_NEAR-2013/24216/4": 4392436.851521909,
  "XI-IATI-EC_NEAR-2013/24216/5": 8485362.626261458,
  "XI-IATI-EC_NEAR-2013/24216/6": 16039632.491280356,
  "XI-IATI-EC_NEAR-2013/24216/7": 10126297.664366698,
  "XI-IATI-EC_NEAR-2013/24216/8": 11814535.687727457,
  "XI-IATI-EC_NEAR-2013/24216/9": 3371436.199494964,
  "XI-IATI-EC_NEAR-2013/24988/1": 3319027.6964441556,
  "XI-IATI-EC_NEAR-2013/24988/2": 6638055.392888311,
  "XI-IATI-EC_NEAR-2013/24988/3": 41155943.43590753,
  "XI-IATI-EC_NEAR-2013/312-169": 365781.4681738128,
  "XI-IATI-EC_NEAR-2013/318-622": 1991920.9582701302,
  "XI-IATI-EC_NEAR-2013/331-288": 253792.18935644405,
  "XI-IATI-EC_NEAR-2013/331-313": 565774.9632571574,
  "XI-IATI-EC_NEAR-2013/336-475": 148204.62854464495,
  "XI-IATI-EC_NEAR-2014/31605/5": 929274.0680967632,
  "XI-IATI-EC_NEAR-2014/32353/1": 1880414.1583762246,
  "XI-IATI-EC_NEAR-2014/32353/10": 1719447.6963880805,
  "XI-IATI-EC_NEAR-2014/32353/11": 7428912.79822013,
  "XI-IATI-EC_NEAR-2014/32353/2": 4268525.477166793,
  "XI-IATI-EC_NEAR-2014/32353/3": 1705390.3436298138,
  "XI-IATI-EC_NEAR-2014/32353/4": 10621873.453336524,
  "XI-IATI-EC_NEAR-2014/32353/5": 3716523.8697570404,
  "XI-IATI-EC_NEAR-2014/32353/6": 2656222.3254006403,
  "XI-IATI-EC_NEAR-2014/32353/7": 5339736.591452521,
  "XI-IATI-EC_NEAR-2014/32353/8": 4931372.835948911,
  "XI-IATI-EC_NEAR-2014/32353/9": 4089576.4564412455,
  "XI-IATI-EC_NEAR-2014/32355/12": 3203384.2027657316,
  "XI-IATI-EC_NEAR-2014/32355/13": 3067221.438603286,
  "XI-IATI-EC_NEAR-2014/32355/14": 3106936.597475983,
  "XI-IATI-EC_NEAR-2014/32355/15": 2530366.553851893,
  "XI-IATI-EC_NEAR-2014/32355/16": 9578506.627853494,
  "XI-IATI-EC_NEAR-2014/32355/17": 8818876.75398973,
  "XI-IATI-EC_NEAR-2014/32355/18": 3946018.025582633,
  "XI-IATI-EC_NEAR-2014/341-055": 315638.1153417721,
  "XI-IATI-EC_NEAR-2014/354-520": 551696.9652712524,
  "XI-IATI-EC_NEAR-2014/354-586": 655299.2647678071,
  "XI-IATI-EC_NEAR-2014/354-925": 266541.3253079875,
  "XI-IATI-EC_NEAR-2014/355-152": 547398.1350598242,
  "XI-IATI-EC_NEAR-2014/355-635": 299418.9827628665,
  "XI-IATI-EC_NEAR-2015/367-590": 9193825.684197595,
  "XI-IATI-EC_NEAR-2015/367-598": 2358704.0689282725,
  "XI-IATI-EC_NEAR-2015/370-437": 3047487.353583401,
  "XI-IATI-EC_NEAR-2015/371-879": 864337.8126221541,
  "XI-IATI-EC_NEAR-2015/372-097": 891881.0983109357,
  "XI-IATI-EC_NEAR-2015/372-142": 1195103.0609826364,
  "XI-IATI-EC_NEAR-2015/37653/5": 3943433.0962644457,
  "XI-IATI-EC_NEAR-2015/38065/1": 6366781.196368199,
  "XI-IATI-EC_NEAR-2015/38065/2": 3984333.0232620533,
  "XI-IATI-EC_NEAR-2015/38065/3": 13281111.627003202,
  "XI-IATI-EC_NEAR-2015/38065/4": 15410095.083871529,
  "XI-IATI-EC_NEAR-2015/38066/5": 611130.3515165513,
  "XI-IATI-EC_NEAR-2015/38066/6": 27890334.416706722,
  "XI-IATI-EC_NEAR-2015/38066/7": 17127762.16834267,
  "XI-IATI-EC_NEAR-2016/372-105": 1705390.3436298138,
  "XI-IATI-EC_NEAR-2016/372-108": 2097462.0399705754,
  "XI-IATI-EC_NEAR-2016/374-018": 898347.4723454491,
  "XI-IATI-EC_NEAR-2016/375-034": 4735040.579929238,
  "XI-IATI-EC_NEAR-2016/377-116": 1574686.448373857,
  "XI-IATI-EC_NEAR-2016/377-270": 3749112.8091262598,
  "XI-IATI-EC_NEAR-2016/38145/0": 1485987.442040651,
  "XI-IATI-EC_NEAR-2016/383-089": 751.5382636372302,
  "XI-IATI-EC_NEAR-2016/38960/5": 4344937.702138286,
  "XI-IATI-EC_NEAR-2016/39744/1": 9960833.7202524,
  "XI-IATI-EC_NEAR-2016/39744/2": 3984333.4881009604,
  "XI-IATI-EC_NEAR-2016/39744/3": 10624889.301602561,
  "XI-IATI-EC_NEAR-2016/39745/4": 13281111.627003202,
  "XI-IATI-EC_NEAR-2016/39745/5": 11953000.46430288,
  "XI-IATI-EC_NEAR-2016/39745/6": 10624889.301602561,
  "XI-IATI-EC_NEAR-2016/39747/7": 33202779.067508005,