{
  "US-GOV-10-TG-AID-BFS-T-11-00001": 70437.0,
  "US-GOV-10-TG-AID-EGAT-T-10-00006": 18038.0,
  "US-GOV-10-TG-FAGOV-1032350580498303096": 628164.0,
  "US-GOV-10-TG-FAGOV-1062081438994605191": 812095.49,
  "US-GOV-10-TG-FAGOV-1325953888446844284": 1730668.81,
  "US-GOV-10-TG-FAGOV-1390035772025129133": 583416.0,
  "US-GOV-10-TG-FAGOV-1430792428629465291": 781158.46,
  "US-GOV-10-TG-FAGOV-1513360371980266815": 169427.66,
  "US-GOV-10-TG-FAGOV-1550440929439520683": 939457.0,
  "US-GOV-10-TG-FAGOV-1892703975971647925": 601849.2999999999,
  "US-GOV-10-TG-FAGOV-2100456775230678111": 110077.8,
  "US-GOV-10-TG-FAGOV-2172506120143590745": 641119.15,
  "US-GOV-10-TG-FAGOV-2304829893272105258": 2395346.0,
  "US-GOV-10-TG-FAGOV-2405637152733150576": 382294.0,
  "US-GOV-10-TG-FAGOV-2444502667061325185": 2471127.0,
  "US-GOV-10-TG-FAGOV-2471390228133250414": 108973.69,
  "US-GOV-10-TG-FAGOV-2543578624435478304": 137403.0,
  "US-GOV-10-TG-FAGOV-2701951171166481020": 529850.0,
  "US-GOV-10-TG-FAGOV-2713905129610153349": 2438325.12,
  "US-GOV-10-TG-FAGOV-2778736210921976381": 563625.0,
  "US-GOV-10-TG-FAGOV-2833230266410678214": 865022.73,
  "US-GOV-10-TG-FAGOV-2902473852286586621": 532399.0,
  "US-GOV-10-TG-FAGOV-3046809635543736566": 536916.9400000001,
  "US-GOV-10-TG-FAGOV-3172347212607182945": 288187.0,
  "US-GOV-10-TG-FAGOV-3187976974557586242": 781572.12,
  "US-GOV-10-TG-FAGOV-3240901815034099119": 47395.46,
  "US-GOV-10-TG-FAGOV-3428745759294765153": 36544.47,
  "US-GOV-10-TG-FAGOV-3533331819996764792": 263413.0,
  "US-GOV-10-TG-FAGOV-3713685395774524332": 1715539.6600000001,
  "US-GOV-10-TG-FAGOV-3745380294628236256": 5099.0,
  "US-GOV-10-TG-FAGOV-3799609415545437795": 706990.0,
  "US-GOV-10-TG-FAGOV-3905781626092222167": 435657.99,
  "US-GOV-10-TG-FAGOV-3964087834936604335": 735876.92,
  "US-GOV-10-TG-FAGOV-3969333714512194970": 212058.41,
  "US-GOV-10-TG-FAGOV-4138145660048934637": 134650.0,
  "US-GOV-10-TG-FAGOV-4382121747372822005": 103943.0,
  "US-GOV-10-TG-FAGOV-448520257665205414": 2041581.6300000001,
  "US-GOV-10-TG-FAGOV-4542239629749989449": 1311496.1,
  "US-GOV-10-TG-FAGOV-4726262821080655073": 9.0,
  "US-GOV-10-TG-FAGOV-501198516798112383": 526832.01,
  "US-GOV-10-TG-FAGOV-5044828896974028958": 256161.80000000002,
  "US-GOV-10-TG-FAGOV-5143425325093858950": 50729.82,
  "US-GOV-10-TG-FAGOV-5144030982313848152": 92022.0,
  "US-GOV-10-TG-FAGOV-5271534985212494365": 2525035.0,
  "US-GOV-10-TG-FAGOV-5277761382984798883": 556649.56,
  "US-GOV-10-TG-FAGOV-53287657529514200": 646654.82,
  "US-GOV-10-TG-FAGOV-5348320168538363919": 725099.31,
  "US-GOV-10-TG-FAGOV-5379286823671749774": 534169.0,
  "US-GOV-10-TG-FAGOV-5380614491028525251": -4557.0,
  "US-GOV-10-TG-FAGOV-5508402735619701153": 259632.0,
  "US-GOV-10-TG-FAGOV-5596978317478013039": 16631.0,
  "US-GOV-10-TG-FAGOV-5731864027207655670": 922527.0,
  "US-GOV-10-TG-FAGOV-5738219041618190142": 1805745.78,
  "US-GOV-10-TG-FAGOV-5802072683172980003": 64701.0,
  "US-GOV-10-TG-FAGOV-5861111317437765033": 924914.87,
  "US-GOV-10-TG-FAGOV-588706820691124418": 888444.37,
  "US-GOV-10-TG-FAGOV-6430826856678657494": 62186.79,
  "US-GOV-10-TG-FAGOV-6572501989815965117": 1163753.9,
  "US-GOV-10-TG-FAGOV-660172874653437997": 195635.16,
  "US-GOV-10-TG-FAGOV-6718311388627899404": 44790.840000000004,
  "US-GOV-10-TG-FAGOV-6753225420203263540": 56292.0,
  "US-GOV-10-TG-FAGOV-6806970638646318763": 601957.14,
  "US-GOV-10-TG-FAGOV-6878078259463923501": 1082892.46,
  "US-GOV-10-TG-FAGOV-6999944562693280575": 527673.0,
  "US-GOV-10-TG-FAGOV-7125457388572381422": 338149.0,
  "US-GOV-10-TG-FAGOV-7170926094847421338": 7966.0,
  "US-GOV-10-TG-FAGOV-7301789754806878820": 2308922.0,
  "US-GOV-10-TG-FAGOV-7554256323910258566": 588668.4400000001,
  "US-GOV-10-TG-FAGOV-7727968261407700503": 2318018.0,
  "US-GOV-10-TG-FAGOV-8003737039790686763": 1149288.8,
  "US-GOV-10-TG-FAGOV-8013484229121837212": 1055430.0,
  "US-GOV-10-TG-FAGOV-8070366011848339808": 585809.0,
  "US-GOV-10-TG-FAGOV-8257020915415107868": 284549.84,
  "US-GOV-10-TG-FAGOV-8319428161064903994": 279984.0,
  "US-GOV-10-TG-FAGOV-8745714545878200238": 553277.49,
  "US-GOV-10-TG-FAGOV-8835831467697631556": 745928.0,
  "US-GOV-10-TG-FAGOV-9038253806460930474": 453607.07,
  "US-GOV-10-TG-FAGOV-9092801586773135132": 912002.82,
  "US-GOV-10-TG-FAGOV-914861685814792335": 1654514.2,
  "US-GOV-10-TG-FAGOV-9198261978823209462": 5549345.0,
  "US-GOV-10-TG-FAGOV-968214827683121436": 2256682.0,
  "US-GOV-11-TG-01920180014-01-020918201102156": 5580.67,
  "US-GOV-11-TG-05783IPPOS": -1498952.8,
  "US-GOV-11-TG-05783LOA01": 772407.8899999999,
  "US-GOV-11-TG-05783LOA02": 1493116.6700000002,
  "US-GOV-11-TG-0578523PDS": 223.76,
  "US-GOV-11-TG-1039960068": -4306.8,
  "US-GOV-11-TG-19AQMM18F5302": 1932427.72,
  "US-GOV-11-TG-19AQMM19F2797": 2241378.26,
  "US-GOV-11-TG-19AQMM19F3278": 4079521.31,
  "US-GOV-11-TG-201960662018201E24": 76909.91,
  "US-GOV-11-TG-20720180267-01-081518101100007": 33950.0,
  "US-GOV-11-TG-36120180227-01-011218224702233": 257.46,
  "US-GOV-11-TG-45783GR001": 3517.24,
  "US-GOV-11-TG-45783GR002": 3573.76,
  "US-GOV-11-TG-45783GR003": 3812.7,
  "US-GOV-11-TG-45783GR004": 2768.62,
  "US-GOV-11-TG-45783GR005": 3080.8,
  "US-GOV-11-TG-45783GR006": 3820.94,
  "US-GOV-11-TG-45783GR007": 3620.1,
  "US-GOV-11-TG-45783GR008": 3762.5,
  "US-GOV-11-TG-45783GR009": 2591.88,
  "US-GOV-11-TG-45783GR010": 3625.0,
  "US-GOV-11-TG-45783GR011": 3067.52,
  "US-GOV-11-TG-45783GR012": 2657.7799999999997,
  "US-GOV-11-TG-45785SH001": 6950.0,
  "US-GOV-11-TG-45785SH002": 5550.0,
  "US-GOV-11-TG-45785SH003": 4750.0,
  "US-GOV-11-TG-45785SH004": 4080.0,
  "US-GOV-11-TG-45785SH005": 5120.0,
  "US-GOV-11-TG-45785SH006": 7120.0,
  "US-GOV-11-TG-45785SH007": 9530.0,
  "US-GOV-11-TG-45785SH008": 4120.0,
  "US-GOV-11-TG-45785SH009": 4120.0,
  "US-GOV-11-TG-45785SH010": 7740.0,
  "US-GOV-11-TG-45785SH011": 9990.0,
  "US-GOV-11-TG-45785SH012": 7900.0,
  "US-GOV-11-TG-45785SH013": 7690.0,
  "US-GOV-11-TG-45785SH014": 5000.0,
  "US-GOV-11-TG-45785SH015": 10000.0,
  "US-GOV-11-TG-4578SH016": 8340.0,
  "US-GOV-11-TG-57820SP00199": 215679.0,
  "US-GOV-11-TG-5788SP00034": 1494.0,
  "US-GOV-11-TG-5788SP00051": 911.0,
  "US-GOV-11-TG-5788SP00052": 2272.0,
  "US-GOV-11-TG-5788SP00053": 1909.0,
  "US-GOV-11-TG-5788SP00054": 2045.0,
  "US-GOV-11-TG-5788SP00055": 3202.0,
  "US-GOV-11-TG-5788SP00056": 2796.0,
  "US-GOV-11-TG-5788SP00057": 2565.0,
  "US-GOV-11-TG-5788SP00058": 755.0,
  "US-GOV-11-TG-5788SP00059": 3557.0,
  "US-GOV-11-TG-5788SP00060": 2779.0,
  "US-GOV-11-TG-5788SP00061": 1087.0,
  "US-GOV-11-TG-5788SP00062": 2760.0,
  "US-GOV-11-TG-5788SP00063": 2273.0,
  "US-GOV-11-TG-5788SP00178": 690.0,
  "US-GOV-11-TG-5788TG00158": 911.0,
  "US-GOV-11-TG-5788TG00159": 2273.0,
  "US-GOV-11-TG-5788TG00160": 2627.0,
  "US-GOV-11-TG-5788TG00161": 2046.0,
  "US-GOV-11-TG-5788TG00162": 1145.0,
  "US-GOV-11-TG-5788TG00163": 1267.0,
  "US-GOV-11-TG-5788TG00165": 1455.0,
  "US-GOV-11-TG-5788TG00166": 1106.0,
  "US-GOV-11-TG-5788TG00167": 953.0,
  "US-GOV-11-TG-5788TG00168": 2779.0,
  "US-GOV-11-TG-5788TG00169": 2118.0,
  "US-GOV-11-TG-5788TG00170": 1718.0,
  "US-GOV-11-TG-CR100251B": 18887.45,
  "US-GOV-11-TG-FAGOV-4906172873867182535": 649845.0,
  "US-GOV-11-TG-FAGOV-5241674680524260910": 513741.0,
  "US-GOV-11-TG-FAGOV-5853150929265517316": 395769.0,
  "US-GOV-11-TG-FAGOV-5924327224056979938": 29500.0,
  "US-GOV-11-TG-FAGOV-5984278698504301690": 114230.0,
  "US-GOV-11-TG-FAGOV-6579264922322410252": 93000.0,
  "US-GOV-11-TG-FAGOV-6683325523592245557": 250000.0,
  "US-GOV-11-TG-FAGOV-7065451908846678940": 118192.0,
  "US-GOV-11-TG-FAGOV-7183666697135431637": 190000.0,
  "US-GOV-11-TG-FAGOV-7613856885911825209": 200000.0,
  "US-GOV-11-TG-FAGOV-7922859578428864799": 415884.0,
  "US-GOV-11-TG-FAGOV-8475563179399055058": 344000.0,
  "US-GOV-11-TG-FAGOV-9215358319864553266": 208943.0,
  "US-GOV-11-TG-SAQMMA09F1286": -7382.71,
  "US-GOV-11-TG-SAQMMA09F1734": 181462.4,
  "US-GOV-11-TG-SAQMMA09F1734-PRC": 2268.28,