{
  "XM-DAC-701-8-2005003000": 529338566.0280974,
  "XM-DAC-701-8-2008003070": 21403906.3727061,
  "XM-DAC-701-8-2008003071": 965031.6168040901,
  "XM-DAC-701-8-2009003086": 22302763.30943069,
  "XM-DAC-701-8-2011003042": 2717048.934668279,
  "XM-DAC-701-8-2011003043": 563527.6481268799,
  "XM-DAC-701-8-2011003044": 21844091.243206285,
  "XM-DAC-701-8-2013003074": 17575824.378078382,
  "XM-DAC-701-8-2013003075": 386050.5691744037,
  "XM-DAC-701-8-2013010628": 15626041.469031036,
  "XM-DAC-701-8-2014003071": 189612263.83811575,
  "XM-DAC-701-8-2014950002": 622037.4712722402,
  "XM-DAC-701-8-2014950029": 24774.427760796967,
  "XM-DAC-701-8-2014950030": 128295.46575284745,
  "XM-DAC-701-8-2014950031": 1772311.3045706686,
  "XM-DAC-701-8-2014950046": 1037849.1887011566,
  "XM-DAC-701-8-2014950929": 111494.41704150237,
  "XM-DAC-701-8-2014951003": 590428.718611913,
  "XM-DAC-701-8-2014951004": 68172.39087281373,
  "XM-DAC-701-8-2014951419": 1555739.1421988895,
  "XM-DAC-701-8-2014951557": 227051.46055105882,
  "XM-DAC-701-8-2014951781": 52453.44360389427,
  "XM-DAC-701-8-2014951819": 94.92117916014165,
  "XM-DAC-701-8-2014951820": 1120544.519985472,
  "XM-DAC-701-8-2014951821": 22173.587451809086,
  "XM-DAC-701-8-2014951822": 253781.2646025547,
  "XM-DAC-701-8-2014951823": 96458.90226253594,
  "XM-DAC-701-8-2014951824": 2825366.8661732795,
  "XM-DAC-701-8-2014951825": 1139.0541499216997,
  "XM-DAC-701-8-2014951826": 246.7950658163683,
  "XM-DAC-701-8-2014951827": 127801.87562121471,
  "XM-DAC-701-8-2014951828": 124005.02845480904,
  "XM-DAC-701-8-2014951829": 56.95270749608498,
  "XM-DAC-701-8-2014951830": 56.95270749608498,
  "XM-DAC-701-8-2014951831": 13440.838969076056,
  "XM-DAC-701-8-2014951832": 89852.38819299008,
  "XM-DAC-701-8-2014951833": 610627.9455371912,
  "XM-DAC-701-8-2014951834": 549213.9426205795,
  "XM-DAC-701-8-2014951835": 27565.11042810513,
  "XM-DAC-701-8-2014951836": 1980606.3401196836,
  "XM-DAC-701-8-2014951837": 1342698.0476918677,
  "XM-DAC-701-8-2014951838": 56781.849373596735,
  "XM-DAC-701-8-2014951839": 106482.5787818469,
  "XM-DAC-701-8-2014951840": 168655.95113173965,
  "XM-DAC-701-8-2014951841": 211218.6078671472,
  "XM-DAC-701-8-2014951842": 106482.5787818469,
  "XM-DAC-701-8-2014951843": 44366.1591394502,
  "XM-DAC-701-8-2014951844": 4100.594939718118,
  "XM-DAC-701-8-2014951845": 6853.309135362227,
  "XM-DAC-701-8-2014951846": 100673.40261724623,
  "XM-DAC-701-8-2014951847": 4935.901316327366,
  "XM-DAC-701-8-2014951848": 4935.901316327366,
  "XM-DAC-701-8-2014951849": 25438.87601491796,
  "XM-DAC-701-8-2014951850": 22970.925356754276,
  "XM-DAC-701-8-2014951851": 6568.545597881803,
  "XM-DAC-701-8-2014951852": 30925.32017037415,
  "XM-DAC-701-8-2014951853": 34190.60873348302,
  "XM-DAC-701-8-2014951954": 21661.013084344322,
  "XM-DAC-701-8-2014951955": 28590.25916303466,
  "XM-DAC-701-8-2014951956": 626.4797824569349,
  "XM-DAC-701-8-2014951957": 18.98423583202833,
  "XM-DAC-701-8-2014951958": 51902.90076476545,
  "XM-DAC-701-8-2014951959": 113.90541499216997,
  "XM-DAC-701-8-2014951960": 26464.024749847493,
  "XM-DAC-701-8-2014951961": 18.98423583202833,
  "XM-DAC-701-8-2014951962": 17883.150153770686,
  "XM-DAC-701-8-2014951963": 436.63742413665153,
  "XM-DAC-701-8-2014951964": 9112.433199373598,
  "XM-DAC-701-8-2014951965": 3284.2727989409013,
  "XM-DAC-701-8-2014951966": 10669.14053759992,
  "XM-DAC-701-8-2014951967": 3550.0521005892974,
  "XM-DAC-701-8-2014951968": 10403.361235951525,
  "XM-DAC-701-8-2014951969": 6853.309135362227,
  "XM-DAC-701-8-2014951970": 8751.73271856506,
  "XM-DAC-701-8-2014951971": 10934.919839248318,
  "XM-DAC-701-8-2014951972": 3550.0521005892974,
  "XM-DAC-701-8-2014951973": 1215712.4942114302,
  "XM-DAC-701-8-2014951974": 16345.427051376391,
  "XM-DAC-701-8-2014951975": 18.98423583202833,
  "XM-DAC-701-8-2014951976": 1698367.7060049186,
  "XM-DAC-701-8-2014951977": 18.98423583202833,
  "XM-DAC-701-8-2014951978": 37.96847166405666,
  "XM-DAC-701-8-2014951979": 18.98423583202833,
  "XM-DAC-701-8-2014951980": 17807.213210442573,
  "XM-DAC-701-8-2014951981": 18.98423583202833,
  "XM-DAC-701-8-2014951982": 262286.2022553034,
  "XM-DAC-701-8-2014951983": 7669.631276139445,
  "XM-DAC-701-8-2014951984": 6568.545597881803,
  "XM-DAC-701-8-2014951985": 3834.8156380697224,
  "XM-DAC-701-8-2014951986": 7384.86773865902,
  "XM-DAC-701-8-2014951987": 14219.192638189217,
  "XM-DAC-701-8-2014951988": 8751.73271856506,
  "XM-DAC-701-8-2014951989": 3834.8156380697224,
  "XM-DAC-701-8-2014951990": 7119.088437010623,
  "XM-DAC-701-8-2014951991": 7119.088437010623,
  "XM-DAC-701-8-2014951994": 55680.76369533908,
  "XM-DAC-701-8-2014951995": 18.98423583202833,
  "XM-DAC-701-8-2014951996": 21034.53330188739,
  "XM-DAC-701-8-2014951997": 18.98423583202833,
  "XM-DAC-701-8-2014951998": 103672.9118787067,
  "XM-DAC-701-8-2014951999": 3550.0521005892974,
  "XM-DAC-701-8-2014952000": 7119.088437010623,
  "XM-DAC-701-8-2014952001": 7119.088437010623,
  "XM-DAC-701-8-2014952002": 3284.2727989409013,
  "XM-DAC-701-8-2014952003": 2467.9506581636824,
  "XM-DAC-701-8-2014952004": 3550.0521005892974,
  "XM-DAC-701-8-2014952005": 18054.008276258937,
  "XM-DAC-701-8-2014952006": 7119.088437010623,
  "XM-DAC-701-8-2014952007": 4935.901316327366,
  "XM-DAC-701-8-2014957550": 29349.628596315793,
  "XM-DAC-701-8-2014957670": 32368.122093608305,
  "XM-DAC-701-8-2014957672": 18509.629936227622,
  "XM-DAC-701-8-2014957730": 20711.801292742904,
  "XM-DAC-701-8-2014957731": 22325.461338465317,
  "XM-DAC-701-8-2014957732": 20768.754000238994,
  "XM-DAC-701-8-2014957873": 194702.32269328253,
  "XM-DAC-701-8-2014958008": 42676.56215039968,
  "XM-DAC-701-8-2014958046": 19667.66832198135,
  "XM-DAC-701-8-2014958206": 18604.551115387763,
  "XM-DAC-701-8-2014958261": 1233.9753290818414,
  "XM-DAC-701-8-2014958262": 20920.62788689522,
  "XM-DAC-701-8-2014958263": 104261.42318949959,
  "XM-DAC-701-8-2014958281": 31475.86300950297,
  "XM-DAC-701-8-2014958282": 12757.406479123038,
  "XM-DAC-701-8-2014958283": 57484.266099381784,
  "XM-DAC-701-8-2014958285": 13175.059667427662,
  "XM-DAC-701-8-2014958286": 67849.65886366925,
  "XM-DAC-701-8-2014958287": 56800.83360942876,
  "XM-DAC-701-8-2014958953": 19781.573736973518,
  "XM-DAC-701-8-2014959022": 410458.1629242846,
  "XM-DAC-701-8-2014959043": 14598.877354829783,
  "XM-DAC-701-8-2014959144": 35006.93087426024,
  "XM-DAC-701-8-2014959145": 17142.76495632158,
  "XM-DAC-701-8-2014959280": 24413.72727998843,
  "XM-DAC-701-8-2014959315": 18718.456530379935,
  "XM-DAC-701-8-2014959341": 17978.071332930827,
  "XM-DAC-701-8-2014959342": 17978.071332930827,
  "XM-DAC-701-8-2014959707": 19212.046662012668,
  "XM-DAC-701-8-2014959727": 9492.117916014164,
  "XM-DAC-701-8-2014959820": 26862.693702320088,
  "XM-DAC-701-8-2014959842": 26729.804051495885,
  "XM-DAC-701-8-2014959932": 25704.65531656636,
  "XM-DAC-701-8-2014959933": 24869.348939957108,
  "XM-DAC-701-8-2014959979": 14503.956175669642,
  "XM-DAC-701-8-2014960215": 15889.805391407712,
  "XM-DAC-701-8-2014960253": 45296.3866952196,
  "XM-DAC-701-8-2014960254": 9719.928745998504,
  "XM-DAC-701-8-2014960296": 26255.198155695176,
  "XM-DAC-701-8-2014960368": 113051.12437972869,
  "XM-DAC-701-8-2014960647": 68096.45392948561,
  "XM-DAC-701-8-2014960649": 35519.505241725004,
  "XM-DAC-701-8-2014960675": 12377.721762482472,
  "XM-DAC-701-8-2014960753": 131257.00654264385,
  "XM-DAC-701-8-2014960916": 12814.359186619124,
  "XM-DAC-701-8-2014960917": 14902.625128142237,
  "XM-DAC-701-8-2014960918": 12814.359186619124,
  "XM-DAC-701-8-2014960989": 10156.566170135156,
  "XM-DAC-701-8-2014960991": 18148.929455419086,
  "XM-DAC-701-8-2014961152": 19515.794435325126,
  "XM-DAC-701-8-2014961219": 23103.81500757848,
  "XM-DAC-701-8-2014961221": 23274.67313006673,
  "XM-DAC-701-8-2014961438": 18262.83487041125
}