{
  "GB-CHC-1158838-DFI001R-ETOO": {
    "tff-et.xml": 139333.56026266003
  },
  "GB-CHC-1158838-DFI001R-INNO": {
    "tff-in.xml": 86020.77832411173
  },
  "GB-CHC-1158838-DFI001R-INRA": {
    "tff-in.xml": 8358.234216399516
  },
  "GB-CHC-1158838-DFI001R-INSO": {
    "tff-in.xml": 178182.13203251697
  }
}