{
  "DK-CVR-36980212-1010474-04": {
    "dca-ml.xml": 23381.687911043835
  },
  "DK-CVR-36980212-1010474-05": {
    "dca-ml.xml": 171290.94104958393
  },
  "DK-CVR-36980212-syria-1010472-06": {
    "dca-sy.xml": 153811.38326132443
  },
  "DK-CVR-36980212-syria-1010472-08": {
    "dca-sy.xml": 501.93487675189994
  }
}