{
  "XI-IATI-EC_FPI-2008/167-582": 3711765.727862354,
  "XI-IATI-EC_FPI-2008/20437/0": 4333308.796121366,
  "XI-IATI-EC_FPI-2010/22866/0": 4565794.936872081,
  "XI-IATI-EC_FPI-2010/242-516": 749982.529883292,
  "XI-IATI-EC_FPI-2010/258-664": 1473780.6558862145,
  "XI-IATI-EC_FPI-2010/258-666": 1332596.4218386575,
  "XI-IATI-EC_FPI-2017/387-033": 730461.1394851762,
  "XI-IATI-EC_FPI-2018/41453/0": 995671.657564803,
  "XI-IATI-EC_FPI-2020/421-177": 127221.09638622637,
  "XI-IATI-EC_FPI-2021/429-153": 588050.4357311461,
  "XI-IATI-EC_FPI-2021/429-156": 592511.5611266565
}