{
  "XM-DAC-41108-1100000328": 16213347.715057725,
  "XM-DAC-41108-1100001007": 27911990.02074458,
  "XM-DAC-41108-1100001025": 24972090.529206377,
  "XM-DAC-41108-1100001091": 31249029.189206693,
  "XM-DAC-41108-1100001202": 43284791.14483207,
  "XM-DAC-41108-1100001272": 50022711.26334704,
  "XM-DAC-41108-1100001374": 53779001.38283191,
  "XM-DAC-41108-1100001422": 69527025.80565837,
  "XM-DAC-41108-1100001477": 45193542.776779845,
  "XM-DAC-41108-1100001483": 39911467.67120338,
  "XM-DAC-41108-1100001552": 95993488.46838728,
  "XM-DAC-41108-1100001662": 61720327.76570107,
  "XM-DAC-41108-1100001663": 41528064.53211614,
  "XM-DAC-41108-1100001664": 66431539.11010601,
  "XM-DAC-41108-2000000968": 66663517.9
}