{
  "US-18-NER-2750BX69GD-ACCESSAGLS-0060": 7572874.74,
  "US-18-NER-2750BX69GD-ACCESSAGLS-0439": 1452395.0,
  "US-18-NER-2750BX69GD-ACCESSMARK-0072": 1846174.45,
  "US-18-NER-2750BX69GD-ACCESSMARK-0389": 238998.51,
  "US-18-NER-2750BX69GD-PGM ADMIN-0017": 2375083.46,
  "US-18-NER-2750BX69GD-PGM ADMIN-0021": 1748495.6,
  "US-18-NER-2750BX69GD-PGM ADMIN-0131": 1900000.0,
  "US-18-NER-2750BX69GD-PGM ASSMT-0016": 869595.24,
  "US-18-NER-2750BX69GD-PGM ASSMT-0181": 216438.69,
  "US-18-NER-2750BX69GD-PGM ASSMT-0412": 165870.24,
  "US-18-NER-2750BXCOMD-AGRI-0287": 74556099.77,
  "US-18-NER-2750BXCOMD-AGRI-0290": 72470736.13,
  "US-18-NER-2750BXCOMD-IRRIG AGRI-0024": 203621232.63,
  "US-18-NER-2750BXCOMD-IRRIG AGRI-0092": 26996048.32,
  "US-18-NER-2750BXCOMD-IRRIG AGRI-0125": 143600303.01,
  "US-18-NER-2750BXCOMD-IRRIG AGRI-0265": 24431857.99,
  "US-18-NER-2750BXCOMD-MON & EVAL-0016": 12375332.34,
  "US-18-NER-2750BXCOMD-NA-NA": 545980.75,
  "US-18-NER-2750BXCOMD-PGM ADMIN-0017": 65743848.57,
  "US-18-NER-2750BXCOMD-PGM ADMIN-0021": 11669858.0,
  "US-18-NER-2750BXCOMD-PGM ADMIN-0031": 1718670.84,
  "US-18-NER-2750BXCOMD-PGM ADMIN-0082": 22359566.34,
  "US-18-NER-2750BXCOMD-PGM ADMIN-0131": 7974867.5,
  "US-18-NER-2750BXDILD-AGRI-NA": 3211422.03,
  "US-18-NER-2750BXDILD-ASSMT-NA": 12362.28,
  "US-18-NER-2750BXDILD-CONFERENCE-NA": -2.707176208496094e-25,
  "US-18-NER-2750BXDILD-ECON ANLS-NA": 28149.699999999997,
  "US-18-NER-2750BXDILD-EDU-NA": 477582.56,
  "US-18-NER-2750BXDILD-EIF-NA": 14188.550000000001,
  "US-18-NER-2750BXDILD-ENVML ASMT-NA": 8978355.049999999,
  "US-18-NER-2750BXDILD-FIN SECTOR-NA": 431782.32,
  "US-18-NER-2750BXDILD-FISCALPROC-NA": 426622.86,
  "US-18-NER-2750BXDILD-GENDER-NA": 535415.28,
  "US-18-NER-2750BXDILD-HEALTH PRJ-NA": 560374.01,
  "US-18-NER-2750BXDILD-HEALTH SEC-0016": 316471.78,
  "US-18-NER-2750BXDILD-HEALTH SEC-NA": 300720.52,
  "US-18-NER-2750BXDILD-INFRSTRE-NA": 6038839.88,
  "US-18-NER-2750BXDILD-LAND TNRE-NA": 136067.44,
  "US-18-NER-2750BXDILD-LANDADMN-NA": 107327.05,
  "US-18-NER-2750BXDILD-MON & EVAL-0016": 11583856.01,
  "US-18-NER-2750BXDILD-MON & EVAL-NA": 3082553.7800000003,
  "US-18-NER-2750BXDILD-MON & EVAL-PRE": 735502.0,
  "US-18-NER-2750BXDILD-MON EVAL-0016": 2689330.13,
  "US-18-NER-2750BXDILD-NA-NA": 2016340.82,
  "US-18-NER-2750BXDILD-PGM DEVEL-NA": 501280.28,
  "US-18-NER-2750BXDILD-PGM MGMT-NA": 116649.73999999999,
  "US-18-NER-2750BXDILD-SPONSOR-NA": -2.707176208496094e-25,
  "US-18-NER-2750BXDILD-STRAT PART-0016": 520234.07,
  "US-18-NER-2750BXDILD-TRANSPORTI-NA": 4597356.09,
  "US-18-NER-2750BXDILD-WASH-NA": 1891682.0,
  "US-18-NER-2750BXDILD-WATER MGMT-NA": 2379155.1,
  "US-18-NER-2750BXDILD-WATER SAN-0060": 491378.89,
  "US-18-NER-2750BXDILD-WATER SAN-NA": 7127276.34,
  "US-18-NER-2750BXDILD-WTR SECTOR-NA": 1756370.0
}