{
  "asil": {
    "GB-CHC-1049160-B14": 2042965.9261102977,
    "GB-CHC-1049160-C13": 2760733.36922006,
    "GB-CHC-1049160-D11": 1895173.7507801126,
    "GB-CHC-1049160-D22": 1963966.404157392,
    "GB-CHC-1049160-FCB": 218029.52191196036
  }
}