{
  "MZ-NUIT-500004037-Campanha ": 8918.86224935052,
  "MZ-NUIT-500004037-Campanhas": 100.96825187943986,
  "MZ-NUIT-500004037-Controle de 1 m\u00eas": 558.7246498168604,
  "MZ-NUIT-500004037-Controle de uma semana ": 2355.92587718693,
  "MZ-NUIT-500004037-Mobiliza\u00e7\u00e3o ": 536.8145391590219,
  "MZ-NUIT-500004037-Mobiliza\u00e7\u00e3o para a campanha de cataratas": 143.98072718008123,
  "MZ-NUIT-500004037-Radio": 117.12317218015023
}