{
  "US-EIN-13-5563422-6340251": {
    "crs-activities.xml": 2115479.18
  },
  "US-EIN-13-5563422-6600105": {
    "crs-activities.xml": 8944835.13
  },
  "US-EIN-13-5563422-6820167": {
    "crs-activities.xml": 571090.95
  },
  "US-EIN-13-5563422-6870213": {
    "crs-activities.xml": 21322542.356904116
  },
  "US-EIN-13-5563422-6970197": {
    "crs-activities.xml": 9884337.75206317
  },
  "US-EIN-13-5563422-8500025": {
    "crs-activities.xml": 809153.3
  },
  "US-EIN-13-5563422-8500042": {
    "crs-activities.xml": 356671.77
  },
  "US-EIN-13-5563422-8960100": {
    "crs-activities.xml": 193327.3
  },
  "US-EIN-13-5563422-a1c3k000003UX4tAAG": {
    "crs-activities.xml": 191190.0
  }
}