{
  "GB-1-107859-101": 108187852.58512938,
  "GB-1-107859-102": 1147119.5689285556,
  "GB-1-107859-103": 48616.43333235541,
  "GB-1-107874-101": 8979689.044807065,
  "GB-1-107891-101": 45747047.120469935,
  "GB-1-107891-102": 6790448.4446621,
  "GB-1-107891-103": 9803411.345989231,
  "GB-1-107900-101": 3986267.2600095184,
  "GB-1-107904-101": 10112918.981877157,
  "GB-1-107904-102": 43966.279486525425,
  "GB-1-107906-102": 182354.87255425964,
  "GB-1-107908-101": 107026498.08123574,
  "GB-1-107908-102": 997211.6122414016,
  "GB-1-107949-101": 5646561.120032627,
  "GB-1-107949-102": 5067615.35207895,
  "GB-1-107955-101": 130818.28354962652,
  "GB-1-107977-101": 354186.46741322026,
  "GB-1-107981-101": 1392724.2762533848,
  "GB-1-108000-101": 46149802.4599802,
  "GB-1-108002-101": 339308.40302314097,
  "GB-1-108003-101": 7230826.054247174,
  "GB-1-108003-102": 17760499.253192082,
  "GB-1-108003-103": 892414.9738430236,
  "GB-1-108027-101": 2058007.4518721248,
  "GB-1-108027-102": 39667590.16837852,
  "GB-1-108027-103": 5539670.843676179,
  "GB-1-108069-101": 2405947.21935676,
  "GB-1-108070-101": 7375000.674924785,
  "GB-1-108078-101": 1530756.4001037716,
  "GB-1-108078-103": 1582332.7853595528,
  "GB-1-108078-104": 4508595.563997866,
  "GB-1-108078-105": 3837673.1768232207,
  "GB-1-108078-106": 8766526.086512301,
  "GB-1-108078-107": 4752014.079016452,
  "GB-1-108078-108": 1324519.58519074,
  "GB-1-108078-109": 2009554.4090220174,
  "GB-1-113263-101": 1703595.5513302546,
  "GB-1-113288-101": 258201.342087368,
  "GB-1-113311-101": 43253715.48105094,
  "GB-1-113394-101": 76092204.18746501,
  "GB-1-113395-101": 67953558.56969409,
  "GB-1-113617-101": 27077129.119179543,
  "GB-1-113646-101": 1869621.7462832069,
  "GB-1-113707-101": 9135122.713587102,
  "GB-1-113707-102": 30123547.392668393,
  "GB-1-113921-101": 8622703.552513937,
  "GB-1-113963-101": 15456880.265425332,
  "GB-1-113963-102": 29384087.150402438,
  "GB-1-113963-103": 1170254.9409999372,
  "GB-1-114040-101": 32333313.167091295,
  "GB-1-114040-102": 59286599.633576065,
  "GB-1-114158-101": 38673394.87374132,
  "GB-1-114168-101": 8294022.105653443,
  "GB-1-114168-102": 3881363.748178704,
  "GB-1-114177-101": 65057.62600324846,
  "GB-1-114293-102": 693086.0783902114,
  "GB-1-114293-103": 44558339.99507278,
  "GB-1-114293-105": 1744651.644803393,
  "GB-1-114293-106": 1499687.666231684,
  "GB-1-114293-107": 28257.850393350705,
  "GB-1-114320-102": 353607.69221874245,
  "GB-1-114320-104": 98799.50187672253,
  "GB-1-114320-109": 39714.723360243726,
  "GB-1-114320-110": 13141.706880379706,
  "GB-1-114320-111": 23940.742183023,
  "GB-1-114320-112": 8700.249856675468,
  "GB-1-114320-113": 18538.346598067325,
  "GB-1-114320-114": 47137.5299554695,
  "GB-1-114320-115": 18019.654705053545,
  "GB-1-114320-116": 37971.33266275833,
  "GB-1-114320-120": 76115.45521963826,
  "GB-1-114320-122": 27987.645305337788,
  "GB-1-114320-125": 26422.432905262973,
  "GB-1-114388-102": 138023.42166265065,
  "GB-1-114394-113": 9803.232352166566,
  "GB-1-114487-101": 190621367.5379218,
  "GB-1-114487-102": 58256916.1333772,
  "GB-1-114487-103": 159072.7082808227,
  "GB-1-114487-104": 1137600.2518832327,
  "GB-1-114487-105": 446490.70712293015,
  "GB-1-114487-106": 212205.78186797939,
  "GB-1-114497-101": 16375.378897878767,
  "GB-1-114501-101": 31318865.181645706,
  "GB-1-114506-101": 54954103.152074754,
  "GB-1-114506-102": 85439913.47008799,
  "GB-1-114506-103": 569108.1968026415,
  "GB-1-114506-104": 939928.1369166329,
  "GB-1-114506-105": 774591.3714468832,
  "GB-1-114506-106": 73596502.30151366,
  "GB-1-114506-107": 450102.36331751454,
  "GB-1-200135-109": 1259508.1356124703,
  "GB-1-200599-101": 43578811.03314539,
  "GB-1-200599-102": 9388033.924499758,
  "GB-1-200753-101": 34883920.48775804,
  "GB-1-200754-101": 26184519.959877014,
  "GB-1-200754-102": 24039.463984775055,
  "GB-1-200754-103": 47654.206153970896,
  "GB-1-200754-105": 8592834.934913669,
  "GB-1-200754-106": 4939117.372644754,
  "GB-1-200754-107": 8823681.753951719,
  "GB-1-200754-108": 668144.6886079367,
  "GB-1-201227-103": 8649.511585372675,
  "GB-1-201227-104": 36681.21316316452,
  "GB-1-201227-105": 21894.119696146514,
  "GB-1-201227-107": 6685.378121446729,
  "GB-1-201227-108": 17714.508637971285,
  "GB-1-201227-109": 63881.3408499457,
  "GB-1-201227-120": 218018.91719404506,
  "GB-1-201227-123": 241781.2465009017,
  "GB-1-201227-124": 90695.6401070559,
  "GB-1-201227-125": 35218.255396944245,
  "GB-1-201227-129": 37333.421880429996,
  "GB-1-201227-135": 886215.8075177579,
  "GB-1-201388-102": 48482235.55250555,
  "GB-1-201388-103": 95482089.69378829,
  "GB-1-201388-104": 95482089.69378829,
  "GB-1-201388-105": 1919022.071819754,
  "GB-1-201388-106": 1740877.0115312126,
  "GB-1-201388-108": 683660.0624726784,
  "GB-1-201413-101": 783622.5813001606,
  "GB-1-201922-105": 5774.273326456224,
  "GB-1-202736-101": 111785.32737476958,
  "GB-1-202736-102": 16331941.878676655,
  "GB-1-202736-105": 219294.4952104821,
  "GB-1-202744-101": 4449296.627148536,
  "GB-1-202744-102": 353433.19789689383,
  "GB-1-202765-102": 3874846.901477299,
  "GB-1-202765-110": 160542.4121192042,
  "GB-1-202865-101": 17521582.387149516,
  "GB-1-202865-103": 4917343.770123045,
  "GB-1-202865-104": 2611579.9558128314,
  "GB-1-202865-105": 220042.50197851786,
  "GB-1-202865-106": 4768786.989843944,
  "GB-1-202865-108": 1647592.0000787536,
  "GB-1-202865-109": 164759.20000787536,
  "GB-1-202865-110": 164759.20000787536,
  "GB-1-202867-101": 255840.95335944806,
  "GB-1-202867-102": 92417306.66575919,
  "GB-1-202867-103": 2750372.0872818497,
  "GB-1-202867-104": 1703921.5229694461,
  "GB-1-202867-105": 265354.5771646838,
  "GB-1-202869-101": 329940.05839289457,
  "GB-1-202869-102": 118289280.97457658,
  "GB-1-202869-103": 843712.0921363288,
  "GB-1-202869-107": 1647592.0000787536,
  "GB-1-202871-101": 31073337.04428255,
  "GB-1-202871-103": 199118.08357751768,
  "GB-1-202871-104": 9261128.209122473,
  "GB-1-202871-105": 499933.78335989645,
  "GB-1-202927-101": 383753.8334743431,
  "GB-1-202927-103": 529013.7821612864,
  "GB-1-202927-107": 18205020.52591817,
  "GB-1-202927-108": 185278.31077685615,
  "GB-1-203217-101": 37094640.54696051,
  "GB-1-203217-103": 19807243.018017758,
  "GB-1-203224-101": 14090468.22176641,
  "GB-1-203224-103": 167688.61858401538,
  "GB-1-203224-104": 7555081.182864658,
  "GB-1-203224-105": 2119795.1624853243,
  "GB-1-203224-107": 410883.0833476399,
  "GB-1-203224-110": 202653.8160096867,
  "GB-1-203455-101": 53068180.520208545,
  "GB-1-203480-101": 31287334.857731074,
  "GB-1-203484-101": 16754231.916865265,
  "GB-1-203484-102": 16055421.156481618,
  "GB-1-203484-104": 16325932.223277895,
  "GB-1-203484-105": 49297.60023435639,
  "GB-1-203484-106": 414639.59310781944,
  "GB-1-203757-101": 2035667.0712584164,
  "GB-1-203757-102": 10957443.618386164,
  "GB-1-203757-103": 593602.6165524098,
  "GB-1-203757-105": 582158.5097158267,
  "GB-1-203908-101": 12024075.34122274,
  "GB-1-203908-102": 3434056.2346601454,
  "GB-1-203908-103": 744711.5840355966,
  "GB-1-203911-101": 695954.393977266,
  "GB-1-203911-103": 101419.17315684776,
  "GB-1-203911-107": 574110.022795442,
  "GB-1-204051-101": 937953.7453831983,
  "GB-1-204059-102": 30711750.851979997,
  "GB-1-204059-103": 164759.20000787536,
  "GB-1-204059-105": 3082381.0174273355,
  "GB-1-204059-106": 330029.15353577514,
  "GB-1-204059-107": 13160.964896629084,
  "GB-1-204059-110": 8222383.665625024,
  "GB-1-204059-111": 990998.5789833689,
  "GB-1-204135-101": 21764804.00488834,
  "GB-1-204135-102": 3218178.8452578266,
  "GB-1-204169-101": 9844970.161918582,
  "GB-1-204176-101": 7041106.33414456,
  "GB-1-204176-102": 5272294.400252012,
  "GB-1-204176-103": 3073979.9458189337,
  "GB-1-204237-101": 16372670.3529186,
  "GB-1-204327-101": 6066354.124469293,
  "GB-1-204794-101": 166546.83732796082,
  "GB-1-204794-102": 514468.83998459124,
  "GB-1-204794-103": 21820980.301723026,
  "GB-1-204794-104": 264815.814580658,