{
  "XI-IATI-EC_FPI-2009/205-066": 377264.329712399,
  "XI-IATI-EC_FPI-2009/208-765": 351506.7010249003,
  "XI-IATI-EC_FPI-2009/215-177": 403659.3542934831,
  "XI-IATI-EC_FPI-2009/21616/0": 2578693.2363790306,
  "XI-IATI-EC_FPI-2009/221-067": 506314.4780502121,
  "XI-IATI-EC_FPI-2012/24103/0": 2448069.08962903,
  "XI-IATI-EC_FPI-2012/24550/0": 3197190.714642511,
  "XI-IATI-EC_FPI-2012/295-377": 1883766.0958578626,
  "XI-IATI-EC_FPI-2012/295-379": 129050.36756967145,
  "XI-IATI-EC_FPI-2012/305-087": 488489.38806448976,
  "XI-IATI-EC_FPI-2013/24765/0": 11856058.97629829,
  "XI-IATI-EC_FPI-2013/24940/0": 11877467.145438759,
  "XI-IATI-EC_FPI-2013/312-951": 3348685.0144629506,
  "XI-IATI-EC_FPI-2013/315-364": 8197499.3743417505,
  "XI-IATI-EC_FPI-2013/327-651": 832144.9082137331,
  "XI-IATI-EC_FPI-2013/327-817": 11879733.184625102,
  "XI-IATI-EC_FPI-2013/332-001": 1137923.585629332,
  "XI-IATI-EC_FPI-2014/344-190": 199216.67440504802,
  "XI-IATI-EC_FPI-2014/344-191": 1491269.565913608,
  "XI-IATI-EC_FPI-2016/377-990": 2340271.9711245177,
  "XI-IATI-EC_FPI-2016/381-574": 353589.8878993058,
  "XI-IATI-EC_FPI-2016/39781/0": 2340271.9711245173,
  "XI-IATI-EC_FPI-2016/39942/0": 353589.8878993058,
  "XI-IATI-EC_FPI-2019/408-836": 345895.71493821073,
  "XI-IATI-EC_FPI-2019/409-317": 1473103.7145546393,
  "XI-IATI-EC_FPI-2019/42301/0": 6773366.929771633,
  "XI-IATI-EC_FPI-2020/416-392": 3187466.7904807683,
  "XI-IATI-EC_FPI-2021/429-808": 1328111.1627003201,
  "XI-IATI-EC_FPI-2021/43117/0": 6640555.813501601,
  "XI-IATI-EC_FPI-2021/43390/0": 1328111.1627003201,
  "XI-IATI-EC_FPI-2021/43644/0": 929677.8138902241
}