{
  "GB-CHC-292506-GB645": 560867.8348476877,
  "GB-CHC-292506-GB660": 1476505.5220514322,
  "GB-CHC-292506-GB668": 387200.14557911234,
  "GB-CHC-292506-GB694": 64988.25835244658,
  "GB-CHC-292506-GB695": 264844.74819300446,
  "GB-CHC-292506-GB708": 662121.4471095877,
  "GB-CHC-292506-GB739": 481179.9146638958,
  "GB-CHC-292506-GB744": 637660.2075344139,
  "GB-CHC-292506-GB761": 1118510.1892953673,
  "GB-CHC-292506-GB808": 869965.0907522959,
  "GB-CHC-292506-GB824": 1092808.0854169775,
  "GB-CHC-292506-GB840": 593910.4891990162,
  "GB-CHC-292506-GB858": 1128868.7759457119
}