{
  "XI-IATI-EC_INTPA-1999/14510/0": 20008129.779914893,
  "XI-IATI-EC_INTPA-2000/15089/0": 10768670.368771274,
  "XI-IATI-EC_INTPA-2002/16007/0": 6553461.860128634,
  "XI-IATI-EC_INTPA-2002/185-679": 16607.167743382808,
  "XI-IATI-EC_INTPA-2003/16140/0": 127813.71709840004,
  "XI-IATI-EC_INTPA-2003/16183/0": 49534.617725607226,
  "XI-IATI-EC_INTPA-2003/16192/0": 40429.55297215002,
  "XI-IATI-EC_INTPA-2003/16457/0": 4119461.093070278,
  "XI-IATI-EC_INTPA-2003/16513/0": 168349.6719967722,
  "XI-IATI-EC_INTPA-2003/185-680": 348012.5857621484,
  "XI-IATI-EC_INTPA-2003/189-052": 169119.27396328904,
  "XI-IATI-EC_INTPA-2003/189-136": 69239.90239160936,
  "XI-IATI-EC_INTPA-2003/189-140": 57133.98176033593,
  "XI-IATI-EC_INTPA-2004/16544/0": 807721.0095309225,
  "XI-IATI-EC_INTPA-2004/16547/0": 1104428.708109658,
  "XI-IATI-EC_INTPA-2004/16566/0": 626183.2600801128,
  "XI-IATI-EC_INTPA-2004/16892/0": 43425805.561760366,
  "XI-IATI-EC_INTPA-2004/185-681": 69566.73367187499,
  "XI-IATI-EC_INTPA-2004/185-682": 1317463.494442789,
  "XI-IATI-EC_INTPA-2004/185-683": 2450848.925785617,
  "XI-IATI-EC_INTPA-2004/185-684": 2578.3519971562496,
  "XI-IATI-EC_INTPA-2004/188-446": 1328354.6593022028,
  "XI-IATI-EC_INTPA-2004/191-090": 223175.39104661715,
  "XI-IATI-EC_INTPA-2004/191-209": 240080.35735731243,
  "XI-IATI-EC_INTPA-2004/191-351": 28408.097813101558,
  "XI-IATI-EC_INTPA-2004/192-395": 18150251.289197262,
  "XI-IATI-EC_INTPA-2004/192-407": 12354345.937499998,
  "XI-IATI-EC_INTPA-2005/185-685": 2367.901597132812,
  "XI-IATI-EC_INTPA-2005/185-686": 2388.3892208125,
  "XI-IATI-EC_INTPA-2005/185-687": 729616.1233639452,
  "XI-IATI-EC_INTPA-2005/185-688": 94690.31095705467,
  "XI-IATI-EC_INTPA-2005/188-447": 146056.6957315781,
  "XI-IATI-EC_INTPA-2005/190-855": 1396014.7791221638,
  "XI-IATI-EC_INTPA-2005/190-856": 4402.324099281249,
  "XI-IATI-EC_INTPA-2005/191-210": 33316.420623851554,
  "XI-IATI-EC_INTPA-2005/191-212": 249246.42900476555,
  "XI-IATI-EC_INTPA-2005/191-222": 1273143.9844683514,
  "XI-IATI-EC_INTPA-2005/191-352": 82576.09526493748,
  "XI-IATI-EC_INTPA-2005/191-353": 13957.469398437497,
  "XI-IATI-EC_INTPA-2005/191-354": 13266.67026232031,
  "XI-IATI-EC_INTPA-2005/192-396": 183950.29857239057,
  "XI-IATI-EC_INTPA-2005/192-397": 176906.4241134609,
  "XI-IATI-EC_INTPA-2005/192-398": 176838.38696547653,
  "XI-IATI-EC_INTPA-2005/192-399": 278223.56210872653,
  "XI-IATI-EC_INTPA-2005/20673/1": 1155212.2515961612,
  "XI-IATI-EC_INTPA-2006/18471/0": 847460.6038614265,
  "XI-IATI-EC_INTPA-2006/185-689": 457.55202632812495,
  "XI-IATI-EC_INTPA-2006/18530/0": 6534658.2143862145,
  "XI-IATI-EC_INTPA-2006/18668/0": 20428983.655338436,
  "XI-IATI-EC_INTPA-2006/188-448": 984637.3682665469,
  "XI-IATI-EC_INTPA-2006/188-449": 335479.5199961119,
  "XI-IATI-EC_INTPA-2006/188-450": 37898.426918749996,
  "XI-IATI-EC_INTPA-2006/190-857": 776725.7152928202,
  "XI-IATI-EC_INTPA-2006/190-858": 76849.91475312499,
  "XI-IATI-EC_INTPA-2006/191-213": 95775.52710571353,
  "XI-IATI-EC_INTPA-2006/191-223": 35452.56057421875,
  "XI-IATI-EC_INTPA-2006/191-355": 242404.54810191403,
  "XI-IATI-EC_INTPA-2006/191-356": 345020.7896951718,
  "XI-IATI-EC_INTPA-2006/191-357": 6373.298210507812,
  "XI-IATI-EC_INTPA-2006/191-358": 7280.2395703124985,
  "XI-IATI-EC_INTPA-2006/191-359": 7915.047045734374,
  "XI-IATI-EC_INTPA-2006/195-453": 1357459.4981035155,
  "XI-IATI-EC_INTPA-2007/134-810": 845011.1452994816,
  "XI-IATI-EC_INTPA-2007/143-853": 4481463.188235308,
  "XI-IATI-EC_INTPA-2007/146-345": 2397331.4140624995,
  "XI-IATI-EC_INTPA-2007/185-690": 2320247.535761887,
  "XI-IATI-EC_INTPA-2007/188-451": 254396.64287729753,
  "XI-IATI-EC_INTPA-2007/188-452": 311446.92031298706,
  "XI-IATI-EC_INTPA-2007/188-453": 1389403.1296755502,
  "XI-IATI-EC_INTPA-2007/190-859": 2241392.6007314995,
  "XI-IATI-EC_INTPA-2007/190-860": 64452.50509549999,
  "XI-IATI-EC_INTPA-2007/19067/0": 27743006.358099498,
  "XI-IATI-EC_INTPA-2007/191-214": 199521.8410152148,
  "XI-IATI-EC_INTPA-2007/191-215": 33706.77383281249,
  "XI-IATI-EC_INTPA-2007/191-360": 645.6175281171875,
  "XI-IATI-EC_INTPA-2007/191-361": 7142.812179312499,
  "XI-IATI-EC_INTPA-2007/191-362": 10294.214629757811,
  "XI-IATI-EC_INTPA-2007/192-402": 127659.22147874997,
  "XI-IATI-EC_INTPA-2007/192-403": 85619.14716,
  "XI-IATI-EC_INTPA-2007/192-404": 150202.55127717965,
  "XI-IATI-EC_INTPA-2007/192-405": 186702.83213971092,
  "XI-IATI-EC_INTPA-2007/192-406": 8219879.50107617,
  "XI-IATI-EC_INTPA-2007/19262/0": 643157.3150714502,
  "XI-IATI-EC_INTPA-2007/196-770": 729477.107557039,
  "XI-IATI-EC_INTPA-2007/197-172": 91557.82242193748,
  "XI-IATI-EC_INTPA-2008/149-106": 19432356.63085937,
  "XI-IATI-EC_INTPA-2008/168-426": 9716178.315429686,
  "XI-IATI-EC_INTPA-2008/172-314": 368027.6222805993,
  "XI-IATI-EC_INTPA-2008/183-112": 105854.68335234374,
  "XI-IATI-EC_INTPA-2008/183-113": 32577.527783906244,
  "XI-IATI-EC_INTPA-2008/188-454": 9298.263148984373,
  "XI-IATI-EC_INTPA-2008/188-455": 415190.72428711836,
  "XI-IATI-EC_INTPA-2008/188-456": 812822.6873756717,
  "XI-IATI-EC_INTPA-2008/190-861": 21140.933258906247,
  "XI-IATI-EC_INTPA-2008/192-408": 8550016.246093744,
  "XI-IATI-EC_INTPA-2008/196-771": 55713.32022285155,
  "XI-IATI-EC_INTPA-2008/19925/1": 29402272.641713593,
  "XI-IATI-EC_INTPA-2008/21041/1": 292519.30673544767,
  "XI-IATI-EC_INTPA-2008/21042/1": 2769852.7917623497,
  "XI-IATI-EC_INTPA-2009/205-258": 553125.9343002853,
  "XI-IATI-EC_INTPA-2009/212-502": 128921.01901357001,
  "XI-IATI-EC_INTPA-2009/214-069": 83524.03472562494,
  "XI-IATI-EC_INTPA-2009/21411/0": 21394853.776563127,
  "XI-IATI-EC_INTPA-2009/21426/2": 770934.7843413518,
  "XI-IATI-EC_INTPA-2009/21549/0": 4722327.17480616,
  "XI-IATI-EC_INTPA-2009/217-719": -382533.16558803787,
  "XI-IATI-EC_INTPA-2009/223-564": 65775.24496009907,
  "XI-IATI-EC_INTPA-2009/224-183": -12873.929662743214,
  "XI-IATI-EC_INTPA-2009/224-199": -32522.728254280217,
  "XI-IATI-EC_INTPA-2009/224-203": 264130.2665172347,
  "XI-IATI-EC_INTPA-2009/225-500": 331537.469016334,
  "XI-IATI-EC_INTPA-2009/226-533": 350152.2983880499,
  "XI-IATI-EC_INTPA-2010/22031/0": 16698784.124602038,
  "XI-IATI-EC_INTPA-2010/228-644": -21292.905442078132,
  "XI-IATI-EC_INTPA-2010/231-320": -796.1009468519646,
  "XI-IATI-EC_INTPA-2010/246-297": 84845.86666666684,
  "XI-IATI-EC_INTPA-2010/246-311": 101437.95670721983,
  "XI-IATI-EC_INTPA-2010/248-985": 53768.76125300011,
  "XI-IATI-EC_INTPA-2010/248-995": 188355.02183733726,
  "XI-IATI-EC_INTPA-2010/248-999": 58379.25913333345,
  "XI-IATI-EC_INTPA-2010/249-004": 195661.9457811539,
  "XI-IATI-EC_INTPA-2010/249-007": 177313.56674146294,
  "XI-IATI-EC_INTPA-2010/251-711": 37925.86729330606,
  "XI-IATI-EC_INTPA-2010/252-138": 84713.29500000017,
  "XI-IATI-EC_INTPA-2010/254-227": 81726.41557850016,
  "XI-IATI-EC_INTPA-2010/254-761": 3933871.700980401,
  "XI-IATI-EC_INTPA-2010/255-160": 20175997.850194596,
  "XI-IATI-EC_INTPA-2010/259-695": 151993.09344119453,
  "XI-IATI-EC_INTPA-2011/22744/2": 6677087.297972424,
  "XI-IATI-EC_INTPA-2011/22744/4": 2280414.878394431,
  "XI-IATI-EC_INTPA-2011/22975/0": 27999263.502865694,
  "XI-IATI-EC_INTPA-2011/23444/0": 140969.83331627212,
  "XI-IATI-EC_INTPA-2011/245-462": 1331982.413451737,
  "XI-IATI-EC_INTPA-2011/267-052": 114843.61148200987,
  "XI-IATI-EC_INTPA-2011/267-216": 127040.02231222806,
  "XI-IATI-EC_INTPA-2011/267-239": 96233.3167801654,
  "XI-IATI-EC_INTPA-2011/268-565": 17475998.20038914,
  "XI-IATI-EC_INTPA-2012/23480/1": 29800321.810072005,
  "XI-IATI-EC_INTPA-2012/301-072": 1371075.0395823496,
  "XI-IATI-EC_INTPA-2012/307-018": 25387424.156250007,
  "XI-IATI-EC_INTPA-2012/308-462": 199246.00146196072,
  "XI-IATI-EC_INTPA-2012/310-724": 119549.73246117639,
  "XI-IATI-EC_INTPA-2012/310-847": 119542.12310588243,
  "XI-IATI-EC_INTPA-2012/310-984": 92882.75186494106,
  "XI-IATI-EC_INTPA-2013/21401/1": 18481878.49463339,
  "XI-IATI-EC_INTPA-2013/22408/0": 39976314.70588246,