{
  "ES-DIR3-E04585801-009-039009": 34676.38926070045,
  "ES-DIR3-E04585801-009-044005": 47134.58364805456,
  "ES-DIR3-E04585801-009-051153": 1000.4906345625003,
  "ES-DIR3-E04585801-009-052375": 36914.0599006172,
  "ES-DIR3-E04585801-009-065041": 13281.153829796114,
  "ES-DIR3-E04585801-009-065235": 18240.47940003142,
  "ES-DIR3-E04585801-009-065239": 24224.819910572616,
  "ES-DIR3-E04585801-009-066055": 4755.326639411778,
  "ES-DIR3-E04585801-009-066169": 1491.742181647063,
  "ES-DIR3-E04585801-009-066785": 3307.013917647068,
  "ES-DIR3-E04585801-009-067979": 55104.387755521726,
  "ES-DIR3-E04585801-009-083054": 13279.693839999954,
  "ES-DIR3-E04585801-009-083064": 5140.2883746980215,
  "ES-DIR3-E04585801-009-084676": 58299.423588525286,
  "ES-DIR3-E04585801-009-089676": 1827.6982390274445,
  "ES-DIR3-E04585801-009-089912": 50537.93674133708,
  "ES-DIR3-E04585801-009-089991": 313.07449483137145,
  "ES-DIR3-E04585801-009-089993": 13449.555950282307,
  "ES-DIR3-E04585801-009-090908": 1159.3029244235254
}