{
  "ES-DIR3-E04585801-009-000031": 48721.04485040242,
  "ES-DIR3-E04585801-009-000037": 47607.42096810751,
  "ES-DIR3-E04585801-009-000047": 38420.023939174476,
  "ES-DIR3-E04585801-009-000049": 11136.238822949124,
  "ES-DIR3-E04585801-009-000067": 41760.89558605922,
  "ES-DIR3-E04585801-009-000129": 27422.98810151222,
  "ES-DIR3-E04585801-009-002705": 2384814.226731851,
  "ES-DIR3-E04585801-009-003175": 140118.70428497664,
  "ES-DIR3-E04585801-009-003371": 521352.5559008554,
  "ES-DIR3-E04585801-009-003891": 24776.544467029533,
  "ES-DIR3-E04585801-009-006661": 128446.64253966152,
  "ES-DIR3-E04585801-009-007365": 12651.996820556025,
  "ES-DIR3-E04585801-009-028069": 605599.8034307964,
  "ES-DIR3-E04585801-009-028361": 134163.83721947958,
  "ES-DIR3-E04585801-009-028423": 34800.74632171601,
  "ES-DIR3-E04585801-009-028489": 23757.105324579712,
  "ES-DIR3-E04585801-009-028561": 58465.2538204829,
  "ES-DIR3-E04585801-009-028747": 15033.922410981319,
  "ES-DIR3-E04585801-009-028789": 6403.337323195747,
  "ES-DIR3-E04585801-009-028973": 46076316.196698464,
  "ES-DIR3-E04585801-009-029149": 37584.8060274533,
  "ES-DIR3-E04585801-009-029181": 194884.17940160967,
  "ES-DIR3-E04585801-009-029195": 33408.71646884737,
  "ES-DIR3-E04585801-009-030573": 46772.20305638632,
  "ES-DIR3-E04585801-009-030639": 3875.411110386295,
  "ES-DIR3-E04585801-009-030953": 13920298.528686406,
  "ES-DIR3-E04585801-009-031403": 142822.26290432253,
  "ES-DIR3-E04585801-009-031561": 4732.901499753378,
  "ES-DIR3-E04585801-009-031619": 167043.58234423687,
  "ES-DIR3-E04585801-009-032029": 13641.892558112677,
  "ES-DIR3-E04585801-009-032055": 26838.33556330739,
  "ES-DIR3-E04585801-009-032177": 36387.66035398626,
  "ES-DIR3-E04585801-009-032281": 39951.25677732998,
  "ES-DIR3-E04585801-009-032497": 54845.97620302444,
  "ES-DIR3-E04585801-009-032559": 27283.785116225354,
  "ES-DIR3-E04585801-009-032615": 50113.07470327106,
  "ES-DIR3-E04585801-009-033063": 60135.689643925274,
  "ES-DIR3-E04585801-009-033093": 36749.58811573211,
  "ES-DIR3-E04585801-009-033263": 50113.07470327106,
  "ES-DIR3-E04585801-009-033321": 139202.98528686404,
  "ES-DIR3-E04585801-009-033877": 59334.43726061408,
  "ES-DIR3-E04585801-009-034699": 78399.12131356183,
  "ES-DIR3-E04585801-009-034715": 8324.33852015447,
  "ES-DIR3-E04585801-009-034865": 21437.259734177063,
  "ES-DIR3-E04585801-009-035157": 27840.597057372812,
  "ES-DIR3-E04585801-009-035289": 4176.089558605921,
  "ES-DIR3-E04585801-009-035529": 23942.913469340616,
  "ES-DIR3-E04585801-009-035647": 83521.79117211844,
  "ES-DIR3-E04585801-009-035835": 60135.689643925274,
  "ES-DIR3-E04585801-009-035853": 55681.194114745624,
  "ES-DIR3-E04585801-009-035901": 11590.096236178417,
  "ES-DIR3-E04585801-009-035917": 9788.78176596934,
  "ES-DIR3-E04585801-009-036131": 238037.10484053753,
  "ES-DIR3-E04585801-009-036357": 10022.614940654212,
  "ES-DIR3-E04585801-009-036421": 157763.36476471456,
  "ES-DIR3-E04585801-009-037127": 20657.723016570624,
  "ES-DIR3-E04585801-009-037285": 10022.614940654212,
  "ES-DIR3-E04585801-009-037411": 52340.32246786088,
  "ES-DIR3-E04585801-009-037429": 37120.78679629806,
  "ES-DIR3-E04585801-009-037445": 8352.179117211843,
  "ES-DIR3-E04585801-009-037497": 18854.90515412045,
  "ES-DIR3-E04585801-009-037669": 11431.989485489594,
  "ES-DIR3-E04585801-009-037711": 60233.79990795546,
  "ES-DIR3-E04585801-009-037937": 169005.14729110818,
  "ES-DIR3-E04585801-009-038013": 29232.62691024145,
  "ES-DIR3-E04585801-009-038107": 27933689.0537834,
  "ES-DIR3-E04585801-009-038257": 135792.5121473359,
  "ES-DIR3-E04585801-009-038307": 47624.76566007425,
  "ES-DIR3-E04585801-009-038815": 26448.567204504172,
  "ES-DIR3-E04585801-009-039375": 109580.59001781938,
  "ES-DIR3-E04585801-009-039679": 50113.07470327106,
  "ES-DIR3-E04585801-009-039711": 99947.7434359684,
  "ES-DIR3-E04585801-009-040097": 27613.724031952283,
  "ES-DIR3-E04585801-009-040121": 20045.229881308424,
  "ES-DIR3-E04585801-009-040237": 135252.8778545728,
  "ES-DIR3-E04585801-009-040391": 10245.339717113195,
  "ES-DIR3-E04585801-009-040443": 43152.92543892786,
  "ES-DIR3-E04585801-009-040529": 104402.23896514805,
  "ES-DIR3-E04585801-009-040609": 43013.72245364099,
  "ES-DIR3-E04585801-009-040819": 33074.6293041589,
  "ES-DIR3-E04585801-009-040861": 223838.4003412774,
  "ES-DIR3-E04585801-009-040945": 14755.51644040759,
  "ES-DIR3-E04585801-009-040989": 43989.71634438278,
  "ES-DIR3-E04585801-009-041187": 69601.49264343202,
  "ES-DIR3-E04585801-009-041771": 42412.5882819782,
  "ES-DIR3-E04585801-009-042011": 510410.93677163584,
  "ES-DIR3-E04585801-009-042017": 26448.567204504172,
  "ES-DIR3-E04585801-009-042457": 31459.874674831277,
  "ES-DIR3-E04585801-009-042485": 27840.597057372812,
  "ES-DIR3-E04585801-009-042503": 2004.5229881308424,
  "ES-DIR3-E04585801-009-042807": 14337.907484546999,
  "ES-DIR3-E04585801-009-043151": 57073.22396761426,
  "ES-DIR3-E04585801-009-043173": 6754532.534775976,
  "ES-DIR3-E04585801-009-043287": 226900.8660175884,
  "ES-DIR3-E04585801-009-044021": 92138.45596137532,
  "ES-DIR3-E04585801-009-044173": 18193.83017699313,
  "ES-DIR3-E04585801-009-044277": 190986.4958135775,
  "ES-DIR3-E04585801-009-044289": 26448.567204504172,
  "ES-DIR3-E04585801-009-044295": 30903.06273368382,
  "ES-DIR3-E04585801-009-044447": 50113.07470327106,
  "ES-DIR3-E04585801-009-044723": 25344.687531179337,
  "ES-DIR3-E04585801-009-044785": 29956.482433733145,
  "ES-DIR3-E04585801-009-044865": 38037.2157296356,
  "ES-DIR3-E04585801-009-044921": 25418.465113381375,
  "ES-DIR3-E04585801-009-045089": 60135.689643925274,
  "ES-DIR3-E04585801-009-045155": 9465.802999506755,
  "ES-DIR3-E04585801-009-045321": 257664.72576598538,
  "ES-DIR3-E04585801-009-045389": 30624.65676311009,
  "ES-DIR3-E04585801-009-045395": 15033.922410981319,
  "ES-DIR3-E04585801-009-045411": 4732.901499753378,
  "ES-DIR3-E04585801-009-045799": 199834.23755841056,
  "ES-DIR3-E04585801-009-045847": 26494.86611741058,
  "ES-DIR3-E04585801-009-045943": 11414.644793522853,
  "ES-DIR3-E04585801-009-046129": 249173.34366348665,
  "ES-DIR3-E04585801-009-046137": 101838.98303467278,
  "ES-DIR3-E04585801-009-046147": 19488.41794016097,
  "ES-DIR3-E04585801-009-046193": 30067.844821962637,
  "ES-DIR3-E04585801-009-046365": 50113.07470327106,
  "ES-DIR3-E04585801-009-046471": 107186.29867088533,
  "ES-DIR3-E04585801-009-046887": 21186.69436066071,
  "ES-DIR3-E04585801-009-047351": 19267.000234349278,
  "ES-DIR3-E04585801-009-048511": 37114.7418527691,
  "ES-DIR3-E04585801-009-048755": 340210.31918339536,
  "ES-DIR3-E04585801-009-048785": 30667.027379677285,
  "ES-DIR3-E04585801-009-048787": 795702.1524909881,
  "ES-DIR3-E04585801-009-049035": 7858.046045579353,
  "ES-DIR3-E04585801-009-049065": 22325.038735551476,
  "ES-DIR3-E04585801-009-049085": 2247.8166940074157,
  "ES-DIR3-E04585801-009-050223": 459.6592469242822,
  "ES-DIR3-E04585801-009-051469": 10468.403460663107,
  "ES-DIR3-E04585801-009-051639": 3100.7025710479434,
  "ES-DIR3-E04585801-009-051797": 5137.866729159807,
  "ES-DIR3-E04585801-009-052573": 4418.565387077434,
  "ES-DIR3-E04585801-009-053929": 770680.009373971,
  "ES-DIR3-E04585801-009-053931": 642233.3411449759,
  "ES-DIR3-E04585801-009-058277": 590889.1560201101,
  "ES-DIR3-E04585801-009-058335": 14525745.703510838,
  "ES-DIR3-E04585801-009-058355": 2652215.9687666423,
  "ES-DIR3-E04585801-009-058401": 13027371.231721643,
  "ES-DIR3-E04585801-009-059401": 2246.4913574565826,
  "ES-DIR3-E04585801-009-059507": 15413.600187479422,
  "ES-DIR3-E04585801-009-060389": 64223.334114497586,
  "ES-DIR3-E04585801-009-062963": 28566.27724802366,
  "ES-DIR3-E04585801-009-063653": 28251.732461745374,
  "ES-DIR3-E04585801-009-063683": 20015.131001190763,
  "ES-DIR3-E04585801-009-063769": 5074.793347863114,
  "ES-DIR3-E04585801-009-065239": 24215.572968813416,
  "ES-DIR3-E04585801-009-065737": 71263.9319342615,
  "ES-DIR3-E04585801-009-065867": 40265.91296882906,