{
  "GB-CHC-288701-RW999": 1725445.796665835,
  "GB-CHC-288701-RWA51": 82652.80370939073,
  "GB-CHC-288701-RWA52": 115411.28231383655,
  "GB-CHC-288701-RWA53": 164966.21994268525,
  "GB-CHC-288701-RWA55": 529304.1537753803,
  "GB-CHC-288701-RWR50": 43708.704555369244,
  "GB-CHC-288701-RWV01": 461177.0318922039,
  "GB-CHC-288701-RWV02": 1488.51699247115,
  "GB-CHC-288701-RWV03": 106867.47981046818
}