{
  "BE-BCE_KBO-0424198222-PROG_2017-2021-Administration-Costs_2017": 1229776.6627744625,
  "BE-BCE_KBO-0424198222-PROG_2017-2021-Program-Management-Costs_2017": 2131566.7548238356,
  "BE-BCE_KBO-0424198222-PROG_2017-2021_OS1": 2370368.424181384,
  "BE-BCE_KBO-0424198222-PROG_2017-2021_OS10": 2431959.314743109,
  "BE-BCE_KBO-0424198222-PROG_2017-2021_OS11": 1703138.0054901901,
  "BE-BCE_KBO-0424198222-PROG_2017-2021_OS12": 6070475.489852289,
  "BE-BCE_KBO-0424198222-PROG_2017-2021_OS13": 1450867.6497710655,
  "BE-BCE_KBO-0424198222-PROG_2017-2021_OS2": 3750839.7473422145,
  "BE-BCE_KBO-0424198222-PROG_2017-2021_OS3": 1131290.2365955333,
  "BE-BCE_KBO-0424198222-PROG_2017-2021_OS4": 1697824.0023529353,
  "BE-BCE_KBO-0424198222-PROG_2017-2021_OS5": 2254200.1308235214,
  "BE-BCE_KBO-0424198222-PROG_2017-2021_OS7": 5057442.959508155,
  "BE-BCE_KBO-0424198222-PROG_2017-2021_OS8": 4683654.490912768,
  "BE-BCE_KBO-0424198222-PROG_2017-2021_OS9": 4734171.503766752
}