{
  "AUS0003": 76.60312627489897,
  "BOL0023": 67.22315162899298,
  "BRA0022": 548.7285167855008,
  "BRA0026": 82.85644270550297,
  "BRA0081": 103.17972110496596,
  "BRA0097": 350.1857201138239,
  "BRA0106": 178.21951827221395,
  "BRA0114": 612.8250101991918,
  "CARPO0005": 207.9227713175829,
  "CARPO0034": 1.5633291076509994,
  "CARPO0256": 43.773215014227986,
  "CARPO0317": 51.58986055248298,
  "CARPO0367": 18.759949291811992,
  "CARPO0373": 70.34980984429497,
  "CHI0024": 770.7212500719427,
  "CHI0120": 375.19898583623984,
  "CHI0143": 136.00963236563695,
  "CHI0175": 372.07232762093787,
  "CHI0234": 307.97583420724686,
  "CHI0267": 1281.9298682738195,
  "CHI0271": 920.8008444064386,
  "CHI0288": 39.083227691274985,
  "COL0040": 828.5644270550297,
  "COL0045": 120.37634128912696,
  "COL0057": 115.68635396617395,
  "DEN0018": 14.069961968858994,
  "EPO0003": 372.07232762093787,
  "EPO0012": 20.323278399462993,
  "EPO0013": 31.26658215301999,
  "ESARPO0029": 234.4993661476499,
  "ESARPO0039": 256.3859736547639,
  "ESARPO0046": 447.11212478818584,
  "ESARPO0059": 100.05306288966396,
  "ESARPO0224": 242.3160116859049,
  "ESARPO0225": 193.85280934872392,
  "ESARPO0227": 164.14955630335493,
  "ESARPO0259": 257.9493027624149,
  "ESARPO0273": 318.9191379608039,
  "ESARPO0347": 23.44993661476499,
  "ESARPO0392": 314.22915063785086,
  "ESARPO0406": 512.7719473095278,
  "ESARPO0419": 65.65982252134198,
  "ESARPO0423": 59.40650609073798,
  "ESARPO0439": 412.71888441986385,
  "ESARPO0440": 637.8382759216078,
  "ESARPO0442": 103.17972110496596,
  "ESARPO0454": 117.24968307382495,
  "ESARPO0457": 318.9191379608039,
  "ESARPO0458": 137.57296147328796,
  "ESARPO0487": 46.89987322952998,
  "GHA0001": 64.09649341369098,
  "GMPO0441": 678.4848327205337,
  "IND0006": 315.7924797455019,
  "IND0033": 767.5945918566407,
  "IND0049": 217.30274596348892,
  "IND0314": 422.09885906576983,
  "IND0456": 15.633291076509995,
  "INO0041": 323.6091252837569,
  "INO0112": 14.069961968858994,
  "INO0130": 121.93967039677796,
  "INO0146": 121.93967039677796,
  "INT0030": 931.7441481599957,
  "INT0055": 237.6260243629519,
  "INT0059": 171.96620184160994,
  "INT0119": 154.76958165744895,
  "INT0126": 39.083227691274985,
  "INT0144": 117.24968307382495,
  "INT0146": 114.12302485852295,
  "INT0170": 229.80937882469692,
  "INT0197": 312.6658215301999,
  "INT0218": 440.85880835758184,
  "INT0228": 189.16282202577094,
  "INT0235": 10.943303753556997,
  "INT0262": 120.37634128912696,
  "MAL0063": 85.98310092080497,
  "MAL0139": 39.083227691274985,
  "MAL0160": 168.83954362630794,
  "MWIOPO0051": 34.39324036832199,
  "NED0072": 17.196620184160995,
  "NEP0023": 633.1482885986547,
  "NEP0069": 297.0325304536899,
  "PAK0012": 184.47283470281792,
  "PAK0096": 1.5633291076509994,
  "PHI0033": 62.53316430603998,
  "RUS0061": 789.4811993637547,
  "SAF0448": 32.82991126067099,
  "SPPO0018": 237.6260243629519,
  "US0102": 256.3859736547639,
  "US0105": 547.1651876778498,
  "US0136": 303.2858468842939,
  "US0174": 45.33654412187898,
  "US0195": 540.9118712472458,
  "US0283": 984.8973378201297,
  "US0296": 6.253316430603998,
  "US0367": 79.72978449020097,
  "US0398": 193.85280934872392,
  "US0467": 392.39560602040086,
  "US0593": 40.646556798925985
}