{
  "NL-KVK-41210098-FGG": 75315646.08400875,
  "NL-KVK-41210098-FGG3BE": 1075337.0775482191
}