{
  "GB-COH-05543952-EMUK10754": 1945292.7053642385,
  "GB-COH-05543952-EMUK10767": 1717313.9235633716,
  "GB-COH-05543952-EMUK10791": 2496773.092656826,
  "GB-COH-05543952-GB-1-203048": 21877135.01527782
}