{
  "SE-0-SE-2-11354A0101-TLS-43010": 234000.234000117,
  "SE-0-SE-24-2018-278-765-15150": 9585.519653871,
  "SE-0-SE-36-1415-RPS8-765-15230": 638479.0754959251,
  "SE-0-SE-36-1626-RPS11-765-15230": 736366.9996300407,
  "SE-0-SE-36-1627-RPS11-765-15230": 1004865.4879710166,
  "SE-0-SE-36-1686-RPS8-765-15230": 243675.5435839049,
  "SE-0-SE-6-11434A0101-TLS-15160": 232423.89796884908,
  "SE-0-SE-6-11434A0104-TLS-15160": 50753.7174166111,
  "SE-0-SE-6-11859A0101-TLS-15150": 354158.9189184758,
  "SE-0-SE-6-11859A0102-TLS-15150": 503184.4684928875,
  "SE-0-SE-6-12149A0101-TLS-43010": 1056359.29031646,
  "SE-0-SE-6-13113A0101-TLS-15150": 1724210.6955495155,
  "SE-0-SE-6-4100007201-TLS-15162": 1647.9417020045,
  "SE-0-SE-6-4100015401-TLS-15230": 10449439.30499017,
  "SE-0-SE-6-4100015601-TLS-11330": 58540.7888129598,
  "SE-0-SE-6-4100025101-TLS-99810": 318549.5156145785,
  "SE-0-SE-6-4100220901-TLS-15161": 196726.76623075138,
  "SE-0-SE-6-4100225301-TLS-51010": 2487914.85621619,
  "SE-0-SE-6-4100225401-TLS-15162": 230347.3906017399,
  "SE-0-SE-6-4100261701-TLS-11220": 52777.763368816595,
  "SE-0-SE-6-4100265301-TLS-11330": 141720.1164575757,
  "SE-0-SE-6-4190009401-TLS-15140": 6628959.882098199,
  "SE-0-SE-6-5100019803-TLS-15160": 48648.9662249663,
  "SE-0-SE-6-5100019803-TLS-15180": 48648.9662249663,
  "SE-0-SE-6-5102000201-TLS-15152": 2002131.2568417687,
  "SE-0-SE-6-5102000301-TLS-15110": 2196565.31411889,
  "SE-0-SE-6-5102000401-TLS-11220": 8357915.722911031,
  "SE-0-SE-6-5102002601-TLS-15130": 7075514.725945744,
  "SE-0-SE-6-5102011001-TLS-15150": 2300014.6164836935,
  "SE-0-SE-6-5122000601-TLS-99810": 92682.6545649488,
  "SE-0-SE-6-5204046701-TLS-72010": 149509.00965499732,
  "SE-0-SE-6-5400007601-TLS-13040": 2087.4807585552,
  "SE-0-SE-6-5400007601-TLS-15150": 70583.0198546358,
  "SE-0-SE-6-5400007601-TLS-99810": 1860.5426109897,
  "SE-0-SE-6-5400007602-TLS-13040": 44.9090293488,
  "SE-0-SE-6-5400007602-TLS-15150": 3284.9187083142997,
  "SE-0-SE-6-5400007603-TLS-15150": 555.565839361,
  "SE-0-SE-6-5403015401-TLS-13040": 174521.714309253,
  "SE-0-SE-6-5403015401-TLS-15150": 412371.9831792391,
  "SE-0-SE-6-5403015401-TLS-41010": 5154.6497893155,
  "SE-0-SE-6-5403015401-TLS-43081": 111929.5382909935,
  "SE-0-SE-6-5403015401-TLS-99820": 32400.6558208402,
  "SE-0-SE-6-5403052901-TLS-13020": 48302.9433044504,
  "SE-0-SE-6-5403052901-TLS-15150": 355654.5503682508,
  "SE-0-SE-6-5403052901-TLS-43081": 1665.6187343258,
  "SE-0-SE-6-5403052902-TLS-15150": 598035.07945182,
  "SE-0-SE-6-5403052903-TLS-15150": 364577.1713815448,
  "SE-0-SE-6-5405021501-TLS-15151": 102550.377038956,
  "SE-0-SE-6-6105015801-TLS-13020": 1105567.5487465926,
  "SE-0-SE-6-6105030102-TLS-14030": 1542934.1717408535,
  "SE-0-SE-6-7100054701-TLS-15120": 30680.6912869046,
  "SE-0-SE-6-7100061601-TLS-33110": 131149.0673460205,
  "SE-0-SE-6-7100132601-TLS-25010": 47295.2614166698,
  "SE-0-SE-6-7100179101-TLS-33120": 1071263.3174086737,
  "SE-0-SE-6-7200000401-TLS-15162": 1201208.5504276596,
  "SE-0-SE-6-7200004501-TLS-15162": 250735.4344872182,
  "SE-0-SE-6-7200055401-TLS-11220": 11420326.931459442,
  "SE-0-SE-6-7240004701-TLS-11220": 14087133.882333977,
  "SE-0-SE-6-7260043001-TLS-15150": 105445.5183433161,
  "SE-0-SE-6-7260043501-TLS-15162": 332359.7650077459,
  "SE-0-SE-6-7260053101-TLS-15140": 139395.1646819353,
  "SE-0-SE-6-7260078501-TLS-15152": 5177404.7397872815,
  "SE-0-SE-6-7260078901-TLS-15151": 1134279.3721253518,
  "SE-0-SE-6-7260100501-TLS-15130": 6858290.341420847,
  "SE-0-SE-6-7400019801-TLS-15230": 1012995.6903333294,
  "SE-0-SE-6-7400035601-TLS-15230": 288062.1904985036,
  "SE-0-SE-6-7400090101-TLS-72010": 568167.5844375656,
  "SE-0-SE-6-7400090201-TLS-72010": 408166.5471478886,
  "SE-0-SE-6-7400091401-TLS-72010": 405102.25858568214,
  "SE-0-SE-6-7400092601-TLS-11110": 62222.8249440315,
  "SE-0-SE-6-7400092601-TLS-12110": 23931.8307111664,
  "SE-0-SE-6-7400092601-TLS-13040": 2393.139018867,
  "SE-0-SE-6-7400092601-TLS-15162": 33504.607078099194,
  "SE-0-SE-6-7400092601-TLS-16010": 52650.1607167995,
  "SE-0-SE-6-7400092601-TLS-24010": 7179.5272023334,
  "SE-0-SE-6-7400092601-TLS-43010": 2393.139018867,
  "SE-0-SE-6-7400092601-TLS-99810": 55043.2987693987,
  "SE-0-SE-6-7400093301-TLS-72010": 98412.6695956332,
  "SE-0-SE-6-7400093701-TLS-72010": 73809.5021967249,
  "SE-0-SE-6-7400096301-TLS-72010": 57369.9730367007,
  "SE-0-SE-6-7400103601-TLS-72010": 330411.3995437591,
  "SE-0-SE-6-7400103701-TLS-72010": 585407.8881295986,
  "SE-0-SE-6-7400103801-TLS-72010": 702489.4657555182,
  "SE-0-SE-6-7400103901-TLS-72010": 585407.8881295986,
  "SE-0-SE-6-7400110601-TLS-72010": 1169656.354387267,
  "SE-0-SE-6-7400120601-TLS-15230": 440548.5327256788,
  "SE-0-SE-6-7400135501-TLS-15230": 170712.5564311755,
  "SE-0-SE-6-7400163601-TLS-72010": 403289.87077304034,
  "SE-0-SE-6-7400173701-TLS-11110": 112993.2291843879,
  "SE-0-SE-6-7400173701-TLS-12110": 58756.5037205643,
  "SE-0-SE-6-7400173701-TLS-15150": 27118.3633508692,
  "SE-0-SE-6-7400173701-TLS-16010": 18078.9093132177,
  "SE-0-SE-6-7400173701-TLS-25010": 18078.9093132177,
  "SE-0-SE-6-7400173701-TLS-43040": 81355.1900526078,
  "SE-0-SE-6-7400173701-TLS-99810": 135591.8155164314,
  "SE-0-SE-6-7400174701-TLS-15230": 857046.1017477677,
  "SE-0-SE-6-7400183701-TLS-72010": 415883.6539450674,
  "SE-0-SE-6-7400197401-TLS-72010": 15879.829673266602,
  "SE-0-SE-6-7400197501-TLS-72050": 101435.03754757739,
  "SE-0-SE-6-7400197601-TLS-72010": 50717.518773788695,
  "SE-0-SE-6-7400197801-TLS-72010": 1097496.4510104163,
  "SE-0-SE-6-7400258901-TLS-11110": 186996.5144352585,
  "SE-0-SE-6-7400258901-TLS-12110": 69764.1038983076,
  "SE-0-SE-6-7400258901-TLS-13040": 7911.3429794264,
  "SE-0-SE-6-7400258901-TLS-15150": 64729.6008841358,
  "SE-0-SE-6-7400258901-TLS-16010": 20138.1342107471,
  "SE-0-SE-6-7400258901-TLS-25010": 27330.2987891811,
  "SE-0-SE-6-7400258901-TLS-43010": 117232.41189823589,
  "SE-0-SE-6-7400258901-TLS-99810": 225115.1225304054,
  "SE-0-SE-6-7400305201-TLS-72010": 687724.3034040332,
  "SE-0-SE-6-7400305301-TLS-72010": 696204.064471147,
  "SE-0-SE-6-7400305401-TLS-72010": 1392408.128943294,
  "SE-0-SE-6-7400313601-TLS-72010": 727102.1616185076,
  "SE-0-SE-6-7400314601-TLS-72010": 723757.4916759158,
  "SE-0-SE-6-7400329001-TLS-12220": 4379.2329565068,
  "SE-0-SE-6-7400329001-TLS-13040": 6332.939593227699,
  "SE-0-SE-6-7400329001-TLS-15150": 25331.7597623755,
  "SE-0-SE-6-7400329001-TLS-15220": 5659.2239953332,
  "SE-0-SE-6-7400329001-TLS-16030": 1077.9468695911999,
  "SE-0-SE-6-7400329001-TLS-24040": 2290.6379067519,
  "SE-0-SE-6-7400329001-TLS-43040": 2492.824931987,
  "SE-0-SE-6-7400329001-TLS-43081": 9027.8073842116,
  "SE-0-SE-6-7400329001-TLS-99810": 6737.1708649243,
  "SE-0-SE-6-7400329001-TLS-99820": 4042.3016854758002,
  "SE-0-SE-6-7400329002-TLS-99820": 2105.4057912337,
  "SE-0-SE-6-7430003001-TLS-12220": 16647.0850879051,
  "SE-0-SE-6-7430003001-TLS-13040": 30565.1452112667,
  "SE-0-SE-6-7430003001-TLS-15150": 132904.0145205891,
  "SE-0-SE-6-7430003001-TLS-15220": 22651.0207516869,
  "SE-0-SE-6-7430003001-TLS-16030": 3547.714083962,
  "SE-0-SE-6-7430003001-TLS-24040": 5185.1008502813,
  "SE-0-SE-6-7430003001-TLS-43040": 16101.3366768743,
  "SE-0-SE-6-7430003001-TLS-43081": 45302.0415043739,
  "SE-0-SE-6-7800000801-TLS-15161": 265478.6149135229,
  "SE-0-SE-6-7800008201-TLS-15161": 11961.8838504991,
  "SE-0-SE-6-7800010601-TLS-15161": 6112.8852175701995,
  "SE-0-SE-6-7810009601-TLS-15150": 119945.8903405,
  "SE-0-SE-6-7840004701-TLS-15161": 28737.2887263829,
  "SE-0-SE-6-7840005001-TLS-15161": 15122.1096133711,
  "SE-0-SE-6-8889998801-TLS-11110": 209977.3841717058,
  "SE-0-SE-6-8889998801-TLS-12110": 92744.9736347549,
  "SE-0-SE-6-8889998801-TLS-12220": 35993.3209527912,
  "SE-0-SE-6-8889998801-TLS-13040": 43115.9293289858,
  "SE-0-SE-6-8889998801-TLS-14010": 3447.1547947929002,
  "SE-0-SE-6-8889998801-TLS-15140": 1149.0936683699001,
  "SE-0-SE-6-8889998801-TLS-15150": 339068.5750783274,