{
  "9F072705": 82406.7381688751,
  "9F073502": 57050.81873229815,
  "9F081003": 129949.0871124569,
  "9F081401": 85576.22809844722,
  "9F081402": 115686.38242938236,
  "9F081404": 148966.0266898896,
  "9F081406": 98254.18781673569,
  "9F083401": 41203.36908443755,
  "KE008004": 118855.87235895447,
  "KE085203": 299516.79834456526,
  "KE086901": 79237.24823930298,
  "KE087301": 148966.0266898896,
  "MZ001504": 175906.6910912526,
  "NA000100": 606957.3215130608,
  "TZ005503": 4754.234894358179,
  "TZ086000": 347059.14728814707,
  "TZ086200": 221864.29507004836,
  "TZ086201": 218694.80514047624,
  "ZA206600": 47542.34894358179
}