{
  "9F072705": 82142.40161518169,
  "9F073502": 56867.81650281809,
  "9F081003": 129532.24870086343,
  "9F081401": 85301.72475422714,
  "9F081402": 115315.2945751589,
  "9F081404": 148488.18753513612,
  "9F081406": 97939.01731040893,
  "9F083401": 41071.200807590845,
  "KE008004": 118474.61771420436,
  "KE085203": 298556.036639795,
  "KE086901": 78983.07847613623,
  "KE087301": 148488.18753513612,
  "MZ001504": 175342.43421702244,
  "NA000100": 605010.3811272036,
  "TZ005503": 4738.984708568174,
  "TZ086000": 345945.88372547674,
  "TZ086200": 221152.61973318146,
  "TZ086201": 217993.29659413602,
  "ZA206600": 47389.847085681744
}