{
  "GB-CHC-1099776-J7": 12849052.55096911,
  "GB-CHC-1099776-J7-GB": 251408.27989824227
}