{
  "KR-GOV-030-1342000_2019_002": 969752.0211998025,
  "KR-GOV-030-1342000_2019_003": 1754997.6976558643,
  "KR-GOV-030-1342000_2019_025": 767448.0452870333,
  "KR-GOV-030-1342000_2019_028": 767448.0452870333,
  "KR-GOV-030-1342000_2019_044_01": 72963.30876486456,
  "KR-GOV-030-1342000_2019_044_02": 72963.30876486456,
  "KR-GOV-030-1342000_2019_044_03": 72013.49682762814,
  "KR-GOV-030-1342000_2019_044_04": 72013.49682762814,
  "KR-GOV-030-1342000_2019_092": 74988.83875992555,
  "KR-GOV-030-1342000_2019_093": 73886.06150982107,
  "KR-GOV-030-1342000_2019_094": 73886.06150982107,
  "KR-GOV-030-1342000_2019_096": 89668130.94107369,
  "KR-GOV-030-1342000_2020_003": 759849.5497891419,
  "KR-GOV-030-1342000_2020_005": 759849.5497891419,
  "KR-GOV-030-1342000_2020_006": 759849.5497891419,
  "KR-GOV-030-1342000_2020_007": 759849.5497891419,
  "KR-GOV-030-1342000_2020_010": 759849.5497891419,
  "KR-GOV-030-1342000_2020_011": 759849.5497891419,
  "KR-GOV-030-1342000_2020_017": 439966.420348771,
  "KR-GOV-030-1342000_2020_018": 450715.0906120589,
  "KR-GOV-030-1342000_2020_047": 371475.9783062954,
  "KR-GOV-030-1342000_2020_048": 344068.84236921096,
  "KR-GOV-030-1342000_2020_049": 480948.6341704343,
  "KR-GOV-030-1342000_2020_050": 434622.69575624034,
  "KR-GOV-030-1342000_2020_051": 416471.2767372061,
  "KR-GOV-030-1342000_2020_052": 258917.38345807535,
  "KR-GOV-030-1342000_2020_053": 117656.87283917786,
  "KR-GOV-030-1342000_2020_054": 113365.46863720985,
  "KR-GOV-030-1342000_2020_055": 100286.89829413778,
  "KR-GOV-030-1342000_2020_056": 117101.33638539571,
  "KR-GOV-030-1342000_2020_058": 459937.3570533035,
  "KR-GOV-030-1342000_2020_059": 457035.5495611869,
  "KR-GOV-030-1342000_2020_060": 45368.14235781316,
  "KR-GOV-030-1342000_2020_061": 45368.14235781316,
  "KR-GOV-030-1342000_2020_062": 45368.14235781316,
  "KR-GOV-030-1342000_2020_063": 44418.33042057673,
  "KR-GOV-030-1342000_2020_064": 146779.29125033246,
  "KR-GOV-030-1342000_2021_003": 759849.5497891419,
  "KR-GOV-030-1342000_2021_005": 759849.5497891419,
  "KR-GOV-030-1342000_2021_007": 759849.5497891419,
  "KR-GOV-030-1342000_2021_008": 759849.5497891419,
  "KR-GOV-030-1342000_2021_015": 170583.8455985715,
  "KR-GOV-030-1342000_2021_017": 85291.92279928575,
  "KR-GOV-030-1342000_2021_018": 84342.11086204933,
  "KR-GOV-030-1342000_2021_019": 84342.11086204933,
  "KR-GOV-030-1342000_2021_023": 424824.5421906463,
  "KR-GOV-030-1342000_2021_041": 71407.91858212075,
  "KR-GOV-030-1342000_2021_042": 71407.91858212075,
  "KR-GOV-030-1342000_2022_001": 1124577.33368793,
  "KR-GOV-030-1342000_2022_002": 170966.1487025569,
  "KR-GOV-030-1342000_2022_003": 759849.5497891419,
  "KR-GOV-030-1342000_2022_004": 759849.5497891419,
  "KR-GOV-030-1342000_2022_005": 189962.38744728547,
  "KR-GOV-030-1342000_2022_006": 189962.38744728547,
  "KR-GOV-030-1342000_2022_007": 189962.38744728547,
  "KR-GOV-030-1342000_2022_008": 189962.38744728547,
  "KR-GOV-030-1342000_2022_009": 189962.38744728547,
  "KR-GOV-030-1342000_2022_013": 189962.38744728547,
  "KR-GOV-030-1342000_2022_014": 189962.38744728547,
  "KR-GOV-030-1342000_2022_017": 10870181.6040424,
  "KR-GOV-030-1342000_2022_021": 424824.5421906463,
  "KR-GOV-030-1342000_2022_022": 109825.80449071084,
  "KR-GOV-030-1342000_2022_023": 109825.80449071084,
  "KR-GOV-030-1342000_2022_024": 109825.80449071084,
  "KR-GOV-030-1342000_2022_025": 109825.80449071084,
  "KR-GOV-030-1342000_2022_026": 109825.80449071084,
  "KR-GOV-030-1342000_2022_027": 109825.80449071084,
  "KR-GOV-030-1342000_2022_028": 109825.80449071084,
  "KR-GOV-030-1342000_2022_031": 109825.80449071084,
  "KR-GOV-030-1342000_2022_032": 109825.80449071084,
  "KR-GOV-030-1342000_2022_033": 109825.80449071084,
  "KR-GOV-030-1342000_2022_034": 109825.80449071084,
  "KR-GOV-030-1342000_2022_035": 109825.80449071084,
  "KR-GOV-030-1342000_2022_036": 109825.80449071084,
  "KR-GOV-030-1342000_2022_037": 109825.80449071084,
  "KR-GOV-030-1342000_2022_038": 109825.80449071084,
  "KR-GOV-030-1342000_2022_040": 694484.5494092171,
  "KR-GOV-030-1342000_2022_041": 157384.23692108964,
  "KR-GOV-030-1342000_2022_042": 280237.72842977097,
  "KR-GOV-030-1342000_2022_043": 299056.83674632426,
  "KR-GOV-030-1342000_2022_044": 596817.2751795144,
  "KR-GOV-030-201917711215": 1131112.1917860266,
  "KR-GOV-030-201917711401": 71407.91858212075,
  "KR-GOV-030-201917711412": 61737.77687017972,
  "KR-GOV-030-201917711428": 71407.91858212075,
  "KR-GOV-030-201917711439": 351602.4400668668,
  "KR-GOV-030-201917711442": 71407.91858212075,
  "KR-GOV-030-GRP_0000145301": 90404.1573268493,
  "KR-GOV-030-GRP_0000145304": 90404.1573268493,
  "KR-GOV-030-GRP_0000147789": 10870181.6040424,
  "KR-GOV-030-GRP_0000147790": 543509.0792523081,
  "KR-GOV-030-GRP_0000147792": 2174036.3198586684,
  "KR-GOV-030-GRP_0000147795": 3261054.4812127203,
  "KR-GOV-030-GRP_0000147800": 41644.69909957829
}