{
  "XM-DAC-41108-1100000055": 12366893.020397976,
  "XM-DAC-41108-1100000199": 8726269.574743226,
  "XM-DAC-41108-1100000445": 12789353.058815654,
  "XM-DAC-41108-1100000468": 7739504.1305814935,
  "XM-DAC-41108-1100001022": 17630619.074118093,
  "XM-DAC-41108-1100001150": 19593793.969912175,
  "XM-DAC-41108-1100001371": 16001134.509374173,
  "XM-DAC-41108-1100001530": 26771521.680003915,
  "XM-DAC-41108-2000000053": 58211798.40082501,
  "XM-DAC-41108-2000002340": 13216041.129505983,
  "XM-DAC-41108-2000002563": 6709580.523993957
}