{
  "XI-IATI-EC_FPI-2016/378-034": 239060.0092860576,
  "XI-IATI-EC_FPI-2017/392-692": 7968666.976201922,
  "XI-IATI-EC_FPI-2018/402-300": 589743.7774635891,
  "XI-IATI-EC_FPI-2018/402-302": 597650.023215144,
  "XI-IATI-EC_FPI-2018/41486/0": 3758820.212674446,
  "XI-IATI-EC_FPI-2019/411-360": 227201.87580210646,
  "XI-IATI-EC_FPI-2021/428-838": 63749.33580961537,
  "XI-IATI-EC_FPI-2022/44177/1": 6613993.590247595
}