{
  "_path_": 6907801.395389787,
  "aaik": 15641778.572868625,
  "aauk": 41479344.01815746,
  "acf": 13667002.514071671,
  "afdb": 11947848.80640766,
  "aics": 146513352.6625534,
  "akfuk73": 72279944.83998404,
  "amrefnl": 143588642.7313414,
  "ausgov": 262347885.6156864,
  "be-dgd": 3024258630.764789,
  "beis": 251960320.62205565,
  "bmgf": 58223793.0,
  "bmz": 286367159.4344587,
  "bothends": 172215685.72244263,
  "bracuk": 742881.7518843892,
  "britishcouncil": 148898469.60598043,
  "caeb_mali": 319212.42259804247,
  "caid": 169968.8859121244,
  "cal": 124505017.10291196,
  "carbontrustadvisory": 24146607.83118051,
  "carenederland": 153268978.0459203,
  "cerf": 588971196.0,
  "cfyas": 2606356.744939215,
  "ciuk": 114599650.84160472,
  "cocnl_publisher": 13366992.607228056,
  "coffey": 20363889.808579776,
  "concernuk": 348989819.6012464,
  "cordaid": 204479705.44091332,
  "cowateruk": 7009995.727630832,
  "cr": 41254.05608997191,
  "crane": 171358.83096351838,
  "creausa-org": 8770735.885246411,
  "dai": 11431524.203699969,
  "dai-e": 52691246.42488044,
  "danida": 2562707546.666733,
  "ddp": 678384.6705994662,
  "dec-uk": 348925555.8859953,
  "defra_transparency": 28300954.431642044,
  "dhsc": 543371340.9774003,
  "drc": 18296667.066091847,
  "ec-echo": 3349330205.7565646,
  "ec-fpi": 985608.5592850227,
  "ec-intpa": 79085216.09219904,
  "ec-near": 101497020.77864923,
  "edt_kenya": 10184917.81929483,
  "elrha": 34149646.22313912,
  "emms": 2260050.4516165084,
  "energy_saving_trust": 6130572.9457514705,
  "fca": 1195299.873775837,
  "fcam": 44872226.656398766,
  "fcdo": 12166837874.959759,
  "fhfuk": 258363.9761157096,
  "fo_germany": 2001062788.711412,
  "foenl": 108783058.55217174,
  "free_press_unlimited": 19886241.403350934,
  "fwf": 44437617.8305868,
  "gac-amc": 562566800.0900384,
  "gdi": 1054588.0,
  "gecfundmanagerpwc": 903316501.3562926,
  "giro555": 194896251.2576542,
  "gppac": 10507085.841471042,
  "guttmacher": 1460490.45,
  "hewlett-foundation": 1000000.0,
  "hiuk": 12877318.176422326,
  "hpa": 611474.8885414681,
  "icf": 7100867.494604856,
  "idrccrdi": 1318631.3906646997,
  "inasp": 2977051.531797101,
  "ipeglobal": 266947.7656769199,
  "ippf": 360133934.5793995,
  "irc_inc": 190987863.2535897,
  "irc_uk": 1422185126.0601895,
  "irishaid": 57839241.135598935,
  "jass": 11231991.309417065,
  "kpmgllp": 59353480.55941177,
  "ksrelief291": 3000000.0,
  "ktk": 9236588.141008662,
  "lcd_admin": 2703653.987145233,
  "loftf": 18526858.90363196,
  "mag": 64300951.441262566,
  "mamac": 41690511.23802696,
  "manniondaniels": 836241162.3857099,
  "mce": 45800230.69478274,
  "mefbenin": 38669848.4398928,
  "minbuza_nl": 19705462100.169853,
  "mm1": 43729720.170861416,
  "mondiaalfnv": 469022.45710761804,
  "msi": 41136388.00204005,
  "nimd-hq": 12887677.501107296,
  "nl-kvk-41207989": 58382301.80569362,
  "nl_wg": 25668674.048075117,
  "nlrc": 8.61328125e-23,
  "norad": 125302904.53746246,
  "nso": 5525651.648194214,
  "onl": 69973830.25484435,
  "open_university": 1679117.0254082605,
  "options": 7856147.030295517,
  "orbis_international": 8105651.706515765,
  "orbis_uk": 11120126.93792162,
  "oxfamgb": 18744670.578436382,
  "pacja": 16802152.12955243,
  "palladium": 275872341.6351659,
  "palladium_eur": 1968688.3816351525,
  "pax": 77527361.55625406,
  "pegasys-eu": 26208224.29589385,
  "pin": 52360488.37664383,
  "plan_uk": 32785373.286646076,
  "plannlno": 110008176.73949584,
  "pwc": 88438761.17828378,
  "redeenkind": 19621047.792126406,
  "restless": 2030118.1898028816,
  "rikolto_belgium": 69485675.54629022,
  "rutgers": 201545435.1436321,
  "rvo": 7514562.248825991,
  "saferworld": 2454908.784933343,
  "sci": 725732.9717866895,
  "scnl": 258072528.18831342,
  "sdc_ch": 3936644.1434232886,
  "sida": 394141532.20022696,
  "siharegional": 15759035.028811324,
  "simavi": 164038167.5550281,
  "skn": 31190456.762360156,
  "snv": 14618425.803194337,
  "solidaridad": 5229775.043367837,
  "solidaridad-europe": 30679367.858377397,
  "sosnl": 45897419.38295251,
  "ss-org": 52582946.46268143,
  "st_vluchteling": 6067879.592589874,
  "stichting-subsidiegelden-dra": 220526904.64404577,
  "stichting_hivos": 4001659.8005506513,
  "tccec": 5468800.82551283,
  "tdh_nl": 15933924.691049188,
  "tear": 3569706.479884059,
  "tfac": 7886755.885356766,
  "theglobalfund": 2544811931.51,
  "thp_org": 24541796.323142625,
  "traidcraft": 809219.8689461201,
  "undp": 25430709.0,
  "unf": 1453466.0,
  "unitedstates": 12017445016.33,
  "unocha-cbpf": 229985988.23,
  "unpf": 102094300.0,
  "uoe": 5261352.939490529,
  "uom": 2388302.324562559,
  "usaid": 1476648886.19,
  "viva": 6974528.9537725765,
  "vso": 6567039.876082571,
  "w-d": 21928607.47984155,
  "warchildholland": 28629097.552507717,
  "waste": 6348969.007730746,
  "wemos": 43027794.827818014,
  "wnf": 31996340.81681173,
  "womankindworld": 14819188.744301671,
  "world_ywca": 10203302.486210868,
  "wri": 1935204.16,
  "wvnld": 59418572.1480821,
  "wvuk": 30890690.961259708,
  "wygi": 7214999.644508549,
  "zoa": 221458521.71273133
}