{
  "GB-CHC-292506-GB222": 1255088.3789714589,
  "GB-CHC-292506-GB225": 3033153.2287947373,
  "GB-CHC-292506-GB232": 6152095.215770988,
  "GB-CHC-292506-GB234": 345263.5052033396,
  "GB-CHC-292506-GB657": 15540852.530943042,
  "GB-CHC-292506-GB663": 19337344.68461947,
  "GB-CHC-292506-GB664": 4845704.534970681,
  "GB-CHC-292506-GB720": 21708331.660195466
}