{
  "GB-CHC-288701-UG150": 187125.39321630448,
  "GB-CHC-288701-UG999": 1499727.1238177232,
  "GB-CHC-288701-UGA13": 23580.250954308143,
  "GB-CHC-288701-UGA19": 1640194.1869842727,
  "GB-CHC-288701-UGA24": 521043.98264169187,
  "GB-CHC-288701-UGA50": 4727.623788086861,
  "GB-CHC-288701-UGA51": 893906.377840808,
  "GB-CHC-288701-UGA52": 76767.98403126946,
  "GB-CHC-288701-UGJ50": 8227.31655607326,
  "GB-CHC-288701-UGL50": 441275.08021468396,
  "GB-CHC-288701-UGL51": 388823.1774920255,
  "GB-CHC-288701-UGL53": 405514.24005618325,
  "GB-CHC-288701-UGR20": 58765.40528320894,
  "GB-CHC-288701-UGR53": 9632.679580300435,
  "GB-CHC-288701-UGR57": 134466.4416870674,
  "GB-CHC-288701-UGR58": 119099.35110233285,
  "GB-CHC-288701-UGV03": 33900.93537322044,
  "GB-CHC-288701-UGX51": 36179.07730764933
}