{
  "DE-1-199366295": 60239033.29831435,
  "DE-1-199570417": 2032462.5144397565,
  "DE-1-199665373": 42780304.64620783,
  "DE-1-199865726": 141708501.51935804,
  "DE-1-199870270": 4050118.190636314,
  "DE-1-200065318": 40454606.81536758,
  "DE-1-200065326": 21227896.93246129,
  "DE-1-200070128": 3199776.546169132,
  "DE-1-200165423": 36603304.76107278,
  "DE-1-200170027": 3405399.8294052086,
  "DE-1-200170126": 13471907.851757813,
  "DE-1-200265405": 56828060.97147606,
  "DE-1-200265413": 40594702.35028991,
  "DE-1-200265421": 45563978.54808164,
  "DE-1-200465963": 38559707.1439385,
  "DE-1-200470641": 1392304.2533783047,
  "DE-1-200470658": 5758983.509148378,
  "DE-1-200470666": 4708809.029223582,
  "DE-1-200665711": 28162041.670744136,
  "DE-1-200666255": 40463699.93709554,
  "DE-1-200666263": 14297173.977773756,
  "DE-1-200822049": 3759221.4841214227,
  "DE-1-200822056": 4736055.186770375,
  "DE-1-200866251": 190429079.12550375,
  "DE-1-200870287": 6801038.540196562,
  "DE-1-201022425": 21354883.09636341,
  "DE-1-201066398": 67927023.96974707,
  "DE-1-201066406": 39472843.98467308,
  "DE-1-201066935": 78377335.34970815,
  "DE-1-201070432": 3918866.767485408,
  "DE-1-201070440": 3893391.930508018,
  "DE-1-201166594": 46360097.69606238,
  "DE-1-201197755": 16720498.20793774,
  "DE-1-201225184": 5177683.206452883,
  "DE-1-201225218": 2655222.1571553247,
  "DE-1-201235043": 17055148.607445978,
  "DE-1-201266725": 79686669.7620192,
  "DE-1-201266733": 37692552.843443416,
  "DE-1-201266741": 53124446.50801281,
  "DE-1-201266832": 22206911.682417314,
  "DE-1-201267061": 64223334.11449759,
  "DE-1-201270214": 3492858.116487847,
  "DE-1-201270222": 3984333.4881009604,
  "DE-1-201306539-0": 840279.5695198454,
  "DE-1-201306547-0": 254745.99659071758,
  "DE-1-201322973": 2058572.3021854963,
  "DE-1-201322981": 15621013.25433,
  "DE-1-201362912-0": 580388.8144774237,
  "DE-1-201366368": 13276110.785776623,
  "DE-1-201366665": 13276110.785776623,
  "DE-1-201366814": 26557222.412779827,
  "DE-1-201366848": 93236012.6959416,
  "DE-1-201397538": 6640555.813501601,
  "DE-1-201397710": 8632722.55755208,
  "DE-1-201424787": 11439021.444337858,
  "DE-1-201424795": 4515577.953181089,
  "DE-1-201424811": 8050530.420159606,
  "DE-1-201424829": 5312444.6508012805,
  "DE-1-201424837": 5312444.6508012805,
  "DE-1-201440635": 15671711.719863778,
  "DE-1-201440643": 14253368.684769599,
  "DE-1-201440650": 15534916.270105645,
  "DE-1-201440668": 193173768.61476156,
  "DE-1-201440676": 34530890.23020832,
  "DE-1-201441070": 10359267.069062497,
  "DE-1-201455427-0": 698060.5395599391,
  "DE-1-201465079": 48118410.569493674,
  "DE-1-201465087": 26562223.254006404,
  "DE-1-201467620": 39392738.78426551,
  "DE-1-201467869": 73046113.9485176,
  "DE-1-201470160": 2656222.3254006403,
  "DE-1-201521962": 6773366.929771633,
  "DE-1-201521988": 5976500.23215144,
  "DE-1-201540665": 39804402.6303862,
  "DE-1-201540699": 14197508.329266421,
  "DE-1-201541010": 17663878.463914257,
  "DE-1-201541226-0": 2062556.6356735972,
  "DE-1-201555895-0": 1353756.9892520632,
  "DE-1-201555903-0": 716982.1392949305,
  "DE-1-201562735-0": 3718711.2555608964,
  "DE-1-201568351": 60395764.095057964,
  "DE-1-201568369": 18593556.277804483,
  "DE-1-201570308": 1328111.1627003201,
  "DE-1-201575380-0": 281559.5664924679,
  "DE-1-201606003-1247": 40599.56137705117,
  "DE-1-201606003-1355": 2639105.8412335445,
  "DE-1-201606003-1604": 664055.3157279275,
  "DE-1-201618123-0": 7012128.114046083,
  "DE-1-201618594": 26562223.254006404,
  "DE-1-201618784": 44902481.639616214,
  "DE-1-201621572": 6640555.813501601,
  "DE-1-201621580": 39780223.03855809,
  "DE-1-201621598": 7968666.976201921,
  "DE-1-201621606": 5312444.6508012805,
  "DE-1-201621614": 7968666.976201921,
  "DE-1-201621622": 6640555.813501601,
  "DE-1-201621630": 5312444.6508012805,
  "DE-1-201621648": 6640555.813501601,
  "DE-1-201621655": 8319907.222956624,
  "DE-1-201640580": 26562223.254006404,
  "DE-1-201640655": 53124446.50801281,
  "DE-1-201640663": 15937333.952403842,
  "DE-1-201640705": 115719047.22199804,
  "DE-1-201640721": 7968666.976201921,
  "DE-1-201641117-0": 1992166.7440504802,
  "DE-1-201665272": 21249778.603205122,
  "DE-1-201668300": 50528254.103267305,
  "DE-1-201668326": 33202779.067508005,
  "DE-1-201668334": 26772712.25862376,
  "DE-1-201668920": 11656486.459086189,
  "DE-1-201668938": 13281111.627003202,
  "DE-1-201670231": 7520048.7026013285,
  "DE-1-201670249": 5992886.759861293,
  "DE-1-201706019-2195": 347945.8802967364,
  "DE-1-201706019-2250": 624011.7680891409,
  "DE-1-201706019-2565": 596428.1609454597,
  "DE-1-201718451-0": 19552452.537274115,
  "DE-1-201740513": 81373370.93864861,
  "DE-1-201740521": 42366746.090140216,
  "DE-1-201740679-2243": 2656222.3254006403,
  "DE-1-201740679-3437": 1327978.35158405,
  "DE-1-201740695": 37715146.97600885,
  "DE-1-201740729": 26391601.742612105,
  "DE-1-201740844": 53124446.50801281,
  "DE-1-201740877": 31874667.904807683,
  "DE-1-201741024": 16999822.882564098,
  "DE-1-201749977": 13251129.517505242,
  "DE-1-201767805": 398433348.810096,
  "DE-1-201767821": 19988541.82188025,
  "DE-1-201767839": 20027916.333520826,
  "DE-1-201767847": 41171446.04370993,
  "DE-1-201768258": 26442883.461444095,
  "DE-1-201768266": 79686669.7620192,
  "DE-1-201770114": 7253738.163170083,
  "DE-1-201770478": 3791757.369509414,
  "DE-1-201773878-0": 332027.79067508003,
  "DE-1-201806009-3389": 488136.5798367546,
  "DE-1-201818335": 35859001.39290865,
  "DE-1-201818418-0": 15937333.952403842,
  "DE-1-201821081": 9031155.906362178,
  "DE-1-201821099": 17265445.11510416,
  "DE-1-201821107": 26878793.158858813,
  "DE-1-201822261": 12466979.484267905,
  "DE-1-201830215-0": 464838.90694511204,
  "DE-1-201840453-3674": 3984333.4881009604,
  "DE-1-201840453-3702": 1605778.725992718,
  "DE-1-201849660": 52516765.79243025,
  "DE-1-201849678": 53124446.50801281,
  "DE-1-201849686": 26562223.254006404,
  "DE-1-201867944": 63749335.809615366,
  "DE-1-201867951": 46483890.694511205,
  "DE-1-201867969": 31874667.904807683,
  "DE-1-201867977": 26562223.254006404,
  "DE-1-201870278": 6759819.651386513,
  "DE-1-201870286": 1992166.7440504802,
  "DE-1-201918275": 26562223.254006404,
  "DE-1-201923184": 5312444.6508012805,
  "DE-1-201923192": 14609222.789703522,
  "DE-1-201923200": 11953000.46430288,
  "DE-1-201923259": 5843689.115881409,
  "DE-1-201932201-0": 139451.6720835336,
  "DE-1-201940543": 7968666.976201921,
  "DE-1-201940758": 20984156.37066506,
  "DE-1-201940766": 15937333.952403842,
  "DE-1-201940931": 45155779.53181089,
  "DE-1-201940964-0": 836710.0325012017,
  "DE-1-201941038": 5312444.6508012805,
  "DE-1-201968833": 199216674.405048,
  "DE-1-201968957": 398433348.810096,
  "DE-1-201968999": 66405558.13501601,
  "DE-1-201969021": 66405558.13501601,
  "DE-1-201970490": 15937333.952403842,
  "DE-1-202010213-0": 1037254.8180689501,
  "DE-1-202018034": 39843334.8810096,
  "DE-1-202018141-0": 17265445.11510416,
  "DE-1-202020246": 13281111.627003202,
  "DE-1-202020253": 10624889.301602561,
  "DE-1-202020279": 6640555.813501601,
  "DE-1-202020287": 13281111.627003202,
  "DE-1-202022044": 1992166.7440504802,
  "DE-1-202022119": 6640555.813501601,
  "DE-1-202031193-0": 851319.2552909052,
  "DE-1-202040558": 73046113.9485176,
  "DE-1-202040574": 76366391.8552684,
  "DE-1-202041127-0": 1328111.1627003201,
  "DE-1-202067155": 39046468.18338941,
  "DE-1-202068617": 132811116.27003202,
  "DE-1-202068997": 10624889.301602561,
  "DE-1-202069003": 37038758.55440185,
  "DE-1-202106003-6001": 1724817.9669989059,
  "DE-1-202106003-6255": 796866.6976201921,
  "DE-1-202106003-6498": 531244.465080128,
  "DE-1-202118024": 26562223.254006404,
  "DE-1-202121648": 5803845.781000399,
  "DE-1-202131902-0": 509994.68647692294,
  "DE-1-202140499": 65508048.382067546,
  "DE-1-202140499-0": 33202779.067508005,
  "DE-1-202140507": 19921667.440504804,
  "DE-1-202140507-0": 13281111.627003202,