{
  "international-alert": {
    "GB-COH-2153193-GB-COH-2153193-0142-IA": 2643650.3340943647,
    "GB-COH-2153193-GB-COH-2153193-202100-4789": 2493432.7810791843,
    "GB-COH-2153193-GB-COH-2153193-205072-AP71FR": 780329.2278932991,
    "GB-COH-2153193-GB-COH-2153193-5512": 1531970.7951280738,
    "GB-COH-2153193-GB-COH-2153193-AID-623-A-12-00005": 4326575.618161012,
    "GB-COH-2153193-GB-COH-2153193-AID-696-A-13-00003": 1171319.7637470227,
    "GB-COH-2153193-GB-COH-2153193-ALERT-00085904": 59313.31200283513,
    "GB-COH-2153193-GB-COH-2153193-ALERT-CPA": 26361.47200126006,
    "GB-COH-2153193-GB-COH-2153193-ALERT-CSBP-2": 115331.44000551275,
    "GB-COH-2153193-GB-COH-2153193-ALERT-CSDW": 412746.5456558764,
    "GB-COH-2153193-GB-COH-2153193-ALERT-CSPT": 42837.39200204759,
    "GB-COH-2153193-GB-COH-2153193-ALERT-DVfP": 500118.57022207906,
    "GB-COH-2153193-GB-COH-2153193-ALERT-DVfPhase3": 468976.8726915991,
    "GB-COH-2153193-GB-COH-2153193-ALERT-ENABCIVSOC": 926441.9064139305,
    "GB-COH-2153193-GB-COH-2153193-ALERT-ENTRI-II": 42882.783161649764,
    "GB-COH-2153193-GB-COH-2153193-ALERT-ERMESI": 29152.031523633446,
    "GB-COH-2153193-GB-COH-2153193-ALERT-HTP": 114960.73180549503,
    "GB-COH-2153193-GB-COH-2153193-ALERT-INCLUSIVEJUSTICE": 49427.76000236261,
    "GB-COH-2153193-GB-COH-2153193-ALERT-KIBERA": 5840.713640279181,
    "GB-COH-2153193-GB-COH-2153193-ALERT-ROLHR": 115331.44000551275,
    "GB-COH-2153193-GB-COH-2153193-ALERT-SOYEP ": 82033.60568392114,
    "GB-COH-2153193-GB-COH-2153193-AP11JR": 364328.72379341465,
    "GB-COH-2153193-GB-COH-2153193-AP21LR": 2374227.852281486,
    "GB-COH-2153193-GB-COH-2153193-AP21MR": 4708862.42120908,
    "GB-COH-2153193-GB-COH-2153193-AP21NR": 1376811.9024578105,
    "GB-COH-2153193-GB-COH-2153193-AP21OR": 8929347.269346816,
    "GB-COH-2153193-GB-COH-2153193-AP21QR": 1863426.5520890704,
    "GB-COH-2153193-GB-COH-2153193-AP21SR": 1109989.3208210566,
    "GB-COH-2153193-GB-COH-2153193-AP21TR": 9163661.213230016,
    "GB-COH-2153193-GB-COH-2153193-AP21UR": 1224160.856058514,
    "GB-COH-2153193-GB-COH-2153193-AP21VR": 1042495.7145378304,
    "GB-COH-2153193-GB-COH-2153193-AP21WR": 8022519.22287147,
    "GB-COH-2153193-GB-COH-2153193-AP31ER": 1755658.694095786,
    "GB-COH-2153193-GB-COH-2153193-AP31GR": 10119294.229931694,
    "GB-COH-2153193-GB-COH-2153193-AP31HR": 58700.407778805835,
    "GB-COH-2153193-GB-COH-2153193-AP31IR": 9698276.80819157,
    "GB-COH-2153193-GB-COH-2153193-AP31JR": 9698276.80819157,
    "GB-COH-2153193-GB-COH-2153193-AP31KR": 2696518.2661928916,
    "GB-COH-2153193-GB-COH-2153193-AP36AR": 63547.623443037526,
    "GB-COH-2153193-GB-COH-2153193-AP36BR": 92512.29080442201,
    "GB-COH-2153193-GB-COH-2153193-AP36CR": 106833.16046910654,
    "GB-COH-2153193-GB-COH-2153193-AP41ER": 411533.45881184743,
    "GB-COH-2153193-GB-COH-2153193-AP41IR": 729548.7948588718,
    "GB-COH-2153193-GB-COH-2153193-AP41JR": 444685.08082125563,
    "GB-COH-2153193-GB-COH-2153193-AP41KR": 1916671.7827556154,
    "GB-COH-2153193-GB-COH-2153193-AP41LR": 577344.2458915967,
    "GB-COH-2153193-GB-COH-2153193-AP41PR": 435017.0109647935,
    "GB-COH-2153193-GB-COH-2153193-AP41QR": 1647592.0000787536,
    "GB-COH-2153193-GB-COH-2153193-AP51HR": 997822.9050476952,
    "GB-COH-2153193-GB-COH-2153193-AP51IR": 582804.3657798576,
    "GB-COH-2153193-GB-COH-2153193-AP61IR": 286132.35987767694,
    "GB-COH-2153193-GB-COH-2153193-AP61KR": 169042.93920808012,
    "GB-COH-2153193-GB-COH-2153193-AP61NR": 183255.06780075945,
    "GB-COH-2153193-GB-COH-2153193-AP61OR": 150772.79151920683,
    "GB-COH-2153193-GB-COH-2153193-AP61PR": 1517168.6173525194,
    "GB-COH-2153193-GB-COH-2153193-AP61QR": 349658.5646247134,
    "GB-COH-2153193-GB-COH-2153193-AP61RR": 988555.2000472521,
    "GB-COH-2153193-GB-COH-2153193-AP61UR": 373293.27186584315,
    "GB-COH-2153193-GB-COH-2153193-AP61VR": 1483595.6351669147,
    "GB-COH-2153193-GB-COH-2153193-AP61WR": 621020.2622216843,
    "GB-COH-2153193-GB-COH-2153193-AP61XR": 672851.8589521617,
    "GB-COH-2153193-GB-COH-2153193-AP61YR": 1318666.7331830312,
    "GB-COH-2153193-GB-COH-2153193-AP61ZR": 649278.112615035,
    "GB-COH-2153193-GB-COH-2153193-AP62AR": 3025074.472480596,
    "GB-COH-2153193-GB-COH-2153193-AP62CR": 82379.60000393768,
    "GB-COH-2153193-GB-COH-2153193-AP62DR": 586211.5860360204,
    "GB-COH-2153193-GB-COH-2153193-AP66CR": 19222.45586491882,
    "GB-COH-2153193-GB-COH-2153193-AP66ER": 62097.74248296822,
    "GB-COH-2153193-GB-COH-2153193-AP71GR": 251992.60604404504,
    "GB-COH-2153193-GB-COH-2153193-AP71HR": 1105051.4875968206,
    "GB-COH-2153193-GB-COH-2153193-AP71KR": 412336.25949170935,
    "GB-COH-2153193-GB-COH-2153193-AP71LR": 326223.2160155932,
    "GB-COH-2153193-GB-COH-2153193-AP71MR": 3257842.975067722,
    "GB-COH-2153193-GB-COH-2153193-AP71NR": 712857.040306074,
    "GB-COH-2153193-GB-COH-2153193-AP71OR": 2505852.329575778,
    "GB-COH-2153193-GB-COH-2153193-AP81BE": 131807.3600063003,
    "GB-COH-2153193-GB-COH-2153193-AP81BR": 232916.78586713324,
    "GB-COH-2153193-GB-COH-2153193-AP81CR": 529450.3940413073,
    "GB-COH-2153193-GB-COH-2153193-AP81ER": 32249.96580954152,
    "GB-COH-2153193-GB-COH-2153193-AP81HR": 2360325.4709848217,
    "GB-COH-2153193-GB-COH-2153193-AP81IR": 108925.60230920656,
    "GB-COH-2153193-GB-COH-2153193-AP81JR": 1681112.259320356,
    "GB-COH-2153193-GB-COH-2153193-CSSF-BAP": 164844.87479187947,
    "GB-COH-2153193-GB-COH-2153193-CSSF-MPACNK": 113683.848005434,
    "GB-COH-2153193-GB-COH-2153193-DFID-VAWG": 1069265.7893551101,
    "GB-COH-2153193-GB-COH-2153193-EIDHR-2011-267-681": 323883.8369231157,
    "GB-COH-2153193-GB-COH-2153193-ENPI-2012-304-327": 842123.0112173969,
    "GB-COH-2153193-GB-COH-2153193-ENPI-2013-329-031": 218408.09071443975,
    "GB-COH-2153193-GB-COH-2153193-EP01CR": 96886.6475646311,
    "GB-COH-2153193-GB-COH-2153193-EP01ER": 37718.32365780291,
    "GB-COH-2153193-GB-COH-2153193-ER02SR": 1399601.3950029,
    "GB-COH-2153193-GB-COH-2153193-ER05PR": 462475.779238106,
    "GB-COH-2153193-GB-COH-2153193-ER05QR": 173990.6579843166,
    "GB-COH-2153193-GB-COH-2153193-ER10GR": 1202915.1572174984,
    "GB-COH-2153193-GB-COH-2153193-ER20GR": 546423.8868261187,
    "GB-COH-2153193-GB-COH-2153193-ER20IR": 1069265.7893551101,
    "GB-COH-2153193-GB-COH-2153193-ER30AR": 2754561.284763666,
    "GB-COH-2153193-GB-COH-2153193-ER70DR": 6765086.893963366,
    "GB-COH-2153193-GB-COH-2153193-ER70ER": 222006.43164261174,
    "GB-COH-2153193-GB-COH-2153193-FR98BR": 46626.85360222873,
    "GB-COH-2153193-GB-COH-2153193-GI11AR": 44654.68597813446,
    "GB-COH-2153193-GB-COH-2153193-HG00AR": 1861016.124992955,
    "GB-COH-2153193-GB-COH-2153193-HG00DR": 1687478.5548086602,
    "GB-COH-2153193-GB-COH-2153193-HG00ER": 674557.1166722433,
    "GB-COH-2153193-GB-COH-2153193-HG00FR": 296566.56001417566,
    "GB-COH-2153193-GB-COH-2153193-IFS-318-534": 2157628.817583133,
    "GB-COH-2153193-GB-COH-2153193-IFS-CSCPI": 345051.8973924932,
    "GB-COH-2153193-GB-COH-2153193-IFS-RRM-2012-299-273": 8681644.95078888,
    "GB-COH-2153193-GB-COH-2153193-JBA0118588": 114698.99534036251,
    "GB-COH-2153193-GB-COH-2153193-LBN-ME10MR-2015": 108065.55928516545,
    "GB-COH-2153193-GB-COH-2153193-ME10DR": 229150.39055495322,
    "GB-COH-2153193-GB-COH-2153193-ME10QR": 59298.483674834424,
    "GB-COH-2153193-GB-COH-2153193-ME11AR": 172926.31355226575,
    "GB-COH-2153193-GB-COH-2153193-ME11DR": 234781.8600112224,
    "GB-COH-2153193-GB-COH-2153193-ME11ER": 48933.48240233898,
    "GB-COH-2153193-GB-COH-2153193-ME11FR": 88969.96800425269,
    "GB-COH-2153193-GB-COH-2153193-ME11GR": 235505.15289925697,
    "GB-COH-2153193-GB-COH-2153193-ME11JR": 329231.719007737,
    "GB-COH-2153193-GB-COH-2153193-ME11NR": 1389967.9245784394,
    "GB-COH-2153193-GB-COH-2153193-ME11PR": 295091.9651741052,
    "GB-COH-2153193-GB-COH-2153193-ME11QR": 86068.55849211401,
    "GB-COH-2153193-GB-COH-2153193-ME11RR": 991496.1517673928,