{
  "XI-IATI-EC_INTPA-2001/15449/0": 10340495.869038412,
  "XI-IATI-EC_INTPA-2001/3114/0": 1775869.4577721993,
  "XI-IATI-EC_INTPA-2002/3440/0": 2465805.4020779836,
  "XI-IATI-EC_INTPA-2003/070-133": 726744.5921339671,
  "XI-IATI-EC_INTPA-2003/16261/0": 2972500.5228071157,
  "XI-IATI-EC_INTPA-2003/16401/0": 33363028.425648175,
  "XI-IATI-EC_INTPA-2003/16455/0": 548886.6657544302,
  "XI-IATI-EC_INTPA-2003/16522/0": 74969.1348699371,
  "XI-IATI-EC_INTPA-2003/6027/0": 2363319.7844930384,
  "XI-IATI-EC_INTPA-2004/16561/0": 951018.4539727027,
  "XI-IATI-EC_INTPA-2004/16986/0": 2560662.878075778,
  "XI-IATI-EC_INTPA-2004/191-141": 99476.63460167186,
  "XI-IATI-EC_INTPA-2004/191-313": 9362.079228773435,
  "XI-IATI-EC_INTPA-2005/17066/0": 359801.89820417797,
  "XI-IATI-EC_INTPA-2005/17629/0": 2255883.108489685,
  "XI-IATI-EC_INTPA-2005/17772/0": 2473278.105814032,
  "XI-IATI-EC_INTPA-2005/189-419": 542694.7075464687,
  "XI-IATI-EC_INTPA-2005/191-314": 5657.275618101562,
  "XI-IATI-EC_INTPA-2005/191-315": 7430.3301658984365,
  "XI-IATI-EC_INTPA-2005/191-316": 77012.28522830468,
  "XI-IATI-EC_INTPA-2005/193-763": 450518.4471574765,
  "XI-IATI-EC_INTPA-2005/20672/1": 2960046.5640520407,
  "XI-IATI-EC_INTPA-2006/120-268": 811055.969851329,
  "XI-IATI-EC_INTPA-2006/18298/0": 2092442.3364932865,
  "XI-IATI-EC_INTPA-2006/18633/0": 3596016.3816886763,
  "XI-IATI-EC_INTPA-2006/18635/0": 993066.7329555408,
  "XI-IATI-EC_INTPA-2006/18643/0": 1215536.0852555565,
  "XI-IATI-EC_INTPA-2006/189-420": 7309.654679687499,
  "XI-IATI-EC_INTPA-2006/189-421": 7177.286687499999,
  "XI-IATI-EC_INTPA-2006/189-422": 1608472.2603035858,
  "XI-IATI-EC_INTPA-2006/189-617": 135050.65016249998,
  "XI-IATI-EC_INTPA-2006/189-626": 550817.5576323827,
  "XI-IATI-EC_INTPA-2006/189-628": 2718396.9063715385,
  "XI-IATI-EC_INTPA-2006/190-343": 694110.7096504162,
  "XI-IATI-EC_INTPA-2006/190-344": 25138019.044938873,
  "XI-IATI-EC_INTPA-2006/190-853": 648662.6684850155,
  "XI-IATI-EC_INTPA-2006/191-317": 49656.955108304675,
  "XI-IATI-EC_INTPA-2006/191-318": 7353.777343749999,
  "XI-IATI-EC_INTPA-2006/191-319": 7353.777343749999,
  "XI-IATI-EC_INTPA-2006/191-320": 7083.320120601561,
  "XI-IATI-EC_INTPA-2006/191-321": 7353.777343749999,
  "XI-IATI-EC_INTPA-2006/191-322": 7353.777343749999,
  "XI-IATI-EC_INTPA-2006/191-323": 150069.82851871874,
  "XI-IATI-EC_INTPA-2006/191-324": 7353.777343749999,
  "XI-IATI-EC_INTPA-2006/191-325": 102522.2161961406,
  "XI-IATI-EC_INTPA-2006/191-326": 7353.777343749999,
  "XI-IATI-EC_INTPA-2006/191-327": 7353.777343749999,
  "XI-IATI-EC_INTPA-2006/191-328": 29496.60393552343,
  "XI-IATI-EC_INTPA-2006/191-329": 276537.2085958125,
  "XI-IATI-EC_INTPA-2006/191-330": 7353.777343749999,
  "XI-IATI-EC_INTPA-2006/191-331": 94878.40587395312,
  "XI-IATI-EC_INTPA-2006/191-332": 7042.212505249999,
  "XI-IATI-EC_INTPA-2006/191-333": 7011.459008398437,
  "XI-IATI-EC_INTPA-2006/191-334": 194360.2028273203,
  "XI-IATI-EC_INTPA-2006/195-451": 2627618.6284707026,
  "XI-IATI-EC_INTPA-2006/195-452": 870319.5486328123,
  "XI-IATI-EC_INTPA-2006/195-503": 5731572.301360937,
  "XI-IATI-EC_INTPA-2007/18810/0": 668045.6072251314,
  "XI-IATI-EC_INTPA-2007/191-335": 102297.54052645703,
  "XI-IATI-EC_INTPA-2007/19195/0": 1764778.451816163,
  "XI-IATI-EC_INTPA-2007/193-978": 245027.86109374996,
  "XI-IATI-EC_INTPA-2008/193-979": 47374.23605713412,
  "XI-IATI-EC_INTPA-2008/193-980": 1380337.1410941829,
  "XI-IATI-EC_INTPA-2008/196-767": 152468.7520108332,
  "XI-IATI-EC_INTPA-2008/196-769": 153060.30435804318,
  "XI-IATI-EC_INTPA-2008/197-131": 197551.87456249996,
  "XI-IATI-EC_INTPA-2008/197-132": 27738.880640464846,
  "XI-IATI-EC_INTPA-2008/197-196": 88211.62608266273,
  "XI-IATI-EC_INTPA-2008/20075/0": 1357892.1476074408,
  "XI-IATI-EC_INTPA-2008/21039/1": 1776914.5370596626,
  "XI-IATI-EC_INTPA-2009/205-871": -4615.210186274522,
  "XI-IATI-EC_INTPA-2009/209-242": -1582.8596437500005,
  "XI-IATI-EC_INTPA-2009/21427/1": 17507566.848830134,
  "XI-IATI-EC_INTPA-2009/215-986": 194229.30074100988,
  "XI-IATI-EC_INTPA-2010/216-892": 23270.185335500046,
  "XI-IATI-EC_INTPA-2010/216-898": 34113.4738383334,
  "XI-IATI-EC_INTPA-2010/224-585": 278261.9768116848,
  "XI-IATI-EC_INTPA-2010/238-640": 100437.7387953485,
  "XI-IATI-EC_INTPA-2010/239-007": 165623.14949918207,
  "XI-IATI-EC_INTPA-2010/243-455": 306732.6885108149,
  "XI-IATI-EC_INTPA-2011/258-208": 107233.06924286476,
  "XI-IATI-EC_INTPA-2011/275-850": 272393.2963530161,
  "XI-IATI-EC_INTPA-2012/24184/1": 9530604.076131614,
  "XI-IATI-EC_INTPA-2012/294-000": 906077.3172811746,
  "XI-IATI-EC_INTPA-2012/298-464": 883164.6393401672,
  "XI-IATI-EC_INTPA-2013/24952/0": 417673.3635884867,
  "XI-IATI-EC_INTPA-2013/326-915": 700275.1379374815,
  "XI-IATI-EC_INTPA-2014/354-678": 150423.40709622693,
  "XI-IATI-EC_INTPA-2015/362-010": 3321251.960784302,
  "XI-IATI-EC_INTPA-2015/367-490": 3985502.3529411624,
  "XI-IATI-EC_INTPA-2015/371-388": 119391.36911068586,
  "XI-IATI-EC_INTPA-2015/37577/0": 3985502.3529411624,
  "XI-IATI-EC_INTPA-2016/380-525": 1196940.201883635,
  "XI-IATI-EC_INTPA-2016/39784/0": 17270510.19607837,
  "XI-IATI-EC_INTPA-2016/39857/0": 265700.15686274425,
  "XI-IATI-EC_INTPA-2017/387-434": 66425.03921568605,
  "XI-IATI-EC_INTPA-2017/390-890": 1607485.9490196023,
  "XI-IATI-EC_INTPA-2017/390-896": 8267852.241168705,
  "XI-IATI-EC_INTPA-2017/393-988": 31059.165971556755,
  "XI-IATI-EC_INTPA-2017/394-157": 127476.74444908975,
  "XI-IATI-EC_INTPA-2018/403-928": 1175638.170067447,
  "XI-IATI-EC_INTPA-2018/40708/3": 2657001.568627442,
  "XI-IATI-EC_INTPA-2019/406-093": 110712.7916020702,
  "XI-IATI-EC_INTPA-2019/413-842": 340951.7552894106,
  "XI-IATI-EC_INTPA-2019/42181/0": 6642503.921568604,
  "XI-IATI-EC_INTPA-2020/415-262": 5701698.843605757,
  "XI-IATI-EC_INTPA-2020/417-376": 747281.691176468,
  "XI-IATI-EC_INTPA-2021/426-415": 464975.2745098023,
  "XI-IATI-EC_INTPA-2021/426-416": 168719.59960784254,
  "XI-IATI-EC_INTPA-2021/429-874": 69082.04078431349,
  "XI-IATI-EC_INTPA-2022/433-321": 1062800.6274509768,
  "XI-IATI-EC_INTPA-2022/44569/1": 1727051.019607837
}