{
  "finance_canada": {
    "CA-4-2014050001": 1598954139.1216938,
    "CA-4-2014050002": 763794695.8803499,
    "CA-4-2014050003": 36207380.70065655,
    "CA-4-2014050006": 362073807.0065655,
    "CA-4-2015050001": 7128816875.081217,
    "CA-4-2015050004": 362073807.0065655,
    "CA-4-2018030001": 322960043.5610304,
    "CA-4-2018030002": 43076149.804098494,
    "CA-4-2019030001": 453310169.01726514,
    "CA-4-2021050001": 44185753.326997355,
    "CA-4-2022010001": 351875578.0,
    "CA-4-2022010002": 575420000.0,
    "CA-4-2022030001": 90518451.75164138,
    "CA-4-2022040001": 905184517.5164138,
    "CA-4-2022060001": 2625035100.7976
  }
}