{
  "GB-COH-2695347-10907": 224399.1307458826,
  "GB-COH-2695347-10921": 9631485.353226963
}