{
  "NL-KVK-51756811-EUR-PR-002842": {
    "solidaridad-solidaridadnetworkactivities.xml": 88500.47104847028
  },
  "NL-KVK-51756811-EUR-PR-002891": {
    "solidaridad-solidaridadnetworkactivities.xml": 151002.99213339947
  },
  "NL-KVK-51756811-EUR-PR-003427": {
    "solidaridad-solidaridadnetworkactivities.xml": 173701.477549019
  },
  "NL-KVK-51756811-EUR-PR-003439": {
    "solidaridad-solidaridadnetworkactivities.xml": 119114.70882235254
  },
  "NL-KVK-51756811-EUR-PR-003451": {
    "solidaridad-solidaridadnetworkactivities.xml": 40714.5635368626
  },
  "NL-KVK-51756811-EUR-PR-003475": {
    "solidaridad-solidaridadnetworkactivities.xml": 5231309.277434492
  },
  "NL-KVK-51756811-EUR-PR-003620": {
    "solidaridad-solidaridadnetworkactivities.xml": 240326.12400754818
  },
  "NL-KVK-51756811-GLOBAL-PR-003573": {
    "solidaridad-solidaridadnetworkactivities.xml": 114650.94618705842
  }
}