{
  "SE-0-SE-2-432-2007422790-231-60030": 1479837.2179060304,
  "SE-0-SE-23-27463-231-15230": 76275.82699116849,
  "SE-0-SE-23-27465-231-15230": 1401004.3598484336,
  "SE-0-SE-24-t78-SI2015-505-231-15160": -902.6738150384,
  "SE-0-SE-25-9100304-231-15220": 3894003.7142909607,
  "SE-0-SE-25-9100403-231-15220": 380587.3640836867,
  "SE-0-SE-29-2013-6364-231-43082": 1146195.98014604,
  "SE-0-SE-29-2016-05780_1-231-12182": 229478.0760075091,
  "SE-0-SE-36-MINUSCA-Polis-231-15230": 5866935.154468962,
  "SE-0-SE-6-10441A0201-CAF-72040": 441641.41039207816,
  "SE-0-SE-6-10441A0201-CAF-73010": 1766565.641569313,
  "SE-0-SE-6-10451A0101-CAF-72010": 8608683.839252979,
  "SE-0-SE-6-10451A0101-CAF-72012": 562262.7773124939,
  "SE-0-SE-6-10451A0101-CAF-73010": 743319.3590147902,
  "SE-0-SE-6-11078A0101-CAF-15261": 1504888.1388695845,
  "SE-0-SE-6-11559A0101-CAF-15261": 1682888.914333915,
  "SE-0-SE-6-11611A0101-CAF-15220": 3210006.8489107294,
  "SE-0-SE-6-11630A0101-CAF-72050": 6652765.655530492,
  "SE-0-SE-6-11630A0102-CAF-72050": 1505801.3347433603,
  "SE-0-SE-6-11652A0101-CAF-72010": 5617225.53484389,
  "SE-0-SE-6-11766A0101-CAF-72010": 2171677.7440926284,
  "SE-0-SE-6-11766A0101-CAF-72040": 549696.2165143874,
  "SE-0-SE-6-11766A0101-CAF-72050": 2435915.6593246544,
  "SE-0-SE-6-11766A0102-CAF-72010": 3648672.476107991,
  "SE-0-SE-6-11779A0101-CAF-72010": 4067941.191652553,
  "SE-0-SE-6-11779A0101-CAF-72040": 2468789.7872227957,
  "SE-0-SE-6-11779A0101-CAF-73010": 460278.0079163908,
  "SE-0-SE-6-11781A0101-CAF-72010": 8458416.39850191,
  "SE-0-SE-6-11781A0101-CAF-72040": 1864436.6072809864,
  "SE-0-SE-6-11781A0101-CAF-72050": 3728873.214562973,
  "SE-0-SE-6-11781A0101-CAF-73010": 932218.3036399931,
  "SE-0-SE-6-11781A0102-CAF-72010": 2316617.445670496,
  "SE-0-SE-6-11809A0101-CAF-72010": 8107336.853935245,
  "SE-0-SE-6-11809A0101-CAF-72050": 8241116.634446602,
  "SE-0-SE-6-11809A0101-CAF-73010": 73828.59246892591,
  "SE-0-SE-6-11809A0101-CAF-74020": 1701969.0175643144,
  "SE-0-SE-6-11809A0103-CAF-72050": 8154493.386385161,
  "SE-0-SE-6-11810A0101-CAF-72010": 4681769.991846545,
  "SE-0-SE-6-11810A0101-CAF-72040": 1861351.3210532912,
  "SE-0-SE-6-11810A0101-CAF-72050": 797721.994736982,
  "SE-0-SE-6-11820A0101-CAF-72010": 7572940.362571541,
  "SE-0-SE-6-11820A0101-CAF-72011": 922754.2921289986,
  "SE-0-SE-6-11820A0102-CAF-72010": 2084955.6984400023,
  "SE-0-SE-6-11820A0201-CAF-72050": 1244339.0499847406,
  "SE-0-SE-6-13003A0101-CAF-72050": 4066560.3767712195,
  "SE-0-SE-6-13003A0103-CAF-72040": 2223463.20999993,
  "SE-0-SE-6-13835A0101-CAF-15261": 2231706.437810464,
  "SE-0-SE-6-14057A0101-CAF-15150": 234940.7987902825,
  "SE-0-SE-6-14383A0101-CAF-13020": 707561.8222272085,
  "SE-0-SE-6-14383A0101-CAF-13030": 192971.40606187508,
  "SE-0-SE-6-14383A0101-CAF-13040": 192971.40606187508,
  "SE-0-SE-6-14383A0101-CAF-15180": 192971.40606187508,
  "SE-0-SE-6-14383A0102-CAF-72011": 473495.99227556254,
  "SE-0-SE-6-14395A0101-CAF-72010": 4503866.607073384,
  "SE-0-SE-6-14395A0102-CAF-72010": 699553.4517126614,
  "SE-0-SE-6-14398A0101-CAF-72010": 5755231.587610283,
  "SE-0-SE-6-14399A0101-CAF-72050": 1165922.4203608346,
  "SE-0-SE-6-14405A0101-CAF-72010": 6011314.292151731,
  "SE-0-SE-6-14405A0102-CAF-72010": 1165922.4197546947,
  "SE-0-SE-6-14440A0101-CAF-72010": 2335824.101050072,
  "SE-0-SE-6-14441A0101-CAF-72010": 5239399.296405899,
  "SE-0-SE-6-14442A0201-CAF-72010": 2798213.804754316,
  "SE-0-SE-6-14672A0101-CAF-43040": 140286.8714503765,
  "SE-0-SE-6-14989A0101-CAF-72050": 349776.7253901462,
  "SE-0-SE-6-15128A0101-CAF-72050": 2098660.3507323912,
  "SE-0-SE-6-15213A0101-CAF-72010": 5876248.992502559,
  "SE-0-SE-6-5204006501-CAF-72010": 683755.3130159063,
  "SE-0-SE-6-5204006501-CAF-72040": 683755.3130159063,
  "SE-0-SE-6-5204006501-CAF-72050": 704475.1709860853,
  "SE-0-SE-6-5204006502-CAF-72010": 25942.7163858389,
  "SE-0-SE-6-5204006502-CAF-72040": 25942.7163858389,
  "SE-0-SE-6-5204006502-CAF-72050": 26728.8593066219,
  "SE-0-SE-6-5204006601-CAF-72010": 546552.2097503734,
  "SE-0-SE-6-5204008701-CAF-72010": 1276714.7560792693,
  "SE-0-SE-6-5204008801-CAF-72010": 1196654.0147927033,
  "SE-0-SE-6-5204017401-CAF-72010": 2839572.3528921716,
  "SE-0-SE-6-5204017501-CAF-72010": 92962.19012358901,
  "SE-0-SE-6-5204018701-CAF-72010": 1398376.7023559625,
  "SE-0-SE-6-5204018801-CAF-72010": 7887700.980256033,
  "SE-0-SE-6-5204020501-CAF-72050": 1031179.2978425735,
  "SE-0-SE-6-5204021001-CAF-72050": 1124656.355002319,
  "SE-0-SE-6-5204024001-CAF-72050": 3379786.755775818,
  "SE-0-SE-6-5204024701-CAF-72010": 1408518.032187863,
  "SE-0-SE-6-5204024801-CAF-72050": 1408518.032187863,
  "SE-0-SE-6-5204027301-CAF-72010": 1094433.8285145357,
  "SE-0-SE-6-5204030801-CAF-72010": 9623066.017382728,
  "SE-0-SE-6-5204032101-CAF-72010": 3810734.1428835606,
  "SE-0-SE-6-5204032201-CAF-72010": 413791.8387474573,
  "SE-0-SE-6-5204033101-CAF-72010": 3119028.5397267737,
  "SE-0-SE-6-5204034901-CAF-72010": 3045334.581138849,
  "SE-0-SE-6-5204035101-CAF-72010": 3084979.439417615,
  "SE-0-SE-6-5204035201-CAF-72010": 1937080.9703360393,
  "SE-0-SE-6-5204035401-CAF-72050": 1005899.152583833,
  "SE-0-SE-6-5204035601-CAF-72050": 1431496.5170969889,
  "SE-0-SE-6-5204035701-CAF-72010": 1497351.4624231237,
  "SE-0-SE-6-5204035901-CAF-72010": -2515.7089753495,
  "SE-0-SE-6-5204036501-CAF-72010": 1299588.1915594283,
  "SE-0-SE-6-5204037801-CAF-72050": 1874865.8170229665,
  "SE-0-SE-6-5204038801-CAF-72010": 2310567.4481820636,
  "SE-0-SE-6-5204040101-CAF-72010": 5811832.688576945,
  "SE-0-SE-6-5204042101-CAF-74020": 53194.2552076828,
  "SE-0-SE-6-5204042102-CAF-74020": 246.4226493889,
  "SE-0-SE-6-5204042801-CAF-72010": 915872.8123322547,
  "SE-0-SE-6-5204043001-CAF-72010": 3037216.729102987,
  "SE-0-SE-6-5204043401-CAF-72010": 4422243.259852629,
  "SE-0-SE-6-5204043801-CAF-72010": 765669.0271107237,
  "SE-0-SE-6-5204044201-CAF-72010": 2805536.8057717034,
  "SE-0-SE-6-5204044604-CAF-72010": 5244.5819401754,
  "SE-0-SE-6-5204044701-CAF-72010": 4257552.047806543,
  "SE-0-SE-6-5204044702-CAF-72010": 1285033.5108876775,
  "SE-0-SE-6-5204044702-CAF-72050": 1285033.5108876775,
  "SE-0-SE-6-5204044801-CAF-72010": 749461.9935338964,
  "SE-0-SE-6-5204045101-CAF-72010": 9212061.659398688,
  "SE-0-SE-6-5204045401-CAF-72010": 1998728.8207374953,
  "SE-0-SE-6-5204046701-CAF-72010": 262394.4955462912,
  "SE-0-SE-6-5204046801-CAF-72010": 4096551.010242103,
  "SE-0-SE-6-5204046802-CAF-72010": 2100539.3854215224,
  "SE-0-SE-6-5204046901-CAF-72040": 915526.170655007,
  "SE-0-SE-6-5204047001-CAF-72010": 2284665.458516342,
  "SE-0-SE-6-5204047002-CAF-72010": 2061.2374522293,
  "SE-0-SE-6-5204047401-CAF-72010": 4045410.155498307,
  "SE-0-SE-6-5204047402-CAF-72010": 2676361.7122801915,
  "SE-0-SE-6-5204047601-CAF-72010": 8372866.26694061,
  "SE-0-SE-6-5204048201-CAF-72010": 4271502.201105932,
  "SE-0-SE-6-5204048202-CAF-72050": 1055566.51921747,
  "SE-0-SE-6-5204048501-CAF-72010": 1785985.5605407252,
  "SE-0-SE-6-5204048503-CAF-72010": 814049.6448851913,
  "SE-0-SE-6-5204048503-CAF-72050": 1899449.1713991133,
  "SE-0-SE-6-5204048701-CAF-72010": 12576906.64255421,
  "SE-0-SE-6-5204049401-CAF-72010": 13646753.379413402,
  "SE-0-SE-6-5204049402-CAF-72010": 2574851.877750502,
  "SE-0-SE-6-5204051201-CAF-72010": 1947853.9788975283,
  "SE-0-SE-6-5204051202-CAF-72050": 1932810.8742951597,
  "SE-0-SE-6-5204051601-CAF-72010": 4709478.398472115,
  "SE-0-SE-6-5204051602-CAF-72040": 1398723.0085356943,
  "SE-0-SE-6-5204051602-CAF-72050": 2597628.4444242893,
  "SE-0-SE-6-5204051604-CAF-72050": 1837075.5074384825,
  "SE-0-SE-6-5204053104-CAF-72010": 9162624.905042475,
  "SE-0-SE-6-5204053108-CAF-72010": 15378583.36452205,
  "SE-0-SE-6-5403001001-CAF-12220": 11088.9196014874,
  "SE-0-SE-6-5403001001-CAF-13040": 17793.8471836916,
  "SE-0-SE-6-5403001001-CAF-15150": 129714.5637901921,
  "SE-0-SE-6-5403001001-CAF-15220": 30172.1748141507,
  "SE-0-SE-6-5403001001-CAF-24040": 1547.2913009234999,