{
  "NZ-1-ACT-0100045": 560693.5292979027,
  "NZ-1-ACT-0100295": 17515929.02414074,
  "NZ-1-ACT-0100313": 486751.9287669731,
  "NZ-1-ACT-0101037": 474498.2440616112,
  "NZ-1-ACT-0101058": 1881736.4073777115,
  "NZ-1-ACT-0101175": 7675149.287946264,
  "NZ-1-ACT-0101373": 17036.255288554647,
  "NZ-1-ACT-0101853": 1165025.6228742115,
  "NZ-1-ACT-0101900": 45099.13447446297,
  "NZ-1-ACT-0102237": 4977463.152946395,
  "NZ-1-ACT-0102509": 40821.004894505546,
  "NZ-1-ACT-0102583": 1300777.0373033246,
  "NZ-1-ACT-0102645": 167035.36764095945,
  "NZ-1-ACT-0102648": 120317.40452949179,
  "NZ-1-ACT-0102725": 14916.312252855167,
  "NZ-1-ACT-0A10895": 76710.79556452749,
  "NZ-1-ACT-0A12445": -1.123046875e-24,
  "NZ-1-ACT-0A12686": 2877271.6533473516,
  "NZ-1-ACT-0F12787": 393824.2844896728
}