{
  "XM-DAC-46004-40287-013-LN2472": 17302522.22,
  "XM-DAC-46004-40287-013-LN2473": 14045882.52,
  "XM-DAC-46004-40287-013-LN2739": 9256906.23,
  "XM-DAC-46004-42503-013-LN2565": 20194061.61,
  "XM-DAC-46004-42503-023-LN2946": 11983423.03,
  "XM-DAC-46004-46453-002-LN3193": 19531486.99146,
  "XM-DAC-46004-50110-001-LN3632": 27355777.81,
  "XM-DAC-46004-50212-001-LN3479": 10000000.0,
  "XM-DAC-46004-50212-003-LN3933": 19803489.7269,
  "XM-DAC-46004-54289-001-LN4010": 42475288.309999995,
  "XM-DAC-46004-55014-001-LN4161": 75512184.81,
  "XM-DAC-46004-55014-001-LN4162": 37744978.77
}