{
  "ZA-NPO-057-611-NJ_AACJ_2021_KE": 86489.25513737024,
  "ZA-NPO-057-611-NJ_AACJ_2021_SN": 88486.73432607153
}