{
  "KE-RCO-201036685-BR": {
    "uhai-eashri-activities.xml": 571219.7610862636
  },
  "KE-RCO-201036685-EA": {
    "uhai-eashri-activities.xml": 26041.391180441846
  },
  "KE-RCO-201036685-KE": {
    "uhai-eashri-activities.xml": 2619029.953524827
  },
  "KE-RCO-201036685-OVOF-Arts,Media,Culture": {
    "uhai-eashri-activities.xml": 49571.735866677824
  },
  "KE-RCO-201036685-OVOF-DA": {
    "uhai-eashri-activities.xml": 29632.86938661605
  },
  "KE-RCO-201036685-OVOF-MB": {
    "uhai-eashri-activities.xml": 312995.89130802633
  },
  "KE-RCO-201036685-UG": {
    "uhai-eashri-activities.xml": 1978826.1197622763
  }
}