{
  "DE-1-200140665": 3833963.2297363663,
  "DE-1-200465435": 52144544.778320216,
  "DE-1-200565333": 937152.031767842,
  "DE-1-200570168": 2570974.7808698113
}