{
  "cssf": {
    "GB-GOV-52-CSSF-01-000001": 8386243.2804008555,
    "GB-GOV-52-CSSF-01-000002": 14828328.000708783,
    "GB-GOV-52-CSSF-01-000003": 2471388.0001181304,
    "GB-GOV-52-CSSF-01-000004": 3064521.120146482,
    "GB-GOV-52-CSSF-01-000005": 1614640.1600771786,
    "GB-GOV-52-CSSF-01-000006": 3262232.160155932,
    "GB-GOV-52-CSSF-01-000007": 7414164.0003543915,
    "GB-GOV-52-CSSF-01-000008": 5766572.000275638,
    "GB-GOV-52-CSSF-01-000010": 10956486.800523711,
    "GB-GOV-52-CSSF-01-000011": 4684104.056223896,
    "GB-GOV-52-CSSF-01-000012": 5931331.200283513,
    "GB-GOV-52-CSSF-01-000013": 5911560.096282568,
    "GB-GOV-52-CSSF-01-000018": 1614640.1600771786,
    "GB-GOV-52-CSSF-01-000019": 5107535.200244136,
    "GB-GOV-52-CSSF-01-000020": 1664067.9200795412,
    "GB-GOV-52-CSSF-03-000003": 1318073.600063003,
    "GB-GOV-52-CSSF-03-000006": 4448498.400212634,
    "GB-GOV-52-CSSF-03-000007": 8567478.40040952,
    "GB-GOV-52-CSSF-03-000008": 9556033.60045677,
    "GB-GOV-52-CSSF-03-000010": 1977110.4000945042,
    "GB-GOV-52-CSSF-03-000012": 5338198.080255162,
    "GB-GOV-52-CSSF-03-000017": 6590368.000315014,
    "GB-GOV-52-CSSF-03-000018": 6590368.000315014,
    "GB-GOV-52-CSSF-03-000019": 3048045.200145694,
    "GB-GOV-52-CSSF-03-000020": 4118980.000196884,
    "GB-GOV-52-CSSF-03-000021": 774368.2400370142,
    "GB-GOV-52-CSSF-03-000022": 1482832.8000708784,
    "GB-GOV-52-CSSF-03-000023": 3690606.080176408,
    "GB-GOV-52-CSSF-03-000024": 8320339.600397706,
    "GB-GOV-52-CSSF-03-000025": 1070934.80005119,
    "GB-GOV-52-CSSF-03-000026": 7908441.600378017,
    "GB-GOV-52-CSSF-03-000027": 9341846.640446533,
    "GB-GOV-52-CSSF-03-000028": 2751478.6401315187,
    "GB-GOV-52-CSSF-03-000029": 7298832.560348879,
    "GB-GOV-52-CSSF-03-000030": 2339580.64011183,
    "GB-GOV-52-CSSF-03-000031": 164759.20000787536,
    "GB-GOV-52-CSSF-04-000001": 5717144.240273275,
    "GB-GOV-52-CSSF-04-000002": 10050311.200480398,
    "GB-GOV-52-CSSF-04-000003": 5272294.400252012,
    "GB-GOV-52-CSSF-05-000001": 7331784.400350453,
    "GB-GOV-52-CSSF-05-000002": 8073200.800385892,
    "GB-GOV-52-CSSF-05-000003": 60301867.20288238,
    "GB-GOV-52-CSSF-05-000004": 22209540.1610616,
    "GB-GOV-52-CSSF-05-000006": 8073200.800385892,
    "GB-GOV-52-CSSF-06-000001": 13180736.000630029,
    "GB-GOV-52-CSSF-06-000002": 22489630.801074985,
    "GB-GOV-52-CSSF-06-000005": 12109801.200578839,
    "GB-GOV-52-CSSF-06-000006": 26361472.001260057,
    "GB-GOV-52-CSSF-06-000007": 11533144.000551276,
    "GB-GOV-52-CSSF-06-000013": 10577540.640505599,
    "GB-GOV-52-CSSF-06-000014": 28832860.00137819,
    "GB-GOV-52-CSSF-06-000015": 20594900.00098442,
    "GB-GOV-52-CSSF-06-000016": 16377064.48078281,
    "GB-GOV-52-CSSF-06-000017": 5140487.040245711,
    "GB-GOV-52-CSSF-06-000018": 11928566.080570176,
    "GB-GOV-52-CSSF-06-000019": 428373.9200204759,
    "GB-GOV-52-CSSF-06-000020": 13592634.000649717,
    "GB-GOV-52-CSSF-06-000021": 5601812.8002677625,
    "GB-GOV-52-CSSF-06-000022": 7578923.200362267,
    "GB-GOV-52-CSSF-06-000023": 13230163.760632392,
    "GB-GOV-52-CSSF-06-000024": 22720293.68108601,
    "GB-GOV-52-CSSF-06-000026": 25059874.32119784,
    "GB-GOV-52-CSSF-06-000027": 15058990.880719809,
    "GB-GOV-52-CSSF-06-000028": 23066288.00110255,
    "GB-GOV-52-CSSF-06-000029": 41914740.482003495,
    "GB-GOV-52-CSSF-06-000030": 4118980.000196884,
    "GB-GOV-52-CSSF-06-000033": 3970696.7201897963,
    "GB-GOV-52-CSSF-06-000034": 5931331.200283513,
    "GB-GOV-52-CSSF-07-000004": 2636147.200126006,
    "GB-GOV-52-CSSF-07-000008": 7199977.0403441535,
    "GB-GOV-52-CSSF-08-000001": 13180736.000630029,
    "GB-GOV-52-CSSF-08-000002": 16442968.160785962,
    "GB-GOV-52-CSSF-09-000001": 7826062.00037408,
    "GB-GOV-52-CSSF-09-000002": 2224249.200106317,
    "GB-GOV-52-CSSF-09-000003": 4613257.60022051,
    "GB-GOV-52-CSSF-10-000001": 36823681.20176014,
    "GB-GOV-52-CSSF-10-000002": 30645211.201464817,
    "GB-GOV-52-CSSF-10-000003": 14004532.000669405,
    "GB-GOV-52-CSSF-10-000004": 14663568.800700907,
    "GB-GOV-52-CSSF-12-000001": 4613257.60022051,
    "GB-GOV-52-CSSF-12-000002": 13015976.800622154,
    "GB-GOV-52-CSSF-12-000003": 1977110.4000945042
  }
}