{
  "PH-SEC-CN200324943-GLA-PoV-Coordination": 23070.61900726726,
  "PH-SEC-CN200324943-GLA-PoV-Indonesia": 723820.5836716745,
  "PH-SEC-CN200324943-GLA-PoV-International-regional": 154398.235108563,
  "PH-SEC-CN200324943-GLA-PoV-Malaysia": 459526.4622943108,
  "PH-SEC-CN200324943-GLA-PoV-NTFP-EP": 5059970.718771949,
  "PH-SEC-CN200324943-GLA-PoV-Philippines": 1432251.0151899776,
  "PH-SEC-CN200324943-GLA-PoV-Vietnam": 504018.1862447715
}