{
  "46002-P-CD-A00-005": 2477103.4769251035,
  "46002-P-CD-A00-007": 34274537.72729893,
  "46002-P-CD-AA0-001": 80537274.43060231,
  "46002-P-CD-AA0-005": 2049579.3269864384,
  "46002-P-CD-AA0-009": 5236085.292557884,
  "46002-P-CD-AA0-019": 15193326.555964284,
  "46002-P-CD-AAF-003": 5342491.799027543,
  "46002-P-CD-AAG-001": 453273.1768593248,
  "46002-P-CD-AAG-006": 75966632.77982143,
  "46002-P-CD-AB0-001": 145024434.91951185,
  "46002-P-CD-AB0-005": 111081691.15064545,
  "46002-P-CD-AB0-006": 75217780.21103945,
  "46002-P-CD-AB0-007": 67919247.40605532,
  "46002-P-CD-C00-035": 12764423.844601316,
  "46002-P-CD-C00-037": 3715908.7692178846,
  "46002-P-CD-D00-006": 106353285.89175,
  "46002-P-CD-DA0-001": 292260392.8024036,
  "46002-P-CD-DA0-003": 150882289.75722393,
  "46002-P-CD-DB0-001": 141742022.1008579,
  "46002-P-CD-DB0-002": 161250450.19055393,
  "46002-P-CD-DB0-008": 122747070.40670618,
  "46002-P-CD-DB0-009": 211117664.8897589,
  "46002-P-CD-DB0-010": 152386029.456196,
  "46002-P-CD-DB0-012": 91067933.29606292,
  "46002-P-CD-E00-002": 286692418.55268794,
  "46002-P-CD-E00-006": 75966632.77982143,
  "46002-P-CD-EA0-004": 221254143.23940223,
  "46002-P-CD-EAZ-002": 4616618.120353611,
  "46002-P-CD-FA0-001": 125677275.64195769,
  "46002-P-CD-FA0-003": 193821034.0395211,
  "46002-P-CD-FA0-005": 3842836.0921809385,
  "46002-P-CD-FA0-011": 147116327.05985388,
  "46002-P-CD-GB0-003": 1130203.5611973403,
  "46002-P-CD-HA0-001": 1889984.5066137086,
  "46002-P-CD-I00-007": 2239499.79842759,
  "46002-P-CD-I00-008": 2158526.235267904,
  "46002-P-CD-I00-010": 108803037.688896,
  "46002-P-CD-I00-013": 2563518.8642439926,
  "46002-P-CD-IA0-001": 14647549.62730474,
  "46002-P-CD-IAB-001": 878511.3441154058,
  "46002-P-CD-IB0-001": 1584962.41749394,
  "46002-P-CD-IBD-001": 75468678.88386118,
  "46002-P-CD-IBE-001": 2097352.524115991,
  "46002-P-CD-IZ0-002": 48203116.658105664,
  "46002-P-CD-IZ0-005": 3815103.8560427316,
  "46002-P-CD-IZ0-006": 2176990.654644714,
  "46002-P-CD-K00-001": 80711294.26533647,
  "46002-P-CD-K00-002": 133313990.86400902,
  "46002-P-CD-K00-005": 201586804.18108645,
  "46002-P-CD-K00-008": 4678772.733765523,
  "46002-P-CD-K00-009": 33468292.12435858,
  "46002-P-CD-K00-012": 303866531.1192857,
  "46002-P-CD-KA0-001": 9688686.01376644,
  "46002-P-CD-KB0-001": 117072599.80201453,
  "46002-P-CD-KF0-001": 30554830.64342136,
  "46002-P-CD-KF0-004": 788202.1642355864,
  "46002-P-CD-KF0-005": 837282.8665211014,
  "46002-P-CD-KF0-007": 41677064.23378737,
  "46002-P-CD-KF0-009": 42662144.102420814,
  "46002-P-CD-KF0-010": 12418312.985242875,
  "46002-P-CD-KF0-012": 31261488.972412486,
  "46002-P-CD-KZ0-001": 138967977.27508768,
  "46002-P-CD-KZ0-002": 1042618088.6172941,
  "46002-P-CD-KZ0-003": 1106222388.1203053,
  "46002-P-CD-KZ0-004": 61703458.122698516
}