{
  "GB-1-107707-101": 207002.89791239277,
  "GB-1-107707-102": 397521.95703545224,
  "GB-1-107715-101": -647.4248643354575,
  "GB-1-107716-104": 52461.50117880061,
  "GB-1-107716-105": 13999.210670356193,
  "GB-1-107716-106": 266196.3301966662,
  "GB-1-107716-107": 2809040.5116783725,
  "GB-1-107718-101": 5897235.482224136,
  "GB-1-107719-101": 9524766.491555225,
  "GB-1-107760-101": 96989.64091550885,
  "GB-1-107760-103": 129828.98068966465,
  "GB-1-107760-115": 307624.95795777487,
  "GB-1-107760-117": 40569.89794270113,
  "GB-1-107760-118": 38735.785021540774,
  "GB-1-107760-120": 54080.83592300958,
  "GB-1-107760-124": 12111.016913272832,
  "GB-1-107760-125": 49476.012835089154,
  "GB-1-107760-126": 18985.168646162307,
  "GB-1-107760-127": 29358.168072490913,
  "GB-1-107760-128": 76099.46197737777,
  "GB-1-107760-129": 160217.04441331752,
  "GB-1-107760-131": 70897.46010209505,
  "GB-1-107760-132": 46925.35969497772,
  "GB-1-107760-133": 20448.910356678847,
  "GB-1-107760-134": 9195.287273652286,
  "GB-1-107760-136": 47210.53843260533,
  "GB-1-107777-102": 4784692.883210565,
  "GB-1-107802-102": 489193.60942517547,
  "GB-1-107802-103": 2130426.8055360247,
  "GB-1-107802-105": 12705.465731290706,
  "GB-1-111635-149": 71698.56134618651,
  "GB-1-114233-101": 492704.2282599491,
  "GB-1-114270-101": 807818.9561729241,
  "GB-1-114270-105": 160220.24881829388,
  "GB-1-114438-101": 77258.33703287083
}