{
  "GB-1-107707-101": 206921.0300123583,
  "GB-1-107707-102": 397364.7404545816,
  "GB-1-107715-101": -647.1688132627054,
  "GB-1-107716-104": 52440.753097602326,
  "GB-1-107716-105": 13993.67410062079,
  "GB-1-107716-106": 266489.12987520633,
  "GB-1-107716-107": 2807929.559850537,
  "GB-1-107718-101": 5894903.175334679,
  "GB-1-107719-101": 9527324.888850389,
  "GB-1-107760-101": 96985.66467651849,
  "GB-1-107760-103": 129876.4686924221,
  "GB-1-107760-115": 307571.6139207924,
  "GB-1-107760-117": 40553.85289027588,
  "GB-1-107760-118": 38720.465345304925,
  "GB-1-107760-120": 54059.44740857921,
  "GB-1-107760-124": 12106.227108241254,
  "GB-1-107760-125": 49530.433422491165,
  "GB-1-107760-126": 18996.276954504876,
  "GB-1-107760-127": 29346.557164657286,
  "GB-1-107760-128": 76069.36528207218,
  "GB-1-107760-129": 160393.27336082485,
  "GB-1-107760-131": 70975.44297102441,
  "GB-1-107760-132": 46930.76093394747,
  "GB-1-107760-133": 20471.40290710022,
  "GB-1-107760-134": 9191.650615098712,
  "GB-1-107760-136": 47227.806797244404,
  "GB-1-107777-102": 4784926.537413299,
  "GB-1-107802-102": 489000.13747904415,
  "GB-1-107802-103": 2130088.8000315083,
  "GB-1-107802-105": 12719.440966332737,
  "GB-1-111635-149": 71777.42537747667,
  "GB-1-114233-101": 492509.36789368105,
  "GB-1-114270-101": 808366.3273987116,
  "GB-1-114270-105": 160396.48129045064,
  "GB-1-114438-101": 77227.78201225602
}