{
  "46002-P-SO-AA0-003": 24613896.411575887,
  "46002-P-SO-AA0-004": 26383237.418976303,
  "46002-P-SO-AA0-006": 24264487.524527673,
  "46002-P-SO-AA0-009": 6077330.622385713,
  "46002-P-SO-AAC-001": 3246030.8350514495,
  "46002-P-SO-AAC-002": 16502467.576209465,
  "46002-P-SO-AAC-003": 8827084.988016186,
  "46002-P-SO-AAC-004": 11899942.866901817,
  "46002-P-SO-AAE-001": 10112724.264966633,
  "46002-P-SO-DB0-001": 2495741.155042754,
  "46002-P-SO-DB0-002": 6471527.968099976,
  "46002-P-SO-DB0-003": 11539662.653720433,
  "46002-P-SO-DB0-004": 1158646.7447495363,
  "46002-P-SO-DB0-005": 20054781.30504897,
  "46002-P-SO-DB0-008": 1426516.6236660425,
  "46002-P-SO-E00-001": 16307367.972944492,
  "46002-P-SO-E00-002": 23060421.322913595,
  "46002-P-SO-E00-003": 24474550.189318843,
  "46002-P-SO-E00-008": 11946272.722748417,
  "46002-P-SO-EAZ-001": 7494514.623668143,
  "46002-P-SO-EB0-001": 13771204.040076962,
  "46002-P-SO-EBC-001": 16801484.066253386,
  "46002-P-SO-F00-001": 9947205.16012405,
  "46002-P-SO-F00-002": 2050173.1733482047,
  "46002-P-SO-GB0-001": 5046287.923301356,
  "46002-P-SO-H00-001": 25507729.285155684,
  "46002-P-SO-I00-001": 990024.4928473391,
  "46002-P-SO-IA0-001": 3683085.402270386,
  "46002-P-SO-IB0-001": 302880.73102816765,
  "46002-P-SO-IBD-001": 2431319.73118735,
  "46002-P-SO-IC0-001": 962768.7234802512,
  "46002-P-SO-IC0-002": 1115873.4958038866,
  "46002-P-SO-IE0-003": 9115995.93357857,
  "46002-P-SO-IZ0-001": 3663194.1302732946,
  "46002-P-SO-IZ0-002": 1348088.8097613286,
  "46002-P-SO-IZ0-003": 1155182.55683935,
  "46002-P-SO-IZ0-006": 2164692.416463989,
  "46002-P-SO-IZ0-007": 16920605.00004788,
  "46002-P-SO-IZ0-008": 2158526.235267904,
  "46002-P-SO-IZ0-009": 2173611.446112096,
  "46002-P-SO-K00-002": 7788762.305324826,
  "46002-P-SO-K00-003": 266113840.1585653,
  "46002-P-SO-KF0-001": 7596136.115130629,
  "46002-P-SO-KF0-002": 422735.2771380555,
  "46002-P-SO-KF0-004": 1027455.1807041975,
  "46002-P-SO-KF0-006": 16006066.044961201,
  "46002-P-SO-KF0-010": 3594754.73713505,
  "46002-P-SO-KF0-011": 5777778.129988708,
  "46002-P-SO-KF0-013": 3476379.3517727293
}