{
  "47045-MAR-102-G01-H-00": 18469415.59,
  "47045-MAR-607-G02-H": 49010263.61,
  "47045-MAR-607-G03-T": 7408705.1899999995,
  "47045-MAR-C-MOH": 34133056.49,
  "47045-MAR-H-MOH": 24871529.96,
  "47045-MAR-S-MOH": 16200539.549999999,
  "47045-MAR-T-MOH": 3214920.9,
  "47045-MOR-011-G04-H": 67399439.14,
  "47045-MOR-011-G05-T": 16062117.96
}