{
  "GB-CHC-261488-ETA27CR": 1723368.3314370157,
  "GB-CHC-261488-KE6516": 2053320.5918541471,
  "GB-CHC-261488-KE6517": 450283.5984375232,
  "GB-CHC-261488-SA6951": 7507.7637018788655,
  "GB-CHC-261488-TZ6810": 141264.53808675235,
  "GB-CHC-261488-UG6907": 1364769.949095795
}