{
  "tbalert": {
    "GB-CHC-1071886-CSCF550": 1465115.1476758583,
    "GB-CHC-1071886-GPAF-INN-040": 769013.5371557648,
    "GB-CHC-1071886-UKAID-IMP-117": 2296655.384680804
  }
}