{
  "GB-CHC-202918-SACA32": 37539.71995275174,
  "GB-CHC-202918-SACA53": 252216.8464739109,
  "GB-CHC-202918-SACA59": 1197407.6592875707,
  "GB-CHC-202918-SACA60": 273651.5098898012,
  "GB-CHC-202918-ZIMA71": 60112.927614612236,
  "GB-CHC-202918-ZIMA88": 507428.5938371356,
  "GB-CHC-202918-ZIMA96": 339575.68969055725,
  "GB-CHC-202918-ZIMB06": 89234.2025648932,
  "GB-CHC-202918-ZIMB09": 3536.029683197416,
  "GB-CHC-202918-ZIMB10": 32909.371397169925,
  "GB-CHC-202918-ZIMB12": 1168010.9683745918,
  "GB-CHC-202918-ZIMB16": 11380.208721312643,
  "GB-CHC-202918-ZIMB17": 644544.074660474,
  "GB-CHC-202918-ZIMB19": 827018.9040836171,
  "GB-CHC-202918-ZIMB22": 241774.24219838931,
  "GB-CHC-202918-ZIMB26": 1652568.273096865,
  "GB-CHC-202918-ZIMB40": 273065.1471649321,
  "GB-CHC-202918-ZIMB42": 70875.3499829435,
  "GB-CHC-202918-ZIMB54": 1174563.2242197683,
  "GB-CHC-202918-ZIMB63": 111689.63466314216,
  "GB-CHC-202918-ZIMB70": 160494.56153885912
}