{
  "GB-CHC-202918-SACA26": 3221258.194705974,
  "GB-CHC-202918-SACA29": 35958.695401718796,
  "GB-CHC-202918-SACA32": 49574.395690369616,
  "GB-CHC-202918-ZIMA71": 60110.12580581307,
  "GB-CHC-202918-ZIMA88": 508083.41595316597,
  "GB-CHC-202918-ZIMA96": 297654.23434894765,
  "GB-CHC-202918-ZIMB06": 89291.68849465932,
  "GB-CHC-202918-ZIMB09": 3540.592828569237,
  "GB-CHC-202918-ZIMB10": 32951.840001575074,
  "GB-CHC-202918-ZIMB12": 1169518.253188942,
  "GB-CHC-202918-ZIMB16": 11394.89455582467,
  "GB-CHC-202918-ZIMB17": 645375.8403906084,
  "GB-CHC-202918-ZIMB19": 779439.9236353366,
  "GB-CHC-202918-ZIMB22": 242086.24495661154,
  "GB-CHC-202918-ZIMB26": 1990574.142972988,
  "GB-CHC-202918-ZIMB40": 273417.52994282916,
  "GB-CHC-202918-ZIMB42": 809289.0348582834,
  "GB-CHC-202918-ZIMB54": 1706798.0044146236,
  "GB-CHC-202918-ZIMB58": 4015555.7075759405,
  "GB-CHC-202918-ZIMB63": 111833.76694854557,
  "GB-CHC-202918-ZIMB65": 368785.4601536277,
  "GB-CHC-202918-ZIMB67": 1727902.2245305923,
  "GB-CHC-202918-ZIMB70": 751903.8173935405,
  "GB-CHC-202918-ZIMB75": 474834.3668306967
}