{
  "GB-CHC-202918-SACA32": 37588.163889796684,
  "GB-CHC-202918-SACA53": 252542.32511487132,
  "GB-CHC-202918-SACA59": 1198952.879692429,
  "GB-CHC-202918-SACA60": 274004.6493520572,
  "GB-CHC-202918-ZIMA71": 60110.12580581307,
  "GB-CHC-202918-ZIMA88": 508083.41595316597,
  "GB-CHC-202918-ZIMA96": 339980.3665789769,
  "GB-CHC-202918-ZIMB06": 89291.68849465932,
  "GB-CHC-202918-ZIMB09": 3540.592828569237,
  "GB-CHC-202918-ZIMB10": 32951.840001575074,
  "GB-CHC-202918-ZIMB12": 1169518.253188942,
  "GB-CHC-202918-ZIMB16": 11394.89455582467,
  "GB-CHC-202918-ZIMB17": 645375.8403906084,
  "GB-CHC-202918-ZIMB19": 828086.1483724619,
  "GB-CHC-202918-ZIMB22": 242086.24495661154,
  "GB-CHC-202918-ZIMB26": 1654700.8652814934,
  "GB-CHC-202918-ZIMB40": 273417.52994282916,
  "GB-CHC-202918-ZIMB42": 70966.81259899215,
  "GB-CHC-202918-ZIMB54": 1176078.9645332557,
  "GB-CHC-202918-ZIMB63": 111833.76694854557,
  "GB-CHC-202918-ZIMB70": 160701.6751892814
}