{
  "GB-1-201745-104": 10123330.997575235,
  "GB-1-203243-105": 1120448.1604928651,
  "GB-1-203243-109": 1177293.2704880775,
  "GB-1-203243-114": 1113113.414389317,
  "GB-1-203243-118": 2070496.3923900858,
  "GB-1-203243-123": 2836017.735145354
}