{
  "GB-1-201745-104": 10136194.944681354,
  "GB-1-203243-105": 1121788.748071225,
  "GB-1-203243-109": 1178812.5338483462,
  "GB-1-203243-114": 1114549.8554772746,
  "GB-1-203243-118": 2073168.3088830959,
  "GB-1-203243-123": 2839677.5350797344
}