{
  "pcf": {
    "NL-KVK-41159889-NG.2020": 1062488.930160256,
    "NL-KVK-4115988": 18593.55627780448,
    "NL-KVK-4115988-CER.2019.13809": 6574.150255366585,
    "NL-KVK-4115988-CER.2019.13851": 37724.997576502596,
    "NL-KVK-4115988-CER.2019.13914": 3875.4283727595343,
    "NL-KVK-4115988-CER.Leadership": 3984.3334881009605,
    "NL-KVK-4115988-CER1.2019.07123": 17021.0726611673,
    "NL-KVK-4115988-CER1.2019.13683": 22511.484207770427,
    "NL-KVK-4115988-CER1.2019.13861": 30222.497618408484,
    "NL-KVK-4115988-CER1.2019.13867": 26339.100578672747,
    "NL-KVK-4115988-CER1.2019.13868": 22575.23354358004,
    "NL-KVK-4115988-CER1.2019.13946": 24321.699722530964,
    "NL-KVK-4115988-CER1.2019.13950": 26110.665458688294,
    "NL-KVK-4115988-CER2.2019": 99608.33720252401,
    "NL-KVK-4115988-CER2.2019-11": 27943.458863214735,
    "NL-KVK-4115988-CER2.2019.02": 24664.352402507644,
    "NL-KVK-4115988-CER2.2019.07": 26562.223254006403,
    "NL-KVK-4115988-CER2.2019.08": 26562.223254006403,
    "NL-KVK-4115988-CER2.2019.13803": 33866.83464885817,
    "NL-KVK-4115988-CER2.2019.13876": 23456.036866682894,
    "NL-KVK-4115988-CER2.2019.13877": 23067.96278494186,
    "NL-KVK-4115988-CER2.2019.13878": 19456.82853355969,
    "NL-KVK-4115988-N.2017.06468": 66405.558135016,
    "NL-KVK-4115988-N.2017.06482": 66405.558135016,
    "NL-KVK-4115988-N.2018.06910": 66405.558135016,
    "NL-KVK-4115988-N.2019.13805": 66405.558135016,
    "NL-KVK-4115988-N.2019.13820": 66405.558135016,
    "NL-KVK-4115988-NG.2019.13689": 26392.225025180764,
    "NL-KVK-4115988-NG.2019.13691": 26562.223254006403,
    "NL-KVK-4115988-NG.2019.13694": 11682.065787112017,
    "NL-KVK-4115988-NG.2019.13707": 11926.438241048874,
    "NL-KVK-4115988-NG.2019.13708": 25234.112091306084,
    "NL-KVK-4115988-NG.2019.13709": 25973.87000893016,
    "NL-KVK-4115988-NG.2019.13710": 26562.223254006403,
    "NL-KVK-4115988-NG.2019.13711": 23042.728672850553,
    "NL-KVK-4115988-NG.2019.13713": 26562.223254006403,
    "NL-KVK-4115988-NG.2019.13714": 22577.889765905442,
    "NL-KVK-4115988-NG.2019.13715": 24925.99030155961,
    "NL-KVK-4115988-NG.2019.13716": 25505.046768496948,
    "NL-KVK-4115988-NG.2019.13718": 26562.223254006403,
    "NL-KVK-4115988-NG.2019.13719": 25022.94241643673,
    "NL-KVK-4115988-NG.2019.13721": 26562.223254006403,
    "NL-KVK-4115988-NG.2019.13722": 26562.223254006403,
    "NL-KVK-4115988-NG.2019.13733": 16967.94821465929,
    "NL-KVK-4115988-NG.2019.13735": 21795.632291074955,
    "NL-KVK-4115988-NGP.2018.06850": 398433.34881009604,
    "NL-KVK-4115988-NGP.2018.06852": 235075.67579795668,
    "NL-KVK-4115988-NGP.2018.06853": 367222.7364866385,
    "NL-KVK-4115988-NGP.2018.06854": 293512.5669567708,
    "NL-KVK-4115988-NGP.2018.06855": 294840.67811947106,
    "NL-KVK-4115988-NGP.2018.06856": 235739.73137930685,
    "NL-KVK-4115988-NGP.2018.06857": 358590.01392908645,
    "NL-KVK-4115988-NGP.2018.06858": 199216.67440504802,
    "NL-KVK-4115988-NGP.2018.06859": 290856.34463137016,
    "NL-KVK-4115988-NGP.2018.06860": 298825.011607572,
    "NL-KVK-4115988-NGP.2018.06914": 162029.56184943905,
    "NL-KVK-4115988-NGP.2018.13688": 300153.12277027237,
    "NL-KVK-4115988-NL-KVK-4115988": 66405.558135016,
    "NL-KVK-4115988-PR.2019-2020": 325387.23486157844,
    "NL-KVK-4115988-SC1.2019.13821": 18593.55627780448,
    "NL-KVK-4115988-SC1.2019.13822": 19535.18709215901,
    "NL-KVK-4115988-SC1.2019.13826": 10624.889301602561,
    "NL-KVK-4115988-SC1.2019.13827": 26363.006579601355,
    "NL-KVK-4115988-SC1.2019.13828": 15379.527264069708,
    "NL-KVK-4115988-SC1.2019.13829": 18912.30295685256,
    "NL-KVK-4115988-SC1.2019.13835": 19921.667440504803,
    "NL-KVK-4115988-SC1.2019.13836": 26562.223254006403,
    "NL-KVK-4115988-SC1.2019.13837": 26562.223254006403,
    "NL-KVK-4115988-SC1.2019.13857": 15991.786510074555,
    "NL-KVK-4115988-SC1.2019.13858": 17929.50069645432,
    "NL-KVK-4115988-SC1.2019.13859": 26562.223254006403,
    "NL-KVK-4115988-SC1.2019.13860": 19921.667440504803,
    "NL-KVK-4115988-SC1.2019.13899": 24758.648295059367,
    "NL-KVK-4115988-SC1.2019.13901": 21249.778603205123,
    "NL-KVK-4115988-SC1.2019.13902": 21249.778603205123,
    "NL-KVK-4115988-TI2019": 79686.66976201921,
    "NL-KVK-4115988.CER.2019": 75443.35459719169,
    "NL-KVK-4115988.CER2.2019.05": 32777.7834954439,
    "NL-KVK-4115988.N.2018.06911": 66405.558135016,
    "NL-KVK-4115988.SC1.2019.13825": 16519.04664166658,
    "NL-KVK-SC1.2019.13856": 18593.55627780448,
    "NL-LVL-4115988-SC1.2019.13830": 19921.667440504803,
    "NL_KVL-4115988-NG.2019.13717": 26562.223254006403,
    "`NL-KVK-4115988-NGP.2019.07105": 265622.232540064
  }
}