{
  "iied": {
    "GB-COH-02188452-10239": 13542416.157594958,
    "GB-COH-02188452-10579": 59236.86851490587,
    "GB-COH-02188452-10745": 32310.42083774144,
    "GB-COH-02188452-11026": 323877.5786052479,
    "GB-COH-02188452-272.16": 1825668.012433868,
    "GB-COH-02188452-10771": 10068.210811821677,
    "GB-COH-02188452-10772": 8227.342849292483,
    "GB-COH-02188452-11062": 47389.494811924706,
    "GB-COH-02188452-11173": 134853.43872566827,
    "GB-COH-02188452-10855": 242224.49176315972,
    "GB-COH-02188452-10084": 1002924.9077930852,
    "GB-COH-02188452-10432": 430875.7520101237,
    "GB-COH-02188452-10554": 289026.5213862735,
    "GB-COH-02188452-10850": 219669.6920730239
  }
}