{
  "GB-CHC-1050327-GPAF": 794363.5420723839,
  "GB-CHC-1050327-UKAMMozambique": 495447.29544725356
}