{
  "46002-P-AO-A00-001": 51598372.63457184,
  "46002-P-AO-A00-002": 19225704.05476518,
  "46002-P-AO-AA0-010": 2101751.1288938816,
  "46002-P-AO-AAF-001": 14411143.875642434,
  "46002-P-AO-AAF-002": 68574591.05035101,
  "46002-P-AO-AAZ-001": 165786757.93236083,
  "46002-P-AO-AAZ-002": 884127.7495590372,
  "46002-P-AO-AB0-001": 676061.2301939585,
  "46002-P-AO-C00-001": 2474615.97022501,
  "46002-P-AO-CZ0-001": 34822858.944410466,
  "46002-P-AO-D00-001": 1648438.9998714759,
  "46002-P-AO-D00-003": 10209659.27092894,
  "46002-P-AO-DB0-001": 722282.1829193679,
  "46002-P-AO-E00-001": 3567550.8705116627,
  "46002-P-AO-E00-003": 56142886.1268166,
  "46002-P-AO-E00-005": 267973872.450884,
  "46002-P-AO-FA0-002": 2215868770.7134967,
  "46002-P-AO-FA0-003": 556469963.3775514,
  "46002-P-AO-GB0-001": 37574720.95234541,
  "46002-P-AO-GB0-002": 43122089.96046753,
  "46002-P-AO-HA0-001": 2465992.8828931865,
  "46002-P-AO-HZ0-001": 129143.27572569641,
  "46002-P-AO-IA0-002": 59265976.28786374,
  "46002-P-AO-IA0-004": 17285707.219705395,
  "46002-P-AO-IA0-006": 132356933.82189597,
  "46002-P-AO-IAD-001": 1104872.8521367463,
  "46002-P-AO-IAE-001": 2912263.355898667,
  "46002-P-AO-IB0-002": 3846865.21659363,
  "46002-P-AO-IBD-002": 83015199.8286249,
  "46002-P-AO-IBD-003": 3189744.2040981585,
  "46002-P-AO-IBD-004": 1628812.5593423904,
  "46002-P-AO-IBE-001": 960904.2370335017,
  "46002-P-AO-IE0-001": 15649655.969506418,
  "46002-P-AO-K00-001": 1284021.2331880876,
  "46002-P-AO-K00-006": 55514508.89842386,
  "46002-P-AO-K00-007": 380418430.51340073,
  "46002-P-AO-KF0-002": 14561667.158901723,
  "46002-P-AO-KF0-003": 252235.58125058172,
  "46002-P-AO-KF0-004": 182319.91867157142
}