{
  "FR-6-JO-1298": 26562.223254006403,
  "FR-6-JO-1299": 10624.889301602561,
  "FR-6-JO-1910": 26562.223254006403,
  "FR-6-JO-1911": 15937.333952403842,
  "FR-6-JO-1912": 26562.223254006403,
  "FR-6-JO-1913": 15937.333952403842,
  "FR-6-JO-1914": 26562.223254006403,
  "FR-6-JO-1915": 58436.89115881408,
  "FR-6-JO-1916": 691180.9237371514,
  "FR-6-JO-2106": 26774.721040038454,
  "FR-6-JO-2107": 39843.33488100961,
  "FR-6-JO-2108": 43030.80167149037,
  "FR-6-JO-980": 318.7466790480768,
  "FR-6-JO-981": 185.9355627780448
}