{
  "ES-DIR3-E04585801-009-003737": 56786.46581792332,
  "ES-DIR3-E04585801-009-028847": 1392029.8528686406,
  "ES-DIR3-E04585801-009-030143": 139202.98528686404,
  "ES-DIR3-E04585801-009-030391": 620082.4820200417,
  "ES-DIR3-E04585801-009-030731": 2672.502433328388,
  "ES-DIR3-E04585801-009-034379": 2784059.705737281,
  "ES-DIR3-E04585801-009-034971": 2784059.705737281,
  "ES-DIR3-E04585801-009-038767": 30067.844821962637,
  "ES-DIR3-E04585801-009-041677": 16704.358234423686,
  "ES-DIR3-E04585801-009-042053": 30067.844821962637,
  "ES-DIR3-E04585801-009-042885": 2784059.705737281,
  "ES-DIR3-E04585801-009-049605": 7193.01342082373,
  "ES-DIR3-E04585801-009-053199": 122281.2281540034,
  "ES-DIR3-E04585801-009-060619": 30827.200374958844,
  "ES-DIR3-E04585801-009-061537": 38534.000468698556,
  "ES-DIR3-E04585801-009-062313": 17718.454833738066,
  "ES-DIR3-E04585801-009-063295": 20551.466916639227,
  "ES-DIR3-E04585801-009-066055": 12676.043854370304,
  "ES-DIR3-E04585801-009-066169": 1243203.1593349888,
  "ES-DIR3-E04585801-009-068023": 90277.55334328103,
  "ES-DIR3-E04585801-009-073259": 17145.43327429122,
  "ES-DIR3-E04585801-009-073979": 15311.035437639952,
  "ES-DIR3-E04585801-009-075027": 13263.41882386542,
  "ES-DIR3-E04585801-009-076297": 39828.33235732987,
  "ES-DIR3-E04585801-009-077503": 10620.888628621298,
  "ES-DIR3-E04585801-009-079824": 8765.533673822112,
  "ES-DIR3-E04585801-009-080530": 915690.6783691294,
  "ES-DIR3-E04585801-009-084722": 81280.4031572596,
  "ES-DIR3-E04585801-009-085082": 63749.33580961537,
  "ES-DIR3-E04585801-009-085582": 4829.490307596936,
  "ES-DIR3-E04585801-009-086612": 17050.29110674671,
  "ES-DIR3-E04585801-009-086632": 14432.398069501602,
  "ES-DIR3-E04585801-009-088130": 11421.755999222753,
  "ES-DIR3-E04585801-009-088467": 10805.366327501908,
  "ES-DIR3-E04585801-009-088519": 8418.13963699459,
  "ES-DIR3-E04585801-009-089387": 8499.911441282049,
  "ES-DIR3-E04585801-009-089676": 3654.3244263931847,
  "ES-DIR3-E04585801-009-089991": 625.9653532039149,
  "ES-DIR3-E04585801-009-093800": 29853.946770759147,
  "ES-DIR3-E04585801-009-093807": 8199.758318511776,
  "ES-DIR3-E04585801-009-094240": 29218.44557940704,
  "ES-DIR3-E04585801-009-094479": 18072.803890909687,
  "ES-DIR3-E04585801-009-094685": 37187.11255560896
}