{
  "46002-P-SS-A00-001": 9115995.93357857,
  "46002-P-SS-AA0-002": 2097352.524115991,
  "46002-P-SS-AAZ-001": 19751324.522753567,
  "46002-P-SS-D00-001": 1373392.3825034592,
  "46002-P-SS-E00-002": 14676814.54542758,
  "46002-P-SS-E00-003": 29972554.271521203,
  "46002-P-SS-FA0-002": 51609786.61315104,
  "46002-P-SS-FA0-006": 27387579.847314674,
  "46002-P-SS-HA0-001": 14554376.966249535,
  "46002-P-SS-HZ0-001": 40657341.01293413,
  "46002-P-SS-I00-002": 9115995.93357857,
  "46002-P-SS-I00-003": 35142164.32394539,
  "46002-P-SS-I00-006": 3038665.3111928566,
  "46002-P-SS-I00-008": 10665715.242286926,
  "46002-P-SS-I00-009": 3190598.576752499,
  "46002-P-SS-KF0-003": 3332355.4585382435,
  "46002-P-SS-KF0-004": 26772126.73679316,
  "46002-P-SS-KF0-007": 10680908.568842892
}