{
  "NL-KVK-41022454-1707010": {
    "redeenkind-2.xml": 19626803.924980406
  },
  "NL-KVK-41022454-CAFR002.9": {
    "redeenkind-2.xml": 455924.1986662729
  },
  "NL-KVK-41022454-CDRC003.1.21": {
    "redeenkind-2.xml": 2126770.3355921493
  },
  "NL-KVK-41022454-CSOM002.1.21": {
    "redeenkind-2.xml": 3117614.046561558
  },
  "NL-KVK-41022454-CSOM002.1.22": {
    "redeenkind-3.xml": 1838789.89207568
  },
  "NL-KVK-41022454-CSSU002.4.21": {
    "redeenkind-2.xml": 2719797.1437003827
  },
  "NL-KVK-41022454-CSSU002.4.22": {
    "redeenkind-3.xml": 609508.1888384293
  },
  "NL-KVK-41022454-CSSU002.6": {
    "redeenkind-2.xml": 168334.33438039158
  },
  "NL-KVK-41022454-REK0070": {
    "redeenkind-2.xml": 525180.2730533315
  },
  "NL-KVK-41022454-REK0071": {
    "redeenkind-2.xml": 855968.9973427422
  },
  "NL-KVK-41022454-REK0094": {
    "redeenkind-2.xml": 1190086.3467722898
  }
}