{
  "NL-KVK-34159275-SP-CEAM": {
    "utz-activities.xml": 2245585.7863278273
  },
  "NL-KVK-34159275-SP-CODI": {
    "utz-activities.xml": 1283182.832709133
  },
  "NL-KVK-34159275-SP-GHAN": {
    "utz-activities.xml": 1077552.5525751454
  },
  "NL-KVK-34159275-SP-GLOB": {
    "utz-activities.xml": 1500831.833593673
  },
  "NL-KVK-34159275-SP-INDO": {
    "utz-activities.xml": 1560790.8735019946
  },
  "NL-KVK-34159275-SP-KENY": {
    "utz-activities.xml": 756406.8043687071
  },
  "NL-KVK-34159275-SP-MALA": {
    "utz-activities.xml": 1713103.4087135156
  },
  "NL-KVK-34159275-SP-UGAN": {
    "utz-activities.xml": 1465495.7851921518
  }
}