{
  "NL-KVK-34159275-SP-CEAM": {
    "utz-activities.xml": 2244927.202782052
  },
  "NL-KVK-34159275-SP-CODI": {
    "utz-activities.xml": 1282806.5019071705
  },
  "NL-KVK-34159275-SP-GHAN": {
    "utz-activities.xml": 1077236.5288520013
  },
  "NL-KVK-34159275-SP-GLOB": {
    "utz-activities.xml": 1500391.670872392
  },
  "NL-KVK-34159275-SP-INDO": {
    "utz-activities.xml": 1560333.1260429826
  },
  "NL-KVK-34159275-SP-KENY": {
    "utz-activities.xml": 756184.9660055046
  },
  "NL-KVK-34159275-SP-MALA": {
    "utz-activities.xml": 1712600.9911599045
  },
  "NL-KVK-34159275-SP-UGAN": {
    "utz-activities.xml": 1465065.985797977
  }
}