{
  "AU-5-INH722-PH": 117451.32360125992,
  "AU-5-INH946-PH": 29811715.876218833,
  "AU-5-INH947-PH": 160468706.7533239,
  "AU-5-INI006-PH": 781012.3173188128,
  "AU-5-INI075-PH": 62493.807979674915,
  "AU-5-INI093-PH": 37065.59251300396,
  "AU-5-INI097-PH": 366428.0275214098,
  "AU-5-INI116-PH": 229025.55200169212,
  "AU-5-INI124-PH": 155385.502872353,
  "AU-5-INI127-PH": 3131168.504496597,
  "AU-5-INI171-PH": 140156641.30865067,
  "AU-5-INI189-PH": 7358382.514823752,
  "AU-5-INI267-PH": 245117.19318809564,
  "AU-5-INI276-PH": 87915.758774111,
  "AU-5-INI294-PH": 70155949.22563107,
  "AU-5-INI308-PH": 9399.442666096187,
  "AU-5-INI358-PH": 436117.7441900217,
  "AU-5-INI373-PH": 64024.01931469932,
  "AU-5-INI384-PH": 11916772.29495887,
  "AU-5-INI385-PH": 121403.77647772731,
  "AU-5-INI428-PH": 45863177.81372018,
  "AU-5-INI478-PH": 130246.02826551854,
  "AU-5-INI479-PH": 305868.4663615182,
  "AU-5-INI486-PH": 1468463.3560860108,
  "AU-5-INI500-PH": 108891.40154253785,
  "AU-5-INI562-PH": 1559832.6738385456,
  "AU-5-INI595-PH": 231680.5815076727,
  "AU-5-INI597-PH": 8064.27613580132,
  "AU-5-INI632-PH": 71042773.03031954,
  "AU-5-INI657-PH": 1030126.9629940137,
  "AU-5-INI691-PH": 7707402.371254017,
  "AU-5-INI717-PH": 697994.2497747608,
  "AU-5-INI718-PH": 148711.52767359331,
  "AU-5-INI766-PH": 66861.71845449388,
  "AU-5-INI774-PH": 3119665.347677091,
  "AU-5-INI776-PH": 48684.45038158543,
  "AU-5-INI782-PH": 212841.69300867253,
  "AU-5-INI831-PH": 219871.4335982542,
  "AU-5-INI855-PH": 195320.39966743294,
  "AU-5-INI872-PH": 4265.229072325027,
  "AU-5-INI878-PH": 84848.78514267072,
  "AU-5-INI900-PH": 8061.7632354066745,
  "AU-5-INI916-PH": 784220.9573517237,
  "AU-5-INI941-PH": 7281122.506218904,
  "AU-5-INI980-PH": 1272909.984537896,
  "AU-5-INJ014-PH": 525243.4923836208,
  "AU-5-INJ045-PH": 262084.58814312745,
  "AU-5-INJ082-PH": 92034.78630871531,
  "AU-5-INJ110-PH": 3394426.6254343893,
  "AU-5-INJ132-PH": 4684378.372536783,
  "AU-5-INJ136-PH": 1834593.9515958438,
  "AU-5-INJ138-PH": 24920722.628627867,
  "AU-5-INJ145-PH": 5503781.854787531,
  "AU-5-INJ168-PH": 11165023.074616512,
  "AU-5-INJ223-PH": 190282766.024246,
  "AU-5-INJ225-PH": 1240094.106833141,
  "AU-5-INJ231-PH": 3154326.4027383905,
  "AU-5-INJ235-PH": 194879.56427469302,
  "AU-5-INJ251-PH": 38241533.85724673,
  "AU-5-INJ273-PH": 5828634.744742812,
  "AU-5-INJ280-PH": 5532596.748079651,
  "AU-5-INJ357-PH": 4586484.87898961,
  "AU-5-INJ388-PH": 4586484.87898961,
  "AU-5-INJ389-PH": 4586484.87898961,
  "AU-5-INJ390-PH": 1834593.9515958438,
  "AU-5-INJ429-PH": 151695.23548165394,
  "AU-5-INJ448-PH": 28245205.75613796,
  "AU-5-INJ476-PH": 271.42626313720996,
  "AU-5-INJ489-PH": 602848.2393099064,
  "AU-5-INJ522-PH": 296170.16660210746,
  "AU-5-INJ554-PH": 5312554.80451189,
  "AU-5-INJ555-PH": 18051134.229998298,
  "AU-5-INJ563-PH": 2608263.8135735765,
  "AU-5-INJ593-PH": 50788.04522308355,
  "AU-5-INJ607-PH": 2302866.887470138,
  "AU-5-INJ654-PH": 99450.93924066133,
  "AU-5-INJ678-PH": 5674.566335803828,
  "AU-5-INJ694-PH": 17535477.33813314,
  "AU-5-INJ703-PH": 3528668.7491402365,
  "AU-5-INJ705-PH": 17410.540272301074,
  "AU-5-INJ748-PH": 133335.6436844966,
  "AU-5-INJ766-PH": 53182515.806507155,
  "AU-5-INJ776-PH": 618899.200169405,
  "AU-5-INJ794-PH": 565009.0912115786,
  "AU-5-INJ839-PH": 82111549.0696238,
  "AU-5-INJ979-PH": 4126124.6366280685,
  "AU-5-INK048-PH": 30244116.374341246,
  "AU-5-INK058-PH": 274001.80814487144,
  "AU-5-INK078-PH": 56369634.037432514,
  "AU-5-INK114-PH": 21201.585279391333,
  "AU-5-INK124-PH": 5798186.2776086265,
  "AU-5-INK131-PH": 1879140.8991133904,
  "AU-5-INK134-PH": 15441491.08799875,
  "AU-5-INK135-PH": 5973315.2575499015,
  "AU-5-INK140-PH": 14706.106383514698,
  "AU-5-INK144-PH": 383169.5676991279,
  "AU-5-INK189-PH": 9173200.700941322,
  "AU-5-INK194-PH": 23916.480412975063,
  "AU-5-INK198-PH": 229.42685684172966,
  "AU-5-INK208-PH": 107458.46964796135,
  "AU-5-INK213-PH": 3512381.185211541,
  "AU-5-INK235-PH": 3595151.9106644564,
  "AU-5-INK246-PH": 40885.10639960927,
  "AU-5-INK267-PH": 414580.53103886603,
  "AU-5-INK277-PH": 29357.52300704831,
  "AU-5-INK346-PH": 51200875.866613284,
  "AU-5-INK347-PH": 269679.78452773957,
  "AU-5-INK373-PH": 73575.68055810993,
  "AU-5-INK406-PH": 2206.66005584006,
  "AU-5-INK415-PH": 104513.26867222307,
  "AU-5-INK446-PH": 1285455.1075649946,
  "AU-5-INK447-PH": 425611.8791305297,
  "AU-5-INK474-PH": 323324.1996670944,
  "AU-5-INK475-PH": 6237.309558358447,
  "AU-5-INK508-PH": 396.56201209350684,
  "AU-5-INK573-PH": 26933312.77933625,
  "AU-5-INK599-PH": 359643.8434502069,
  "AU-5-INK612-PH": 106364.52187062544,
  "AU-5-INK624-PH": 124249.19438961051,
  "AU-5-INK641-PH": 145400.47341705393,
  "AU-5-INK642-PH": 13284579.631657112,
  "AU-5-INK680-PH": 232482.4736009126,
  "AU-5-INK691-PH": 549087.0208984877,
  "AU-5-INK757-PH": 132735.54575111007,
  "AU-5-INK758-PH": 1248.5036485535745,
  "AU-5-INK770-PH": 1598153.1862898588,
  "AU-5-INK874-PH": 20008071.290922668,
  "AU-5-INK903-PH": 23004.04184502551,
  "AU-5-INK924-PH": 868069.0397148988,
  "AU-5-INK959-PH": 698800.2120187352,
  "AU-5-INL021-PH": 26878187.8232398,
  "AU-5-INL057-PH": 324253.5007044105,
  "AU-5-INL062-PH": 19387303.792410363,
  "AU-5-INL144-PH": 237095.1778269242,
  "AU-5-INL174-PH": 618294.2018578267,
  "AU-5-INL228-PH": 89924.48525390684,
  "AU-5-INL241-PH": 340311.42018813407,
  "AU-5-INL243-PH": 33014.625736253736,
  "AU-5-INL255-PH": 72237143.60178834,
  "AU-5-INL261-PH": 1247603.9385117816,
  "AU-5-INL343-PH": 132870606.0083475,
  "AU-5-INL392-PH": 2349138.480490611,
  "AU-5-INL414-PH": 721134.3706610503,
  "AU-5-INL417-PH": 3654.3484233248723,
  "AU-5-INL471-PH": 469544.11000685976,
  "AU-5-INL481-PH": 13050.729273038358,
  "AU-5-INL483-PH": 9008.77112548317,
  "AU-5-INL495-PH": 18902067.64165992,
  "AU-5-INL503-PH": 1335739.1664161969,
  "AU-5-INL553-PH": 24803.416678886824,
  "AU-5-INL568-PH": 1163025.6818069487,
  "AU-5-INL580-PH": 450708.9816631564,
  "AU-5-INL605-PH": 24279173.62544736,
  "AU-5-INL630-PH": 2783782.391211366,
  "AU-5-INL636-PH": 45902.0055285025,
  "AU-5-INL645-PH": 4362974.718326807,
  "AU-5-INL646-PH": 305998.04608464014,
  "AU-5-INL673-PH": 917653.402263783,
  "AU-5-INL691-PH": 1501743.3971244073,
  "AU-5-INL702-PH": 27042.538899789386,
  "AU-5-INL723-PH": 253929.44026902234,
  "AU-5-INL746-PH": 169866.8066810637,
  "AU-5-INL791-PH": 99688859.11051235,
  "AU-5-INL793-PH": 10982752.069488857,
  "AU-5-INL798-PH": 9824293.872502083,
  "AU-5-INL799-PH": 17955659.006366026,
  "AU-5-INL802-PH": 51922.57610555895,
  "AU-5-INL832-PH": 104878.17719708984,
  "AU-5-INL860-PH": 2001054.1311162286,
  "AU-5-INL872-PH": 1936379.1950834922,
  "AU-5-INL889-PH": 8797.839322064814,
  "AU-5-INL950-PH": 210660.476611396,
  "AU-5-INL966-PH": 5298.534788432066,
  "AU-5-INL971-PH": 7409.655658542291,
  "AU-5-INL991-PH": 54396.96841488967,
  "AU-5-INM029-PH": 406296.118610069,
  "AU-5-INM031-PH": 196052.09709772977,
  "AU-5-INM056-PH": 989336.8629613814,
  "AU-5-INM061-PH": 488935.41323393537,
  "AU-5-INM063-PH": 66475.96912346227,
  "AU-5-INM079-PH": 18475.462576336107,
  "AU-5-INM083-PH": 20393015.65725553,
  "AU-5-INM098-PH": 1687274.1437541924,
  "AU-5-INM102-PH": 165796.90457664538,
  "AU-5-INM112-PH": 2019.1762378509409,
  "AU-5-INM126-PH": 491892.0641536457,
  "AU-5-INM136-PH": 24502.343079135833,
  "AU-5-INM162-PH": 832960.6775194594,
  "AU-5-INM222-PH": 17114.321451713375,
  "AU-5-INM237-PH": 213371.94184508154,
  "AU-5-INM238-PH": 35383531.485278755,
  "AU-5-INM242-PH": 24999.925794891962,
  "AU-5-INM247-PH": 3284517.3655852424,
  "AU-5-INM256-PH": 8039000.44083375,
  "AU-5-INM260-PH": 114239.40274623361,
  "AU-5-INM262-PH": 69316.33712590348,
  "AU-5-INM267-PH": 95469.17649588978,
  "AU-5-INM280-PH": 246364.7407207879,
  "AU-5-INM290-PH": 18377.20801833354,
  "AU-5-INM308-PH": 17881040.52877984,
  "AU-5-INM313-PH": 22667259.826263174,
  "AU-5-INM319-PH": 998421.353195784,
  "AU-5-INM328-PH": 34339.517312915894,