{
  "46002-P-MA-A00-002": 267856322.41415864,
  "46002-P-MA-A00-003": 452496579.8348926,
  "46002-P-MA-AA0-003": 494625591.1006563,
  "46002-P-MA-AA0-011": 168016312.4431387,
  "46002-P-MA-AAB-001": 65379338.47262169,
  "46002-P-MA-AAC-001": 13221879.960008428,
  "46002-P-MA-AAC-002": 33192047.97689716,
  "46002-P-MA-AAC-003": 115789438.17978682,
  "46002-P-MA-AAC-004": 2282382.461894,
  "46002-P-MA-AAC-005": 1541736.8473958203,
  "46002-P-MA-AAC-014": 141110430.09078264,
  "46002-P-MA-AAC-016": 155798019.12570673,
  "46002-P-MA-AAE-001": 18644477.2007184,
  "46002-P-MA-AAG-001": 13336423.410353547,
  "46002-P-MA-AAZ-002": 1700818.418779987,
  "46002-P-MA-AAZ-003": 1998315.9326381416,
  "46002-P-MA-AAZ-005": 1653386.8756759153,
  "46002-P-MA-AAZ-006": 1674215.7606080796,
  "46002-P-MA-AB0-001": 13830572.151566288,
  "46002-P-MA-AZ0-001": 13686861.742946347,
  "46002-P-MA-AZ0-002": 55699600.980075076,
  "46002-P-MA-AZ0-003": 90542439.03945445,
  "46002-P-MA-AZ0-004": 167211056.41646856,
  "46002-P-MA-AZ0-005": 92491016.03149542,
  "46002-P-MA-BAA-001": 2675493.378141299,
  "46002-P-MA-D00-001": 240340888.6374538,
  "46002-P-MA-DA0-001": 71706820.57978167,
  "46002-P-MA-DA0-003": 165755623.715285,
  "46002-P-MA-DA0-004": 360837240.6613826,
  "46002-P-MA-DA0-006": 260610405.06309402,
  "46002-P-MA-DA0-007": 80693790.1410881,
  "46002-P-MA-DB0-001": 71720641.10144599,
  "46002-P-MA-DB0-002": 33671277.472353786,
  "46002-P-MA-DB0-003": 110611374.95619074,
  "46002-P-MA-DB0-004": 121623432.2523573,
  "46002-P-MA-DC0-001": 176213589.05756137,
  "46002-P-MA-DC0-003": 832830412.6589478,
  "46002-P-MA-DC0-005": 244816513.42995873,
  "46002-P-MA-DD0-002": 1452382.5156581362,
  "46002-P-MA-DD0-004": 237755788.90296036,
  "46002-P-MA-DD0-008": 134489650.23514682,
  "46002-P-MA-DZ0-001": 148881149.0171686,
  "46002-P-MA-DZ0-002": 612489123.7424257,
  "46002-P-MA-E00-002": 32331626.00083169,
  "46002-P-MA-E00-004": 549510865.3117642,
  "46002-P-MA-E00-005": 154270838.91564375,
  "46002-P-MA-E00-006": 194287030.07164848,
  "46002-P-MA-E00-007": 183478500.139217,
  "46002-P-MA-E00-008": 271816676.9241643,
  "46002-P-MA-E00-009": 325070460.685108,
  "46002-P-MA-E00-010": 186799825.73812035,
  "46002-P-MA-E00-011": 320591176.0858603,
  "46002-P-MA-E00-013": 21231739.231271,
  "46002-P-MA-E00-016": 85954776.78937012,
  "46002-P-MA-EA0-002": 4151841.25780514,
  "46002-P-MA-EAA-001": 6293174.0514038475,
  "46002-P-MA-EAA-002": 10680830.0228718,
  "46002-P-MA-EAA-003": 33473087.77231181,
  "46002-P-MA-EAA-004": 10960184.845046647,
  "46002-P-MA-EAB-001": 6819708.836211222,
  "46002-P-MA-EAZ-001": 73381717.69317175,
  "46002-P-MA-EAZ-002": 25822076.226694778,
  "46002-P-MA-EAZ-003": 5113533.604794646,
  "46002-P-MA-EAZ-004": 664929.489417902,
  "46002-P-MA-EAZ-005": 2013083.9428195804,
  "46002-P-MA-EAZ-008": 1037781.4674472763,
  "46002-P-MA-FA0-003": 327141125.56437784,
  "46002-P-MA-FA0-004": 53922601.653597176,
  "46002-P-MA-FA0-005": 116809804.04928249,
  "46002-P-MA-FA0-006": 401575686.70530516,
  "46002-P-MA-FA0-008": 305061961.95574147,
  "46002-P-MA-FAB-001": 1139919.8046481013,
  "46002-P-MA-FAB-002": 73640569.85045518,
  "46002-P-MA-FAC-001": 2818589.232848611,
  "46002-P-MA-FAC-002": 6699041.9574296465,
  "46002-P-MA-FAC-003": 6080358.322628634,
  "46002-P-MA-FAC-004": 9770408.33152069,
  "46002-P-MA-FAC-005": 19308654.38881127,
  "46002-P-MA-FAC-006": 57599717.68812343,
  "46002-P-MA-FAC-008": 30213326.794375166,
  "46002-P-MA-FAC-011": 199247939.80936685,
  "46002-P-MA-FAC-012": 342425665.130113,
  "46002-P-MA-FAC-013": 395004679.863097,
  "46002-P-MA-FAC-014": 207493757.0042763,
  "46002-P-MA-FF0-001": 372236591.9026718,
  "46002-P-MA-FF0-002": 240114807.89810276,
  "46002-P-MA-FF0-003": 119309118.3364424,
  "46002-P-MA-FF0-004": 83542391.42697415,
  "46002-P-MA-GB0-001": 20703915.03452146,
  "46002-P-MA-GB0-002": 235129582.01899892,
  "46002-P-MA-GB0-003": 189696308.8330167,
  "46002-P-MA-H00-001": 373186798.01888275,
  "46002-P-MA-H00-002": 1458622.9712005474,
  "46002-P-MA-H00-004": 247708088.9202326,
  "46002-P-MA-H00-020": 287361913.46257764,
  "46002-P-MA-HA0-001": 325422165.21747863,
  "46002-P-MA-HA0-002": 46884639.9940206,
  "46002-P-MA-HA0-003": 20040551.35032542,
  "46002-P-MA-HAA-001": 4740228.794558849,
  "46002-P-MA-HAA-002": 3448454.2666184492,
  "46002-P-MA-HAA-003": 7851785.792700522,
  "46002-P-MA-HAA-004": 18646638.069962855,
  "46002-P-MA-HAA-006": 7603996.114313281,
  "46002-P-MA-HAA-009": 11312373.450603,
  "46002-P-MA-HAZ-001": 107651961.85844429,
  "46002-P-MA-HAZ-002": 342195181.8115583,
  "46002-P-MA-HZ0-001": 455332942.9819849,
  "46002-P-MA-HZ0-003": 417538069.76901287,
  "46002-P-MA-HZ0-006": 584934889.6882927,
  "46002-P-MA-HZ0-007": 1505312.3676174316,
  "46002-P-MA-HZ0-009": 1628091.2594644823,
  "46002-P-MA-HZ0-010": 1461966.39248616,
  "46002-P-MA-HZ0-011": 249268726.4569999,
  "46002-P-MA-I00-003": 912883.2994020171,
  "46002-P-MA-I00-006": 162678381.30350423,
  "46002-P-MA-I00-010": 292878242.3166738,
  "46002-P-MA-I00-012": 101856367.92955853,
  "46002-P-MA-I00-016": 181032152.11394316,
  "46002-P-MA-IA0-002": 78684490.47510122,
  "46002-P-MA-IA0-005": 1513086.1744053715,
  "46002-P-MA-IAB-001": 42034626.63212241,
  "46002-P-MA-IAC-001": 15181956.945257954,
  "46002-P-MA-IAD-001": 2354060.682651705,
  "46002-P-MA-IAD-002": 1273163.132010818,
  "46002-P-MA-IAE-001": 41302219.26035604,
  "46002-P-MA-IAE-003": 12269914.932921283,
  "46002-P-MA-IAZ-001": 93124588.86616738,
  "46002-P-MA-IAZ-002": 39736524.21436865,
  "46002-P-MA-IAZ-003": 5539745318.832525,
  "46002-P-MA-IAZ-004": 292654491.7145762,
  "46002-P-MA-IB0-003": 1157191.9018389971,
  "46002-P-MA-IBA-001": 40109857.93785009,
  "46002-P-MA-IBD-001": 296372893.67894804,
  "46002-P-MA-IBD-004": 1507152.2054112097,
  "46002-P-MA-IBD-005": 1849893.0902869292,
  "46002-P-MA-IBD-008": 185172174.41802746,
  "46002-P-MA-IBD-010": 291630056.43301606,
  "46002-P-MA-IBD-011": 296489374.8076157,
  "46002-P-MA-IBZ-002": 965414.3992486261,
  "46002-P-MA-K00-001": 145421841.3601984,
  "46002-P-MA-K00-002": 440867966.3097911,
  "46002-P-MA-K00-003": 308796599.89448583,
  "46002-P-MA-K00-004": 216569720.25382712,
  "46002-P-MA-K00-005": 173955382.6786055,
  "46002-P-MA-K00-006": 251708233.69782618,
  "46002-P-MA-K00-010": 308064936.67720133,
  "46002-P-MA-K00-011": 1791461.5309826694,
  "46002-P-MA-K00-012": 2406850.4630695074,
  "46002-P-MA-K00-013": 440786769.7942177,
  "46002-P-MA-K00-014": 655064014.4194939,
  "46002-P-MA-K00-016": 652828.0112628522,
  "46002-P-MA-K00-019": 244617910.43824482,
  "46002-P-MA-K00-020": 655173.3346301636,
  "46002-P-MA-K00-021": 650023621.8258709,
  "46002-P-MA-K00-026": 1379881.4765395545,
  "46002-P-MA-KA0-001": 154678636.19375357,
  "46002-P-MA-KA0-002": 2240668.0320948,
  "46002-P-MA-KA0-003": 2489995.135731413,
  "46002-P-MA-KD0-003": 1585547.7595605818
}