{
  "XI-IATI-EC_INTPA-2000/011-451": 515599.44378305064,
  "XI-IATI-EC_INTPA-2000/011-452": 667549.7005091571,
  "XI-IATI-EC_INTPA-2001/011-889": 1296927.228885605,
  "XI-IATI-EC_INTPA-2001/4608/0": 1387158.4985723842,
  "XI-IATI-EC_INTPA-2001/5853/0": 469702.3617065291,
  "XI-IATI-EC_INTPA-2002/020-263": 342188.42890500487,
  "XI-IATI-EC_INTPA-2002/2910/0": 394886.9600063793,
  "XI-IATI-EC_INTPA-2003/4967/0": 1354397.4419139745,
  "XI-IATI-EC_INTPA-2003/5763/0": 975900.4398892074,
  "XI-IATI-EC_INTPA-2003/5921/0": 435738.32012537157,
  "XI-IATI-EC_INTPA-2003/5922/0": 3637056.9650900573,
  "XI-IATI-EC_INTPA-2003/6017/1": 480352.060029484,
  "XI-IATI-EC_INTPA-2004/079-132": 695047.9093961512,
  "XI-IATI-EC_INTPA-2004/079-856": 1289000.700072157,
  "XI-IATI-EC_INTPA-2004/083-205": 540751.793123907,
  "XI-IATI-EC_INTPA-2004/083-218": 4232811.067632178,
  "XI-IATI-EC_INTPA-2004/087-712": 1513276.8699154272,
  "XI-IATI-EC_INTPA-2004/16945/0": 2325235.4827831243,
  "XI-IATI-EC_INTPA-2004/16947/0": 1601337.7810942046,
  "XI-IATI-EC_INTPA-2004/5998/1": 14485566.252186334,
  "XI-IATI-EC_INTPA-2004/6206/0": 4332659.138827773,
  "XI-IATI-EC_INTPA-2005/098-292": 1470866.287567297,
  "XI-IATI-EC_INTPA-2005/098-293": 1988640.5119768982,
  "XI-IATI-EC_INTPA-2005/098-312": 1369086.8378385114,
  "XI-IATI-EC_INTPA-2005/099-710": 2364404.662420817,
  "XI-IATI-EC_INTPA-2005/099-746": 1670838.723146234,
  "XI-IATI-EC_INTPA-2005/102-166": 110851.4066935791,
  "XI-IATI-EC_INTPA-2005/102-250": 123118.67027051651,
  "XI-IATI-EC_INTPA-2005/102-891": 100397.56635606408,
  "XI-IATI-EC_INTPA-2005/102-968": 127230.62098807967,
  "XI-IATI-EC_INTPA-2005/103-039": 115836.94257083377,
  "XI-IATI-EC_INTPA-2005/103-169": 117096.18273238065,
  "XI-IATI-EC_INTPA-2005/103-195": 109517.41170475454,
  "XI-IATI-EC_INTPA-2005/103-451": 79786.9499588277,
  "XI-IATI-EC_INTPA-2005/103-522": 2468623.92898635,
  "XI-IATI-EC_INTPA-2005/107-364": 7126101.345790747,
  "XI-IATI-EC_INTPA-2005/107-366": 53986747.40154731,
  "XI-IATI-EC_INTPA-2005/107-592": 89903.44798421752,
  "XI-IATI-EC_INTPA-2005/108-031": 100397.56635606408,
  "XI-IATI-EC_INTPA-2005/110-518": 15364750.077095883,
  "XI-IATI-EC_INTPA-2005/111-612": 2188273.623774738,
  "XI-IATI-EC_INTPA-2005/112-347": 878928.9742421743,
  "XI-IATI-EC_INTPA-2005/112-354": 879700.9549547322,
  "XI-IATI-EC_INTPA-2005/17241/0": 480052.8354900275,
  "XI-IATI-EC_INTPA-2005/17527/1": 6711463.538115254,
  "XI-IATI-EC_INTPA-2005/17527/2": 48968826.55587796,
  "XI-IATI-EC_INTPA-2006/119-299": 599936.1004604516,
  "XI-IATI-EC_INTPA-2006/119-565": 985226.8706084755,
  "XI-IATI-EC_INTPA-2006/121-413": 1016187.4869124329,
  "XI-IATI-EC_INTPA-2006/125-948": 51992.88768881491,
  "XI-IATI-EC_INTPA-2006/127-808": 13296674.070916576,
  "XI-IATI-EC_INTPA-2006/128-308": 56245266.03745017,
  "XI-IATI-EC_INTPA-2006/129-630": 83451.4434145011,
  "XI-IATI-EC_INTPA-2006/18074/0": -731415.8324951902,
  "XI-IATI-EC_INTPA-2006/18091/1": 12295520.921761228,
  "XI-IATI-EC_INTPA-2006/18091/2": 37271249.30466589,
  "XI-IATI-EC_INTPA-2006/18091/3": 12424198.836562932,
  "XI-IATI-EC_INTPA-2007/127-274": 2637915.900116727,
  "XI-IATI-EC_INTPA-2007/133-490": 858062.9157304947,
  "XI-IATI-EC_INTPA-2007/133-558": 1016334.2360823407,
  "XI-IATI-EC_INTPA-2007/142-500": 392973.26074584253,
  "XI-IATI-EC_INTPA-2007/143-236": 16565778.696122369,
  "XI-IATI-EC_INTPA-2007/146-239": 13808865.43242177,
  "XI-IATI-EC_INTPA-2007/18958/0": 5057085.02514011,
  "XI-IATI-EC_INTPA-2008/145-680": 517290.2922294543,
  "XI-IATI-EC_INTPA-2008/145-710": 580318.1678975692,
  "XI-IATI-EC_INTPA-2008/145-751": 682588.9859031128,
  "XI-IATI-EC_INTPA-2008/145-758": 705485.7591482626,
  "XI-IATI-EC_INTPA-2008/152-520": 734061.8944946401,
  "XI-IATI-EC_INTPA-2008/152-775": 1954964.1384211672,
  "XI-IATI-EC_INTPA-2008/157-552": 594023.0582903094,
  "XI-IATI-EC_INTPA-2008/157-569": 218186.82145505995,
  "XI-IATI-EC_INTPA-2008/166-297": 1495094.3446492774,
  "XI-IATI-EC_INTPA-2008/166-349": 1101939.1257289888,
  "XI-IATI-EC_INTPA-2008/170-284": 487708.8448476455,
  "XI-IATI-EC_INTPA-2008/18972/0": 17235586.33666549,
  "XI-IATI-EC_INTPA-2008/19815/0": 49922772.84375683,
  "XI-IATI-EC_INTPA-2009/154-948": 686193.6729559826,
  "XI-IATI-EC_INTPA-2009/202-756": 1349969.161944162,
  "XI-IATI-EC_INTPA-2009/202-814": 166665.3956425634,
  "XI-IATI-EC_INTPA-2009/202-815": 260165.53401589766,
  "XI-IATI-EC_INTPA-2009/202-842": 207236.48425454117,
  "XI-IATI-EC_INTPA-2009/203-182": 285201.75057757075,
  "XI-IATI-EC_INTPA-2009/203-188": 105348.47243824447,
  "XI-IATI-EC_INTPA-2009/203-200": 193611.04056580286,
  "XI-IATI-EC_INTPA-2009/203-244": 384939.3922696482,
  "XI-IATI-EC_INTPA-2009/203-250": 105057.17906429508,
  "XI-IATI-EC_INTPA-2009/203-508": 277318.103950149,
  "XI-IATI-EC_INTPA-2009/204-503": 13102589.491806075,
  "XI-IATI-EC_INTPA-2009/211-173": 3272240.1008695336,
  "XI-IATI-EC_INTPA-2009/215-134": 8918304.976931214,
  "XI-IATI-EC_INTPA-2009/215-161": 10295531.033314107,
  "XI-IATI-EC_INTPA-2009/215-258": 8728991.603278093,
  "XI-IATI-EC_INTPA-2009/215-263": 2954191.518629423,
  "XI-IATI-EC_INTPA-2009/215-589": 10513508.859916909,
  "XI-IATI-EC_INTPA-2009/224-932": 2541114.652115454,
  "XI-IATI-EC_INTPA-2010/21566/1": 20151392.932353836,
  "XI-IATI-EC_INTPA-2010/21945/0": 15656894.245302303,
  "XI-IATI-EC_INTPA-2010/255-508": 2786959.0918490454,
  "XI-IATI-EC_INTPA-2010/256-210": 15303958.755776118,
  "XI-IATI-EC_INTPA-2010/257-949": 325733.69618965173,
  "XI-IATI-EC_INTPA-2010/258-118": 235349.3066530356,
  "XI-IATI-EC_INTPA-2010/259-026": 1145889.058365693,
  "XI-IATI-EC_INTPA-2011/22972/1": 81420029.0215731,
  "XI-IATI-EC_INTPA-2011/263-464": 239229.47662851246,
  "XI-IATI-EC_INTPA-2011/263-465": 159850.95602206734,
  "XI-IATI-EC_INTPA-2011/263-466": 240504.3634758503,
  "XI-IATI-EC_INTPA-2011/267-890": 291980.3056111108,
  "XI-IATI-EC_INTPA-2011/276-408": 377312.70572019747,
  "XI-IATI-EC_INTPA-2011/277-973": 4261827.337014433,
  "XI-IATI-EC_INTPA-2011/277-978": 3032951.2586498996,
  "XI-IATI-EC_INTPA-2011/278-025": 3571614.611237465,
  "XI-IATI-EC_INTPA-2011/278-026": 4370980.736037658,
  "XI-IATI-EC_INTPA-2011/278-848": 2186876.8115879204,
  "XI-IATI-EC_INTPA-2012/23147/0": 15397548.2640959,
  "XI-IATI-EC_INTPA-2012/293-778": 209580.8049912173,
  "XI-IATI-EC_INTPA-2012/295-450": 19251244.76232654,
  "XI-IATI-EC_INTPA-2012/295-529": 13277843.722756127,
  "XI-IATI-EC_INTPA-2012/295-534": 2621656.535656446,
  "XI-IATI-EC_INTPA-2012/295-554": 20109722.89132433,
  "XI-IATI-EC_INTPA-2012/295-581": 17467306.2518364,
  "XI-IATI-EC_INTPA-2012/295-706": 5298426.151051253,
  "XI-IATI-EC_INTPA-2012/296-666": 15455059.259552998,
  "XI-IATI-EC_INTPA-2012/300-867": 1232375.9717191646,
  "XI-IATI-EC_INTPA-2012/305-881": 282820.7115626756,
  "XI-IATI-EC_INTPA-2012/306-039": 358192.91893796506,
  "XI-IATI-EC_INTPA-2012/306-068": 472814.55419736815,
  "XI-IATI-EC_INTPA-2012/306-723": 449021.07943614345,
  "XI-IATI-EC_INTPA-2013/311-344": 1154302.8485711245,
  "XI-IATI-EC_INTPA-2013/312-005": 867586.983457254,
  "XI-IATI-EC_INTPA-2013/312-062": 1005902.828312223,
  "XI-IATI-EC_INTPA-2013/312-946": 368166.32743913063,
  "XI-IATI-EC_INTPA-2013/312-947": 243783.0393607377,
  "XI-IATI-EC_INTPA-2013/312-948": 472623.22017957945,
  "XI-IATI-EC_INTPA-2014/339-871": 358590.01392908645,
  "XI-IATI-EC_INTPA-2014/351-933": 465003.1278903799,
  "XI-IATI-EC_INTPA-2014/352-146": 531244.465080128,
  "XI-IATI-EC_INTPA-2014/352-382": 383056.1191783378,
  "XI-IATI-EC_INTPA-2014/353-834": 318563.39970762416,
  "XI-IATI-EC_INTPA-2014/354-013": 519985.6683205686,
  "XI-IATI-EC_INTPA-2014/37387/0": 18455780.509353824,
  "XI-IATI-EC_INTPA-2015/360-788": 708918.9108039443,
  "XI-IATI-EC_INTPA-2015/360-875": 529005.7477798339,
  "XI-IATI-EC_INTPA-2015/360-877": 692266.8671104449,
  "XI-IATI-EC_INTPA-2015/367-355": 495202.888245683,
  "XI-IATI-EC_INTPA-2015/367-532": 790049.1045887026,
  "XI-IATI-EC_INTPA-2015/367-714": 530464.3325831579,