{
  "46002-P-GM-A00-001": 16139387.79659901,
  "46002-P-GM-A00-003": 1223788.1881664267,
  "46002-P-GM-A00-004": 1590859.5023215122,
  "46002-P-GM-AA0-001": 7370845.407502122,
  "46002-P-GM-AA0-002": 6178275.058084327,
  "46002-P-GM-AA0-005": 1568762.0425275194,
  "46002-P-GM-AA0-006": 18598062.136732556,
  "46002-P-GM-AA0-007": 17706733.057255864,
  "46002-P-GM-AA0-008": 2471608.734801553,
  "46002-P-GM-AA0-010": 939148.8493253216,
  "46002-P-GM-AA0-012": 13160640.639850505,
  "46002-P-GM-AA0-013": 58157239.23890408,
  "46002-P-GM-AA0-014": 18035563.058523767,
  "46002-P-GM-AA0-016": 13820428.87776384,
  "46002-P-GM-AA0-018": 19642470.66697857,
  "46002-P-GM-AAA-001": 23886522.176804118,
  "46002-P-GM-AAF-001": 11571679.439425655,
  "46002-P-GM-AAF-002": 8934106.800944721,
  "46002-P-GM-AAF-005": 14371706.491649194,
  "46002-P-GM-B00-001": 5496038.998725665,
  "46002-P-GM-BC0-001": 1549920.1253676494,
  "46002-P-GM-C00-001": 2327448.4395924434,
  "46002-P-GM-C00-002": 28607420.907724485,
  "46002-P-GM-D00-001": 25214120.667792175,
  "46002-P-GM-D00-004": 4425293.92793163,
  "46002-P-GM-D00-005": 2774318.4546339083,
  "46002-P-GM-D00-008": 657087.1409869797,
  "46002-P-GM-DA0-001": 5006336.724945618,
  "46002-P-GM-DA0-002": 2459529.6880492996,
  "46002-P-GM-DB0-001": 22761872.65394005,
  "46002-P-GM-DB0-003": 7363568.386565109,
  "46002-P-GM-DB0-005": 2680368.8376071993,
  "46002-P-GM-DD0-001": 10715249.64901483,
  "46002-P-GM-E00-001": 2076415.4416845685,
  "46002-P-GM-E00-003": 14295366.106992725,
  "46002-P-GM-E00-006": 1253352.8877793623,
  "46002-P-GM-E00-007": 17064926.096808568,
  "46002-P-GM-EA0-001": 8811777.616817638,
  "46002-P-GM-EAZ-001": 5201155.240019152,
  "46002-P-GM-EBC-001": 11016690.862392,
  "46002-P-GM-F00-001": 1333269.1279988508,
  "46002-P-GM-F00-002": 2868175.9910044083,
  "46002-P-GM-F00-003": 7709742.637952211,
  "46002-P-GM-FA0-001": 10837802.779303897,
  "46002-P-GM-FA0-002": 20161011.73334229,
  "46002-P-GM-FG0-001": 1868111.341657423,
  "46002-P-GM-IA0-001": 6478445.083988863,
  "46002-P-GM-IA0-002": 530366.7445518771,
  "46002-P-GM-IA0-004": 29961634.907284494,
  "46002-P-GM-IAB-001": 6707820.3327277675,
  "46002-P-GM-IB0-001": 10838321.385036513,
  "46002-P-GM-IB0-002": 21669865.391725488,
  "46002-P-GM-ID0-001": 16499552.329087578,
  "46002-P-GM-IE0-001": 3383000.584672278,
  "46002-P-GM-IE0-002": 10320366.060396714,
  "46002-P-GM-IE0-003": 24023702.20785497,
  "46002-P-GM-J00-002": 6515432.764152094,
  "46002-P-GM-K00-001": 8784464.196902446,
  "46002-P-GM-K00-003": 1998826.9220258004,
  "46002-P-GM-K00-004": 3043355.489028323,
  "46002-P-GM-K00-006": 9281136.176142827,
  "46002-P-GM-K00-007": 4440580.736782868,
  "46002-P-GM-K00-008": 5763171.631806524,
  "46002-P-GM-K00-010": 1853602.4408674093,
  "46002-P-GM-K00-011": 5897105.645617979,
  "46002-P-GM-K00-013": 30390662.053339854,
  "46002-P-GM-KA0-001": 11704081.732482126,
  "46002-P-GM-KA0-009": 15195331.026669927,
  "46002-P-GM-KF0-001": 6543902.136661807,
  "46002-P-GM-KF0-002": 9409404.056682937,
  "46002-P-GM-KF0-004": 1519533.1026669927
}