{
  "XI-IATI-EC_FPI-2012/24178/0": 7555363.816175234,
  "XI-IATI-EC_FPI-2012/299-273": 7587241.469340417,
  "XI-IATI-EC_FPI-2012/304-321": 3083492.812500001,
  "XI-IATI-EC_FPI-2012/307-350": 1205821.4382178844,
  "XI-IATI-EC_FPI-2013/314-980": 3723954.0651125642,
  "XI-IATI-EC_FPI-2013/329-621": 2578046.8141195243,
  "XI-IATI-EC_FPI-2013/329-877": 3187483.294117656,
  "XI-IATI-EC_FPI-2013/330-662": 2648446.0235764612,
  "XI-IATI-EC_FPI-2013/332-010": 200187.23971555225,
  "XI-IATI-EC_FPI-2013/333-509": 1328500.784313721,
  "XI-IATI-EC_FPI-2014/339-763": 14445.13443804701,
  "XI-IATI-EC_FPI-2014/339-900": 2952.5132830901857,
  "XI-IATI-EC_FPI-2014/348-211": 5395607.6264321385,
  "XI-IATI-EC_FPI-2014/350-723": 1727051.019607837,
  "XI-IATI-EC_FPI-2014/352-427": 1312332.7969185445,
  "XI-IATI-EC_FPI-2014/352-706": 5314003.137254884,
  "XI-IATI-EC_FPI-2015/352-973": 5978253.529411744,
  "XI-IATI-EC_FPI-2015/364-156": 2466885.5073676617,
  "XI-IATI-EC_FPI-2015/365-118": 5615169.548881019,
  "XI-IATI-EC_FPI-2015/365-540": 2225192.3161980314,
  "XI-IATI-EC_FPI-2015/368-610": 2656899.2740670494,
  "XI-IATI-EC_FPI-2015/37925/6": 2466885.507367662,
  "XI-IATI-EC_FPI-2015/39076/0": 8568358.201914927,
  "XI-IATI-EC_FPI-2016/372-465": 1972699.6757276754,
  "XI-IATI-EC_FPI-2016/373-691": 6221185.295147598,
  "XI-IATI-EC_FPI-2016/375-318": 2432171.742018521,
  "XI-IATI-EC_FPI-2016/376-633": 848950.8332543931,
  "XI-IATI-EC_FPI-2016/377-918": 3930184.324242778,
  "XI-IATI-EC_FPI-2016/378-224": 2884327.980335284,
  "XI-IATI-EC_FPI-2017/381-687": 7601737.60371624,
  "XI-IATI-EC_FPI-2017/385-020": 2752186.6570723434,
  "XI-IATI-EC_FPI-2017/386-953": 9022984.05676469,
  "XI-IATI-EC_FPI-2017/388-070": 2657001.568627442,
  "XI-IATI-EC_FPI-2017/391-896": 2165442.993423522,
  "XI-IATI-EC_FPI-2017/393-520": 265700.1568627442,
  "XI-IATI-EC_FPI-2017/40834/0": 1622445.1069811159,
  "XI-IATI-EC_FPI-2018/391-935": 3508915.2110460033,
  "XI-IATI-EC_FPI-2018/402-649": 3321251.960784302,
  "XI-IATI-EC_FPI-2019/404-922": 5006881.654438022,
  "XI-IATI-EC_FPI-2019/405-620": 458332.77058823366,
  "XI-IATI-EC_FPI-2019/407-237": 5978253.529411744,
  "XI-IATI-EC_FPI-2019/42498/0": 8767559.162648205,
  "XI-IATI-EC_FPI-2020/416-870": 10628006.274509767,
  "XI-IATI-EC_FPI-2020/418-676": 332822.6589901949,
  "XI-IATI-EC_FPI-2020/420-378": 1174128.9931764666,
  "XI-IATI-EC_FPI-2020/420-477": 759048.2226231346,
  "XI-IATI-EC_FPI-2020/42807/0": 10628006.274509767,
  "XI-IATI-EC_FPI-2020/42954/0": 3321251.960784302,
  "XI-IATI-EC_FPI-2021/424-037": 4663597.051771357,
  "XI-IATI-EC_FPI-2021/424-255": 2010321.9278439146,
  "XI-IATI-EC_FPI-2021/427-197": 207246.12235294047,
  "XI-IATI-EC_FPI-2021/428-196": 929950.5490196046,
  "XI-IATI-EC_FPI-2021/428-676": 3985502.3529411624,
  "XI-IATI-EC_FPI-2021/429-690": 3373889.8188603804,
  "XI-IATI-EC_FPI-2021/429-861": 2657001.568627442,
  "XI-IATI-EC_FPI-2022/44479/1": 11956507.058823489,
  "XI-IATI-EC_FPI-2022/44488/2": 3321251.960784302,
  "XI-IATI-EC_FPI-2022/44488/3": 14613508.62745093,
  "XI-IATI-EC_FPI-2022/44488/4": 7971004.705882325,
  "XI-IATI-EC_FPI-2022/44488/5": 9963755.882352907,
  "XI-IATI-EC_FPI-2022/44488/6": 1328500.784313721,
  "XI-IATI-EC_FPI-2022/44496/1": 35869521.176470466,
  "XI-IATI-EC_FPI-2022/44496/2": 37198021.96078418,
  "XI-IATI-EC_FPI-2022/44496/3": 25241514.901960697,
  "XI-IATI-EC_FPI-2022/44496/4": 7971004.705882325,
  "XI-IATI-EC_FPI-2022/44496/5": 10628006.274509767,
  "XI-IATI-EC_FPI-2022/44496/6": 11411708.814688196
}