{
  "XM-DAC-61-2-2020000001": 79710.04705882326,
  "XM-DAC-61-2-2020000005": 4110.381426666652
}