{
  "XM-DAC-41108-1100000238": 2007233.2309189718,
  "XM-DAC-41108-1100000271": 748558.4320511702,
  "XM-DAC-41108-1100000366": 1668104.266486725,
  "XM-DAC-41108-1100000458": 6018076.475640917,
  "XM-DAC-41108-1100000467": 8990481.274597589,
  "XM-DAC-41108-1100000516": 1437205.4268989724,
  "XM-DAC-41108-1100001114": 21020572.651021793,
  "XM-DAC-41108-1100001234": 44826692.15850349,
  "XM-DAC-41108-1100001243": 43153616.973857015,
  "XM-DAC-41108-1100001305": 74735260.49503876,
  "XM-DAC-41108-1100001330": 43376559.466287464,
  "XM-DAC-41108-1100001378": 58062337.593953066,
  "XM-DAC-41108-1100001544": 120968406.09264828,
  "XM-DAC-41108-1100001651": 147737371.39235473,
  "XM-DAC-41108-2000001132": 86592240.19921273,
  "XM-DAC-41108-2000002339": 61903261.29346192,
  "XM-DAC-41108-2000003431": 25101300.97503605
}