{
  "DE-1-200140541": 9244631.072737183,
  "DE-1-200140657": 52830474.939260304,
  "DE-1-200210112-0": 45772.46778595628,
  "DE-1-200235036": 1887524.4447817022,
  "DE-1-200270280": 626302.8901176285,
  "DE-1-200321638": 2622802.003460686,
  "DE-1-200521187": 11650872.350835513,
  "DE-1-200565309": 20805861.61748169,
  "DE-1-200565515": 4169512.1121837543,
  "DE-1-200565937": 14120721.56283761,
  "DE-1-200665422": 315651.93620491255
}