{
  "GB-CHC-285776-CAC054": 67093.241427207,
  "GB-CHC-285776-CAC056": 40039.78078591387
}