{
  "GB-CHC-202918-MALA91": 23057.786522570124,
  "GB-CHC-202918-MALA92": 184060.84731847828,
  "GB-CHC-202918-MALA93": 123129.02457953116,
  "GB-CHC-202918-MALA94": 1135894.3502609527,
  "GB-CHC-202918-MALA97": 425414.5068840784,
  "GB-CHC-202918-MALA98": 311749.94321603596,
  "GB-CHC-202918-MALA99": 149485.6308138401,
  "GB-CHC-202918-MALB01": 18027.330689702623,
  "GB-CHC-202918-MALB04": 207660.98017676812,
  "GB-CHC-202918-MALB05": 254758.81568468543,
  "GB-CHC-202918-MALB06": 83086.01023677805,
  "GB-CHC-202918-MALB07": 70519.13894694054,
  "GB-CHC-202918-MALB08": 136435.4086634159,
  "GB-CHC-202918-MALB14": 150253.03352257426,
  "GB-CHC-202918-MALB15": 21025.040470109736,
  "GB-CHC-202918-MALB16": 696955.8357319494,
  "GB-CHC-202918-MALB19": 59237.41151953392,
  "GB-CHC-202918-MALB20": 1198883.7104134765,
  "GB-CHC-202918-MALB24": 52163.739593940634,
  "GB-CHC-202918-MALB26": 120390.01681689755,
  "GB-CHC-202918-MALB27": 122920.17156334047,
  "GB-CHC-202918-MALB28": 242522.32157430408,
  "GB-CHC-202918-MALB32": 243821.2380086647,
  "GB-CHC-202918-MALB33": 54788.426509721925,
  "GB-CHC-202918-MALB34": 910175.6530142134,
  "GB-CHC-202918-MALB35": 352100.16187488986,
  "GB-CHC-202918-MALB37": 630434.9385894795,
  "GB-CHC-202918-MALB43": 274363.6851415217,
  "GB-CHC-202918-MALB44": 568325.1477703435,
  "GB-CHC-202918-MALB45": 316205.92694668233,
  "GB-CHC-202918-MALB46": 366998.25076107436,
  "GB-CHC-202918-MALB48": 8112.785327458934,
  "GB-CHC-202918-MALB51": 127091.61538947445,
  "GB-CHC-202918-MALB52": 236725.4838948639,
  "GB-CHC-202918-MALB53": 595025.1954269811,
  "GB-CHC-202918-MALB54": 229581.36945979495,
  "GB-CHC-202918-MALB58": 573902.6938534788,
  "GB-CHC-202918-MALB59": 378549.91730736627,
  "GB-CHC-202918-MALB61": 642380.6948582525,
  "GB-CHC-202918-MALB62": 15297.970658031538,
  "GB-CHC-202918-MALB64": 6343.2813368045045,
  "GB-CHC-202918-MALB65": 264209.31759538216,
  "GB-CHC-202918-MALB68": 12896.590281865745,
  "GB-CHC-202918-MALB70": 564904.1692495506,
  "GB-CHC-202918-RLFD17": 18100.15426844346,
  "GB-CHC-202918-SACA31": 293971.1873480697,
  "GB-CHC-202918-SACA33": 642061.8359587854,
  "GB-CHC-202918-SACA34": 420829.77147868084,
  "GB-CHC-202918-SACA35": 420338.23710749263,
  "GB-CHC-202918-SACA38": 87591.58291070748,
  "GB-CHC-202918-SACA39": 195570.52140196174,
  "GB-CHC-202918-SACA49": 915696.6772519739
}