{
  "BE-BCE_KBO-0410757386-PROG2017-2021_SDZ14_SEN": 1845842.1322091466,
  "BE-BCE_KBO-0410757386-PROG2017-2021_SDZ5_BOL": 1985435.2023614126,
  "BE-BCE_KBO-0410757386-PROG2017-2021_SDZ6_BF": 3387563.373327906,
  "BE-BCE_KBO-0410757386-PROG2017-2021_SDZ8_PHIL": 4617425.033582549,
  "BE-BCE_KBO-0410757386-PROG2017-2021_SDZ9_MALI": 2820840.575193904
}