{
  "GB-COH-871954-QR00012": {
    "pa-activity.xml": 14406387.317839574
  },
  "GB-COH-871954-QR00041": {
    "pa-activity.xml": 202027.73104965678
  },
  "GB-COH-871954-QR00519": {
    "pa-activity.xml": 9155.685220357635
  },
  "GB-COH-871954-QR00650": {
    "pa-activity.xml": 492394.534174896
  }
}