{
  "AU-5-INI113-PK": 1650442.3354105984,
  "AU-5-INI119-PK": 686360.6657367356,
  "AU-5-INI124-PK": 190626.4855952052,
  "AU-5-INI127-PK": 1309415.942807783,
  "AU-5-INI168-PK": 1589985.622229429,
  "AU-5-INI188-PK": 59200.097084231274,
  "AU-5-INI207-PK": 271231.9110652504,
  "AU-5-INI271-PK": 38374.326552245446,
  "AU-5-INI321-PK": 330921.98830230517,
  "AU-5-INI381-PK": 687777.8005863423,
  "AU-5-INI384-PK": 1255902.5549744342,
  "AU-5-INI485-PK": 712035.3386772145,
  "AU-5-INI505-PK": 119347.17625772694,
  "AU-5-INI570-PK": 2370238.4190922356,
  "AU-5-INI595-PK": 146563.04517631736,
  "AU-5-INI611-PK": 38816311.57261298,
  "AU-5-INI618-PK": 4497126.039855218,
  "AU-5-INI630-PK": 17381748.406676393,
  "AU-5-INI691-PK": 3024785.938797046,
  "AU-5-INI717-PK": 62119.63301795843,
  "AU-5-INI718-PK": 16488.597286615688,
  "AU-5-INI719-PK": 7900794.730307452,
  "AU-5-INI755-PK": 598431.2661916137,
  "AU-5-INI774-PK": 32454506.21005885,
  "AU-5-INI855-PK": 307685.8001904158,
  "AU-5-INI916-PK": 2220565.4226843007,
  "AU-5-INI941-PK": 7280891.47343796,
  "AU-5-INI998-PK": 559997.7846909392,
  "AU-5-INJ014-PK": 204975.82869510853,
  "AU-5-INJ015-PK": 24246503.89759999,
  "AU-5-INJ059-PK": 831963.4352198662,
  "AU-5-INJ060-PK": 8891920.657415256,
  "AU-5-INJ061-PK": 23844864.201886185,
  "AU-5-INJ077-PK": 111028.57387651713,
  "AU-5-INJ100-PK": 1747216.3411625088,
  "AU-5-INJ106-PK": 147259.75973028335,
  "AU-5-INJ114-PK": 18083920.525595486,
  "AU-5-INJ162-PK": 21302.488649805407,
  "AU-5-INJ203-PK": 306078.6810827927,
  "AU-5-INJ207-PK": 20746589.062852796,
  "AU-5-INJ289-PK": 18361048.655236516,
  "AU-5-INJ290-PK": 20747984.980417263,
  "AU-5-INJ307-PK": 1836104.8655236517,
  "AU-5-INJ309-PK": 3672209.7310473034,
  "AU-5-INJ310-PK": 3672209.7310473034,
  "AU-5-INJ314-PK": 3571223.9634435023,
  "AU-5-INJ328-PK": 4198795.425955159,
  "AU-5-INJ330-PK": 103335.14777282737,
  "AU-5-INJ429-PK": 164795.9199953443,
  "AU-5-INJ482-PK": 14187694.345000153,
  "AU-5-INJ489-PK": 46837.62074191761,
  "AU-5-INJ492-PK": 7686635.056138975,
  "AU-5-INJ501-PK": 66110251.42794253,
  "AU-5-INJ516-PK": 487607.4450520281,
  "AU-5-INJ522-PK": 355181.0646950181,
  "AU-5-INJ555-PK": 641604.2215704245,
  "AU-5-INJ623-PK": 16892558.85676097,
  "AU-5-INJ663-PK": 31792005.417392235,
  "AU-5-INJ748-PK": 398834.29065702355,
  "AU-5-INJ783-PK": 3446760.142300742,
  "AU-5-INJ785-PK": 37288651.34324025,
  "AU-5-INJ786-PK": 16173509.460180126,
  "AU-5-INJ837-PK": 123885.28169355441,
  "AU-5-INJ851-PK": 470936.8586195814,
  "AU-5-INJ864-PK": 91195.63870674465,
  "AU-5-INJ866-PK": 2001135.7652939437,
  "AU-5-INJ869-PK": 1931100.6120656761,
  "AU-5-INJ885-PK": 7598226.255703285,
  "AU-5-INJ978-PK": 1264221.7732161735,
  "AU-5-INK031-PK": 1548566.02116943,
  "AU-5-INK048-PK": 12940378.044401852,
  "AU-5-INK058-PK": 386875.34957807895,
  "AU-5-INK087-PK": 18416131.979777873,
  "AU-5-INK182-PK": 13732465.276302595,
  "AU-5-INK185-PK": 22542731.171091236,
  "AU-5-INK246-PK": 2433.0609442913706,
  "AU-5-INK267-PK": 62232.57525305237,
  "AU-5-INK347-PK": 212323.14122273054,
  "AU-5-INK363-PK": 27064289.794008117,
  "AU-5-INK373-PK": 52748.34082583323,
  "AU-5-INK390-PK": 20144.828014773037,
  "AU-5-INK420-PK": 119213848.21706581,
  "AU-5-INK517-PK": 414417.36298648507,
  "AU-5-INK573-PK": 15404702.651277974,
  "AU-5-INK575-PK": 25338747.217130587,
  "AU-5-INK576-PK": 92242922.02099894,
  "AU-5-INK608-PK": 20720868.149324253,
  "AU-5-INK647-PK": 779957.5014290632,
  "AU-5-INK680-PK": 393976.03128276125,
  "AU-5-INK681-PK": 1320938.0999591697,
  "AU-5-INK695-PK": 7530967.888727665,
  "AU-5-INK757-PK": 406748.2279324551,
  "AU-5-INK762-PK": 30898295.78197404,
  "AU-5-INK819-PK": 4009603.6506277393,
  "AU-5-INK880-PK": 13646.313576803106,
  "AU-5-INK903-PK": 35936.400474781854,
  "AU-5-INK912-PK": 8560631.538394399,
  "AU-5-INK999-PK": 10276975.641144916,
  "AU-5-INL021-PK": 18121702.656657137,
  "AU-5-INL028-PK": 15500134.685562512,
  "AU-5-INL062-PK": 15445590.339160027,
  "AU-5-INL064-PK": 7905861.134022681,
  "AU-5-INL074-PK": 49476176.944670305,
  "AU-5-INL093-PK": 880273.9455643522,
  "AU-5-INL106-PK": 3875033.671390628,
  "AU-5-INL144-PK": 438873.0431794078,
  "AU-5-INL236-PK": 23791548.249431554,
  "AU-5-INL253-PK": 11231211.896275045,
  "AU-5-INL271-PK": 9500274.402367415,
  "AU-5-INL272-PK": 10114834.59315299,
  "AU-5-INL273-PK": 194949.50422689284,
  "AU-5-INL301-PK": 19103301.07443756,
  "AU-5-INL302-PK": 18965314.862161856,
  "AU-5-INL450-PK": 3119312.0339619876,
  "AU-5-INL454-PK": 1720315.7147295245,
  "AU-5-INL471-PK": 828432.046486176,
  "AU-5-INL481-PK": 1547.0278266134887,
  "AU-5-INL495-PK": 12914563.00948292,
  "AU-5-INL540-PK": 1686216.981717589,
  "AU-5-INL568-PK": 8389512.938410087,
  "AU-5-INL588-PK": 21101235.583670568,
  "AU-5-INL594-PK": 24393045.284296002,
  "AU-5-INL630-PK": 143762.50531657608,
  "AU-5-INL642-PK": 150256.7709915192,
  "AU-5-INL653-PK": 72513.42982036009,
  "AU-5-INL659-PK": 1363288.2437879385,
  "AU-5-INL685-PK": 3592555.3419379755,
  "AU-5-INL702-PK": 45155.51157657585,
  "AU-5-INL768-PK": 5260530.40008886,
  "AU-5-INL793-PK": 4649104.001806698,
  "AU-5-INL832-PK": 108906.96593061717,
  "AU-5-INL833-PK": 990529.4957233048,
  "AU-5-INL860-PK": 6052653.802826542,
  "AU-5-INL889-PK": 4458.6552130711,
  "AU-5-INL907-PK": 71112.70585125471,
  "AU-5-INL966-PK": 3692.817736732373,
  "AU-5-INL971-PK": 7423.5661031890695,
  "AU-5-INL991-PK": 54499.090032000924,
  "AU-5-INM029-PK": 538736.8619666535,
  "AU-5-INM056-PK": 412976.9560054267,
  "AU-5-INM061-PK": 936718.5756877309,
  "AU-5-INM079-PK": 50487.47438353793,
  "AU-5-INM083-PK": 9508847.627795342,
  "AU-5-INM095-PK": 49671062.73423344,
  "AU-5-INM098-PK": 1169771.589595828,
  "AU-5-INM104-PK": 35306310.60204369,
  "AU-5-INM136-PK": 5371260.745576939,
  "AU-5-INM162-PK": 275634.6613248082,
  "AU-5-INM163-PK": 4439451.477107814,
  "AU-5-INM206-PK": 37658.793544632725,
  "AU-5-INM256-PK": 4954079.811443733,
  "AU-5-INM260-PK": 49999.794858510904,
  "AU-5-INM290-PK": 8666.245781776437,
  "AU-5-INM308-PK": 10438260.041709984,
  "AU-5-INM339-PK": 811646.8397229312,
  "AU-5-INM356-PK": 23125674.57197856,
  "AU-5-INM457-PK": 451555.1157657585,
  "AU-5-INM491-PK": 40639.960418918265,
  "AU-5-INM529-PK": 4778544.081961415,
  "AU-5-INM533-PK": 54186.61389189102,
  "AU-5-INM588-PK": 834405.2175575254,
  "AU-5-INM589-PK": 25112.786208196896,
  "AU-5-INM608-PK": 4099520.7859593504,
  "AU-5-INN406-PK": 242075.98823132855,
  "AU-5-INN412-PK": 541866.1389189102,
  "AU-5-INN413-PK": 1291989.4972289882,
  "AU-5-INN416-PK": 271836.17969098664,
  "AU-5-INN425-PK": 225777.55788287925,
  "AU-5-INN428-PK": 670758.9342733199,
  "AU-5-INN430-PK": 90311.0231531517,
  "AU-5-INN454-PK": 225777.55788287925,
  "AU-5-O13998-PK": 623583.618812087,
  "AU-5-O14068-PK": 8006958.770462873,
  "AU-5-O14084-PK": 11258.297391078835,
  "AU-5-O14208-PK": 281937.18302905,
  "AU-5-O14294-PK": 27547.081297451346,
  "AU-5-O14300-PK": 226966.43074197514,
  "AU-5-O14323-PK": 206475.46948925735,
  "AU-5-O14328-PK": 975214.8901040562,
  "AU-5-O14335-PK": 195042.97802081125,
  "AU-5-O14415-PK": 447828.77528464,
  "AU-5-O14780-PK": 6554021.608944913,
  "AU-5-O14827-PK": 17732629.00139662,
  "AU-5-O15360-PK": 2533126.948639575,
  "AU-5-O15378-PK": 3588372.2008598763,
  "AU-5-O15879-PK": 122822.99148828632,
  "AU-5-O15883-PK": 86427.64915756618,
  "AU-5-O15895-PK": 130047.87334053846,
  "AU-5-O15915-PK": 8769.20034817103,
  "AU-5-O16680-PK": 107022.1748774109,
  "AU-5-O16681-PK": 67704.36783745477,
  "AU-5-O16682-PK": 93571.25108898048,
  "AU-5-O16683-PK": 130020.78003359251,
  "AU-5-O16684-PK": 91374.88700589583,
  "AU-5-O16685-PK": 63606.05360676475,
  "AU-5-O16686-PK": 99044.09909206147,
  "AU-5-O16687-PK": 102235.69065029385,
  "AU-5-O16688-PK": 58207.26064266934
}