{
  "XM-DAC-41108-1100000012": 16534797.796412095,
  "XM-DAC-41108-1100000027": 15166098.269054012,
  "XM-DAC-41108-1100000165": 8361743.6348227225,
  "XM-DAC-41108-1100000182": 1886576.5943409018
}