{
  "47045-COM-202-G01-M-00": 4702242.0600000005,
  "47045-COM-304-G02-H": 2262814.98,
  "47045-COM-810-G03-M": 21265829.09,
  "47045-COM-910-G04-H": 6782737.95,
  "47045-COM-C-MOH": 3514897.32,
  "47045-COM-H-DNLS": 14677862.21,
  "47045-COM-M-PNLP": 29081377.78,
  "47045-COM-T-ASCOBEF": 4663178.1,
  "47045-COM-T-PNLT": 1647026.1300000001
}