{
  "XI-IATI-EC_FPI-2013/24830/0": 6001407.0455194255,
  "XI-IATI-EC_FPI-2013/24963/0": 13006752.735909222,
  "XI-IATI-EC_FPI-2013/25346/0": 653647.8130887084,
  "XI-IATI-EC_FPI-2013/319-291": 6002351.217485215,
  "XI-IATI-EC_FPI-2013/329-294": 3867548.031629915,
  "XI-IATI-EC_FPI-2013/330-141": 3319777.8226281423,
  "XI-IATI-EC_FPI-2013/335-547": 1992166.7440504804,
  "XI-IATI-EC_FPI-2014/335-876": 653897.8551500373,
  "XI-IATI-EC_FPI-2014/347-067": 1316054.5695653267,
  "XI-IATI-EC_FPI-2014/347-170": 2515506.2914902163,
  "XI-IATI-EC_FPI-2015/357-638": 3293677.765923099,
  "XI-IATI-EC_FPI-2015/368-844": 4974255.407133532,
  "XI-IATI-EC_FPI-2015/38654/0": 4974255.407133532,
  "XI-IATI-EC_FPI-2017/40798/0": 4334800.68119119,
  "XI-IATI-EC_FPI-2018/395-209": 2749190.1067896625,
  "XI-IATI-EC_FPI-2018/395-217": 698966.3910595705,
  "XI-IATI-EC_FPI-2018/395-219": 549683.8674952779
}