{
  "GB-CHC-285776-POL010": 16475.920000787537,
  "GB-CHC-285776-POL011": 247138.80001181303
}