{
  "GB-COH-05543952-EMUK10754": {
    "cardnoem-activities.xml": 1947803.0500730234
  },
  "GB-COH-05543952-EMUK10767": {
    "cardnoem-activities.xml": 1719530.0681617921
  },
  "GB-COH-05543952-EMUK10791": {
    "cardnoem-activities.xml": 2499995.1070636576
  },
  "GB-COH-05543952-GB-1-203048": {
    "cardnoem-activities.xml": 21905366.833542258
  }
}