{
  "GB-CHC-285776-UKR003": 69137.34026071617,
  "GB-CHC-285776-UKR004": 5901829.9772943575,
  "GB-CHC-285776-UKR006": 1148215.6852948514
}