{
  "XI-IATI-EC_NEAR-2002/603/0": 1830103.3116739308,
  "XI-IATI-EC_NEAR-2002/610/0": 49408722.04325135,
  "XI-IATI-EC_NEAR-2003/058-219": 44871814.00060292,
  "XI-IATI-EC_NEAR-2003/4616/0": 2238772.102892771,
  "XI-IATI-EC_NEAR-2003/4922/1": 2187224.8138216236,
  "XI-IATI-EC_NEAR-2003/4995/0": 56611035.451624855,
  "XI-IATI-EC_NEAR-2003/5665/0": 3928778.079751851,
  "XI-IATI-EC_NEAR-2003/5704/0": 6398412.787270443,
  "XI-IATI-EC_NEAR-2004/16764/0": 16066299.704561552,
  "XI-IATI-EC_NEAR-2004/16833/0": 393583.53415683366,
  "XI-IATI-EC_NEAR-2005/17464/0": 10845956.501073882,
  "XI-IATI-EC_NEAR-2014/332-801": 6722.367461123941
}