{
  "XM-DAC-41108-1100000311": 10650039.637512388,
  "XM-DAC-41108-1100000363": 7125260.382176411,
  "XM-DAC-41108-1100000482": 24471233.446242806,
  "XM-DAC-41108-1100001073": 34775622.51533548,
  "XM-DAC-41108-1100001233": 19054253.634910394,
  "XM-DAC-41108-1100001375": 14260362.560133507,
  "XM-DAC-41108-1100001542": 9174145.494501684
}