{
  "XM-DAC-41108-1100000095": 16902343.346074287,
  "XM-DAC-41108-1100000311": 23623301.028154593,
  "XM-DAC-41108-1100000363": 14562509.210487599,
  "XM-DAC-41108-1100000482": 24475292.086761527,
  "XM-DAC-41108-1100001073": 34783192.60893098,
  "XM-DAC-41108-1100001233": 19057603.00252028,
  "XM-DAC-41108-1100001375": 14263368.190015778,
  "XM-DAC-41108-1100001542": 9178353.734238677
}