{
  "GB-CHC-328158-020-000941": {
    "irw-activities.xml": 7626111.070362755
  },
  "GB-CHC-328158-020_002156": {
    "irw-activities.xml": 165498.96881591072
  },
  "GB-CHC-328158-020_002176": {
    "irw-activities.xml": 1034049.9602343868
  },
  "GB-CHC-328158-020_002181-01": {
    "irw-activities.xml": 25191.945295924153
  },
  "GB-CHC-328158-020_002181-02": {
    "irw-activities.xml": 25046.75948887722
  },
  "GB-CHC-328158-020_002229": {
    "irw-activities.xml": 22983.90840109861
  },
  "GB-CHC-328158-020_002234-01": {
    "irw-activities.xml": 539591.8994589921
  },
  "GB-CHC-328158-020_002234-02": {
    "irw-activities.xml": 655665.7608956603
  },
  "GB-CHC-328158-020_002539-01": {
    "irw-activities.xml": 8708.94064953628
  },
  "GB-CHC-328158-020_002572-02": {
    "irw-activities.xml": 483246.7738720588
  },
  "GB-CHC-328158-020_002572-03": {
    "irw-activities.xml": 871304.7766874076
  },
  "GB-CHC-328158-020_002803-04": {
    "irw-activities.xml": 27814.730524929524
  },
  "GB-CHC-328158-020_003034-02": {
    "irw-activities.xml": 84607.62218972416
  },
  "GB-CHC-328158-204007-137": {
    "irw-activities.xml": 2916906.416497106
  },
  "GB-CHC-328158-CVA20": {
    "irw-activities.xml": 485226.73460631346
  },
  "GB-CHC-328158-GB-CHC-1062638-AFG21": {
    "irw-activities.xml": 878087.4186741319
  },
  "GB-CHC-328158-PPA": {
    "irw-activities.xml": 3134569.0461856294
  }
}