{
  "NL-KVK-34197379-GUSO-Ethiopia": {
    "dance4life-et.xml": 372779.95202472544
  },
  "NL-KVK-34197379-GUSO-Ghana": {
    "dance4life-gh.xml": 379642.4352135143
  },
  "NL-KVK-34197379-GUSO-Indonesia": {
    "dance4life-id.xml": 730867.4352520694
  },
  "NL-KVK-34197379-GUSO-Kenya": {
    "dance4life-ke.xml": 138537.53317024698
  },
  "NL-KVK-34197379-GUSO-Pakistan": {
    "dance4life-pk.xml": 809197.6785213995
  },
  "NL-KVK-34197379-GUSO-Uganda": {
    "dance4life-289.xml": 753113.4034761927
  }
}