{
  "XM-DAC-6-4-000002-02-6": -35666.79714544265,
  "XM-DAC-6-4-000345-02-6": -88200.46053655367,
  "XM-DAC-6-4-000346-02-1": -38141.968812655796,
  "XM-DAC-6-4-000649-02-5": -1226.8825298793017,
  "XM-DAC-6-4-000678-02-0": -2132.4152828316337,
  "XM-DAC-6-4-000692-01-6": -2462.5173123207987,
  "XM-DAC-6-4-000692-02-0": -46200.40536683283,
  "XM-DAC-6-4-000751-01-5": -128330.05592596951,
  "XM-DAC-6-4-000751-02-6": -19209.66704618116,
  "XM-DAC-6-4-000799-02-4": -3597.6672041923894,
  "XM-DAC-6-4-001052-01-5": -189891.44450315397,
  "XM-DAC-6-4-001993-03-6": -75295.9076959087,
  "XM-DAC-6-4-002048-01-2": -1461086.207731164,
  "XM-DAC-6-4-002163-03-3": -313017.39342775044,
  "XM-DAC-6-4-002384-05-6": -61527.698018873525,
  "XM-DAC-6-4-002384-06-0": 32172.277201293746,
  "XM-DAC-6-4-002556-02-4": -44388.635962011926,
  "XM-DAC-6-4-003306-02-6": -39209.42331801532,
  "XM-DAC-6-4-003315-01-2": -62229.59148724902,
  "XM-DAC-6-4-003367-03-3": 3612803.8848805423,
  "XM-DAC-6-4-003367-04-4": -6323.659718097974,
  "XM-DAC-6-4-004087-05-3": 2453847.204766486,
  "XM-DAC-6-4-004506-01-4": -1136.331910806394,
  "XM-DAC-6-4-004605-01-6": -5507.079341695013,
  "XM-DAC-6-4-005279-01-3": -4701.9282021388335,
  "XM-DAC-6-4-005285-01-1": 252244.36146120276,
  "XM-DAC-6-4-005285-02-2": 27500.21318413652,
  "XM-DAC-6-4-005560-02-6": 59998.02138633929,
  "XM-DAC-6-4-005726-02-2": 3039799.0701090535,
  "XM-DAC-6-4-006076-01-1": 28841.94312627636,
  "XM-DAC-6-4-007264-02-5": 118421.59145912391,
  "XM-DAC-6-4-007337-05-0": 3721853.02860136,
  "XM-DAC-6-4-007437-01-0": 1660707.5072779052,
  "XM-DAC-6-4-008153-02-5": 33051.85256214606,
  "XM-DAC-6-4-008353-02-6": 48654.36872906418,
  "XM-DAC-6-4-008817-02-3": 42781.630883552716,
  "XM-DAC-6-4-008818-02-5": 56011.95708123946,
  "XM-DAC-6-4-008855-02-2": 164483.58888433932,
  "XM-DAC-6-4-009093-01-1": 3985290.678904377,
  "XM-DAC-6-4-009169-01-6": 315259.4134064587
}