{
  "NL-KVK-08134161-EKN-BD-17-5001": {
    "vei_nl-activities.xml": 1173504.597807839
  },
  "NL-KVK-08134161-WWX-GH-18-5001": {
    "vei_nl-activities.xml": 3985502.3529411624
  },
  "NL-KVK-08134161-XM-DAC-7-PPR-ADD4000003285": {
    "vei_nl-activities.xml": 11977797.612392899
  }
}