{
  "UG-NGO-3580-10315": {
    "amwa-makeway.xml": 3707494.0286807297
  },
  "UG-NGO-3580-amwa_vca": {
    "amwa-activities.xml": 508958.7597700167
  }
}