{
  "GB-UKPRN-10007774-200425": {
    "oxford-gb.xml": 5691042.016873227
  },
  "GB-UKPRN-10007774-DeTACT": {
    "oxford-998.xml": 6468195.758325175
  },
  "GB-UKPRN-10007774-FORBLN-P1": {
    "oxford-gb.xml": 830187.0094076822
  }
}