{
  "XM-DAC-701-8-2008003000": 27055868.733192652,
  "XM-DAC-701-8-2008003001": 16013798.548579983,
  "XM-DAC-701-8-2008003002": 30808579.85294472,
  "XM-DAC-701-8-2008003003": 5561232.892240016,
  "XM-DAC-701-8-2008003004": 95848.99937016751,
  "XM-DAC-701-8-2008003005": 15793563.904132012,
  "XM-DAC-701-8-2008003006": 53624054.72379367,
  "XM-DAC-701-8-2008003007": 27862763.721955754,
  "XM-DAC-701-8-2008003066": 11445091.051400585,
  "XM-DAC-701-8-2008003067": 2006856.200462617,
  "XM-DAC-701-8-2008003068": 225638.59396735774,
  "XM-DAC-701-8-2008003069": 4435884.106360799,
  "XM-DAC-701-8-2009003004": 91740670.44958705,
  "XM-DAC-701-8-2009003005": 8642147.76121364,
  "XM-DAC-701-8-2009003006": 3771767.1522677983,
  "XM-DAC-701-8-2010003057": 387472.6611531895,
  "XM-DAC-701-8-2010003058": 6441507.827108468,
  "XM-DAC-701-8-2010003059": 278161.1910505158,
  "XM-DAC-701-8-2010003060": 1472149.6164391306,
  "XM-DAC-701-8-2010003061": 2478232.2883641724,
  "XM-DAC-701-8-2010003062": 2199691.872785981,
  "XM-DAC-701-8-2011010608": 39739149.199929975,
  "XM-DAC-701-8-2011010632": 25117519.44365475,
  "XM-DAC-701-8-2012003064": 4591176.550444216,
  "XM-DAC-701-8-2012003079": 102201.01020874438,
  "XM-DAC-701-8-2012003080": 1877256.218129265,
  "XM-DAC-701-8-2012003081": 116137.51160084589,
  "XM-DAC-701-8-2012003082": 4326098.60559853,
  "XM-DAC-701-8-2012003083": 26830.135333093378,
  "XM-DAC-701-8-2012003084": 426627.5936357604,
  "XM-DAC-701-8-2012003085": 8058900.437647595,
  "XM-DAC-701-8-2012010616": 7359696.154594892,
  "XM-DAC-701-8-2014001801": 7041441.029892266,
  "XM-DAC-701-8-2014003010": 156031931.91238543,
  "XM-DAC-701-8-2014003011": 185052088.89280906,
  "XM-DAC-701-8-2014003012": 29778606.03577608,
  "XM-DAC-701-8-2014003031": 227534716.60573888,
  "XM-DAC-701-8-2014010602": 20967494.786256295,
  "XM-DAC-701-8-2014950007": 113734.55686968172,
  "XM-DAC-701-8-2014950381": 2604086.613315158,
  "XM-DAC-701-8-2014950382": 37911.518956560576,
  "XM-DAC-701-8-2014950383": 224450.62024207096,
  "XM-DAC-701-8-2014950384": 243245.01371577897,
  "XM-DAC-701-8-2014950385": 171199.83873323145,
  "XM-DAC-701-8-2014950386": 396770.5288893921,
  "XM-DAC-701-8-2014950387": 58642.30448513551,
  "XM-DAC-701-8-2014950388": 1652501.792234738,
  "XM-DAC-701-8-2014950389": 1804489.5843059565,
  "XM-DAC-701-8-2014950392": 1754409.170181066,
  "XM-DAC-701-8-2014950393": 3327689.74628875,
  "XM-DAC-701-8-2014950394": 1352095.2444287217,
  "XM-DAC-701-8-2014950395": 201650.5530078049,
  "XM-DAC-701-8-2014950396": 1271.943800745898,
  "XM-DAC-701-8-2014950397": 489489.53669301845,
  "XM-DAC-701-8-2014950398": 4865564.7225697,
  "XM-DAC-701-8-2014950399": 340899.9228357327,
  "XM-DAC-701-8-2014950400": 10915.93560341629,
  "XM-DAC-701-8-2014950401": 343766.54244636896,
  "XM-DAC-701-8-2014950404": 4034491.830550996,
  "XM-DAC-701-8-2014950405": 10517.266650943695,
  "XM-DAC-701-8-2014950406": 559066.7610174022,
  "XM-DAC-701-8-2014950407": 4583534.915049088,
  "XM-DAC-701-8-2014950408": 596351.8001915059,
  "XM-DAC-701-8-2014950410": 177483.62079363284,
  "XM-DAC-701-8-2014950905": 405901.9463245977,
  "XM-DAC-701-8-2014950969": 146596.26909492275,
  "XM-DAC-701-8-2014950984": 238726.76558775624,
  "XM-DAC-701-8-2014951176": 2431956.547026157,
  "XM-DAC-701-8-2014951399": 23198.73618673862,
  "XM-DAC-701-8-2014951434": 160416.79278063934,
  "XM-DAC-701-8-2014951473": 29539.47095463608,
  "XM-DAC-701-8-2014951486": 300387.5635701842,
  "XM-DAC-701-8-2014951667": 18205.882162915168,
  "XM-DAC-701-8-2014951709": 24432.711515820458,
  "XM-DAC-701-8-2014951710": 53706.40316880814,
  "XM-DAC-701-8-2014951711": 20521.958934422626,
  "XM-DAC-701-8-2014954939": 18.98423583202833,
  "XM-DAC-701-8-2014954940": 15927.773863071769,
  "XM-DAC-701-8-2014954941": 113.90541499216997,
  "XM-DAC-701-8-2014954942": 75.93694332811332,
  "XM-DAC-701-8-2014954943": 21661.013084344326,
  "XM-DAC-701-8-2014954944": 778.3536691131616,
  "XM-DAC-701-8-2014954945": 18.98423583202833,
  "XM-DAC-701-8-2014954946": 14010.366044036908,
  "XM-DAC-701-8-2014954947": 151.87388665622663,
  "XM-DAC-701-8-2014954948": 56.95270749608498,
  "XM-DAC-701-8-2014954949": 21110.470245215503,
  "XM-DAC-701-8-2014954950": 18.98423583202833,
  "XM-DAC-701-8-2014954951": 360.70048080853826,
  "XM-DAC-701-8-2014954952": 664.4482541209916,
  "XM-DAC-701-8-2014954953": 75.93694332811332,
  "XM-DAC-701-8-2014954954": 275214.4668569147,
  "XM-DAC-701-8-2014954955": 48542.69102249644,
  "XM-DAC-701-8-2014954956": 485578.7841116206,
  "XM-DAC-701-8-2014954957": 18.98423583202833,
  "XM-DAC-701-8-2014954958": 18.98423583202833,
  "XM-DAC-701-8-2014954959": 56.95270749608498,
  "XM-DAC-701-8-2014954960": 124346.74469978556,
  "XM-DAC-701-8-2014954961": 269728.0227014585,
  "XM-DAC-701-8-2014954962": 7119.088437010623,
  "XM-DAC-701-8-2014954963": 3284.2727989409013,
  "XM-DAC-701-8-2014954964": 1366.8649799060397,
  "XM-DAC-701-8-2014954965": 32823.743753576986,
  "XM-DAC-701-8-2014954966": 3834.8156380697224,
  "XM-DAC-701-8-2014954967": 14769.735477318041,
  "XM-DAC-701-8-2014954968": 5467.459919624159,
  "XM-DAC-701-8-2014954969": 19136.109718684555,
  "XM-DAC-701-8-2014954970": 3550.0521005892974,
  "XM-DAC-701-8-2014954971": 13118.106959931576,
  "XM-DAC-701-8-2014954972": 40759.15433136482,
  "XM-DAC-701-8-2014954973": 15586.05761809526,
  "XM-DAC-701-8-2014954974": 19686.652557813377,
  "XM-DAC-701-8-2014954975": 16402.379758872477,
  "XM-DAC-701-8-2014954976": 18.98423583202833,
  "XM-DAC-701-8-2014954977": 2107.2501773551444,
  "XM-DAC-701-8-2014954978": 42714.530622063736,
  "XM-DAC-701-8-2014954979": 18.98423583202833,
  "XM-DAC-701-8-2014954980": 3432254.9172515613,
  "XM-DAC-701-8-2014954981": 37.96847166405666,
  "XM-DAC-701-8-2014954982": 474226.21108406765,
  "XM-DAC-701-8-2014954983": 619341.7097840923,
  "XM-DAC-701-8-2014954984": 782188.4847512313,
  "XM-DAC-701-8-2014954985": 322.73200914448154,
  "XM-DAC-701-8-2014954986": 75.93694332811332,
  "XM-DAC-701-8-2014954987": 18.98423583202833,
  "XM-DAC-701-8-2014954988": 822928.654846764,
  "XM-DAC-701-8-2014954989": 57788.01387269424,
  "XM-DAC-701-8-2014954990": 101964.33065382414,
  "XM-DAC-701-8-2014954991": 5125.743674647649,
  "XM-DAC-701-8-2014954992": 1297078.9289875038,
  "XM-DAC-701-8-2014954993": 2896026.1919400897,
  "XM-DAC-701-8-2014954994": 94.92117916014165,
  "XM-DAC-701-8-2014954995": 52320.55395307007,
  "XM-DAC-701-8-2014954996": 2195697.7320965645,
  "XM-DAC-701-8-2014954997": 261849.56483116673,
  "XM-DAC-701-8-2014954998": 113.90541499216997,
  "XM-DAC-701-8-2014954999": 6072715.326420887,
  "XM-DAC-701-8-2014955000": 10403.361235951525,
  "XM-DAC-701-8-2014955001": 17218.701899649695,
  "XM-DAC-701-8-2014955002": 9587.039095174307,
  "XM-DAC-701-8-2014955003": 15035.514778966435,
  "XM-DAC-701-8-2014955004": 53345.7026879996,
  "XM-DAC-701-8-2014955005": 3550.0521005892974,
  "XM-DAC-701-8-2014955006": 11485.462678377138,
  "XM-DAC-701-8-2014955007": 3284.2727989409013,
  "XM-DAC-701-8-2014955008": 24622.553874140744,
  "XM-DAC-701-8-2014955009": 6018.00275875298,
  "XM-DAC-701-8-2014955010": 60996.349728307025,
  "XM-DAC-701-8-2014955011": 28723.14881385886,
  "XM-DAC-701-8-2014955012": 5201.680617975762,
  "XM-DAC-701-8-2014955013": 18604.551115387763,
  "XM-DAC-701-8-2014955014": 489185.78891970596,
  "XM-DAC-701-8-2014955015": 148646.56656478182,
  "XM-DAC-701-8-2014955016": 8447.984945252607,
  "XM-DAC-701-8-2014955017": 63635.15850895896,
  "XM-DAC-701-8-2014955018": 918495.2980251946,
  "XM-DAC-701-8-2014955019": 807494.471115325,
  "XM-DAC-701-8-2014955020": 762558.784900914,
  "XM-DAC-701-8-2014955021": 55775.684874499224,
  "XM-DAC-701-8-2014955022": 2354.045243171513,
  "XM-DAC-701-8-2014955023": 132.8896508241983,
  "XM-DAC-701-8-2014955024": 711301.3481544374,
  "XM-DAC-701-8-2014955025": 859150.5768142741,
  "XM-DAC-701-8-2014955026": 1261882.155754923,
  "XM-DAC-701-8-2014955027": 892.2590841053315,