{
  "GB-CHC-1050327-GPAF": 1588727.0841447678,
  "GB-CHC-1050327-NP-FOUND-19": 956361.3230204296,
  "GB-CHC-1050327-NP-HEAL-19": 2738198.2322434345,
  "GB-CHC-1050327-UKAM2022-2025_Mozambique": 786932.2620596956,
  "GB-CHC-1050327-UKAMMozambique": 4090259.6978342948
}