{
  "GB-CHC-1050327-GPAF": 1588727.0841447678,
  "GB-CHC-1050327-NP-FOUND-19": 956361.3230204296,
  "GB-CHC-1050327-NP-HEAL-19": 2143649.531604913,
  "GB-CHC-1050327-UKAMMozambique": 4090259.6978342948
}