{
  "XM-DAC-41108-1100000245": 4478747.589253633,
  "XM-DAC-41108-1100000290": 6567722.117429256,
  "XM-DAC-41108-1100000361": 1871205.4566577417,
  "XM-DAC-41108-1100001579": 20008892.076046366,
  "XM-DAC-41108-2000001816": 32355881.01,
  "XM-DAC-41108-2000002442": 23290000.0
}