{
  "GB-COH-03788027-CSCF-397": {
    "tripleline_crownagents-cscf.xml": 38812.284763173346
  },
  "GB-COH-03788027-CSCF-406": {
    "tripleline_crownagents-cscf.xml": 71885.65904427064
  },
  "GB-COH-03788027-CSCF-408": {
    "tripleline_crownagents-cscf.xml": 177691.79452449834
  },
  "GB-COH-03788027-CSCF-410": {
    "tripleline_crownagents-cscf.xml": 48037.74527842149
  },
  "GB-COH-03788027-CSCF-411": {
    "tripleline_crownagents-cscf.xml": 103517.09455719155
  },
  "GB-COH-03788027-CSCF-413": {
    "tripleline_crownagents-cscf.xml": 46836.96553634879
  },
  "GB-COH-03788027-CSCF-420": {
    "tripleline_crownagents-cscf.xml": 44772.347864982585
  },
  "GB-COH-03788027-CSCF-428": {
    "tripleline_crownagents-cscf.xml": 78883.55979725631
  },
  "GB-COH-03788027-CSCF-429": {
    "tripleline_crownagents-cscf.xml": 129993.15373824896
  },
  "GB-COH-03788027-CSCF-432": {
    "tripleline_crownagents-cscf.xml": 82579.96786993949
  },
  "GB-COH-03788027-CSCF-434": {
    "tripleline_crownagents-cscf.xml": 155010.68677746324
  },
  "GB-COH-03788027-CSCF-435": {
    "tripleline_crownagents-cscf.xml": 51577.49831325509
  },
  "GB-COH-03788027-CSCF-436": {
    "tripleline_crownagents-cscf.xml": 105171.84431920644
  },
  "GB-COH-03788027-CSCF-437": {
    "tripleline_crownagents-cscf.xml": 64143.434781889446
  },
  "GB-COH-03788027-CSCF-438": {
    "tripleline_crownagents-cscf.xml": 127147.8076525261
  },
  "GB-COH-03788027-CSCF-440": {
    "tripleline_crownagents-cscf.xml": 126048.40203166017
  },
  "GB-COH-03788027-CSCF-441": {
    "tripleline_crownagents-cscf.xml": 113429.0996780703
  },
  "GB-COH-03788027-CSCF-444": {
    "tripleline_crownagents-cscf.xml": 106008.76019671113
  },
  "GB-COH-03788027-CSCF-447": {
    "tripleline_crownagents-cscf.xml": 32871.17760019838
  },
  "GB-COH-03788027-CSCF-451": {
    "tripleline_crownagents-cscf.xml": 77595.83022098606
  },
  "GB-COH-03788027-CSCF-452": {
    "tripleline_crownagents-cscf.xml": 121187.37052754573
  },
  "GB-COH-03788027-CSCF-455": {
    "tripleline_crownagents-cscf.xml": 50925.098085042206
  },
  "GB-COH-03788027-CSCF-457": {
    "tripleline_crownagents-cscf.xml": 12384.546705058163
  },
  "GB-COH-03788027-CSCF-459": {
    "tripleline_crownagents-cscf.xml": 155618.09262597916
  },
  "GB-COH-03788027-CSCF-460": {
    "tripleline_crownagents-cscf.xml": 161577.00340828317
  },
  "GB-COH-03788027-CSCF-461": {
    "tripleline_crownagents-cscf.xml": 198884.99725712911
  },
  "GB-COH-03788027-CSCF-462": {
    "tripleline_crownagents-cscf.xml": 107920.7907869119
  },
  "GB-COH-03788027-CSCF-463": {
    "tripleline_crownagents-cscf.xml": 83759.3889388901
  },
  "GB-COH-03788027-CSCF-464": {
    "tripleline_crownagents-cscf.xml": 68728.89495696782
  },
  "GB-COH-03788027-CSCF-465": {
    "tripleline_crownagents-cscf.xml": 166033.48858782504
  },
  "GB-COH-03788027-CSCF-466": {
    "tripleline_crownagents-cscf.xml": 158295.70669802834
  },
  "GB-COH-03788027-CSCF-467": {
    "tripleline_crownagents-cscf.xml": 127626.80371511714
  },
  "GB-COH-03788027-CSCF-469": {
    "tripleline_crownagents-cscf.xml": 37808.03071696497
  },
  "GB-COH-03788027-CSCF-470": {
    "tripleline_crownagents-cscf.xml": 46765.88076572026
  },
  "GB-COH-03788027-CSCF-473": {
    "tripleline_crownagents-cscf.xml": 120499.48581735037
  },
  "GB-COH-03788027-CSCF-474": {
    "tripleline_crownagents-cscf.xml": 59648.28939046155
  },
  "GB-COH-03788027-CSCF-475": {
    "tripleline_crownagents-cscf.xml": 22720.556693527866
  },
  "GB-COH-03788027-CSCF-476": {
    "tripleline_crownagents-cscf.xml": 131889.19015581987
  },
  "GB-COH-03788027-CSCF-478": {
    "tripleline_crownagents-cscf.xml": 72344.08413631568
  },
  "GB-COH-03788027-CSCF-479": {
    "tripleline_crownagents-cscf.xml": 142896.29362222418
  },
  "GB-COH-03788027-CSCF-480": {
    "tripleline_crownagents-cscf.xml": 158719.14312675034
  },
  "GB-COH-03788027-CSCF-481": {
    "tripleline_crownagents-cscf.xml": 81526.79170492299
  },
  "GB-COH-03788027-CSCF-482": {
    "tripleline_crownagents-cscf.xml": 55461.91770594286
  },
  "GB-COH-03788027-CSCF-483": {
    "tripleline_crownagents-cscf.xml": 124889.29129949084
  },
  "GB-COH-03788027-CSCF-485": {
    "tripleline_crownagents-cscf.xml": 117610.54283567543
  },
  "GB-COH-03788027-CSCF-487": {
    "tripleline_crownagents-cscf.xml": 103504.37037584152
  },
  "GB-COH-03788027-CSCF-488": {
    "tripleline_crownagents-cscf.xml": 109148.01235511902
  },
  "GB-COH-03788027-CSCF-489": {
    "tripleline_crownagents-cscf.xml": 270106.55542434537
  },
  "GB-COH-03788027-CSCF-491": {
    "tripleline_crownagents-cscf.xml": 198080.7892162724
  },
  "GB-COH-03788027-CSCF-493": {
    "tripleline_crownagents-cscf.xml": 281082.5341310281
  },
  "GB-COH-03788027-CSCF-494": {
    "tripleline_crownagents-cscf.xml": 191388.1934025982
  },
  "GB-COH-03788027-CSCF-495": {
    "tripleline_crownagents-cscf.xml": 143074.17991140636
  },
  "GB-COH-03788027-CSCF-497": {
    "tripleline_crownagents-cscf.xml": 230993.6252308745
  },
  "GB-COH-03788027-CSCF-498": {
    "tripleline_crownagents-cscf.xml": 184208.16896544604
  },
  "GB-COH-03788027-CSCF-499": {
    "tripleline_crownagents-cscf.xml": 228807.65147123858
  },
  "GB-COH-03788027-CSCF-500": {
    "tripleline_crownagents-cscf.xml": 172711.6670836761
  },
  "GB-COH-03788027-CSCF-501": {
    "tripleline_crownagents-cscf.xml": 241692.25842820774
  },
  "GB-COH-03788027-CSCF-502": {
    "tripleline_crownagents-cscf.xml": 175516.09280655882
  },
  "GB-COH-03788027-CSCF-503": {
    "tripleline_crownagents-cscf.xml": 242654.16022440363
  },
  "GB-COH-03788027-CSCF-504": {
    "tripleline_crownagents-cscf.xml": 92682.63808557528
  },
  "GB-COH-03788027-CSCF-505": {
    "tripleline_crownagents-cscf.xml": 162698.75668150268
  },
  "GB-COH-03788027-CSCF-506": {
    "tripleline_crownagents-cscf.xml": 172895.51822884948
  },
  "GB-COH-03788027-CSCF-508": {
    "tripleline_crownagents-cscf.xml": 254809.82333659832
  },
  "GB-COH-03788027-CSCF-509": {
    "tripleline_crownagents-cscf.xml": 178297.29539461972
  },
  "GB-COH-03788027-CSCF-510": {
    "tripleline_crownagents-cscf.xml": 160736.58927372575
  },
  "GB-COH-03788027-CSCF-511": {
    "tripleline_crownagents-cscf.xml": 136354.68733496487
  },
  "GB-COH-03788027-CSCF-512": {
    "tripleline_crownagents-cscf.xml": 100421.08174162738
  },
  "GB-COH-03788027-CSCF-513": {
    "tripleline_crownagents-cscf.xml": 166368.15413373648
  },
  "GB-COH-03788027-CSCF-514": {
    "tripleline_crownagents-cscf.xml": 236042.559030362
  },
  "GB-COH-03788027-CSCF-515": {
    "tripleline_crownagents-cscf.xml": 145034.8696465005
  },
  "GB-COH-03788027-CSCF-516": {
    "tripleline_crownagents-cscf.xml": 242184.71637313164
  },
  "GB-COH-03788027-CSCF-517": {
    "tripleline_crownagents-cscf.xml": 210027.5251393473
  },
  "GB-COH-03788027-CSCF-518": {
    "tripleline_crownagents-cscf.xml": 85476.19406188848
  },
  "GB-COH-03788027-CSCF-519": {
    "tripleline_crownagents-cscf.xml": 147255.07742297585
  },
  "GB-COH-03788027-CSCF-520": {
    "tripleline_crownagents-cscf.xml": 250068.35837753958
  },
  "GB-COH-03788027-CSCF-521": {
    "tripleline_crownagents-cscf.xml": 178474.21753739796
  },
  "GB-COH-03788027-CSCF-522": {
    "tripleline_crownagents-cscf.xml": 229179.4053683232
  },
  "GB-COH-03788027-CSCF-524": {
    "tripleline_crownagents-cscf.xml": 158729.50923276643
  },
  "GB-COH-03788027-CSCF-525": {
    "tripleline_crownagents-cscf.xml": 169215.2737456993
  },
  "GB-COH-03788027-CSCF-526": {
    "tripleline_crownagents-cscf.xml": 151430.02231753012
  },
  "GB-COH-03788027-CSCF-527": {
    "tripleline_crownagents-cscf.xml": 263781.1992722362
  },
  "GB-COH-03788027-CSCF-528": {
    "tripleline_crownagents-cscf.xml": 145660.6264878691
  },
  "GB-COH-03788027-CSCF-529": {
    "tripleline_crownagents-cscf.xml": 139188.5135427511
  },
  "GB-COH-03788027-CSCF-530": {
    "tripleline_crownagents-cscf.xml": 136671.2832364293
  },