{
  "FR-6-LA-1461": 1328111.1627003201,
  "FR-6-LA-1462": 26562.223254006403,
  "FR-6-LA-1463": 225114.84207770426,
  "FR-6-LA-1464": 46483.8906945112,
  "FR-6-LA-1983": 1859355.6277804482,
  "FR-6-LA-1984": 4781200.185721152,
  "FR-6-LA-LAO-16-02": 996083.3720252401
}