{
  "FR-6-LA-1461": 1328500.784313721,
  "FR-6-LA-1462": 26570.01568627442,
  "FR-6-LA-1463": 225180.8829411757,
  "FR-6-LA-1464": 46497.52745098023,
  "FR-6-LA-1983": 1859901.0980392091,
  "FR-6-LA-1984": 4782602.823529395,
  "FR-6-LA-LAO-16-02": 996375.5882352907
}