{
  "GB-UKPRN-10007774-200425": 5691042.016873227,
  "GB-UKPRN-10007774-DeTACT": 6468195.758325175,
  "GB-UKPRN-10007774-FORBLN-P1": 830187.0094076822
}