{
  "GB-UKPRN-10007774-200425": 5683707.354770714,
  "GB-UKPRN-10007774-DeTACT": 10603325.418082507,
  "GB-UKPRN-10007774-FORBLN-P1": 829117.0575117293
}