{
  "DE-1-199966128": 17269373.530719593,
  "DE-1-199966136": 5813579.179629366,
  "DE-1-199966144": 11117119.379926184,
  "DE-1-200166215": 18123010.77492097,
  "DE-1-200366302": 5429691.48224708,
  "DE-1-200566513": 29688767.058823526,
  "DE-1-200566521": 13826302.305453448,
  "DE-1-200574772-0": 373227.08171206206,
  "DE-1-200715797-0": 167619.05754235346,
  "DE-1-200766493": 27204990.885416687,
  "DE-1-200766501": 13933688.373966448,
  "DE-1-200770032": 1665822.8871527696,
  "DE-1-200770347": 1361641.60309436,
  "DE-1-200820274": 9062043.6627289,
  "DE-1-200875666-0": 544179.5234374999,
  "DE-1-200875674-0": 470641.74999999994,
  "DE-1-200918680-0": 1115825.9374999993,
  "DE-1-200920553": 19291633.907154538,
  "DE-1-200920561": 12066264.77926669,
  "DE-1-200932970-0": 181321.71484374988,
  "DE-1-200967190": 18269106.229770325,
  "DE-1-200967257": 26542174.509803902,
  "DE-1-200967265": 33172933.82352949,
  "DE-1-200967398": 35365928.48401615,
  "DE-1-200970418": 8550326.460835868,
  "DE-1-201022706": 4766565.972656251,
  "DE-1-201030030-0": 225371.83333333378,
  "DE-1-201066174": 29811482.785664707,
  "DE-1-201075811-0": 236632.3929961094,
  "DE-1-201120906": 28946907.994092055,
  "DE-1-201121490": 19886604.37408748,
  "DE-1-201135102": 7606186.77757894,
  "DE-1-201155266-0": 650055.630710118,
  "DE-1-201165638": 25885866.397894066,
  "DE-1-201165653": 29222807.05882352,
  "DE-1-201165679": 53132376.470588215,
  "DE-1-201175025-0": 695977.6264591453,
  "DE-1-201175033-0": 675098.297665371,
  "DE-1-201175637-0": 354948.5894941641,
  "DE-1-201274760-0": 400854.0656250001,
  "DE-1-201315415-0": 31266.55487921577,
  "DE-1-201330018-0": 239061.2470588242,
  "DE-1-201330034-0": 131483.6858823533,
  "DE-1-201330679-0": 185936.5254901966,
  "DE-1-201332196-0": 179295.93529411813,
  "DE-1-201375310-0": 305467.1490196087,
  "DE-1-201375328-0": 332029.5098039225,
  "DE-1-201401132-0": 8137067.30392154,
  "DE-1-201401199-0": 525953.4605098021,
  "DE-1-201415389-0": 49818.77941176453,
  "DE-1-201415595-0": 34008.29157764694,
  "DE-1-201415785-0": 37985.82292588222,
  "DE-1-201415876-0": 49818.77941176453,
  "DE-1-201422922": 13360810.62325428,
  "DE-1-201422997": 47427477.999999836,
  "DE-1-201424522": 8635255.098039186,
  "DE-1-201467604": 13206716.581776002,
  "DE-1-201468156": 39690728.594661,
  "DE-1-201468164": 23639471.515099246,
  "DE-1-201468602": 17270510.19607837,
  "DE-1-201475086-0": 199275.11764705813,
  "DE-1-201501519": 23913014.117646977,
  "DE-1-201515386-0": 131521.57764705838,
  "DE-1-201516749-0": 44920.59701999984,
  "DE-1-201521442": 42897290.32549005,
  "DE-1-201521608": 29186994.043173153,
  "DE-1-201521616": 2316905.367843129,
  "DE-1-201530971-0": 385265.22745097906,
  "DE-1-201533033-0": 352052.70784313604,
  "DE-1-201534023-0": 659222.016688233,
  "DE-1-201567288": 26173078.955037873,
  "DE-1-201567296": 25790160.98919766,
  "DE-1-201567304": 33212519.607843023,
  "DE-1-201567312": 24943453.276377548,
  "DE-1-201567320": 11001820.808290543,
  "DE-1-201575422-0": 607124.8584313705,
  "DE-1-201575554-0": 393236.2321568614,
  "DE-1-201576164-0": 730675.4313725465,
  "DE-1-201601111-0": 9963755.882352907,
  "DE-1-201601228-1674": 555313.3278431353,
  "DE-1-201601228-1687": 439525.18498470436,
  "DE-1-201601228-1705": 2756639.127450971,
  "DE-1-201601293-0": 9299505.490196045,
  "DE-1-201601509-0": 6642503.921568604,
  "DE-1-201606003-1368": 219500.59885267768,
  "DE-1-201610161-0": 2648891.0713392063,
  "DE-1-201618727-0": 913264.5791686242,
  "DE-1-201630151-0": 334782.19764705765,
  "DE-1-201630581-0": 213888.62627450906,
  "DE-1-201631464-0": 203260.6199999993,
  "DE-1-201633197-0": 144806.58549019558,
  "DE-1-201668821": 26570015.686274417,
  "DE-1-201675354-0": 557970.3294117628,
  "DE-1-201676022-0": 531400.3137254884,
  "DE-1-201701317": 20857462.31372542,
  "DE-1-201706019-1827": 193109.54550705815,
  "DE-1-201706019-2117": 62393.0393352939,
  "DE-1-201706019-2431": 53155.641256764524,
  "DE-1-201706019-2551": 71893.58684918014,
  "DE-1-201706019-2844": 66191.22307764684,
  "DE-1-201720259": 15543459.176470535,
  "DE-1-201721182": 22630092.348626968,
  "DE-1-201721190": 15143502.204980915,
  "DE-1-201733500-0": 468960.7768627435,
  "DE-1-201767615": 20495053.663283393,
  "DE-1-201767623": 54468532.15686256,
  "DE-1-201767631": 63768037.6470586,
  "DE-1-201767649": 13285007.843137208,
  "DE-1-201775899-0": 385265.22745097906,
  "DE-1-201798396-2825": 1195650.7058823488,
  "DE-1-201801133-3439": 680204.0259504878,
  "DE-1-201806009-3144": 51893.39280656453,
  "DE-1-201806009-3231": 349549.81236548896,
  "DE-1-201806009-3312": 2528210.060092148,
  "DE-1-201806009-3340": 125161.40671217212,
  "DE-1-201806009-3345": 1019984.3756733298,
  "DE-1-201806009-3422": 109893.2527532349,
  "DE-1-201806009-3785": 256603.14146209325,
  "DE-1-201830322-0": 140821.0831372544,
  "DE-1-201833359-0": 397221.73450980254,
  "DE-1-201833623-0": 340096.20078431256,
  "DE-1-201839125-0": 216545.6278431365,
  "DE-1-201867407": 74394372.65429668,
  "DE-1-201868173": 28863894.522003256,
  "DE-1-201874163-0": 104951.56196078395,
  "DE-1-201876499-0": 458332.7705882337,
  "DE-1-201876507-0": 336110.69843137136,
  "DE-1-201901198": 42454713.574203774,
  "DE-1-201901586-0": 1594200.941176465,
  "DE-1-201906015-3409": 1913684.455916562,
  "DE-1-201906015-3421": 432036.81132875534,
  "DE-1-201906015-3997": 131119.04190941132,
  "DE-1-201906015-4030": 550664.9035988216,
  "DE-1-201906015-4159": 428870.6086945083,
  "DE-1-201906015-4288": 701549.0480520563,
  "DE-1-201906015-4392": 265699.492612352,
  "DE-1-201910256-0": 385265.22745097906,
  "DE-1-201920909": 21592012.981885806,
  "DE-1-201920925": 10628006.274509767,
  "DE-1-201926070-0": 1793476.058823523,
  "DE-1-201930205-0": 536714.3168627432,
  "DE-1-201930254-0": 450361.7658823514,
  "DE-1-201930916-0": 257729.15215686185,
  "DE-1-201932326-0": 284299.16784313624,
  "DE-1-201967397": 6827728.81492076,
  "DE-1-201967413": 35011414.99334598,
  "DE-1-201967421": 23248763.725490116,
  "DE-1-201974054-0": 227173.63411764626,
  "DE-1-201976992-0": 531400.3137254884,
  "DE-1-202001121-5453": 2061846.5022627378,
  "DE-1-202006005-4935": 209049.20347243457,
  "DE-1-202006005-5186": 531396.1688030413,
  "DE-1-202006005-5246": 140027.96816901912,
  "DE-1-202031078-0": 271014.15999999904,
  "DE-1-202031623-0": 495530.7925490179,
  "DE-1-202031680-0": 139492.5823529407,
  "DE-1-202074607-0": 629709.3717647037,
  "DE-1-202100709-5504": 281614.26775803824,
  "DE-1-202100709-5755": 134540.5956794113,
  "DE-1-202100709-6004": 543550.7818988216,
  "DE-1-202100709-6018": 1729123.4808313665,
  "DE-1-202100709-6045": 531530.5068023511,
  "DE-1-202101129-5818": 853590.9809388205,
  "DE-1-202120830": 5978253.529411744,
  "DE-1-202120848": 7824869.6196078155,
  "DE-1-202122893": 3055551.803921558,
  "DE-1-202130060-0": 188647.11137254836,
  "DE-1-202130078-0": 549999.3247058805,
  "DE-1-202130458-0": 571255.3372549,
  "DE-1-202133858-0": 535385.8160784295,
  "DE-1-202167427": 5314003.137254884,
  "DE-1-202174019-0": 171376.60117647,
  "DE-1-202174514-0": 840940.9964705853,
  "DE-1-202175313-0": 422463.2494117632,
  "DE-1-202175321-0": 1090699.1439215648,
  "DE-1-202176121-0": 498187.7941176453
}