{
  "GB-CHC-202918-BGDB63": 1054726.7682204528,
  "GB-CHC-202918-BGDB69": 5706.526219473801,
  "GB-CHC-202918-BGDB71": 220479.62959760422,
  "GB-CHC-202918-BGDB73": 21215.012994575332,
  "GB-CHC-202918-BGDB76": 1189378.6857944974,
  "GB-CHC-202918-BGDB77": 951231.9637461227,
  "GB-CHC-202918-BGDB80": 152358.79138179857,
  "GB-CHC-202918-BGDB83": 2279.7434758411323,
  "GB-CHC-202918-BGDB86": 33533.40965369164,
  "GB-CHC-202918-BGDB90": 60178.206002708495,
  "GB-CHC-202918-BGDB93": 252897.79519949743,
  "GB-CHC-202918-BGDB95": 1273071.5687394117,
  "GB-CHC-202918-BGDB96": 77312.02262120598,
  "GB-CHC-202918-BGDB99": 232886.0418004118,
  "GB-CHC-202918-BGDC02": 1404422.6446172104,
  "GB-CHC-202918-BGDC05": 3147283.2745369175,
  "GB-CHC-202918-BGDC06": 1756450.199399237,
  "GB-CHC-202918-BGDC07": 84530.8114506805,
  "GB-CHC-202918-BGDC09": 56929.31228240117,
  "GB-CHC-202918-BGDC10": 1192398.4951013958,
  "GB-CHC-202918-BGDC14": 206713.26851092072,
  "GB-CHC-202918-BGDC15": 807140.6572697806,
  "GB-CHC-202918-BGDC18": 368006.4457041504,
  "GB-CHC-202918-BGDC19": 458039.32473541395,
  "GB-CHC-202918-BGDC20": 15058.463651279782,
  "GB-CHC-202918-BGDC21": 1226960.6256201677,
  "GB-CHC-202918-BGDC26": 749021.9483225226,
  "GB-CHC-202918-BGDC27": 201443.98920402885,
  "GB-CHC-202918-BGDC30": 1664538.8018731638,
  "GB-CHC-202918-BGDC31": 221981.25643685053,
  "GB-CHC-202918-BGDC32": 313819.73154100036,
  "GB-CHC-202918-BGDC33": 6418.903100866818,
  "GB-CHC-202918-BGDC35": 41973.88903480632,
  "GB-CHC-202918-BGDC36": 508263.6295661346,
  "GB-CHC-202918-BGDC37": 33917.856143061246,
  "GB-CHC-202918-BGDC39": 40067.476807435196,
  "GB-CHC-202918-BGDC41": 505487.8983717619,
  "GB-CHC-202918-BGDC43": 4651245.700592406,
  "GB-CHC-202918-BGDC44": 843067.5376699779,
  "GB-CHC-202918-BGDC47": 302476.4395666181,
  "GB-CHC-202918-BGDC48": 111209.18129723571,
  "GB-CHC-202918-BGDC50": 310417.91538659774,
  "GB-CHC-202918-BGDC51": 183822.13601534654,
  "GB-CHC-202918-BGDC52": 2009942.4931095135,
  "GB-CHC-202918-BGDC53": 3217736.5162335653,
  "GB-CHC-202918-BGDC54": 3482483.00014286,
  "GB-CHC-202918-BGDC55": 1887442.3308838983,
  "GB-CHC-202918-BGDC58": 1065554.6872304527,
  "GB-CHC-202918-BGDC59": 45312.00928248588,
  "GB-CHC-202918-BGDC60": 153023.7317097144,
  "GB-CHC-202918-BGDC61": 265662.79220013844,
  "GB-CHC-202918-BGDC62": 607683.6969696869,
  "GB-CHC-202918-BGDC64": 39650.25708525525,
  "GB-CHC-202918-BGDC66": 8927.296017306719,
  "GB-CHC-202918-BGDC67": 3203864.088159462,
  "GB-CHC-202918-BGDC70": 84584.07810004306,
  "GB-CHC-202918-BGDC72": 160717.08017448217,
  "GB-CHC-202918-BGDC74": 288172.0787737744,
  "GB-CHC-202918-BGDC75": 342864.15883110865,
  "GB-CHC-202918-BGDC76": 342442.8201289285,
  "GB-CHC-202918-BGDC79": 2238221.587587065,
  "GB-CHC-202918-BGDC80": 81311.0212604466,
  "GB-CHC-202918-BGDC81": 2468620.045557998,
  "GB-CHC-202918-BGDC83": 268247.748716822,
  "GB-CHC-202918-BGDC85": 1417304.079055106,
  "GB-CHC-202918-BGDC86": 142717.7142308218,
  "GB-CHC-202918-BGDC88": 382394.57007427816,
  "GB-CHC-202918-BGDC89": 3418741.932923093,
  "GB-CHC-202918-BGDC90": 5170499.839733866,
  "GB-CHC-202918-BGDC91": 70521.8803793709,
  "GB-CHC-202918-BGDC93": 503848.46195208357,
  "GB-CHC-202918-BGDC94": 689211.0305838238,
  "GB-CHC-202918-BGDC96": 101682.78787686036,
  "GB-CHC-202918-BGDC97": 57436.045677945396,
  "GB-CHC-202918-BGDC99": 515058.95801125944,
  "GB-CHC-202918-BGDD04": 4285035.855108822
}