{
  "open_university": {
    "GB-CHC-000391-203166": 1676952.965474169,
    "GB-CHC-000391-3Mpower": 41946.94297026074,
    "GB-CHC-000391-SLE0122": 340766.6622402266
  }
}