{
  "NL-KVK-41180885-ATEWA Final Lifeline": {
    "iucn_nl-activities.xml": 999764.8961682454
  },
  "NL-KVK-41180885-GLA - ToC Agro-commodities": {
    "iucn_nl-activities.xml": 553020.7600726741
  },
  "NL-KVK-41180885-GLA - ToC Bolivia": {
    "iucn_nl-activities.xml": 3035390.226495722
  },
  "NL-KVK-41180885-GLA - ToC DRC": {
    "iucn_nl-activities.xml": 4043544.7477542986
  },
  "NL-KVK-41180885-GLA - ToC Forest Governance": {
    "iucn_nl-activities.xml": 1369836.1389144203
  },
  "NL-KVK-41180885-GLA - ToC Ghana": {
    "iucn_nl-activities.xml": 3046750.756570344
  },
  "NL-KVK-41180885-GLA - ToC Indonesia Lariang": {
    "iucn_nl-activities.xml": 1245866.55083894
  },
  "NL-KVK-41180885-GLA - ToC Indonesia Mudiak Baduo": {
    "iucn_nl-activities.xml": 1840779.469758875
  },
  "NL-KVK-41180885-GLA - ToC JET": {
    "iucn_nl-activities.xml": 686935.5898433566
  },
  "NL-KVK-41180885-GLA - ToC Liberia": {
    "iucn_nl-activities.xml": 601470.7334080003
  },
  "NL-KVK-41180885-GLA - ToC Philippines Cagayan de Oro Tagaloan river basin": {
    "iucn_nl-activities.xml": 1403431.0029593809
  },
  "NL-KVK-41180885-GLA - ToC Philippines Sierra Madre": {
    "iucn_nl-activities.xml": 2240738.4729860113
  },
  "NL-KVK-41180885-GLA - ToC Vietnam": {
    "iucn_nl-activities.xml": 976481.9387482856
  },
  "NL-KVK-41180885-GLA II - IUCN NL - Bolivia": {
    "iucn_nl-activities.xml": 981453.8556969706
  },
  "NL-KVK-41180885-GLA II - IUCN NL - Colombia": {
    "iucn_nl-activities.xml": 524483.0511508207
  },
  "NL-KVK-41180885-GLA II - IUCN NL - DRC": {
    "iucn_nl-activities.xml": 1228987.7321644097
  },
  "NL-KVK-41180885-GLA II - IUCN NL - Ghana": {
    "iucn_nl-activities.xml": 1248574.5694996861
  },
  "NL-KVK-41180885-GLA II - IUCN NL - Indonesia": {
    "iucn_nl-activities.xml": 1004607.7339930275
  },
  "NL-KVK-41180885-GLA II - IUCN NL - International Thematic": {
    "iucn_nl-activities.xml": 125713.6902165615
  },
  "NL-KVK-41180885-GLA II - IUCN NL - Philippines": {
    "iucn_nl-activities.xml": 784574.8694360611
  },
  "NL-KVK-41180885-GLA II - IUCN NL - Uganda": {
    "iucn_nl-activities.xml": 680658.2989950768
  },
  "NL-KVK-41180885-MoMo 4 Climate - IUCN NL": {
    "iucn_nl-activities.xml": 262724.4799186147
  },
  "NL-KVK-41180885-MoMo 4 Climate - IUCN NL - Ghana": {
    "iucn_nl-activities.xml": 803238.8156054887
  },
  "NL-KVK-41180885-MoMo 4 Climate - IUCN NL - Netherlands/International": {
    "iucn_nl-activities.xml": 39773.60904496784
  },
  "NL-KVK-41180885-MoMo 4 Climate - IUCN NL - Uganda": {
    "iucn_nl-activities.xml": 649587.8156803957
  },
  "NL-KVK-41180885-NL-KVK-41180885-PPR-4000002211": {
    "iucn_nl-activities.xml": 10023265.556507505
  },
  "NL-KVK-41180885-SRJS - Netherlands": {
    "iucn_nl-activities.xml": 333098.0092122072
  },
  "NL-KVK-41180885-SRJS - ToC Benin": {
    "iucn_nl-activities.xml": 3441812.774880595
  },
  "NL-KVK-41180885-SRJS - ToC Burkina Faso": {
    "iucn_nl-activities.xml": 2614158.388655596
  },
  "NL-KVK-41180885-SRJS - ToC Cambodia": {
    "iucn_nl-activities.xml": 2878708.3839295655
  },
  "NL-KVK-41180885-SRJS - ToC Chaco Pantanal": {
    "iucn_nl-activities.xml": 8945900.439932732
  },
  "NL-KVK-41180885-SRJS - ToC Ghana": {
    "iucn_nl-activities.xml": 3066618.39644875
  },
  "NL-KVK-41180885-SRJS - ToC Guianas": {
    "iucn_nl-activities.xml": 5427916.744597795
  },
  "NL-KVK-41180885-SRJS - ToC Indonesia Bulungan": {
    "iucn_nl-activities.xml": 3516035.834379275
  },
  "NL-KVK-41180885-SRJS - ToC Indonesia Papua": {
    "iucn_nl-activities.xml": 2549454.5127911246
  },
  "NL-KVK-41180885-SRJS - ToC International Program": {
    "iucn_nl-activities.xml": 15460616.419219537
  },
  "NL-KVK-41180885-SRJS - ToC Madagascar": {
    "iucn_nl-activities.xml": 4707809.931608156
  },
  "NL-KVK-41180885-SRJS - ToC Myanmar": {
    "iucn_nl-activities.xml": 2585178.113250996
  },
  "NL-KVK-41180885-SRJS - ToC Philippines Cordillera": {
    "iucn_nl-activities.xml": 789710.8346755628
  },
  "NL-KVK-41180885-SRJS - ToC Philippines National": {
    "iucn_nl-activities.xml": 3249845.515570477
  },
  "NL-KVK-41180885-SRJS - ToC Philippines Palawan": {
    "iucn_nl-activities.xml": 1814242.3478058437
  },
  "NL-KVK-41180885-SRJS - ToC Philippines Zamb-Malin": {
    "iucn_nl-activities.xml": 820153.7987469794
  },
  "NL-KVK-41180885-SRJS - ToC Tanzania": {
    "iucn_nl-activities.xml": 3115567.527083466
  },
  "NL-KVK-41180885-SRJS - ToC Uganda": {
    "iucn_nl-activities.xml": 5562272.958832289
  },
  "NL-KVK-41180885-SRJS-NL-1-27537-IUCN": {
    "iucn_nl-activities.xml": 47399174.439620085
  }
}