{
  "NL-KVK-41180885-ATEWA Final Lifeline": {
    "iucn_nl-activities.xml": 1000058.1924094083
  },
  "NL-KVK-41180885-GLA - ToC Agro-commodities": {
    "iucn_nl-activities.xml": 553182.9971254412
  },
  "NL-KVK-41180885-GLA - ToC Bolivia": {
    "iucn_nl-activities.xml": 3036280.7043943815
  },
  "NL-KVK-41180885-GLA - ToC DRC": {
    "iucn_nl-activities.xml": 4044730.983118268
  },
  "NL-KVK-41180885-GLA - ToC Forest Governance": {
    "iucn_nl-activities.xml": 1370238.0011843324
  },
  "NL-KVK-41180885-GLA - ToC Ghana": {
    "iucn_nl-activities.xml": 3047644.567253323
  },
  "NL-KVK-41180885-GLA - ToC Indonesia Lariang": {
    "iucn_nl-activities.xml": 1246232.0447443095
  },
  "NL-KVK-41180885-GLA - ToC Indonesia Mudiak Baduo": {
    "iucn_nl-activities.xml": 1841319.4904190917
  },
  "NL-KVK-41180885-GLA - ToC JET": {
    "iucn_nl-activities.xml": 687137.1128486093
  },
  "NL-KVK-41180885-GLA - ToC Liberia": {
    "iucn_nl-activities.xml": 601647.1839974881
  },
  "NL-KVK-41180885-GLA - ToC Philippines Cagayan de Oro Tagaloan river basin": {
    "iucn_nl-activities.xml": 1403842.7207937206
  },
  "NL-KVK-41180885-GLA - ToC Philippines Sierra Madre": {
    "iucn_nl-activities.xml": 2241395.8277041805
  },
  "NL-KVK-41180885-GLA - ToC Vietnam": {
    "iucn_nl-activities.xml": 976768.4045796986
  },
  "NL-KVK-41180885-GLA II - IUCN NL - Bolivia": {
    "iucn_nl-activities.xml": 981741.7801158554
  },
  "NL-KVK-41180885-GLA II - IUCN NL - Colombia": {
    "iucn_nl-activities.xml": 524636.9162325473
  },
  "NL-KVK-41180885-GLA II - IUCN NL - DRC": {
    "iucn_nl-activities.xml": 1229348.2744115526
  },
  "NL-KVK-41180885-GLA II - IUCN NL - Ghana": {
    "iucn_nl-activities.xml": 1248940.857843525
  },
  "NL-KVK-41180885-GLA II - IUCN NL - Indonesia": {
    "iucn_nl-activities.xml": 1004902.4509543377
  },
  "NL-KVK-41180885-GLA II - IUCN NL - International Thematic": {
    "iucn_nl-activities.xml": 125750.57023999956
  },
  "NL-KVK-41180885-GLA II - IUCN NL - Philippines": {
    "iucn_nl-activities.xml": 784805.036409315
  },
  "NL-KVK-41180885-GLA II - IUCN NL - Uganda": {
    "iucn_nl-activities.xml": 680857.9804615662
  },
  "NL-KVK-41180885-MoMo 4 Climate - IUCN NL": {
    "iucn_nl-activities.xml": 262801.55414148147
  },
  "NL-KVK-41180885-MoMo 4 Climate - IUCN NL - Ghana": {
    "iucn_nl-activities.xml": 803474.4579312756
  },
  "NL-KVK-41180885-MoMo 4 Climate - IUCN NL - Netherlands/International": {
    "iucn_nl-activities.xml": 39785.277238235154
  },
  "NL-KVK-41180885-MoMo 4 Climate - IUCN NL - Uganda": {
    "iucn_nl-activities.xml": 649778.3821479467
  },
  "NL-KVK-41180885-NL-KVK-41180885-PPR-4000002211": {
    "iucn_nl-activities.xml": 10026206.033936918
  },
  "NL-KVK-41180885-SRJS - Netherlands": {
    "iucn_nl-activities.xml": 333195.7285804459
  },
  "NL-KVK-41180885-SRJS - ToC Benin": {
    "iucn_nl-activities.xml": 3442822.483016506
  },
  "NL-KVK-41180885-SRJS - ToC Burkina Faso": {
    "iucn_nl-activities.xml": 2614925.2917866576
  },
  "NL-KVK-41180885-SRJS - ToC Cambodia": {
    "iucn_nl-activities.xml": 2879552.8968261937
  },
  "NL-KVK-41180885-SRJS - ToC Chaco Pantanal": {
    "iucn_nl-activities.xml": 8948524.855915835
  },
  "NL-KVK-41180885-SRJS - ToC Ghana": {
    "iucn_nl-activities.xml": 3067518.0356061226
  },
  "NL-KVK-41180885-SRJS - ToC Guianas": {
    "iucn_nl-activities.xml": 5429509.106546726
  },
  "NL-KVK-41180885-SRJS - ToC Indonesia Bulungan": {
    "iucn_nl-activities.xml": 3517067.3169788034
  },
  "NL-KVK-41180885-SRJS - ToC Indonesia Papua": {
    "iucn_nl-activities.xml": 2550202.434055897
  },
  "NL-KVK-41180885-SRJS - ToC International Program": {
    "iucn_nl-activities.xml": 15465152.026239946
  },
  "NL-KVK-41180885-SRJS - ToC Madagascar": {
    "iucn_nl-activities.xml": 4709191.039268909
  },
  "NL-KVK-41180885-SRJS - ToC Myanmar": {
    "iucn_nl-activities.xml": 2585936.5145774065
  },
  "NL-KVK-41180885-SRJS - ToC Philippines Cordillera": {
    "iucn_nl-activities.xml": 789942.5083623503
  },
  "NL-KVK-41180885-SRJS - ToC Philippines National": {
    "iucn_nl-activities.xml": 3250798.9071905767
  },
  "NL-KVK-41180885-SRJS - ToC Philippines Palawan": {
    "iucn_nl-activities.xml": 1814774.5833976408
  },
  "NL-KVK-41180885-SRJS - ToC Philippines Zamb-Malin": {
    "iucn_nl-activities.xml": 820394.4033403894
  },
  "NL-KVK-41180885-SRJS - ToC Tanzania": {
    "iucn_nl-activities.xml": 3116481.526212946
  },
  "NL-KVK-41180885-SRJS - ToC Uganda": {
    "iucn_nl-activities.xml": 5563904.7362205535
  },
  "NL-KVK-41180885-SRJS-NL-1-27537-IUCN": {
    "iucn_nl-activities.xml": 47413079.70849945
  }
}