{
  "AU-ACNC -19242959685-WAVE": {
    "iwda-au.xml": 8078505.436158699,
    "iwda-activities.xml": 10355237.361965055
  },
  "AU-ACNC-19242959685-TimorLeste": {
    "iwda-au.xml": 760542.8300465312
  }
}