{
  "XM-DAC-47008-100000424": {
    "worldveg-activities.xml": 5471708.13685998
  },
  "XM-DAC-47008-10000412": {
    "worldveg-activities.xml": 544984.1267428437
  }
}