{
  "jass": {
    "US-EIN-06-1597-668-PU1": 11234504.3688235,
    "US-EIN-06-1597-668-PU1-GL": 64810.85784313721,
    "US-EIN-06-1597-668-PU1-GT": 80000.0,
    "US-EIN-06-1597-668-PU1-ID": 55890.84326818421,
    "US-EIN-06-1597-668-PU1-KH": 60000.0,
    "US-EIN-06-1597-668-PU1-MW": 30000.0,
    "US-EIN-06-1597-668-PU1-SA": 23250.0
  }
}