{
  "jass": {
    "US-EIN-06-1597-668-CMI-2": 2458106.655149471,
    "US-EIN-06-1597-668-PU1": 11231991.309417065,
    "US-EIN-06-1597-668-PU1-GL": 66562.2232540064,
    "US-EIN-06-1597-668-PU1-SA": 53250.0
  }
}