{
  "XI-IATI-EC_FPI-2008/163-283": 14278206.159143487,
  "XI-IATI-EC_FPI-2009/202-889": 968465.9434441373,
  "XI-IATI-EC_FPI-2009/212-603": 26453918.014442623,
  "XI-IATI-EC_FPI-2015/38932/0": 1989389.092521474,
  "XI-IATI-EC_FPI-2015/39075/0": 1972121.1239951607,
  "XI-IATI-EC_FPI-2016/372-856": 1989389.0925214738,
  "XI-IATI-EC_FPI-2017/40707/0": 2631559.3011092953,
  "XI-IATI-EC_FPI-2018/389-483": 2631559.3011092953,
  "XI-IATI-EC_FPI-2018/398-148": 947574.111807611,
  "XI-IATI-EC_FPI-2018/399-108": 421554.6751015552,
  "XI-IATI-EC_FPI-2020/419-259": 1580387.2061664087,
  "XI-IATI-EC_FPI-2020/42848/0": 2656057.639616465
}