{
  "XI-IATI-EC_FPI-2019/42449/0": 1328500.784313721,
  "XI-IATI-EC_FPI-2020/417-442": 1328500.784313721
}