{
  "XI-IATI-EC_INTPA-2000/15036/0": 838366.6097755003,
  "XI-IATI-EC_INTPA-2000/15057/0": 177517.02891429272,
  "XI-IATI-EC_INTPA-2000/15327/0": 4280907.642278684,
  "XI-IATI-EC_INTPA-2001/15634/0": 5079899.529683446,
  "XI-IATI-EC_INTPA-2001/186-169": 6286589.164039824,
  "XI-IATI-EC_INTPA-2001/3110/0": 6309960.265474981,
  "XI-IATI-EC_INTPA-2002/16120/3": 259592.38485002678,
  "XI-IATI-EC_INTPA-2002/3448/0": 6409787.484883483,
  "XI-IATI-EC_INTPA-2003/16304/0": 132163.1648113089,
  "XI-IATI-EC_INTPA-2003/16347/0": 12761061.658256542,
  "XI-IATI-EC_INTPA-2003/186-923": 1371207.3875272383,
  "XI-IATI-EC_INTPA-2003/189-021": 129558.39347056093,
  "XI-IATI-EC_INTPA-2003/6029/0": 5952887.355033409,
  "XI-IATI-EC_INTPA-2004/16585/0": 404576.9394047446,
  "XI-IATI-EC_INTPA-2004/16923/0": 6007112.639484128,
  "XI-IATI-EC_INTPA-2004/186-924": 1194083.478930962,
  "XI-IATI-EC_INTPA-2004/189-022": 88012.30285313685,
  "XI-IATI-EC_INTPA-2004/189-689": 178021.96126962063,
  "XI-IATI-EC_INTPA-2004/189-870": 1360686.809669066,
  "XI-IATI-EC_INTPA-2004/191-665": 41129.14807404363,
  "XI-IATI-EC_INTPA-2005/17621/0": 5022136.782149733,
  "XI-IATI-EC_INTPA-2005/186-925": 90441.26322404467,
  "XI-IATI-EC_INTPA-2005/186-926": 3711887.166472421,
  "XI-IATI-EC_INTPA-2005/186-927": 340721.2106853038,
  "XI-IATI-EC_INTPA-2005/186-928": 337412.07415533776,
  "XI-IATI-EC_INTPA-2005/189-023": 126210.33369274059,
  "XI-IATI-EC_INTPA-2005/189-871": 291689.5278493119,
  "XI-IATI-EC_INTPA-2005/191-666": 53550.067221902056,
  "XI-IATI-EC_INTPA-2006/125-947": 5867700.346062663,
  "XI-IATI-EC_INTPA-2006/126-793": 396530.02076600725,
  "XI-IATI-EC_INTPA-2006/131-731": 5933924.518200325,
  "XI-IATI-EC_INTPA-2006/17929/0": 479317.80305387947,
  "XI-IATI-EC_INTPA-2006/18359/0": 4383983.535273974,
  "XI-IATI-EC_INTPA-2006/186-170": 274486.4062988838,
  "XI-IATI-EC_INTPA-2006/186-929": 897001.3346980776,
  "XI-IATI-EC_INTPA-2006/189-872": 740184.0149447302,
  "XI-IATI-EC_INTPA-2006/189-873": 291457.2359021814,
  "XI-IATI-EC_INTPA-2006/189-874": 4012401.9776747245,
  "XI-IATI-EC_INTPA-2006/191-667": 7338.47056076562,
  "XI-IATI-EC_INTPA-2006/191-668": 82190.87028057493,
  "XI-IATI-EC_INTPA-2006/191-669": 21481.670041471254,
  "XI-IATI-EC_INTPA-2006/191-670": 32778.76113071291,
  "XI-IATI-EC_INTPA-2006/20708/1": 267687.41212220717,
  "XI-IATI-EC_INTPA-2007/137-223": 7965623.036733191,
  "XI-IATI-EC_INTPA-2007/140-716": 855918.0206912807,
  "XI-IATI-EC_INTPA-2007/141-111": 1916361.2037651304,
  "XI-IATI-EC_INTPA-2007/145-490": 293114.30535547406,
  "XI-IATI-EC_INTPA-2007/147-170": 1313775.0760848792,
  "XI-IATI-EC_INTPA-2007/186-930": 49092.900357409846,
  "XI-IATI-EC_INTPA-2007/186-931": 6519.394507596327,
  "XI-IATI-EC_INTPA-2007/18910/0": 3616485.5342694195,
  "XI-IATI-EC_INTPA-2007/18994/0": 4276074.419698847,
  "XI-IATI-EC_INTPA-2007/191-671": 234281.7567048976,
  "XI-IATI-EC_INTPA-2007/194-612": 469559.92034797044,
  "XI-IATI-EC_INTPA-2007/197-647": 734491.8039713262,
  "XI-IATI-EC_INTPA-2007/20828/1": 17064452.34425316,
  "XI-IATI-EC_INTPA-2007/20829/1": 5998273.489004496,
  "XI-IATI-EC_INTPA-2008/148-806": 41799.24271736745,
  "XI-IATI-EC_INTPA-2008/149-108": 1390070.408281396,
  "XI-IATI-EC_INTPA-2008/165-516": 1299578.4684109879,
  "XI-IATI-EC_INTPA-2008/196-462": 300468.639976038,
  "XI-IATI-EC_INTPA-2008/197-648": 8508192.811416432,
  "XI-IATI-EC_INTPA-2008/197-649": 1252826.8675817766,
  "XI-IATI-EC_INTPA-2008/197-650": 5904260.229899646,
  "XI-IATI-EC_INTPA-2008/20054/0": 5232321.217254292,
  "XI-IATI-EC_INTPA-2008/21043/1": 703212.4178887474,
  "XI-IATI-EC_INTPA-2009/209-632": 2041407.3673850603,
  "XI-IATI-EC_INTPA-2009/211-699": 175671.21652150882,
  "XI-IATI-EC_INTPA-2009/217-454": 301232.7143916793,
  "XI-IATI-EC_INTPA-2009/218-851": 368469.73521440086,
  "XI-IATI-EC_INTPA-2010/233-245": -477.70830411167816,
  "XI-IATI-EC_INTPA-2010/241-185": 6983015.553397482,
  "XI-IATI-EC_INTPA-2010/241-985": 796790.517099139,
  "XI-IATI-EC_INTPA-2010/250-354": 145755.542860289,
  "XI-IATI-EC_INTPA-2011/261-514": 457842.0195629162,
  "XI-IATI-EC_INTPA-2012/22237/0": 8332769.286164776,
  "XI-IATI-EC_INTPA-2012/23239/0": 714129.6364576659,
  "XI-IATI-EC_INTPA-2012/24197/0": 16884616.303869233,
  "XI-IATI-EC_INTPA-2012/288-327": 153058.99314048293,
  "XI-IATI-EC_INTPA-2012/289-521": 136092.0887575071,
  "XI-IATI-EC_INTPA-2012/304-263": 8231728.778033976,
  "XI-IATI-EC_INTPA-2013/24699/0": 9023617.35991371,
  "XI-IATI-EC_INTPA-2013/314-700": 349259.3104696635,
  "XI-IATI-EC_INTPA-2013/316-241": 2841587.792278855,
  "XI-IATI-EC_INTPA-2013/322-379": 540992.2212428473,
  "XI-IATI-EC_INTPA-2014/337-797": 344757.7361695626,
  "XI-IATI-EC_INTPA-2014/346-045": 368410.3334883252,
  "XI-IATI-EC_INTPA-2014/347-191": 10624.889301602561,
  "XI-IATI-EC_INTPA-2014/348-003": 4924034.596779418,
  "XI-IATI-EC_INTPA-2016/374-467": 809.5900025588612,
  "XI-IATI-EC_INTPA-2016/380-839": 11687378.231762817,
  "XI-IATI-EC_INTPA-2016/38947/0": 11738244.889294239,
  "XI-IATI-EC_INTPA-2017/38377/0": 1832793.4045264418,
  "XI-IATI-EC_INTPA-2018/395-338": 224379.99817138218,
  "XI-IATI-EC_INTPA-2018/401-108": 19124800.74288461,
  "XI-IATI-EC_INTPA-2018/40855/0": 26030978.788926277,
  "XI-IATI-EC_INTPA-2018/41630/0": 3479651.2462748387,
  "XI-IATI-EC_INTPA-2019/408-661": 227755.4723780548,
  "XI-IATI-EC_INTPA-2019/413-930": 2032010.0789314897,
  "XI-IATI-EC_INTPA-2020/416-047": 154920.48826107167,
  "XI-IATI-EC_INTPA-2020/416-243": 582480.5898559019
}