{
  "KE-KRA-P000634725S-2D39-CWDJ-5B": {
    "femnet-activities.xml": 362899.5695550996
  },
  "KE-KRA-P000634725S-AACJ-BF": {
    "femnet-activities.xml": 47369.02396549003
  },
  "KE-KRA-P000634725S-AACJ-ETH": {
    "femnet-activities.xml": 101237.07376784278
  },
  "KE-KRA-P000634725S-AACJ-KEN": {
    "femnet-activities.xml": 59196.66644823509
  },
  "KE-KRA-P000634725S-AACJ-MOZ": {
    "femnet-activities.xml": 148780.13133607793
  },
  "KE-KRA-P000634725S-AACJ-NIG": {
    "femnet-activities.xml": 98956.03792117613
  },
  "KE-KRA-P000634725S-AACJ-SN": {
    "femnet-activities.xml": 53140.03137254884
  },
  "KE-KRA-P000634725S-AACJ-SOM": {
    "femnet-activities.xml": 284.342410570299
  },
  "KE-KRA-P000634725S-SL": {
    "femnet-activities.xml": 419745.13680705737
  }
}