{
  "NL-KVK-41210098-AMBE": {
    "bothends-998.xml": 4707492.046185866
  },
  "NL-KVK-41210098-FGG": {
    "bothends-nl.xml": 75337741.07452288
  },
  "NL-KVK-41210098-FGG3": {
    "bothends-998.xml": 96928466.73914869
  },
  "NL-KVK-41210098-FGG3BE": {
    "bothends-nl.xml": 1075652.5440384275
  },
  "NL-KVK-41210098-GAGGA": {
    "bothends-998.xml": 17622665.1984819
  }
}