{
  "ES-DIR3-E04585801-009-045701": 26198.029671584874,
  "ES-DIR3-E04585801-009-082980": 199.21667440504802,
  "ES-DIR3-E04585801-009-083054": 26588.785477260408,
  "ES-DIR3-E04585801-009-089804": 26563.551365169104
}