{
  "SE-0-SE-29-2017-05522_2-256-43082": 426532.2270425087,
  "SE-0-SE-29-2021-04956_2-256-31182": 586847.462369854,
  "SE-0-SE-6-10441A0201-MRT-73010": 2297431.6487149117,
  "SE-0-SE-6-10453A0101-MRT-72010": 1099779.751011698,
  "SE-0-SE-6-10462A0101-MRT-72010": 778078.508008006,
  "SE-0-SE-6-10462A0101-MRT-72040": 1475747.789869515,
  "SE-0-SE-6-10462A0101-MRT-74020": 185073.772960237,
  "SE-0-SE-6-11756A0101-MRT-15180": 4243701.250877782,
  "SE-0-SE-6-11779A0101-MRT-72010": 1760782.968188815,
  "SE-0-SE-6-11779A0101-MRT-72040": 818018.8750960167,
  "SE-0-SE-6-11779A0101-MRT-72050": 128877.8422163495,
  "SE-0-SE-6-11779A0101-MRT-73010": 257755.6844326988,
  "SE-0-SE-6-11779A0101-MRT-74020": 128877.8422163495,
  "SE-0-SE-6-11810A0101-MRT-72010": 240472.2452360612,
  "SE-0-SE-6-11810A0101-MRT-72040": 480944.4904721226,
  "SE-0-SE-6-11810A0101-MRT-72050": 80157.4150783538,
  "SE-0-SE-6-11820A0101-MRT-72010": 2950690.3122635623,
  "SE-0-SE-6-11989A0101-MRT-15170": 571432.9138250928,
  "SE-0-SE-6-12313A0109-MRT-13020": 44501.285088674704,
  "SE-0-SE-6-12313A0109-MRT-13030": 356010.28071539727,
  "SE-0-SE-6-12313A0109-MRT-13040": 44501.285088674704,
  "SE-0-SE-6-13003A0101-MRT-72050": 407364.71409292315,
  "SE-0-SE-6-14398A0101-MRT-72010": 855846.6836385289,
  "SE-0-SE-6-5204025501-MRT-72010": 715034.2106882645,
  "SE-0-SE-6-5204035001-MRT-72010": 1090234.132049151,
  "SE-0-SE-6-5204036501-MRT-72010": 166613.870711978,
  "SE-0-SE-6-5204037301-MRT-72010": 573735.072214638,
  "SE-0-SE-6-5204037901-MRT-72010": 1884258.0900148198,
  "SE-0-SE-6-5204038001-MRT-72010": 1171682.2526547639,
  "SE-0-SE-6-5204039201-MRT-72010": 277410.3645864513,
  "SE-0-SE-6-5204040201-MRT-72010": 2260859.131533181,
  "SE-0-SE-6-5204041001-MRT-72010": 1423314.0856199688,
  "SE-0-SE-6-5204042801-MRT-72010": 308609.3171982271,
  "SE-0-SE-6-5204043801-MRT-72010": 255223.0090365745,
  "SE-0-SE-6-5204044201-MRT-72010": 2060431.1244848298,
  "SE-0-SE-6-5204046801-MRT-72010": 1449000.7142960634,
  "SE-0-SE-6-5204046901-MRT-72040": 915115.3806903403,
  "SE-0-SE-6-5204047401-MRT-72010": 2883667.411968225,
  "SE-0-SE-6-5204048601-MRT-72010": 1450225.2219420057,
  "SE-0-SE-6-5210013301-MRT-72010": 100627.003426416,
  "SE-0-SE-6-5403000601-MRT-12220": 290.5091445174,
  "SE-0-SE-6-5403000601-MRT-13040": 1065.2001981436001,
  "SE-0-SE-6-5403000601-MRT-15150": 84634.9976259425,
  "SE-0-SE-6-5403000601-MRT-43040": 7553.2377739316,
  "SE-0-SE-6-5403000601-MRT-43081": 3292.4369785048,
  "SE-0-SE-6-5403000607-MRT-15150": 536.4795472223,
  "SE-0-SE-6-5403000608-MRT-15150": 1763.9879056152,
  "SE-0-SE-6-5403000609-MRT-15150": 77.3768577244,
  "SE-0-SE-6-5403001201-MRT-12220": 8565.9271644019,
  "SE-0-SE-6-5403001201-MRT-13040": 12848.8275523705,
  "SE-0-SE-6-5403001201-MRT-15150": 225925.5253173345,
  "SE-0-SE-6-5403001201-MRT-16040": 17667.1540301837,
  "SE-0-SE-6-5403001201-MRT-24040": 42294.084732164796,
  "SE-0-SE-6-5403001201-MRT-43040": 21414.7547167724,
  "SE-0-SE-6-5403001201-MRT-43081": 30515.9815825542,
  "SE-0-SE-6-5403001201-MRT-99810": 176136.23921199222,
  "SE-0-SE-6-5403001202-MRT-99820": 18998.4539189225,
  "SE-0-SE-6-5403001203-MRT-99820": 360.9706244595,
  "SE-0-SE-6-5403001204-MRT-99820": 1538.6310631273,
  "SE-0-SE-6-5403007501-MRT-12220": 10853.3127274987,
  "SE-0-SE-6-5403007501-MRT-13040": 43051.4716730029,
  "SE-0-SE-6-5403007501-MRT-15150": 156287.69899723108,
  "SE-0-SE-6-5403007501-MRT-15220": 6511.9872971833,
  "SE-0-SE-6-5403007501-MRT-24040": 17003.5223277122,
  "SE-0-SE-6-5403007501-MRT-43040": 25324.3953378157,
  "SE-0-SE-6-5403007501-MRT-43081": 81038.0654502373,
  "SE-0-SE-6-5403007501-MRT-99810": 21706.6254549974,
  "SE-0-SE-6-5403015501-MRT-12220": 151643.7272001081,
  "SE-0-SE-6-5403015501-MRT-13040": 212973.98407806898,
  "SE-0-SE-6-5403015501-MRT-15150": 1201505.0459784758,
  "SE-0-SE-6-5403015501-MRT-15220": 96874.0486028078,
  "SE-0-SE-6-5403015501-MRT-24040": 63129.344750426,
  "SE-0-SE-6-5403015501-MRT-43040": 115555.7303275409,
  "SE-0-SE-6-5403015501-MRT-43081": 447190.624960744,
  "SE-0-SE-6-5403039301-MRT-15150": 411988.448544141,
  "SE-0-SE-6-6105015801-MRT-13020": 715367.2374243836,
  "SE-0-SE-6-6105030102-MRT-14030": 561066.9715414015,
  "SE-0-SE-6-6105035401-MRT-31110": 640654.7196268874,
  "SE-0-SE-6-6107013201-MRT-15152": 145842.689172606,
  "SE-0-SE-6-7400004801-MRT-11110": 216992.5593347535,
  "SE-0-SE-6-7400004801-MRT-12110": 71297.6142768838,
  "SE-0-SE-6-7400004801-MRT-15140": 21699.2679493487,
  "SE-0-SE-6-7400013001-MRT-11110": 66595.9131318343,
  "SE-0-SE-6-7400013001-MRT-12110": 36997.7295176857,
  "SE-0-SE-6-7400013001-MRT-14010": 22198.637710611398,
  "SE-0-SE-6-7400013001-MRT-15140": 10359.364264952,
  "SE-0-SE-6-7400013001-MRT-43040": 5919.6367228297,
  "SE-0-SE-6-7400013001-MRT-99820": 5919.6367228297,
  "SE-0-SE-6-7400030201-MRT-11110": 48312.5660985388,
  "SE-0-SE-6-7400030201-MRT-12110": 39786.9289845955,
  "SE-0-SE-6-7400030201-MRT-15162": 31261.0429622836,
  "SE-0-SE-6-7400030201-MRT-16020": 5683.8827120851,
  "SE-0-SE-6-7400030201-MRT-99810": 144937.6972039848,
  "SE-0-SE-6-7400030201-MRT-99820": 14209.5198260284,
  "SE-0-SE-6-7400054101-MRT-11110": 23290.8849132096,
  "SE-0-SE-6-7400054101-MRT-12110": 10189.8165641214,
  "SE-0-SE-6-7400054101-MRT-14010": 4367.0640858189,
  "SE-0-SE-6-7400054101-MRT-15140": 2911.3756933354,
  "SE-0-SE-6-7400054101-MRT-15150": 87340.7860829047,
  "SE-0-SE-6-7400054101-MRT-16010": 2911.3756933354,
  "SE-0-SE-6-7400054101-MRT-25010": 1455.6883924835,
  "SE-0-SE-6-7400054101-MRT-43040": 7278.4408707859,
  "SE-0-SE-6-7400054101-MRT-99820": 5822.7524783024,
  "SE-0-SE-6-7400054201-MRT-11110": 5021.0062451445,
  "SE-0-SE-6-7400054201-MRT-12110": 5021.0062451445,
  "SE-0-SE-6-7400054201-MRT-13040": 1255.1960057862002,
  "SE-0-SE-6-7400054201-MRT-15162": 102930.6280384633,
  "SE-0-SE-6-7400054201-MRT-25010": 2510.5031225723,
  "SE-0-SE-6-7400054201-MRT-43030": 2510.5031225723,
  "SE-0-SE-6-7400054201-MRT-43040": 6276.2022509307,
  "SE-0-SE-6-7400093101-MRT-11110": 67669.7017240028,
  "SE-0-SE-6-7400093101-MRT-12110": 32363.8379798592,
  "SE-0-SE-6-7400093101-MRT-13040": 2942.1368732842,
  "SE-0-SE-6-7400093101-MRT-15162": 50016.7703355649,
  "SE-0-SE-6-7400093101-MRT-16010": 47074.6334612806,
  "SE-0-SE-6-7400093101-MRT-25010": 26479.4531212907,
  "SE-0-SE-6-7400093101-MRT-43040": 32363.8379798592,
  "SE-0-SE-6-7400093101-MRT-99810": 35305.9748541436,
  "SE-0-SE-6-7400093201-MRT-11110": 38450.378419963694,
  "SE-0-SE-6-7400093201-MRT-12110": 26434.6658350809,
  "SE-0-SE-6-7400093201-MRT-13040": 4806.2844167327,
  "SE-0-SE-6-7400093201-MRT-15162": 62481.9015323279,
  "SE-0-SE-6-7400093201-MRT-16010": 31241.051280514403,
  "SE-0-SE-6-7400093201-MRT-25010": 31241.051280514403,
  "SE-0-SE-6-7400093201-MRT-43030": 9612.6698621661,
  "SE-0-SE-6-7400093201-MRT-43040": 31241.051280514403,
  "SE-0-SE-6-7400093201-MRT-99810": 4806.2844167327,
  "SE-0-SE-6-7400132701-MRT-99810": 127531.004094094,
  "SE-0-SE-6-7400138001-MRT-11110": 213563.1136993623,
  "SE-0-SE-6-7400138001-MRT-12110": 82427.83010153999,
  "SE-0-SE-6-7400138001-MRT-15162": 29973.7558394505,
  "SE-0-SE-6-7400138001-MRT-16010": 7493.439474213,
  "SE-0-SE-6-7400138001-MRT-43030": 14986.877919725199,
  "SE-0-SE-6-7400138001-MRT-43040": 14986.877919725199,
  "SE-0-SE-6-7400138001-MRT-99810": 11240.1581826187,
  "SE-0-SE-6-7400182401-MRT-11110": 49288.243747548404,
  "SE-0-SE-6-7400182401-MRT-12110": 32858.8620857273,
  "SE-0-SE-6-7400182401-MRT-13040": 5476.5276332452995,
  "SE-0-SE-6-7400182401-MRT-15162": 82147.1058332756,
  "SE-0-SE-6-7400182401-MRT-16010": 19167.694859486302,
  "SE-0-SE-6-7400182401-MRT-25010": 35597.0752833925,
  "SE-0-SE-6-7400182401-MRT-43010": 8214.640830910499,
  "SE-0-SE-6-7400182401-MRT-43040": 38335.389718972605,
  "SE-0-SE-6-7400182401-MRT-99810": 2738.2131976652,
  "SE-0-SE-6-7400211501-MRT-72010": 251578.0905950816,
  "SE-0-SE-6-7400212501-MRT-72010": 130615.52995134999,