{
  "XI-IATI-EC_INTPA-1997/13587/0": -99980651.00016893,
  "XI-IATI-EC_INTPA-1999/14374/0": 6949261.313055489,
  "XI-IATI-EC_INTPA-1999/14699/0": 10074931.386849735,
  "XI-IATI-EC_INTPA-2001/011-721": 975727.3965184934,
  "XI-IATI-EC_INTPA-2001/2800/0": 400011.26765430387,
  "XI-IATI-EC_INTPA-2001/3112/0": 3797147.1113859788,
  "XI-IATI-EC_INTPA-2002/2926/0": 146331.02136975384,
  "XI-IATI-EC_INTPA-2002/3443/0": 5041608.107708281,
  "XI-IATI-EC_INTPA-2003/16410/0": 15698405.125493042,
  "XI-IATI-EC_INTPA-2003/16464/0": 2750.573993897256,
  "XI-IATI-EC_INTPA-2003/16482/0": 47217.06344544448,
  "XI-IATI-EC_INTPA-2003/16498/0": 719235.5142381273,
  "XI-IATI-EC_INTPA-2003/6028/0": 4022002.7547115106,
  "XI-IATI-EC_INTPA-2004/072-195": 1384502.5564364155,
  "XI-IATI-EC_INTPA-2004/16570/0": 1011796.9172403591,
  "XI-IATI-EC_INTPA-2004/16973/0": 31081684.546435334,
  "XI-IATI-EC_INTPA-2004/16985/0": 5840634.009597572,
  "XI-IATI-EC_INTPA-2004/190-424": 1452822.7876012647,
  "XI-IATI-EC_INTPA-2004/190-425": 677673.6764294208,
  "XI-IATI-EC_INTPA-2004/190-869": 3801.151627183133,
  "XI-IATI-EC_INTPA-2004/190-937": 7649.240112072922,
  "XI-IATI-EC_INTPA-2004/191-075": 964334.6053886147,
  "XI-IATI-EC_INTPA-2004/191-472": 204089.25076427977,
  "XI-IATI-EC_INTPA-2004/191-473": 671.8076259558494,
  "XI-IATI-EC_INTPA-2004/193-454": 36692352.8038281,
  "XI-IATI-EC_INTPA-2005/096-115": 674068.7769308733,
  "XI-IATI-EC_INTPA-2005/100-907": 1429293.1608949152,
  "XI-IATI-EC_INTPA-2005/101-429": 618906.3102126253,
  "XI-IATI-EC_INTPA-2005/102-315": 124522.78603761988,
  "XI-IATI-EC_INTPA-2005/104-076": 1030279.4306087239,
  "XI-IATI-EC_INTPA-2005/109-202": 19477.03592350651,
  "XI-IATI-EC_INTPA-2005/17441/0": 1274301.0623296555,
  "XI-IATI-EC_INTPA-2005/17617/0": 4818861.549183396,
  "XI-IATI-EC_INTPA-2005/190-426": 283014.17875260935,
  "XI-IATI-EC_INTPA-2005/190-427": 30019.011860808034,
  "XI-IATI-EC_INTPA-2005/190-428": 284911.5990238598,
  "XI-IATI-EC_INTPA-2005/190-429": 169724.14712938725,
  "XI-IATI-EC_INTPA-2005/190-938": 26652.37107552783,
  "XI-IATI-EC_INTPA-2005/190-939": 1993.7450358310468,
  "XI-IATI-EC_INTPA-2005/190-940": 7544.476106347432,
  "XI-IATI-EC_INTPA-2005/190-941": 66900.90268227959,
  "XI-IATI-EC_INTPA-2005/191-474": 7290.021978123445,
  "XI-IATI-EC_INTPA-2005/191-475": 219058.01350613037,
  "XI-IATI-EC_INTPA-2006/115-046": 146173.47279493348,
  "XI-IATI-EC_INTPA-2006/116-246": 24813.25852490124,
  "XI-IATI-EC_INTPA-2006/116-252": 419356.7115420093,
  "XI-IATI-EC_INTPA-2006/125-859": 1919467.3839020422,
  "XI-IATI-EC_INTPA-2006/132-533": 441165.83909959515,
  "XI-IATI-EC_INTPA-2006/18440/0": 3780439.2546922197,
  "XI-IATI-EC_INTPA-2006/18467/0": 6347988.685598248,
  "XI-IATI-EC_INTPA-2006/18682/0": 14877005.801536215,
  "XI-IATI-EC_INTPA-2006/190-430": 257995.8208860238,
  "XI-IATI-EC_INTPA-2006/190-431": 29394.390600557905,
  "XI-IATI-EC_INTPA-2006/190-432": 2701334.853901387,
  "XI-IATI-EC_INTPA-2006/190-433": 1050550.775780986,
  "XI-IATI-EC_INTPA-2006/190-434": 34682.7566715858,
  "XI-IATI-EC_INTPA-2006/190-435": 82073.19056666251,
  "XI-IATI-EC_INTPA-2006/190-436": 1002053.8021860988,
  "XI-IATI-EC_INTPA-2006/190-437": 1387017.6530307098,
  "XI-IATI-EC_INTPA-2006/190-438": 3794464.1713225,
  "XI-IATI-EC_INTPA-2006/190-942": 4634.376251593583,
  "XI-IATI-EC_INTPA-2006/190-943": 10452.82940510782,
  "XI-IATI-EC_INTPA-2006/190-944": 59570.21090030838,
  "XI-IATI-EC_INTPA-2006/191-477": 42146.30412458911,
  "XI-IATI-EC_INTPA-2006/191-478": 202516.68990781327,
  "XI-IATI-EC_INTPA-2006/191-479": 1694.350113892931,
  "XI-IATI-EC_INTPA-2006/191-480": 1898.9760270093193,
  "XI-IATI-EC_INTPA-2006/191-481": 267717.97345433733,
  "XI-IATI-EC_INTPA-2006/191-482": 1234.0812403217112,
  "XI-IATI-EC_INTPA-2006/191-483": 1255.7737592993344,
  "XI-IATI-EC_INTPA-2006/191-484": 4114.988659184835,
  "XI-IATI-EC_INTPA-2006/193-854": 1102259.2515758588,
  "XI-IATI-EC_INTPA-2007/114-812": 617969.0293373702,
  "XI-IATI-EC_INTPA-2007/138-695": 283214.7549506029,
  "XI-IATI-EC_INTPA-2007/140-432": 598904.3816856893,
  "XI-IATI-EC_INTPA-2007/140-819": 6025662.865666617,
  "XI-IATI-EC_INTPA-2007/146-739": 358500.5597373662,
  "XI-IATI-EC_INTPA-2007/146-874": 1478351.070162624,
  "XI-IATI-EC_INTPA-2007/146-875": 2570670.426309367,
  "XI-IATI-EC_INTPA-2007/18842/0": 2490168.1623016507,
  "XI-IATI-EC_INTPA-2007/18943/0": 34159652.82671384,
  "XI-IATI-EC_INTPA-2007/18966/0": 3320045.6983034466,
  "XI-IATI-EC_INTPA-2007/18995/0": 799034.822426974,
  "XI-IATI-EC_INTPA-2007/190-439": 30572.670110735555,
  "XI-IATI-EC_INTPA-2007/191-485": 2564.7807840464625,
  "XI-IATI-EC_INTPA-2007/191-486": 255138.45528071962,
  "XI-IATI-EC_INTPA-2007/19197/0": 5663426.014244471,
  "XI-IATI-EC_INTPA-2007/193-855": 165593.46882014352,
  "XI-IATI-EC_INTPA-2007/19389/0": 3933148.5963153336,
  "XI-IATI-EC_INTPA-2007/196-427": 7834960.152982703,
  "XI-IATI-EC_INTPA-2007/196-455": 10466.875237761125,
  "XI-IATI-EC_INTPA-2007/19603/0": 3423672.082765123,
  "XI-IATI-EC_INTPA-2007/20819/1": 1673688.2439763444,
  "XI-IATI-EC_INTPA-2007/20896/1": 6878949.727000805,
  "XI-IATI-EC_INTPA-2008/156-507": 199260.3463350614,
  "XI-IATI-EC_INTPA-2008/162-772": 17421912.098589495,
  "XI-IATI-EC_INTPA-2008/162-790": 17403803.16722881,
  "XI-IATI-EC_INTPA-2008/165-026": 323132.74145198346,
  "XI-IATI-EC_INTPA-2008/165-028": 464781.20658445114,
  "XI-IATI-EC_INTPA-2008/165-102": 529536.000550252,
  "XI-IATI-EC_INTPA-2008/165-103": 656250.4265799292,
  "XI-IATI-EC_INTPA-2008/166-799": 377371.8225595563,
  "XI-IATI-EC_INTPA-2008/167-026": 320133.0699313859,
  "XI-IATI-EC_INTPA-2008/170-807": 1526473.3692930983,
  "XI-IATI-EC_INTPA-2008/172-396": 1412273.584689934,
  "XI-IATI-EC_INTPA-2008/182-465": 47857.10191497691,
  "XI-IATI-EC_INTPA-2008/184-903": 27303.513568384566,
  "XI-IATI-EC_INTPA-2008/185-758": 83015.5088944293,
  "XI-IATI-EC_INTPA-2008/188-500": 42665.867840291314,
  "XI-IATI-EC_INTPA-2008/190-440": 39759.83349822813,
  "XI-IATI-EC_INTPA-2008/196-428": 4823.958300060402,
  "XI-IATI-EC_INTPA-2008/196-431": 7855.733716219493,
  "XI-IATI-EC_INTPA-2008/196-432": 59954.717167658004,
  "XI-IATI-EC_INTPA-2008/196-456": 1250427.9264291313,
  "XI-IATI-EC_INTPA-2008/197-171": 24664.966478261285,
  "XI-IATI-EC_INTPA-2008/197-520": 4682.575326236691,
  "XI-IATI-EC_INTPA-2008/197-521": 6511.542344096307,
  "XI-IATI-EC_INTPA-2008/197-522": 2661.4284413317455,
  "XI-IATI-EC_INTPA-2008/197-526": 2409.660193332999,
  "XI-IATI-EC_INTPA-2008/197-527": 2116.4295866659263,
  "XI-IATI-EC_INTPA-2008/197-528": 121806.86975581206,
  "XI-IATI-EC_INTPA-2008/197-645": 3669235.2803828097,
  "XI-IATI-EC_INTPA-2008/19827/0": 13908101.469478238,
  "XI-IATI-EC_INTPA-2008/19863/0": 13209247.009378115,
  "XI-IATI-EC_INTPA-2008/199-261": 3669235.2803828097,
  "XI-IATI-EC_INTPA-2008/199-298": 7338470.560765619,
  "XI-IATI-EC_INTPA-2008/20088/0": 3605356.136487812,
  "XI-IATI-EC_INTPA-2008/21023/1": 2385656.7423103,
  "XI-IATI-EC_INTPA-2008/21024/1": 79026760.44184884,
  "XI-IATI-EC_INTPA-2008/21025/1": 44849939.46426957,
  "XI-IATI-EC_INTPA-2009/209-787": 224515.45909991156,
  "XI-IATI-EC_INTPA-2009/21184/1": 2645378.081418779,
  "XI-IATI-EC_INTPA-2009/212-254": 11925453.506750919,
  "XI-IATI-EC_INTPA-2009/212-263": 40689719.110043064,
  "XI-IATI-EC_INTPA-2009/212-454": 2645378.081418779,
  "XI-IATI-EC_INTPA-2009/21292/0": 11674384.922494456,
  "XI-IATI-EC_INTPA-2009/21295/0": 11625740.515708845,
  "XI-IATI-EC_INTPA-2009/21550/0": 5475961.611354783,
  "XI-IATI-EC_INTPA-2009/216-338": 130879.32608116245,
  "XI-IATI-EC_INTPA-2009/218-050": 1428970.0685536563,
  "XI-IATI-EC_INTPA-2009/220-146": 379834.6320982961,
  "XI-IATI-EC_INTPA-2009/221-798": 391500.53322018473,
  "XI-IATI-EC_INTPA-2009/221-845": 354343.29536053503,
  "XI-IATI-EC_INTPA-2009/228-117": 375368.0541219985,
  "XI-IATI-EC_INTPA-2009/228-118": 345342.8903899845,
  "XI-IATI-EC_INTPA-2009/228-275": 670678.8449402249,
  "XI-IATI-EC_INTPA-2009/228-318": 347159.74088289274,