{
  "DE-1-199466004": 22796932.717450358,
  "DE-1-199567058": 14603910.793824608,
  "DE-1-199570458": 751985.3286374686,
  "DE-1-199666066": 1098463.5616882257,
  "DE-1-199765322": 62363546.11305183,
  "DE-1-199770082": 2058215.6033391457,
  "DE-1-199865445": 12800772.721501874,
  "DE-1-199865700": 9390108.974847415,
  "DE-1-199865718": 199537891.77986446,
  "DE-1-199870221": 679251.6635932368,
  "DE-1-199965096": 9782008.108249387,
  "DE-1-199965245": 6228185.708681427,
  "DE-1-199965252": 6907749.416791299,
  "DE-1-199965260": 28292223.913998105,
  "DE-1-200065433": 34113695.92127258,
  "DE-1-200065441": 15542436.15963379,
  "DE-1-200070060": 2990477.309825497,
  "DE-1-200070144": 3454170.7989924075,
  "DE-1-200165373": 11148301.22555272,
  "DE-1-200165456": 16881624.80591286,
  "DE-1-200165936": 3939045.777774196,
  "DE-1-200170092": 3411539.3055672552,
  "DE-1-200265140": 4893200.7182579385,
  "DE-1-200265371": 41113903.73230383,
  "DE-1-200265389": 12079745.320159303,
  "DE-1-200265397": 44788065.92608581,
  "DE-1-200365189": 25231156.45075151,
  "DE-1-200365197": 12644394.721242703,
  "DE-1-200370098": 3512208.6490423433,
  "DE-1-200370494": 4459889.332470096,
  "DE-1-200421271": 4077110.1940970537,
  "DE-1-200465229": 25725910.56687261,
  "DE-1-200465922": 16326353.424705712,
  "DE-1-200465930": 33404505.468750007,
  "DE-1-200465948": 53638523.531929396,
  "DE-1-200565341": 72051778.27691269,
  "DE-1-200565358": 33655596.044728026,
  "DE-1-200565366": 41983102.61948535,
  "DE-1-200666461": 22394050.024509765,
  "DE-1-200666479": 46053107.55647369,
  "DE-1-200673640-0": 690579.3529411755,
  "DE-1-200673731-0": 391746.8329411759,
  "DE-1-200720953": 6985211.500546202,
  "DE-1-200729079-0": 694832.3658823551,
  "DE-1-200766642": 106208045.04136008,
  "DE-1-200773671-0": 548191.2156862762,
  "DE-1-200773788-0": 274095.6078431381,
  "DE-1-200865352": 55985125.06127441,
  "DE-1-200870147": 2219181.635687905,
  "DE-1-200873596-0": 750085.2890624999,
  "DE-1-200873620-0": 544179.5234374999,
  "DE-1-200873760-0": 441226.64062499994,
  "DE-1-200873778-0": 786854.1757812499,
  "DE-1-200873786-0": 514764.4140624999,
  "DE-1-200915991-0": 646481.6525390621,
  "DE-1-200920843": 7814454.006668849,
  "DE-1-200922674": 13141332.252459694,
  "DE-1-200960245-0": 1785321.4999999988,
  "DE-1-200966424": 20424624.0464154,
  "DE-1-200973628-0": 767130.3320312495,
  "DE-1-200973677-0": 432382.5507812497,
  "DE-1-200973685-0": 348695.60546874977,
  "DE-1-200973800-0": 362643.42968749977,
  "DE-1-200973818-0": 530017.3203124997,
  "DE-1-201019165-0": 371200.6666666674,
  "DE-1-201026046-0": 850468.453133335,
  "DE-1-201029156-0": 563429.5833333344,
  "DE-1-201029164-0": 290331.9500000006,
  "DE-1-201029180-0": 509075.200000001,
  "DE-1-201029339-0": 121965.93333333358,
  "DE-1-201065085": 9521596.13031204,
  "DE-1-201065093": 6263798.638132308,
  "DE-1-201070481": 680114.0093080029,
  "DE-1-201073535-0": 503772.33333333436,
  "DE-1-201073634-0": 357943.5000000007,
  "DE-1-201073733-0": 371200.6666666674,
  "DE-1-201073741-0": 278400.5000000006,
  "DE-1-201121060": 12184418.893579807,
  "DE-1-201121078": 33468559.06472769,
  "DE-1-201129170-0": 147547.2568093388,
  "DE-1-201129360-0": 751655.8365758769,
  "DE-1-201129378-0": 264471.49805447523,
  "DE-1-201165752": 9521596.13031204,
  "DE-1-201165778": 25844332.35370411,
  "DE-1-201166917": 8030231.774379873,
  "DE-1-201167105": 2376859.0429687505,
  "DE-1-201170141": 6908031.556979566,
  "DE-1-201173640-0": 570701.6536964992,
  "DE-1-201173764-0": 807334.0466926085,
  "DE-1-201173772-0": 417586.5758754872,
  "DE-1-201173970-0": 737736.284046694,
  "DE-1-201173988-0": 598540.7587548649,
  "DE-1-201216662-0": 598530.0446938478,
  "DE-1-201218353-0": 706633.7695312502,
  "DE-1-201218569-0": 578154.9023437501,
  "DE-1-201218965-0": 1413267.5390625005,
  "DE-1-201222124-0": 1541746.4062500005,
  "DE-1-201229079-0": 363595.19414062507,
  "DE-1-201229251-0": 616698.5625000001,
  "DE-1-201229384-0": 443252.0917968751,
  "DE-1-201265834": 15939712.941176465,
  "DE-1-201265842": 35864354.11764705,
  "DE-1-201266410": 6532266.777726726,
  "DE-1-201267277": 7708732.031250002,
  "DE-1-201270206": 1284788.6718750002,
  "DE-1-201273689-0": 963591.5039062502,
  "DE-1-201273697-0": 565307.0156250001,
  "DE-1-201273739-0": 211990.13085937506,
  "DE-1-201273895-0": 400854.0656250001,
  "DE-1-201273903-0": 770873.2031250002,
  "DE-1-201273911-0": 462523.9218750001,
  "DE-1-201273929-0": 295501.39453125006,
  "DE-1-201273937-0": 411132.3750000001,
  "DE-1-201297555": 4636865.947774758,
  "DE-1-201316900-0": 505153.6805698053,
  "DE-1-201318138-0": 1328118.03921569,
  "DE-1-201318146-0": 863276.7254901985,
  "DE-1-201318153-0": 3652324.607843147,
  "DE-1-201322577": 11563951.246213242,
  "DE-1-201322742": 10362306.117647022,
  "DE-1-201326024-0": 945885.6675294144,
  "DE-1-201329341-0": 158046.0466666671,
  "DE-1-201329374-0": 278904.78823529487,
  "DE-1-201329382-0": 398435.411764707,
  "DE-1-201329416-0": 301482.79490196164,
  "DE-1-201334135-0": 197619.97988117702,
  "DE-1-201335223": 10109890.968627416,
  "DE-1-201365709": 26570015.686274417,
  "DE-1-201365717": 13285007.843137208,
  "DE-1-201365741": 21256012.549019534,
  "DE-1-201366087": 44790665.20983079,
  "DE-1-201366798": 19526019.830124993,
  "DE-1-201373919-0": 571090.7568627467,
  "DE-1-201374461-0": 265623.607843138,
  "DE-1-201374784-0": 205858.29607843194,
  "DE-1-201374792-0": 438278.9529411777,
  "DE-1-201374883-0": 637496.6588235311,
  "DE-1-201374891-0": 504684.85490196216,
  "DE-1-201379817-0": 398435.411764707,
  "DE-1-201398445-0": 3984354.11764707,
  "DE-1-201416874-0": 756017.912334115,
  "DE-1-201418193-0": 2630431.5529411673,
  "DE-1-201418284-0": 464975.2745098023,
  "DE-1-201418425-0": 3321251.960784302,
  "DE-1-201425016": 11790246.51416741,
  "DE-1-201429141-0": 717390.4235294092,
  "DE-1-201429224-0": 135507.07999999952,
  "DE-1-201441013": 11956507.058823487,
  "DE-1-201441112": 19595386.568627384,
  "DE-1-201468057": 23913011.460645407,
  "DE-1-201468438": 47826028.168868914,
  "DE-1-201468578": 13285007.843137208,
  "DE-1-201473768-0": 345410.2039215674,
  "DE-1-201473784-0": 597825.3529411744,
  "DE-1-201473933-0": 637680.376470586,
  "DE-1-201473941-0": 597825.3529411744,
  "DE-1-201473958-0": 730675.4313725465,
  "DE-1-201498567-0": 978548.4362105848,
  "DE-1-201510064-0": 3949632.831764692,
  "DE-1-201518059-0": 1328500.784313721,
  "DE-1-201518224-0": 1062800.6274509768,
  "DE-1-201518265-0": 9299505.490196045,
  "DE-1-201518448-0": 464975.2745098023,
  "DE-1-201520055": 14311211.342817156,
  "DE-1-201521855-0": 1992751.1764705812,
  "DE-1-201529148-0": 306883.68117646954,
  "DE-1-201529247-0": 146135.0862745093,
  "DE-1-201529320-0": 245772.64509803837,
  "DE-1-201530328-0": 519443.80666666484,
  "DE-1-201534288-0": 643435.441868233,
  "DE-1-201534452-0": 565318.267249802,
  "DE-1-201541135": 13285007.843137208,
  "DE-1-201567460": 58454034.50980372,
  "DE-1-201570407": 3931671.355025684,
  "DE-1-201574466-0": 332125.1960784302,
  "DE-1-201576149-0": 890095.5254901929,
  "DE-1-201576495-0": 571255.3372549,
  "DE-1-201576503-0": 929950.5490196046,
  "DE-1-201576511-0": 504830.2980392139,
  "DE-1-201576529-0": 478260.28235293954,
  "DE-1-201606003-1672": 49818.77941176453,
  "DE-1-201618339-0": 1562981.1727450925,
  "DE-1-201618347-0": 4397337.596078416,
  "DE-1-201618354-0": 40933.79273629005,
  "DE-1-201618586": 162874196.15686217,
  "DE-1-201621515": 6310378.725490174,
  "DE-1-201621523": 10813845.90502985,
  "DE-1-201621531": 3985502.3529411624,
  "DE-1-201621549": 4942022.917647041,
  "DE-1-201626001-0": 989733.0843137221,
  "DE-1-201629435-0": 467632.2760784298,
  "DE-1-201629484-0": 665578.8929411742,
  "DE-1-201641141-0": 645651.3811764683,
  "DE-1-201667823": 17645649.96253153,
  "DE-1-201667831": 26389382.09163285,
  "DE-1-201667849": 53140031.37254883,
  "DE-1-201670439": 1748207.2617479546,
  "DE-1-201674282-0": 624395.3686274488,