{
  "CH-FDJP-CHE-110347351-11AF05-11": {
    "gain-activities.xml": 93378.0
  },
  "CH-FDJP-CHE-110347351-11AF05-12": {
    "gain-activities.xml": 53362.02
  },
  "CH-FDJP-CHE-110347351-11AF05-13": {
    "gain-activities.xml": 177384.36
  },
  "CH-FDJP-CHE-110347351-11AF05-15": {
    "gain-activities.xml": 196033.0
  },
  "CH-FDJP-CHE-110347351-11BD04-PD": {
    "gain-activities.xml": 441374.14
  },
  "CH-FDJP-CHE-110347351-11BD06-IN": {
    "gain-activities.xml": 1498.14
  },
  "CH-FDJP-CHE-110347351-11ET05-00": {
    "gain-activities.xml": 22382.22
  },
  "CH-FDJP-CHE-110347351-11GL11-10": {
    "gain-activities.xml": 188102.92
  },
  "CH-FDJP-CHE-110347351-11GL11-20": {
    "gain-activities.xml": 29039.21
  },
  "CH-FDJP-CHE-110347351-11IN15-CO": {
    "gain-activities.xml": 593759.9400000001
  },
  "CH-FDJP-CHE-110347351-11KZ02-IN": {
    "gain-activities.xml": 218130.0
  },
  "CH-FDJP-CHE-110347351-11MZ03-20": {
    "gain-activities.xml": 364.52
  },
  "CH-FDJP-CHE-110347351-11PK04-11": {
    "gain-activities.xml": 426009.69
  },
  "CH-FDJP-CHE-110347351-11PK04-12": {
    "gain-activities.xml": 266581.95
  },
  "CH-FDJP-CHE-110347351-11PK04-14": {
    "gain-activities.xml": 226695.89
  },
  "CH-FDJP-CHE-110347351-11TJ01-21": {
    "gain-activities.xml": 27773.0
  },
  "CH-FDJP-CHE-110347351-11TJ01-22": {
    "gain-activities.xml": 13237.0
  },
  "CH-FDJP-CHE-110347351-11TZ02-IN": {
    "gain-activities.xml": 26266.0
  },
  "CH-FDJP-CHE-110347351-11TZ04-10": {
    "gain-activities.xml": 46646.520000000004
  },
  "CH-FDJP-CHE-110347351-11TZ04-30": {
    "gain-activities.xml": 24308.4
  },
  "CH-FDJP-CHE-110347351-11TZ05-30": {
    "gain-activities.xml": 42012.0
  },
  "CH-FDJP-CHE-110347351-11TZ05-40": {
    "gain-activities.xml": -2500.0
  },
  "CH-FDJP-CHE-110347351-12GL03-IN": {
    "gain-activities.xml": 242119.7
  },
  "CH-FDJP-CHE-110347351-12GL04-IN": {
    "gain-activities.xml": 0.92
  },
  "CH-FDJP-CHE-110347351-13GL02-IN": {
    "gain-activities.xml": 200351.9
  },
  "CH-FDJP-CHE-110347351-13GL05-IN": {
    "gain-activities.xml": 72841.12
  },
  "CH-FDJP-CHE-110347351-13GL15-10": {
    "gain-activities.xml": 6766.33
  },
  "CH-FDJP-CHE-110347351-13GL15-20": {
    "gain-activities.xml": 149680.0
  },
  "CH-FDJP-CHE-110347351-13GL15-30": {
    "gain-activities.xml": 788042.9
  },
  "CH-FDJP-CHE-110347351-20BD04-11": {
    "gain-activities.xml": 1468906.1700000002
  },
  "CH-FDJP-CHE-110347351-20BD04-12": {
    "gain-activities.xml": 42018.200000000004
  },
  "CH-FDJP-CHE-110347351-20BD04-21": {
    "gain-activities.xml": 2306064.0
  },
  "CH-FDJP-CHE-110347351-20BD04-24": {
    "gain-activities.xml": 130671.0
  },
  "CH-FDJP-CHE-110347351-20BD04-33": {
    "gain-activities.xml": 160000.0
  },
  "CH-FDJP-CHE-110347351-20BD04-41": {
    "gain-activities.xml": 65780.0
  },
  "CH-FDJP-CHE-110347351-20BD04-43": {
    "gain-activities.xml": 276484.0
  },
  "CH-FDJP-CHE-110347351-20BD04-51": {
    "gain-activities.xml": 1018.44
  },
  "CH-FDJP-CHE-110347351-20BD06-IN": {
    "gain-activities.xml": 125104.0
  },
  "CH-FDJP-CHE-110347351-20ET01-ML": {
    "gain-activities.xml": 175563.76
  },
  "CH-FDJP-CHE-110347351-20ET01-PD": {
    "gain-activities.xml": 572465.03
  },
  "CH-FDJP-CHE-110347351-20ID02-20": {
    "gain-activities.xml": 495057.06
  },
  "CH-FDJP-CHE-110347351-20IN05-10": {
    "gain-activities.xml": 62028.77
  },
  "CH-FDJP-CHE-110347351-20IN05-20": {
    "gain-activities.xml": 504708.67
  },
  "CH-FDJP-CHE-110347351-20MZ01-PD": {
    "gain-activities.xml": 188703.7
  },
  "CH-FDJP-CHE-110347351-20SA06-IN": {
    "gain-activities.xml": 237828.0
  },
  "CH-FDJP-CHE-110347351-20VN04-IN": {
    "gain-activities.xml": 4820.0
  },
  "CH-FDJP-CHE-110347351-30BD01-PD": {
    "gain-activities.xml": 137520.0
  },
  "CH-FDJP-CHE-110347351-30ET02-PD": {
    "gain-activities.xml": 39283.0
  },
  "CH-FDJP-CHE-110347351-30ID02-ML": {
    "gain-activities.xml": 339895.6
  },
  "CH-FDJP-CHE-110347351-30ID02-PD": {
    "gain-activities.xml": -5003.140000000003
  },
  "CH-FDJP-CHE-110347351-30ID03-00": {
    "gain-activities.xml": 32437.33
  },
  "CH-FDJP-CHE-110347351-30IN08-10": {
    "gain-activities.xml": 308594.89999999997
  },
  "CH-FDJP-CHE-110347351-30IN08-20": {
    "gain-activities.xml": 20027.24
  },
  "CH-FDJP-CHE-110347351-40GL02-IN": {
    "gain-activities.xml": 4477.0
  },
  "CH-FDJP-CHE-110347351-40GL06-IN": {
    "gain-activities.xml": 40000.0
  },
  "CH-FDJP-CHE-110347351-40GL08-10": {
    "gain-activities.xml": 7448.5
  },
  "CH-FDJP-CHE-110347351-40GL08-20": {
    "gain-activities.xml": 235880.62
  },
  "CH-FDJP-CHE-110347351-40GL08-40": {
    "gain-activities.xml": 146522.72
  },
  "CH-FDJP-CHE-110347351-40GL08-60": {
    "gain-activities.xml": 8062.68
  },
  "CH-FDJP-CHE-110347351-40GL08-61": {
    "gain-activities.xml": 5581.08
  },
  "CH-FDJP-CHE-110347351-40KE05-PD": {
    "gain-activities.xml": 521257.82
  },
  "CH-FDJP-CHE-110347351-40MZ01-PD": {
    "gain-activities.xml": 346181.93
  },
  "CH-FDJP-CHE-110347351-40NG04-10": {
    "gain-activities.xml": 278000.0
  },
  "CH-FDJP-CHE-110347351-40RW01-IN": {
    "gain-activities.xml": 313647.15
  },
  "CH-FDJP-CHE-110347351-40TZ02-IN": {
    "gain-activities.xml": 51465.0
  },
  "CH-FDJP-CHE-110347351-50GL03-IN": {
    "gain-activities.xml": 3891013.56
  },
  "CH-FDJP-CHE-110347351-60GL01-IN": {
    "gain-activities.xml": 2577.42
  },
  "CH-FDJP-CHE-110347351-79GLE2-00": {
    "gain-activities.xml": 329696.56
  },
  "CH-FDJP-CHE-110347351-79NGBX-00": {
    "gain-activities.xml": 131916.81
  },
  "CH-FDJP-CHE-110347351-79NL04-RE": {
    "gain-activities.xml": 153745.07
  },
  "CH-FDJP-CHE-110347351-79NL05-00": {
    "gain-activities.xml": 57119.97
  },
  "CH-FDJP-CHE-110347351-79NL09-00": {
    "gain-activities.xml": 51919.87
  },
  "CH-FDJP-CHE-110347351-79SAB5-00": {
    "gain-activities.xml": 2649795.0
  },
  "CH-FDJP-CHE-110347351-79TZB1-00": {
    "gain-activities.xml": 1044191.7
  },
  "CH-FDJP-CHE-110347351-80MZ01-10": {
    "gain-activities.xml": 160707.24
  },
  "CH-FDJP-CHE-110347351-80MZ01-30": {
    "gain-activities.xml": 2974326.0
  },
  "CH-FDJP-CHE-110347351-80MZ01-50": {
    "gain-activities.xml": 108427.65
  },
  "CH-FDJP-CHE-110347351-94DK01-IN": {
    "gain-activities.xml": 66862.79
  },
  "CH-FDJP-CHE-110347351-94ET01-BP": {
    "gain-activities.xml": 75358.89
  },
  "CH-FDJP-CHE-110347351-94ET02-11": {
    "gain-activities.xml": -0.44
  },
  "CH-FDJP-CHE-110347351-94ET02-21": {
    "gain-activities.xml": 17204.84
  },
  "CH-FDJP-CHE-110347351-94ET02-23": {
    "gain-activities.xml": 25739.61
  },
  "CH-FDJP-CHE-110347351-94ET02-31": {
    "gain-activities.xml": 518641.56
  },
  "CH-FDJP-CHE-110347351-94ET02-32": {
    "gain-activities.xml": 23840.0
  },
  "CH-FDJP-CHE-110347351-94ET02-33": {
    "gain-activities.xml": 84393.54
  },
  "CH-FDJP-CHE-110347351-94ET02-41": {
    "gain-activities.xml": 137472.86
  },
  "CH-FDJP-CHE-110347351-94ET02-43": {
    "gain-activities.xml": 55185.88
  },
  "CH-FDJP-CHE-110347351-94ET02-52": {
    "gain-activities.xml": 42010.62
  },
  "CH-FDJP-CHE-110347351-94ET02-61": {
    "gain-activities.xml": 22212.42
  },
  "CH-FDJP-CHE-110347351-99GL32-ML": {
    "gain-activities.xml": 65216.91
  },
  "CH-FDJP-CHE-110347351-99GL39-10": {
    "gain-activities.xml": 303897.0
  },
  "CH-FDJP-CHE-110347351-99IN01-ML": {
    "gain-activities.xml": 45537.0
  },
  "CH-FDJP-CHE-110347351-99MZ02-ML": {
    "gain-activities.xml": 200995.5
  },
  "CH-FDJP-CHE-110347351-ADOLES-BD": {
    "gain-activities.xml": 1240336.18
  },
  "CH-FDJP-CHE-110347351-ADOLES-ID": {
    "gain-activities.xml": 782634.82
  },
  "CH-FDJP-CHE-110347351-ADOLES-MZ": {
    "gain-activities.xml": -2119.6
  },
  "CH-FDJP-CHE-110347351-ADOLES-PK": {
    "gain-activities.xml": 53624.92
  },
  "CH-FDJP-CHE-110347351-ADOUSI-MZ": {
    "gain-activities.xml": 42418.979999999996
  },
  "CH-FDJP-CHE-110347351-AICON-GL": {
    "gain-activities.xml": 26964.0
  },