{
  "BE-BCE_KBO-0421207751-PROG2017-2021RDCOS2": 1109564.5458792276,
  "BE-BCE_KBO-0421207751-PROG2017-2021RDCOS3": 454705.02021150035
}