{
  "vlir-uos": {
    "BE-BCE_KBO-0418766123-PROG2017-2021_SO1": 55915096.64612072,
    "BE-BCE_KBO-0418766123-PROG2017-2021_SO10": 17930687.24424819,
    "BE-BCE_KBO-0418766123-PROG2017-2021_SO11": 1188947.9032368786,
    "BE-BCE_KBO-0418766123-PROG2017-2021_SO12": 8819301.138630658,
    "BE-BCE_KBO-0418766123-PROG2017-2021_SO13": 11467610.126166135,
    "BE-BCE_KBO-0418766123-PROG2017-2021_SO14": 1608765.7409654125,
    "BE-BCE_KBO-0418766123-PROG2017-2021_SO15": 573903.8870271925,
    "BE-BCE_KBO-0418766123-PROG2017-2021_SO16": 7723446.5100065665,
    "BE-BCE_KBO-0418766123-PROG2017-2021_SO17": 1223914.2545551131,
    "BE-BCE_KBO-0418766123-PROG2017-2021_SO18": 1412676.1972607237,
    "BE-BCE_KBO-0418766123-PROG2017-2021_SO19": 7990435.408776384,
    "BE-BCE_KBO-0418766123-PROG2017-2021_SO2": 103407897.0258976,
    "BE-BCE_KBO-0418766123-PROG2017-2021_SO20": 1932906.3044407873,
    "BE-BCE_KBO-0418766123-PROG2017-2021_SO21": 11596350.834063612,
    "BE-BCE_KBO-0418766123-PROG2017-2021_SO22": 8012251.175232685,
    "BE-BCE_KBO-0418766123-PROG2017-2021_SO23": 12899128.369303204,
    "BE-BCE_KBO-0418766123-PROG2017-2021_SO24": 11789458.980705824,
    "BE-BCE_KBO-0418766123-PROG2017-2021_SO3": 4118975.8704476818,
    "BE-BCE_KBO-0418766123-PROG2017-2021_SO4": 8004083.782983208,
    "BE-BCE_KBO-0418766123-PROG2017-2021_SO5": 4373230.812827305,
    "BE-BCE_KBO-0418766123-PROG2017-2021_SO6": 731519.3917407274,
    "BE-BCE_KBO-0418766123-PROG2017-2021_SO7": 17121945.227385603,
    "BE-BCE_KBO-0418766123-PROG2017-2021_SO8": 13390993.315763673,
    "BE-BCE_KBO-0418766123-PROG2017-2021_SO9": 10096624.799224854
  }
}