{
  "XI-IATI-EC_INTPA-/17737/0": -674491.4819508977,
  "XI-IATI-EC_INTPA-2003/4943/2": 392848.3326805758,
  "XI-IATI-EC_INTPA-2003/4943/3": -17520.202547047462,
  "XI-IATI-EC_INTPA-2003/4943/4": 311227.6566330964,
  "XI-IATI-EC_INTPA-2003/5972/7": -12105.961281309603,
  "XI-IATI-EC_INTPA-2004/069-573": 127204.83740534313,
  "XI-IATI-EC_INTPA-2004/16768/5": 890894.5125709125,
  "XI-IATI-EC_INTPA-2004/16768/7": 1073055.1763024174,
  "XI-IATI-EC_INTPA-2004/17031/5": 2035332.4339277244,
  "XI-IATI-EC_INTPA-2005/061-074": 241070.6051740692,
  "XI-IATI-EC_INTPA-2005/100-530": 417160.2008090659,
  "XI-IATI-EC_INTPA-2005/101-627": 17443.75000011558,
  "XI-IATI-EC_INTPA-2005/101-628": 77380.4669458242,
  "XI-IATI-EC_INTPA-2005/103-489": 1656755.9544529822,
  "XI-IATI-EC_INTPA-2005/103-722": 106296.68587551793,
  "XI-IATI-EC_INTPA-2005/103-729": 102135.62573712632,
  "XI-IATI-EC_INTPA-2005/103-731": 86488.41557441714,
  "XI-IATI-EC_INTPA-2005/103-739": 126668.58692484912,
  "XI-IATI-EC_INTPA-2005/106-155": 78401.50750501326,
  "XI-IATI-EC_INTPA-2005/106-368": 110706.19054899344,
  "XI-IATI-EC_INTPA-2005/106-941": 128782.97169662178,
  "XI-IATI-EC_INTPA-2005/108-066": 105822.30629833383,
  "XI-IATI-EC_INTPA-2005/112-549": 84397.65234062164,
  "XI-IATI-EC_INTPA-2005/113-304": 3022541.846040898,
  "XI-IATI-EC_INTPA-2005/113-323": 738083.1730795723,
  "XI-IATI-EC_INTPA-2005/113-931": 165605.73734071027,
  "XI-IATI-EC_INTPA-2005/113-951": 38585.678208505626,
  "XI-IATI-EC_INTPA-2005/17095/1": 1750710.9505106811,
  "XI-IATI-EC_INTPA-2005/17095/2": 734648.1169989503,
  "XI-IATI-EC_INTPA-2005/17095/3": 1375834.340397294,
  "XI-IATI-EC_INTPA-2005/17095/4": 3142398.7351253615,
  "XI-IATI-EC_INTPA-2005/17101/3": 836417.8036812104,
  "XI-IATI-EC_INTPA-2005/17227/0": 453216.5829133233,
  "XI-IATI-EC_INTPA-2005/17691/0": 2368113.5686615924,
  "XI-IATI-EC_INTPA-2005/17739/0": 158554.19584580997,
  "XI-IATI-EC_INTPA-2005/17740/0": 683965.6020459826,
  "XI-IATI-EC_INTPA-2005/17813/0": 2766621.646396503,
  "XI-IATI-EC_INTPA-2006/101-644": 106764.43316921394,
  "XI-IATI-EC_INTPA-2006/104-281": 3945211.3683352717,
  "XI-IATI-EC_INTPA-2006/116-511": 51603.3162880856,
  "XI-IATI-EC_INTPA-2006/116-682": 111962.38308934812,
  "XI-IATI-EC_INTPA-2006/117-822": 242674.5166207889,
  "XI-IATI-EC_INTPA-2006/120-221": 769335.8317112763,
  "XI-IATI-EC_INTPA-2006/120-560": 103450.00832193467,
  "XI-IATI-EC_INTPA-2006/124-859": 189228.51086776875,
  "XI-IATI-EC_INTPA-2006/125-040": 139729.77987982277,
  "XI-IATI-EC_INTPA-2006/125-682": 125666.63656278772,
  "XI-IATI-EC_INTPA-2006/125-686": 90592.81505652903,
  "XI-IATI-EC_INTPA-2006/125-687": 114211.28601872614,
  "XI-IATI-EC_INTPA-2006/125-688": 107673.3697352799,
  "XI-IATI-EC_INTPA-2006/125-689": 123604.90751543849,
  "XI-IATI-EC_INTPA-2006/125-691": 125583.91893682393,
  "XI-IATI-EC_INTPA-2006/125-692": 121470.73520013405,
  "XI-IATI-EC_INTPA-2006/126-533": 103793.41633729186,
  "XI-IATI-EC_INTPA-2006/126-541": 88813.29995586268,
  "XI-IATI-EC_INTPA-2006/126-545": 76113.15002829835,
  "XI-IATI-EC_INTPA-2006/126-958": 88369.84951219035,
  "XI-IATI-EC_INTPA-2006/127-055": 61940.46411333492,
  "XI-IATI-EC_INTPA-2006/127-114": 68888.06459816909,
  "XI-IATI-EC_INTPA-2006/18041/4": 610685.8008855574,
  "XI-IATI-EC_INTPA-2007/130-518": 670690.9947897434,
  "XI-IATI-EC_INTPA-2007/132-913": 95110.99929594465,
  "XI-IATI-EC_INTPA-2007/146-189": 163923.05354170076,
  "XI-IATI-EC_INTPA-2007/146-721": 220686.26852008427,
  "XI-IATI-EC_INTPA-2007/147-000": 157050.64676203625,
  "XI-IATI-EC_INTPA-2008/147-896": 2985599.5242054895,
  "XI-IATI-EC_INTPA-2008/158-128": 1947373.8915710282,
  "XI-IATI-EC_INTPA-2008/162-612": 1550298.2835382335,
  "XI-IATI-EC_INTPA-2009/209-716": 843368.2176008753,
  "XI-IATI-EC_INTPA-2009/21881/0": 2757459.118862244,
  "XI-IATI-EC_INTPA-2011/22810/1": 1265729.5922880159,
  "XI-IATI-EC_INTPA-2013/24782/0": 5693130.4629896665,
  "XI-IATI-EC_INTPA-2015/37984/0": 904789.01070122,
  "XI-IATI-EC_INTPA-2016/38877/0": 4444357.992081284
}