{
  "GB-CHC-1038785-MCH Kenya": 741689.6430002367,
  "GB-CHC-1038785-UKAidDirectGrantRefZF92-GTXQ-DQ": 326222.37131729623
}