{
  "BE-BCE_KBO-0431955945-PROG2017-2021_OS1": 2882392.7103871237,
  "BE-BCE_KBO-0431955945-PROG2017-2021_OS2": 1394343.256236376
}