{
  "XM-DAC-6-4-000159-02-5": -113399.39216817215,
  "XM-DAC-6-4-000424-01-2": -33.05309951372537,
  "XM-DAC-6-4-001800-01-3": -375.76644684313595,
  "XM-DAC-6-4-001800-05-0": 2632452.0648869616,
  "XM-DAC-6-4-002188-01-2": -20402.769635286204,
  "XM-DAC-6-4-003980-01-2": -40481.119379043,
  "XM-DAC-6-4-008046-01-0": 2083922.609286155,
  "XM-DAC-6-4-009580-02-3": 55526.67526896447,
  "XM-DAC-6-4-010082-01-5": 10626475.294117644,
  "XM-DAC-6-4-010082-02-6": 1683970.9939994647,
  "XM-DAC-6-4-010082-03-0": 265700.1568627442,
  "XM-DAC-6-4-011841-01-2": 5861345.460392136,
  "XM-DAC-6-4-011841-02-3": 701979.8144313701
}