{
  "GB-EDU-133784-BactiVac-MR/R005974/1": 1380926.7964298471,
  "GB-EDU-133784-EquiTrauma130036": 86686.14319514755
}