{
  "pwc": {
    "GB-COH-03580586-5000508672": 9585433.78890919,
    "GB-COH-03580586-5000533034": 22938210.601328168,
    "GB-COH-03580586-5000547333": 2995050.0181302372,
    "GB-COH-03580586-5000559298": 16703630.777627997,
    "GB-COH-03580586-5000601029": 7219257.02805815,
    "GB-COH-03580586-5000617285": 53445.47733643191,
    "GB-COH-03580586-5000626293": 2149128.0862988858,
    "GB-COH-03580586-5000692439": 9668657.607138693,
    "GB-COH-03580586-5000693254": 1433971.130347046,
    "GB-COH-03580586-PwC-supplierspend": 118182087.74670792,
    "GB-COH-03580586-SPHEIR": 48498655.33362333
  }
}