{
  "46002-P-MR-A00-003": 5231412.007629188,
  "46002-P-MR-AA0-004": 2556651.683987333,
  "46002-P-MR-AA0-005": 959039.7505867524,
  "46002-P-MR-AA0-012": 5469597.560147142,
  "46002-P-MR-AAB-002": 17027933.360965256,
  "46002-P-MR-AAC-001": 32108606.48355769,
  "46002-P-MR-AAC-003": 1731197.690002587,
  "46002-P-MR-AAC-007": 20736823.122261938,
  "46002-P-MR-AAC-009": 1838482.1690916852,
  "46002-P-MR-AAC-011": 29034293.838942755,
  "46002-P-MR-AAE-001": 25696147.17860851,
  "46002-P-MR-AAE-002": 12785985.437353963,
  "46002-P-MR-AAF-001": 16199339.141088473,
  "46002-P-MR-AAF-002": 13922833.318353513,
  "46002-P-MR-AAF-003": 13886646.476220544,
  "46002-P-MR-AAZ-001": 1017264.2865426155,
  "46002-P-MR-AAZ-002": 2420736.971414186,
  "46002-P-MR-AAZ-003": 1989046.3016716635,
  "46002-P-MR-AB0-001": 17622151.712685585,
  "46002-P-MR-B00-004": 13707814.659428835,
  "46002-P-MR-B00-005": 19659012.62343697,
  "46002-P-MR-BA0-001": 33772799.553794354,
  "46002-P-MR-BA0-003": 102765858.88121082,
  "46002-P-MR-BAA-001": 176867282.6337694,
  "46002-P-MR-BAA-003": 1968536.2941879618,
  "46002-P-MR-DB0-002": 29721465.786738604,
  "46002-P-MR-DB0-006": 40923888.2809675,
  "46002-P-MR-EA0-004": 29251849.184647057,
  "46002-P-MR-EA0-005": 26711798.59235333,
  "46002-P-MR-EA0-007": 29175149.03906178,
  "46002-P-MR-EA0-008": 10687782.826640015,
  "46002-P-MR-EAA-001": 4620262.59611876,
  "46002-P-MR-EAA-002": 8503943.386859626,
  "46002-P-MR-EAB-001": 20266718.328022916,
  "46002-P-MR-EAC-001": 10021351.878169013,
  "46002-P-MR-EAZ-001": 42988680.64828554,
  "46002-P-MR-EAZ-002": 19771341.298637826,
  "46002-P-MR-EAZ-003": 398096.7541852182,
  "46002-P-MR-EAZ-004": 1370611.2697123028,
  "46002-P-MR-EAZ-007": 25962433.131012894,
  "46002-P-MR-EAZ-009": 2548431.8150072875,
  "46002-P-MR-EAZ-012": 1009483.693614169,
  "46002-P-MR-EB0-005": 1611825.9204974594,
  "46002-P-MR-GB0-001": 3899720.4113599043,
  "46002-P-MR-HAA-001": 9229703.46341176,
  "46002-P-MR-HAZ-001": 36443576.68114181,
  "46002-P-MR-HZ0-001": 38973924.25993789,
  "46002-P-MR-HZ0-002": 23466640.42798891,
  "46002-P-MR-HZ0-004": 6980882.356246856,
  "46002-P-MR-HZ0-005": 615990.8327349832,
  "46002-P-MR-I00-001": 12312519.543048058,
  "46002-P-MR-I00-003": 5579963.342809016,
  "46002-P-MR-IA0-001": 19157073.380721793,
  "46002-P-MR-IA0-002": 24226925.14299035,
  "46002-P-MR-IAF-001": 14288513.089944009,
  "46002-P-MR-IAZ-001": 35680871.67542174,
  "46002-P-MR-IAZ-002": 6165177.205872848,
  "46002-P-MR-IBA-001": 24632540.09668845,
  "46002-P-MR-IBD-001": 3456503.3218208645,
  "46002-P-MR-IBZ-001": 3437147.1768356604,
  "46002-P-MR-IBZ-003": 30798054.45532856,
  "46002-P-MR-IE0-002": 10838601.2180628,
  "46002-P-MR-IE0-004": 19937981.359052528,
  "46002-P-MR-K00-002": 2721793.4700486627,
  "46002-P-MR-K00-003": 1998091.7812273346,
  "46002-P-MR-K00-004": 5475188.284190991,
  "46002-P-MR-K00-005": 6982968.22276288,
  "46002-P-MR-K00-014": 6173528.430520906,
  "46002-P-MR-K00-016": 20361002.330791302,
  "46002-P-MR-K00-017": 12154661.244771427,
  "46002-P-MR-K00-018": 22789989.833946425,
  "46002-P-MR-KA0-001": 28132636.997186016,
  "46002-P-MR-KF0-001": 3549644.879614858,
  "46002-P-MR-KF0-003": 4657517.795775939
}