{
  "medecins": {
    "BE-BCE_KBO-0460162753-PROG17-21_OS5_Maroc": 374063.83708570787,
    "BE-BCE_KBO-0460162753-PROG17-21_OS6_BurkinaFaso": 313553.7644019186,
    "BE-BCE_KBO-0460162753-PROG17-21_OS7_B\u00e9nin": 183922.14625539113
  }
}