{
  "FR-3-CKH107701": 2650369.3279176075,
  "FR-3-CKH107702": 6407119.945496349,
  "FR-3-CKH112201": 2121732.6197420144,
  "FR-3-CKH112301": 2610804.380269918,
  "FR-3-CKH112602": 3405769.174646157,
  "FR-3-CKH113201": 10628006.274509767,
  "FR-3-CKH113401": 3790065.5264751357,
  "FR-3-CKH113601": 1350070.19019776,
  "FR-3-CKH113602": 3859968.966009383,
  "FR-3-CKH113603": 2657001.568627442,
  "FR-3-CKH113604": 1006614.3437799964,
  "FR-3-CKH113605": 1288858.453759878,
  "FR-3-CKH113606": 3309189.5057879295,
  "FR-3-CKH113607": 575390.8007763744,
  "FR-3-CKH113608": 488556.16343137086,
  "FR-3-CKH118201": 34942163.4491466,
  "FR-3-CKH118202": 826173.1824770364,
  "FR-3-CKH121101": 66425039.215686046,
  "FR-3-CKH121102": 5446853.215686255,
  "FR-3-CKH122401": 1564685.639251367,
  "FR-3-CKH126001": 1479911.34720274,
  "FR-3-CKH126701": 1026931.1062745063,
  "FR-3-CKH126801": 929950.5490196046
}