{
  "XI-IATI-EC_INTPA-2001/2878/0": 339312.42227950593,
  "XI-IATI-EC_INTPA-2002/2922/0": 271716.87915207766,
  "XI-IATI-EC_INTPA-2003/020-085": 21074.428054409822,
  "XI-IATI-EC_INTPA-2003/055-930": 258803.7900232041,
  "XI-IATI-EC_INTPA-2004/061-052": 48632.89017611644,
  "XI-IATI-EC_INTPA-2004/078-356": 36007.509913354406,
  "XI-IATI-EC_INTPA-2004/078-358": 48848.47274013051,
  "XI-IATI-EC_INTPA-2004/078-373": 34585.93612350361,
  "XI-IATI-EC_INTPA-2004/078-375": 37155.0457068088,
  "XI-IATI-EC_INTPA-2004/078-382": 49523.069621526345,
  "XI-IATI-EC_INTPA-2004/078-394": 44186.96601859433,
  "XI-IATI-EC_INTPA-2004/078-397": 42587.37820509658,
  "XI-IATI-EC_INTPA-2004/078-399": 45211.41834124484,
  "XI-IATI-EC_INTPA-2004/078-407": 49730.69527429654,
  "XI-IATI-EC_INTPA-2005/103-474": 610325.2258874418,
  "XI-IATI-EC_INTPA-2005/108-103": 6511048.909607434,
  "XI-IATI-EC_INTPA-2005/115-716": 280327.9224637578,
  "XI-IATI-EC_INTPA-2005/17228/0": 583655.81992038,
  "XI-IATI-EC_INTPA-2006/118-893": 923219.967096889,
  "XI-IATI-EC_INTPA-2006/120-047": 869163.6316285917,
  "XI-IATI-EC_INTPA-2006/121-735": 50984.576757447336,
  "XI-IATI-EC_INTPA-2006/121-757": 30502.74329844078,
  "XI-IATI-EC_INTPA-2006/121-758": 51900.57943965063,
  "XI-IATI-EC_INTPA-2006/121-759": 41453.539420952824,
  "XI-IATI-EC_INTPA-2006/121-761": 47281.16891672848,
  "XI-IATI-EC_INTPA-2006/121-762": 44115.49252370303,
  "XI-IATI-EC_INTPA-2006/121-763": 40130.16224209827,
  "XI-IATI-EC_INTPA-2006/121-764": 48708.69380411212,
  "XI-IATI-EC_INTPA-2006/121-765": 51114.77720727403,
  "XI-IATI-EC_INTPA-2006/132-768": 54961.43668642001,
  "XI-IATI-EC_INTPA-2006/132-781": 52382.112691392686,
  "XI-IATI-EC_INTPA-2006/132-794": 55560.38730534005,
  "XI-IATI-EC_INTPA-2006/132-796": 55564.55555661857,
  "XI-IATI-EC_INTPA-2007/130-158": 1387158.583228601,
  "XI-IATI-EC_INTPA-2007/130-353": 730467.1110518746,
  "XI-IATI-EC_INTPA-2007/139-551": 67367.05549771214,
  "XI-IATI-EC_INTPA-2007/139-554": 66180.24427568418,
  "XI-IATI-EC_INTPA-2007/139-556": 40534.83625169082,
  "XI-IATI-EC_INTPA-2007/139-558": 66702.10489305358,
  "XI-IATI-EC_INTPA-2007/139-559": 60425.71314144139,
  "XI-IATI-EC_INTPA-2007/139-560": 52497.237519281894,
  "XI-IATI-EC_INTPA-2007/139-853": 52786.327778787636,
  "XI-IATI-EC_INTPA-2007/139-856": 47810.404430354894,
  "XI-IATI-EC_INTPA-2008/148-037": 681269.783077317,
  "XI-IATI-EC_INTPA-2008/172-305": 120943.97394896919,
  "XI-IATI-EC_INTPA-2008/172-358": 122874.79636733026,
  "XI-IATI-EC_INTPA-2008/172-361": 95902.23852314425,
  "XI-IATI-EC_INTPA-2008/172-365": 111783.57090381024,
  "XI-IATI-EC_INTPA-2008/172-366": 104922.24015460946,
  "XI-IATI-EC_INTPA-2009/226-705": 124068.92345112434,
  "XI-IATI-EC_INTPA-2009/226-720": 176608.526836234,
  "XI-IATI-EC_INTPA-2009/227-278": 120016.26796397218,
  "XI-IATI-EC_INTPA-2009/227-456": 200773.73353906476,
  "XI-IATI-EC_INTPA-2009/227-459": 201044.27762196006,
  "XI-IATI-EC_INTPA-2011/277-997": 144314.3879260647,
  "XI-IATI-EC_INTPA-2011/278-001": 128002.47805685665,
  "XI-IATI-EC_INTPA-2011/278-009": 160360.05921596804,
  "XI-IATI-EC_INTPA-2011/278-031": 99104.14765089027,
  "XI-IATI-EC_INTPA-2011/278-135": 160400.2781604102,
  "XI-IATI-EC_INTPA-2011/278-141": 83762.01189681802,
  "XI-IATI-EC_INTPA-2011/280-222": 168741.66400216258
}