{
  "XI-IATI-EC_INTPA-2001/2878/0": 339992.7937856953,
  "XI-IATI-EC_INTPA-2002/2922/0": 272238.82646868454,
  "XI-IATI-EC_INTPA-2003/020-085": 21084.994811788205,
  "XI-IATI-EC_INTPA-2003/055-930": 259088.5797263523,
  "XI-IATI-EC_INTPA-2004/061-052": 48657.72691853294,
  "XI-IATI-EC_INTPA-2004/078-356": 36025.89889343639,
  "XI-IATI-EC_INTPA-2004/078-358": 48873.419580231784,
  "XI-IATI-EC_INTPA-2004/078-373": 34603.538393168354,
  "XI-IATI-EC_INTPA-2004/078-375": 37174.02073166033,
  "XI-IATI-EC_INTPA-2004/078-382": 49548.3609772202,
  "XI-IATI-EC_INTPA-2004/078-394": 44209.53223436305,
  "XI-IATI-EC_INTPA-2004/078-397": 42609.1275138225,
  "XI-IATI-EC_INTPA-2004/078-399": 45234.50774324336,
  "XI-IATI-EC_INTPA-2004/078-407": 49756.092664092794,
  "XI-IATI-EC_INTPA-2005/103-474": 610827.7344719444,
  "XI-IATI-EC_INTPA-2005/108-103": 6517713.87985877,
  "XI-IATI-EC_INTPA-2005/115-716": 280510.64254760835,
  "XI-IATI-EC_INTPA-2005/17228/0": 584257.3891170026,
  "XI-IATI-EC_INTPA-2006/118-893": 924432.9677010567,
  "XI-IATI-EC_INTPA-2006/120-047": 870469.646104016,
  "XI-IATI-EC_INTPA-2006/121-735": 51028.41624655325,
  "XI-IATI-EC_INTPA-2006/121-757": 30519.57729333332,
  "XI-IATI-EC_INTPA-2006/121-758": 51945.20610294112,
  "XI-IATI-EC_INTPA-2006/121-759": 41482.795924420905,
  "XI-IATI-EC_INTPA-2006/121-761": 47307.26266666665,
  "XI-IATI-EC_INTPA-2006/121-762": 44153.425187499946,
  "XI-IATI-EC_INTPA-2006/121-763": 40150.283579999945,
  "XI-IATI-EC_INTPA-2006/121-764": 48750.57592761024,
  "XI-IATI-EC_INTPA-2006/121-765": 51142.98666666665,
  "XI-IATI-EC_INTPA-2006/132-768": 55013.556629902094,
  "XI-IATI-EC_INTPA-2006/132-781": 52432.89610956177,
  "XI-IATI-EC_INTPA-2006/132-794": 55617.16405937084,
  "XI-IATI-EC_INTPA-2006/132-796": 55621.3410049021,
  "XI-IATI-EC_INTPA-2007/130-158": 1389135.670586412,
  "XI-IATI-EC_INTPA-2007/130-353": 731144.0299986989,
  "XI-IATI-EC_INTPA-2007/139-551": 67435.52803722443,
  "XI-IATI-EC_INTPA-2007/139-554": 66246.31522260893,
  "XI-IATI-EC_INTPA-2007/139-556": 40564.45155257856,
  "XI-IATI-EC_INTPA-2007/139-558": 66768.8468682451,
  "XI-IATI-EC_INTPA-2007/139-559": 60486.40543809865,
  "XI-IATI-EC_INTPA-2007/139-560": 52550.802375107356,
  "XI-IATI-EC_INTPA-2007/139-853": 52840.273954656994,
  "XI-IATI-EC_INTPA-2007/139-856": 47853.97168895387,
  "XI-IATI-EC_INTPA-2008/148-037": 681745.7479816941,
  "XI-IATI-EC_INTPA-2008/172-305": 121135.65463899997,
  "XI-IATI-EC_INTPA-2008/172-358": 123064.03403333333,
  "XI-IATI-EC_INTPA-2008/172-361": 96066.23891764505,
  "XI-IATI-EC_INTPA-2008/172-365": 111981.83357076954,
  "XI-IATI-EC_INTPA-2008/172-366": 105085.88464292967,
  "XI-IATI-EC_INTPA-2009/226-705": 124125.21612659658,
  "XI-IATI-EC_INTPA-2009/226-720": 176732.17920850017,
  "XI-IATI-EC_INTPA-2009/227-278": 120203.83923707026,
  "XI-IATI-EC_INTPA-2009/227-456": 200791.1134106925,
  "XI-IATI-EC_INTPA-2009/227-459": 201229.67154947942,
  "XI-IATI-EC_INTPA-2011/277-997": 144360.98487234846,
  "XI-IATI-EC_INTPA-2011/278-001": 128043.19492257539,
  "XI-IATI-EC_INTPA-2011/278-009": 160409.67613707515,
  "XI-IATI-EC_INTPA-2011/278-031": 99129.58390457889,
  "XI-IATI-EC_INTPA-2011/278-135": 160450.50053230074,
  "XI-IATI-EC_INTPA-2011/278-141": 83783.00932386331,
  "XI-IATI-EC_INTPA-2011/280-222": 168795.07622088594
}