{
  "XI-IATI-EC_FPI-2007/146-262": 5917333.587092175,
  "XI-IATI-EC_FPI-2009/22083/0": 20574359.889902603,
  "XI-IATI-EC_FPI-2009/224-115": 5674193.736570522,
  "XI-IATI-EC_FPI-2010/22612/0": 19885750.00000004,
  "XI-IATI-EC_FPI-2010/22901/0": 23464349.764705934,
  "XI-IATI-EC_FPI-2010/241-306": 397715.0000000008,
  "XI-IATI-EC_FPI-2010/249-232": 19476470.05208335,
  "XI-IATI-EC_FPI-2010/258-897": 4802710.265648397,
  "XI-IATI-EC_FPI-2011/260-109": 3963940.2682633987,
  "XI-IATI-EC_FPI-2011/260-114": 20043792.55183004,
  "XI-IATI-EC_FPI-2011/269-327": 600764.9133202704,
  "XI-IATI-EC_FPI-2011/269-389": 539831.5115571468,
  "XI-IATI-EC_FPI-2011/269-392": 751728.9897441695,
  "XI-IATI-EC_FPI-2011/269-398": 896516.0261818633,
  "XI-IATI-EC_FPI-2012/23688/0": 10724426.210011894,
  "XI-IATI-EC_FPI-2012/284-424": 2492149.477528178,
  "XI-IATI-EC_FPI-2012/284-454": 2198029.6924623596,
  "XI-IATI-EC_FPI-2012/284-456": 3068677.462095773,
  "XI-IATI-EC_FPI-2012/284-461": 3228277.3127700295,
  "XI-IATI-EC_FPI-2014/350-752": 846163.3330537225,
  "XI-IATI-EC_FPI-2015/369-330": 487505.6248661591,
  "XI-IATI-EC_FPI-2015/370-356": 612519.514851241,
  "XI-IATI-EC_FPI-2015/371-697": 595478.2906055273,
  "XI-IATI-EC_FPI-2015/37998/0": 9298129.163383497,
  "XI-IATI-EC_FPI-2016/377-861": 12824389.679219736,
  "XI-IATI-EC_FPI-2016/379-958": 8199782.31870692,
  "XI-IATI-EC_FPI-2016/39559/0": 12824389.679219736,
  "XI-IATI-EC_FPI-2019/411-801": 5314003.137254884,
  "XI-IATI-EC_FPI-2019/413-728": 505481.05086340214,
  "XI-IATI-EC_FPI-2019/413-760": 597825.3529411744,
  "XI-IATI-EC_FPI-2019/42324/0": 5314003.137254884
}