{
  "ri-uk": {
    "GB-CHC-1098106-GEC Somalia": 30053438.4127431,
    "GB-CHC-1098106-GPAFSomalia": 1410310.5017670933,
    "KE-NCB-OP-218-051-2007-0183-4781-EGEP-T": 10477457.334942415
  }
}