{
  "46002-P-CI-A00-008": 1817361.5907897232,
  "46002-P-CI-A00-011": 132895953.17397065,
  "46002-P-CI-AA0-001": 184539274.71283737,
  "46002-P-CI-AA0-002": 82970707.09029907,
  "46002-P-CI-AA0-004": 2647436.515170209,
  "46002-P-CI-AA0-008": 45547903.36398235,
  "46002-P-CI-AA0-010": 6243564.038227917,
  "46002-P-CI-AA0-013": 2378519.4910355946,
  "46002-P-CI-AA0-019": 62640285.38034561,
  "46002-P-CI-AA0-020": 209731043.09668788,
  "46002-P-CI-AA0-023": 8916099.350502318,
  "46002-P-CI-AA0-030": 65233663.43731237,
  "46002-P-CI-AA0-033": 24994104.62183559,
  "46002-P-CI-AA0-034": 16998497.823004432,
  "46002-P-CI-AA0-037": 177000610.67300236,
  "46002-P-CI-AAC-001": 3604729.759607186,
  "46002-P-CI-AAD-001": 32505297.792935684,
  "46002-P-CI-AAE-001": 9308132.157429261,
  "46002-P-CI-AAE-002": 16457415.155414857,
  "46002-P-CI-AAE-003": 498773.2693725471,
  "46002-P-CI-AAE-004": 2172561.692299397,
  "46002-P-CI-AAZ-001": 1141657.0844583146,
  "46002-P-CI-AB0-001": 77444821.77272287,
  "46002-P-CI-AB0-002": 4970138.1862642635,
  "46002-P-CI-B00-003": 2897177.8818086023,
  "46002-P-CI-BG0-001": 205482.19075780627,
  "46002-P-CI-BG0-004": 379883.2756667482,
  "46002-P-CI-D00-004": 505006259.88376504,
  "46002-P-CI-D00-010": 513989255.9953224,
  "46002-P-CI-D00-011": 29386072.46163469,
  "46002-P-CI-DA0-002": 206976039.48843497,
  "46002-P-CI-DB0-001": 193453602.3871328,
  "46002-P-CI-DB0-002": 13507482.523543565,
  "46002-P-CI-DB0-003": 70843778.42963803,
  "46002-P-CI-DB0-004": 97999323.62798834,
  "46002-P-CI-DB0-005": 2218280.4058232745,
  "46002-P-CI-DD0-001": 7368946.15317261,
  "46002-P-CI-E00-002": 70155128.44719806,
  "46002-P-CI-E00-006": 57661039.19130545,
  "46002-P-CI-EA0-002": 25060784.65258574,
  "46002-P-CI-EB0-001": 3002020.6416901983,
  "46002-P-CI-EB0-007": 1154210.160338641,
  "46002-P-CI-EBA-001": 5773541.2994785365,
  "46002-P-CI-EBA-002": 5841950.46417871,
  "46002-P-CI-EBA-003": 7098944.106579424,
  "46002-P-CI-EBA-005": 2124717.897730399,
  "46002-P-CI-F00-001": 201163684.6976688,
  "46002-P-CI-F00-002": 7109765.41717071,
  "46002-P-CI-FA0-014": 254004654.45753425,
  "46002-P-CI-FA0-017": 80127239.54790826,
  "46002-P-CI-FA0-024": 234103435.3233619,
  "46002-P-CI-GB0-001": 16986278.943158418,
  "46002-P-CI-H00-002": 1867400.9403150433,
  "46002-P-CI-HA0-001": 1995466.3406108096,
  "46002-P-CI-I00-002": 159995324.94386208,
  "46002-P-CI-I00-003": 208448352.91759259,
  "46002-P-CI-IA0-001": 76630759.54630366,
  "46002-P-CI-IA0-002": 15283783.821392154,
  "46002-P-CI-IA0-003": 15772801.680724535,
  "46002-P-CI-IA0-004": 22381312.011781346,
  "46002-P-CI-IA0-006": 35964501.20413176,
  "46002-P-CI-IBD-001": 18143524.437841803,
  "46002-P-CI-IC0-001": 90455636.15365447,
  "46002-P-CI-IC0-002": 5909606.287614076,
  "46002-P-CI-IZ0-001": 298445391.7082958,
  "46002-P-CI-IZ0-002": 16854223.138205368,
  "46002-P-CI-IZ0-003": 2027546.9089577165,
  "46002-P-CI-IZ0-004": 57229458.377905436,
  "46002-P-CI-J00-002": 4558599.308000978,
  "46002-P-CI-K00-001": 176365659.14398077,
  "46002-P-CI-K00-004": 10916167.826697275,
  "46002-P-CI-K00-006": 73724861.50572933,
  "46002-P-CI-K00-008": 261509648.1378807,
  "46002-P-CI-K00-011": 41133446.15076464,
  "46002-P-CI-KA0-001": 46833119.27737105,
  "46002-P-CI-KA0-009": 110111446.75166096,
  "46002-P-CI-KA0-010": 179657230.66696665,
  "46002-P-CI-KA0-011": 72306114.24685001,
  "46002-P-CI-KA0-012": 184856685.43296126,
  "46002-P-CI-KF0-001": 27481338.917872768,
  "46002-P-CI-KF0-003": 7963180.05359223,
  "46002-P-CI-KF0-004": 15195331.026669927,
  "46002-P-CI-KZ0-001": 76512270.50113554
}