{
  "FR-3-CPE102201": 278985164.70588136,
  "FR-3-CPE102203": 25610272.178665794,
  "FR-3-CPE105101": 568820.1953172529,
  "FR-3-CPE105701": 361491.70591568504,
  "FR-3-CPE105801": 342741.2458458812
}