{
  "GB-CHC-1047501-Bangladesh-Start-2": 5923237.079111703,
  "GB-CHC-1047501-SFB - Disaster Risk Financing Building Blocks": 66891.5883018876,
  "GB-CHC-1047501-SFB 3 month extension (April - June 2021)": 98728.1141915098,
  "GB-CHC-1047501-UNOPS-BDD5E": 1328880.4170177218
}