{
  "XM-DAC-41108-1100000097": 9641993.631560355,
  "XM-DAC-41108-1100000235": 7999577.341511114,
  "XM-DAC-41108-1100000371": 9584244.517730484
}