{
  "GB-COH-3799145-781-14007AF": {
    "coffey-af.xml": 136573.8912982552
  },
  "GB-COH-3799145-781-14026XR": {
    "coffey-998.xml": 29679.3165945377
  },
  "GB-COH-3799145-781-15006KE": {
    "coffey-ke.xml": 16938953.466657687
  },
  "GB-COH-3799145-781-16001ET": {
    "coffey-et.xml": 12538.470502321743
  },
  "GB-COH-3799145-781-199168NG": {
    "coffey-ng.xml": 1251220.4710275377
  },
  "GB-COH-3799145-781-203216MW": {
    "coffey-mw.xml": 3115425.8016440053
  },
  "GB-COH-3799145-781-205669XR": {
    "coffey-zm.xml": 208523.13988863118
  },
  "GB-COH-3799145-781-208777PS": {
    "coffey-ps.xml": 7262839.0237822225
  },
  "GB-COH-3799145-781-212226XR": {
    "coffey-298.xml": 2315688.7499939566
  },
  "GB-COH-3799145-781-213227XR": {
    "coffey-gb.xml": 2202545.047665002
  },
  "GB-COH-3799145-781-215853AF": {
    "coffey-af.xml": 69019.17916271463
  },
  "GB-COH-3799145-781-217382KE": {
    "coffey-ke.xml": 1868590.1094426839
  },
  "GB-COH-3799145-781-224672ZW": {
    "coffey-zw.xml": 161628.6184772056
  },
  "GB-COH-3799145-781-227134PK": {
    "coffey-pk.xml": 383348.5643882732
  },
  "GB-COH-3799145-781-229822XR": {
    "coffey-gb.xml": 166865.75002260844
  },
  "GB-COH-3799145-781-230288PK": {
    "coffey-pk.xml": 59812.782514356346
  },
  "GB-COH-3799145-781-231558XR": {
    "coffey-mk.xml": 1558215.5256513518
  },
  "GB-COH-3799145-IDEVREAN09076GH": {
    "coffey-gh.xml": 23930832.590516064
  }
}