{
  "GB-COH-3799145-781-14007AF": {
    "coffey-af.xml": 136750.13600653654
  },
  "GB-COH-3799145-781-14026XR": {
    "coffey-998.xml": 29717.61690542048
  },
  "GB-COH-3799145-781-15006KE": {
    "coffey-ke.xml": 16060706.617289769
  },
  "GB-COH-3799145-781-16001ET": {
    "coffey-et.xml": 12554.651040600103
  },
  "GB-COH-3799145-781-199168NG": {
    "coffey-ng.xml": 1183737.0215773818
  },
  "GB-COH-3799145-781-203216MW": {
    "coffey-mw.xml": 3119446.169712627
  },
  "GB-COH-3799145-781-205669XR": {
    "coffey-zm.xml": 208792.2330484601
  },
  "GB-COH-3799145-781-208777PS": {
    "coffey-ps.xml": 6836182.844823324
  },
  "GB-COH-3799145-781-212226XR": {
    "coffey-298.xml": 2309627.4669781583
  },
  "GB-COH-3799145-781-213227XR": {
    "coffey-gb.xml": 1903794.0389237998
  },
  "GB-COH-3799145-781-215853AF": {
    "coffey-af.xml": 69108.24644330332
  },
  "GB-COH-3799145-781-217382KE": {
    "coffey-ke.xml": 1796572.2938814748
  },
  "GB-COH-3799145-781-224672ZW": {
    "coffey-zw.xml": 118886.6634510427
  },
  "GB-COH-3799145-781-227134PK": {
    "coffey-pk.xml": 383843.26476810744
  },
  "GB-COH-3799145-781-229822XR": {
    "coffey-gb.xml": 167081.08550990635
  },
  "GB-COH-3799145-781-230288PK": {
    "coffey-pk.xml": 59889.969202862696
  },
  "GB-COH-3799145-781-231558XR": {
    "coffey-mk.xml": 1560226.3583086575
  },
  "GB-COH-3799145-IDEVREAN09076GH": {
    "coffey-gh.xml": 23930464.801781
  }
}