{
  "GB-CHC-1112842-GB-CHC-1112842-1 ": {
    "ti-uk-activities.xml": 55365.08097002883
  },
  "GB-CHC-1112842-GB-CHC-1112842-4": {
    "ti-uk-activities.xml": 208004.94892661134
  }
}