{
  "XI-IATI-EC_INTPA-2001/2902/0": 330724.33718737983,
  "XI-IATI-EC_INTPA-2003/5972/5": 332850.28987814,
  "XI-IATI-EC_INTPA-2004/072-514": 28459.02807155291,
  "XI-IATI-EC_INTPA-2004/072-554": 39038.525614427825,
  "XI-IATI-EC_INTPA-2004/072-555": 26164.348690952098,
  "XI-IATI-EC_INTPA-2004/072-558": 49730.69527429654,
  "XI-IATI-EC_INTPA-2004/072-569": 37394.638415677124,
  "XI-IATI-EC_INTPA-2004/072-584": 47463.38433661428,
  "XI-IATI-EC_INTPA-2004/072-585": 39660.13984218078,
  "XI-IATI-EC_INTPA-2004/072-587": 39956.057021225344,
  "XI-IATI-EC_INTPA-2004/072-640": 53956.2892014094,
  "XI-IATI-EC_INTPA-2004/072-651": 31555.861721282574,
  "XI-IATI-EC_INTPA-2004/072-655": 9946.139054859306,
  "XI-IATI-EC_INTPA-2004/072-656": 39560.36840107888,
  "XI-IATI-EC_INTPA-2004/072-684": 52982.8622382783,
  "XI-IATI-EC_INTPA-2004/072-694": 47985.51970918505,
  "XI-IATI-EC_INTPA-2004/073-163": 61265.22069438303,
  "XI-IATI-EC_INTPA-2004/087-088": 28271.63447993304,
  "XI-IATI-EC_INTPA-2004/087-111": 28783.727105910886,
  "XI-IATI-EC_INTPA-2004/087-113": 25718.721428080804,
  "XI-IATI-EC_INTPA-2004/087-114": 38820.77534502136,
  "XI-IATI-EC_INTPA-2004/087-125": 27675.751091536367,
  "XI-IATI-EC_INTPA-2004/087-170": 45880.05098126773,
  "XI-IATI-EC_INTPA-2004/087-172": 36999.15880046677,
  "XI-IATI-EC_INTPA-2004/087-173": 22939.111298022573,
  "XI-IATI-EC_INTPA-2004/087-177": 38479.057618527455,
  "XI-IATI-EC_INTPA-2004/087-179": 17182.24471114142,
  "XI-IATI-EC_INTPA-2004/087-195": 44345.73992153962,
  "XI-IATI-EC_INTPA-2004/087-942": 24686.02853552013,
  "XI-IATI-EC_INTPA-2004/16770/1": 1510382.7934230987,
  "XI-IATI-EC_INTPA-2004/16770/12": 715526.4465066534,
  "XI-IATI-EC_INTPA-2004/16770/15": 1228678.0897790655,
  "XI-IATI-EC_INTPA-2004/16770/20": 559381.2865650149,
  "XI-IATI-EC_INTPA-2004/16770/3": 1460278.2781852696,
  "XI-IATI-EC_INTPA-2004/16770/7": 406657.08738771244,
  "XI-IATI-EC_INTPA-2004/17024/0": 308808.0070440057,
  "XI-IATI-EC_INTPA-2004/17031/3": 2234972.8186684907,
  "XI-IATI-EC_INTPA-2005/101-527": 25421.44994894759,
  "XI-IATI-EC_INTPA-2005/106-826": 40835.902861744406,
  "XI-IATI-EC_INTPA-2005/106-836": 20164.53984109239,
  "XI-IATI-EC_INTPA-2005/106-839": 47335.95846071358,
  "XI-IATI-EC_INTPA-2005/106-844": 68527.33523821767,
  "XI-IATI-EC_INTPA-2005/106-852": 31605.01968151265,
  "XI-IATI-EC_INTPA-2005/106-856": 79509.53517896758,
  "XI-IATI-EC_INTPA-2005/106-867": 34189.98498676927,
  "XI-IATI-EC_INTPA-2005/110-578": 138958.14497365066,
  "XI-IATI-EC_INTPA-2005/110-891": 820478.3212603785,
  "XI-IATI-EC_INTPA-2005/111-045": 120746.19227974494,
  "XI-IATI-EC_INTPA-2005/111-213": 29850.530437237234,
  "XI-IATI-EC_INTPA-2005/111-214": 25391.20657375544,
  "XI-IATI-EC_INTPA-2005/111-217": 50370.77671717315,
  "XI-IATI-EC_INTPA-2005/111-249": 105721.75834732717,
  "XI-IATI-EC_INTPA-2005/111-389": 86458.22924622035,
  "XI-IATI-EC_INTPA-2005/111-398": 74009.3914309101,
  "XI-IATI-EC_INTPA-2005/111-406": 68741.29528461277,
  "XI-IATI-EC_INTPA-2005/112-456": 42453.53382628752,
  "XI-IATI-EC_INTPA-2005/17101/2": -170179.62616185832,
  "XI-IATI-EC_INTPA-2005/17256/0": 1240102.3858266224,
  "XI-IATI-EC_INTPA-2005/17611/4": 2261260.096197078,
  "XI-IATI-EC_INTPA-2005/17613/0": 1616976.719701482,
  "XI-IATI-EC_INTPA-2006/116-065": 27344.984817998422,
  "XI-IATI-EC_INTPA-2006/116-510": 28075.962505510208,
  "XI-IATI-EC_INTPA-2006/116-512": 75594.1290545392,
  "XI-IATI-EC_INTPA-2006/116-516": 54506.21658345026,
  "XI-IATI-EC_INTPA-2006/116-518": 110588.6814856698,
  "XI-IATI-EC_INTPA-2006/116-521": 36548.209370281475,
  "XI-IATI-EC_INTPA-2006/116-522": 49420.61935517248,
  "XI-IATI-EC_INTPA-2006/116-523": 26433.571621487004,
  "XI-IATI-EC_INTPA-2006/116-525": 52736.73716215861,
  "XI-IATI-EC_INTPA-2006/116-529": 26395.65218938273,
  "XI-IATI-EC_INTPA-2006/116-530": 55313.999117416075,
  "XI-IATI-EC_INTPA-2006/116-582": 81212.03860677796,
  "XI-IATI-EC_INTPA-2006/116-584": 43733.179904701516,
  "XI-IATI-EC_INTPA-2006/126-658": 53373.24999244846,
  "XI-IATI-EC_INTPA-2006/126-798": 31352.532307231664,
  "XI-IATI-EC_INTPA-2006/127-317": 50592.140843015106,
  "XI-IATI-EC_INTPA-2006/127-318": 100961.28991602611,
  "XI-IATI-EC_INTPA-2006/127-327": 49344.101750161346,
  "XI-IATI-EC_INTPA-2006/129-350": 329220.57003198593,
  "XI-IATI-EC_INTPA-2007/130-669": 255602.24302431763,
  "XI-IATI-EC_INTPA-2007/141-018": 220998.80243688938,
  "XI-IATI-EC_INTPA-2007/141-041": 259074.0950321016,
  "XI-IATI-EC_INTPA-2007/141-135": 274775.431735035,
  "XI-IATI-EC_INTPA-2007/141-280": 274836.52010366146,
  "XI-IATI-EC_INTPA-2007/141-416": 127777.87542104955,
  "XI-IATI-EC_INTPA-2007/141-421": 71004.78228718834,
  "XI-IATI-EC_INTPA-2007/141-424": 81758.28211795894,
  "XI-IATI-EC_INTPA-2007/141-427": 111027.55180370063,
  "XI-IATI-EC_INTPA-2007/141-428": 143009.00477709807,
  "XI-IATI-EC_INTPA-2007/141-429": 77493.95558286252,
  "XI-IATI-EC_INTPA-2007/141-431": 118810.01341524723,
  "XI-IATI-EC_INTPA-2007/141-433": 110506.42488688263,
  "XI-IATI-EC_INTPA-2007/141-525": 265588.74370113254,
  "XI-IATI-EC_INTPA-2007/141-893": 243580.22230597743,
  "XI-IATI-EC_INTPA-2007/146-519": 62369.41379107926,
  "XI-IATI-EC_INTPA-2007/146-520": 73919.79752706499,
  "XI-IATI-EC_INTPA-2007/146-521": 34932.63335006691,
  "XI-IATI-EC_INTPA-2007/146-522": 133656.56849187845,
  "XI-IATI-EC_INTPA-2007/147-278": 138515.14610287393,
  "XI-IATI-EC_INTPA-2007/19224/0": 2545899.107516989,
  "XI-IATI-EC_INTPA-2007/19244/0": 4563191.573116814,
  "XI-IATI-EC_INTPA-2007/19246/0": 6999439.864141688,
  "XI-IATI-EC_INTPA-2007/19259/0": 6594461.06901391,
  "XI-IATI-EC_INTPA-2008/150-210": 557829.4985728422,
  "XI-IATI-EC_INTPA-2008/150-244": 350496.3907053003,
  "XI-IATI-EC_INTPA-2008/156-394": 141296.04637113877,
  "XI-IATI-EC_INTPA-2008/157-138": 188273.448481289,
  "XI-IATI-EC_INTPA-2008/157-310": 254998.9374109138,
  "XI-IATI-EC_INTPA-2008/158-892": 225888.692419555,
  "XI-IATI-EC_INTPA-2008/159-185": 225294.5482227656,
  "XI-IATI-EC_INTPA-2008/160-293": 204271.30100025257,
  "XI-IATI-EC_INTPA-2008/160-707": 278377.6763650636,
  "XI-IATI-EC_INTPA-2008/162-541": 268581.94846171257,
  "XI-IATI-EC_INTPA-2008/162-632": 271880.3112239322,
  "XI-IATI-EC_INTPA-2008/163-379": 219820.76320396946,
  "XI-IATI-EC_INTPA-2008/163-398": 245360.11374326225,
  "XI-IATI-EC_INTPA-2008/163-408": 320426.5783492654,
  "XI-IATI-EC_INTPA-2008/163-676": 205323.21655152354,
  "XI-IATI-EC_INTPA-2008/163-684": 109607.18919820977,
  "XI-IATI-EC_INTPA-2008/172-639": 198627.27742997982,
  "XI-IATI-EC_INTPA-2009/203-722": 76520.20492040757,
  "XI-IATI-EC_INTPA-2009/203-725": 129235.47813805488,
  "XI-IATI-EC_INTPA-2009/203-738": 108458.63565047042,
  "XI-IATI-EC_INTPA-2009/203-779": 288176.1824089064,
  "XI-IATI-EC_INTPA-2009/203-783": 250527.69299905305,
  "XI-IATI-EC_INTPA-2009/203-785": 293739.9955369802,
  "XI-IATI-EC_INTPA-2009/203-837": 197042.16285682004,
  "XI-IATI-EC_INTPA-2009/203-854": 163216.6659715626,
  "XI-IATI-EC_INTPA-2009/208-408": 93416.93264354086,
  "XI-IATI-EC_INTPA-2009/208-419": 52932.584280651296,
  "XI-IATI-EC_INTPA-2009/208-432": 225895.6455976768,
  "XI-IATI-EC_INTPA-2009/208-436": 326012.1573979527,
  "XI-IATI-EC_INTPA-2009/208-453": 268806.613169138,
  "XI-IATI-EC_INTPA-2009/208-494": 194968.39978431756,
  "XI-IATI-EC_INTPA-2009/208-725": 182277.36757182187,
  "XI-IATI-EC_INTPA-2009/210-654": 1616720.1820133699,
  "XI-IATI-EC_INTPA-2009/215-109": 2722912.9526636414,
  "XI-IATI-EC_INTPA-2009/224-655": 200362.3598355939,
  "XI-IATI-EC_INTPA-2009/224-680": 140959.7668578393,
  "XI-IATI-EC_INTPA-2010/20609/0": 17418352.012402467,
  "XI-IATI-EC_INTPA-2010/22081/0": 10217850.535129387,
  "XI-IATI-EC_INTPA-2010/229-666": 6437544.483632495,
  "XI-IATI-EC_INTPA-2010/242-774": 285844.9830758123,
  "XI-IATI-EC_INTPA-2010/242-776": 207685.01860376584,
  "XI-IATI-EC_INTPA-2010/242-779": 343691.9998298026,
  "XI-IATI-EC_INTPA-2010/243-083": 350632.0027222149,
  "XI-IATI-EC_INTPA-2010/243-103": 313154.59735207184,