{
  "SE-0-SE-2-9999026101-LVA-11120": -106458.0901806078,
  "SE-0-SE-6-5308007501-LVA-15110": 6274.0459009198,
  "SE-0-SE-6-7100087701-LVA-25010": 71475.2717590215,
  "SE-0-SE-6-7100151001-LVA-32130": 57992.4410570719,
  "SE-0-SE-6-7140001801-LVA-32130": 73818.33612003361,
  "SE-0-SE-6-7140001901-LVA-32130": 14548.6514131526,
  "SE-0-SE-6-7140005001-LVA-32130": 73590.6940741648,
  "SE-0-SE-6-7140005101-LVA-32130": 29509.0149346127,
  "SE-0-SE-6-7140005401-LVA-32130": 29226.9622466824,
  "SE-0-SE-6-7400476401-LVA-16063": 53049.7274870708,
  "SE-0-SE-6-7600000201-LVA-14020": 2983173.4910778417,
  "SE-0-SE-6-7600000202-LVA-14020": 2214469.0871879775,
  "SE-0-SE-6-7600000301-LVA-14010": 1947687.3410442173,
  "SE-0-SE-6-7600000302-LVA-14010": 155990.5929617506,
  "SE-0-SE-6-7600000303-LVA-14010": 203364.0143161607,
  "SE-0-SE-6-7600000304-LVA-14010": 1556499.830126713,
  "SE-0-SE-6-7600000401-LVA-14020": 5407187.212260141,
  "SE-0-SE-6-7600000402-LVA-14020": 2199835.5482771457,
  "SE-0-SE-6-7600000403-LVA-14020": 20141.1835763989,
  "SE-0-SE-6-7600000404-LVA-14020": 96877.3943429843,
  "SE-0-SE-6-7600002201-LVA-31210": 8305.738155199799,
  "SE-0-SE-6-7600002701-LVA-23010": 753535.1563066584,
  "SE-0-SE-6-7600002702-LVA-23010": 29565.597741983496,
  "SE-0-SE-6-7600002703-LVA-23010": 190523.2832028687,
  "SE-0-SE-6-7600002705-LVA-23010": 50535.5651574017,
  "SE-0-SE-6-7600002801-LVA-23010": 1847852.611554762,
  "SE-0-SE-6-7600002802-LVA-23010": 18760.1965013987,
  "SE-0-SE-6-7600002803-LVA-23010": 311501.9227543387,
  "SE-0-SE-6-7600002804-LVA-23010": 174899.7700790053,
  "SE-0-SE-6-7600002805-LVA-23010": 51584.181773282,
  "SE-0-SE-6-7600002806-LVA-23010": 13685.5355046416,
  "SE-0-SE-6-7600002807-LVA-23010": 68391.973179381,
  "SE-0-SE-6-7600002808-LVA-23010": 87709.4699775466,
  "SE-0-SE-6-7600003301-LVA-15140": 17262.2440890388,
  "SE-0-SE-6-7600003601-LVA-21040": 200904.91342696818,
  "SE-0-SE-6-7600004501-LVA-15162": 146196.7163131834,
  "SE-0-SE-6-7600006701-LVA-43030": 3009.9847743202,
  "SE-0-SE-6-7600010301-LVA-14010": 1398.6395918008,
  "SE-0-SE-6-7600014201-LVA-14050": 147167.7961138773,
  "SE-0-SE-6-7600014301-LVA-21040": 28622.9769349826,
  "SE-0-SE-6-7600014401-LVA-21040": -5973.3147846384,
  "SE-0-SE-6-7600015201-LVA-15120": 42161.153266085,
  "SE-0-SE-6-7600016101-LVA-31210": 227357.4888198211,
  "SE-0-SE-6-7600017101-LVA-16020": 36370.649356369,
  "SE-0-SE-6-7600018001-LVA-12110": 29797.0442048043,
  "SE-0-SE-6-7600018101-LVA-15130": 390102.0667594206,
  "SE-0-SE-6-7600018201-LVA-14010": 24811.4091932906,
  "SE-0-SE-6-7600018501-LVA-15120": 106048.5939785604,
  "SE-0-SE-6-7600019001-LVA-23040": 102141.6525202726,
  "SE-0-SE-6-7600025001-LVA-14050": 1263572.2410615678,
  "SE-0-SE-6-7600025002-LVA-14050": 9573.6054125365,
  "SE-0-SE-6-7600025801-LVA-23010": 432022.7396633443,
  "SE-0-SE-6-7600026201-LVA-14010": 35116.489033735605,
  "SE-0-SE-6-7600028101-LVA-14010": 140806.9622290314,
  "SE-0-SE-6-7600028102-LVA-14010": 20539.0750759474,
  "SE-0-SE-6-7600028501-LVA-14010": 20196.9627607537,
  "SE-0-SE-6-7600031601-LVA-14010": 341653.7580692354,
  "SE-0-SE-6-7600031602-LVA-14010": 275288.9270530483,
  "SE-0-SE-6-7600031603-LVA-14010": 16994.4091929119,
  "SE-0-SE-6-7600032701-LVA-99810": 45159.554065319404,
  "SE-0-SE-6-7600032801-LVA-99810": 35698.410270727705,
  "SE-0-SE-6-7600044301-LVA-15140": 15906.4010769796,
  "SE-0-SE-6-7600044401-LVA-33110": -15024.5439339796,
  "SE-0-SE-6-7600045001-LVA-16020": 61383.2124705868,
  "SE-0-SE-6-7600047301-LVA-15120": 54075.091026344,
  "SE-0-SE-6-7600048101-LVA-15130": 22172.676623075098,
  "SE-0-SE-6-7600049501-LVA-15130": 285050.2058750952,
  "SE-0-SE-6-7600049502-LVA-15130": 6939.8900227756,
  "SE-0-SE-6-7600049901-LVA-16020": 48280.4104203749,
  "SE-0-SE-6-7600050101-LVA-15140": 269213.62751912,
  "SE-0-SE-6-7600050301-LVA-15140": 415966.374550774,
  "SE-0-SE-6-7600051601-LVA-14020": 127848.9467101207,
  "SE-0-SE-6-7600051602-LVA-14020": 95571.91117547509,
  "SE-0-SE-6-7600051604-LVA-14020": 14050.6080387748,
  "SE-0-SE-6-7600053701-LVA-16020": 16916.7525475876,
  "SE-0-SE-6-7600057301-LVA-14010": 594005.5847978166,
  "SE-0-SE-6-7600057302-LVA-23010": 428699.09599198593,
  "SE-0-SE-6-7600057303-LVA-14020": 45333.4785616648,
  "SE-0-SE-6-7600058501-LVA-41010": 408506.0310377269,
  "SE-0-SE-6-7600058601-LVA-11420": 18824.240828824903,
  "SE-0-SE-6-7600060101-LVA-43030": 273578.44981659984,
  "SE-0-SE-6-7600060701-LVA-14020": 25102.674497416,
  "SE-0-SE-6-7600064901-LVA-14050": 32277.1075365988,
  "SE-0-SE-6-7600064903-LVA-14050": 3296.1580128453,
  "SE-0-SE-6-7600065201-LVA-31210": 616122.663293747,
  "SE-0-SE-6-7600065401-LVA-23010": 115990.34748974121,
  "SE-0-SE-6-7600067701-LVA-14010": 26555.5656415284,
  "SE-0-SE-6-7600069601-LVA-25010": 146113.02799659962,
  "SE-0-SE-6-7600071701-LVA-16020": 830982.25778078,
  "SE-0-SE-6-7600074901-LVA-14050": 284241.9133139735,
  "SE-0-SE-6-7600075001-LVA-14020": 448195.80028623133,
  "SE-0-SE-6-7600075002-LVA-14020": 3385.4368180763,
  "SE-0-SE-6-7600076801-LVA-41010": 931372.0941529564,
  "SE-0-SE-6-7600077301-LVA-14020": 1128725.923748504,
  "SE-0-SE-6-7600077302-LVA-14020": 83347.5624457416,
  "SE-0-SE-6-7600077304-LVA-14020": 17464.2526489044,
  "SE-0-SE-6-7600077305-LVA-14020": 34782.503263528,
  "SE-0-SE-6-7600077501-LVA-15130": 53963.872029626604,
  "SE-0-SE-6-7600078501-LVA-15230": 542237.8635169064,
  "SE-0-SE-6-7600078601-LVA-15140": 303943.3122966836,
  "SE-0-SE-6-7600078801-LVA-16020": 287042.1901869554,
  "SE-0-SE-6-7600080501-LVA-15130": 132404.9956408533,
  "SE-0-SE-6-7600080701-LVA-15130": 500115.7011335757,
  "SE-0-SE-6-7600081001-LVA-15130": 35486.8258144394,
  "SE-0-SE-6-7600081101-LVA-15130": 81954.2951369445,
  "SE-0-SE-6-7600081201-LVA-15130": 126891.085079442,
  "SE-0-SE-6-7600081301-LVA-15130": 267112.5635875379,
  "SE-0-SE-6-7600081401-LVA-15130": 256504.8199960473,
  "SE-0-SE-6-7600081501-LVA-15130": 24869.7014296812,
  "SE-0-SE-6-7600086901-LVA-14010": 9544.1341999201,
  "SE-0-SE-6-7600087001-LVA-14020": 209990.567163604,
  "SE-0-SE-6-7600087101-LVA-14020": 70509.9684269956,
  "SE-0-SE-6-7600088201-LVA-43040": 138238.61843486739,
  "SE-0-SE-6-7600088701-LVA-15140": 18663.0242560531,
  "SE-0-SE-6-7600093701-LVA-16020": 15364.4582674438,
  "SE-0-SE-6-7600097101-LVA-15140": 35718.8164530708,
  "SE-0-SE-6-7600097801-LVA-21050": 336835.2104360098,
  "SE-0-SE-6-7600108101-LVA-14010": 22578.531537235598,
  "SE-0-SE-6-7600109501-LVA-14010": 56386.566370143,
  "SE-0-SE-6-7600112201-LVA-14010": 23416.3155251839,
  "SE-0-SE-6-7600113101-LVA-14050": 1052766.4768495543,
  "SE-0-SE-6-7600113102-LVA-14050": 102685.2708957256,
  "SE-0-SE-6-7600119001-LVA-15130": 238282.9881258076,
  "SE-0-SE-6-7600127201-LVA-15130": 153606.0859482896,
  "SE-0-SE-6-7600129901-LVA-43040": 5728.0794318523,
  "SE-0-SE-6-7600130801-LVA-15120": 7000.0,
  "SE-0-SE-6-7600131101-LVA-14020": 7401.8029869225,
  "SE-0-SE-6-7600131102-LVA-14020": 580.3605973845,
  "SE-0-SE-6-7600133901-LVA-14050": 8909.1942059938,
  "SE-0-SE-6-7600134501-LVA-15230": 137546.765879028,
  "SE-0-SE-6-7600135201-LVA-23020": 44054.8532723679,
  "SE-0-SE-6-7600137801-LVA-41010": 33802.7413889367,
  "SE-0-SE-6-7600140801-LVA-16020": 340802.6967422425,
  "SE-0-SE-6-7600140802-LVA-16020": 1257.4479609998,
  "SE-0-SE-6-7600140803-LVA-16020": 9991.4880445717,
  "SE-0-SE-6-7600140804-LVA-16020": 10058.5196935696,
  "SE-0-SE-6-7600140805-LVA-16020": 274812.3110399899,
  "SE-0-SE-6-7600141101-LVA-22010": 8970.022705936299,
  "SE-0-SE-6-7600142401-LVA-15250": 279519.0828580752,
  "SE-0-SE-6-7600143701-LVA-14010": 11550.892111929,
  "SE-0-SE-6-7600144101-LVA-16020": 306939.0750338435,
  "SE-0-SE-6-7600144102-LVA-16020": 195657.3458962093,
  "SE-0-SE-6-7600144201-LVA-41010": 320752.6886900061,
  "SE-0-SE-6-7600146401-LVA-14050": 11431.0832536913,
  "SE-0-SE-6-7600146801-LVA-15130": 550592.5915737865,
  "SE-0-SE-6-7600147101-LVA-15130": 33150.0,
  "SE-0-SE-6-7600155101-LVA-14050": 50189.4507631487,