{
  "NL-KVK-30258482-202001": 2633086.6289464007,
  "NL-KVK-30258482-IND202101": 672024.248326362,
  "NL-KVK-30258482-NPL202101": 664055.5813501601
}