{
  "46002-P-MW-A00-002": 20514655.866685323,
  "46002-P-MW-A00-006": 36173859.445518255,
  "46002-P-MW-A00-012": 5317664.294587499,
  "46002-P-MW-AA0-001": 1663918.7207230218,
  "46002-P-MW-AA0-002": 46880624.2746265,
  "46002-P-MW-AA0-003": 851630.7001936999,
  "46002-P-MW-AA0-004": 1512269.8812712468,
  "46002-P-MW-AA0-005": 4488126.068776288,
  "46002-P-MW-AA0-007": 18350229.0356725,
  "46002-P-MW-AA0-008": 33203993.078579437,
  "46002-P-MW-AA0-014": 1971543.3528562512,
  "46002-P-MW-AA0-016": 21235439.526110783,
  "46002-P-MW-AA0-017": 1817512.8732974525,
  "46002-P-MW-AA0-018": 16437597.958129674,
  "46002-P-MW-AA0-019": 20439353.820636757,
  "46002-P-MW-AA0-021": 2444929.608986057,
  "46002-P-MW-AA0-022": 862813.5714804102,
  "46002-P-MW-AA0-024": 58071276.334532835,
  "46002-P-MW-AA0-026": 85808084.0224449,
  "46002-P-MW-AA0-028": 1087386.5639302824,
  "46002-P-MW-AA0-029": 2172275.1018815394,
  "46002-P-MW-AAA-001": 28265591.634121254,
  "46002-P-MW-AAA-004": 49032344.55306853,
  "46002-P-MW-AAC-001": 47496547.90477367,
  "46002-P-MW-AAC-008": 4352405.320719105,
  "46002-P-MW-AAD-001": 11659405.692556312,
  "46002-P-MW-AAE-001": 21308061.16033642,
  "46002-P-MW-AAF-003": 22001960.619326863,
  "46002-P-MW-AAZ-002": 24004026.186444636,
  "46002-P-MW-AAZ-004": 49328370.842494465,
  "46002-P-MW-AB0-001": 19429312.567883957,
  "46002-P-MW-AB0-002": 11914036.079538558,
  "46002-P-MW-AB0-003": 24449947.92998509,
  "46002-P-MW-AZ0-002": 978383.6801010151,
  "46002-P-MW-B00-001": 38601127.528097585,
  "46002-P-MW-B00-002": 1613146.1746642268,
  "46002-P-MW-B00-003": 1911409.5831768839,
  "46002-P-MW-B00-006": 26346844.227748424,
  "46002-P-MW-D00-001": 41634504.58126131,
  "46002-P-MW-D00-003": 16492235.962455694,
  "46002-P-MW-DA0-001": 66450580.23593239,
  "46002-P-MW-DA0-002": 1207215.4470530953,
  "46002-P-MW-DB0-001": 669555.1763909591,
  "46002-P-MW-DB0-002": 20848892.963155076,
  "46002-P-MW-DB0-003": 42992139.97915202,
  "46002-P-MW-DB0-004": 34043174.102258466,
  "46002-P-MW-DB0-006": 46131934.298091784,
  "46002-P-MW-DB0-007": 47542124.4548218,
  "46002-P-MW-DB0-008": 4034422.098388053,
  "46002-P-MW-DB0-009": 3672043.1179946023,
  "46002-P-MW-DB0-011": 64653133.99317221,
  "46002-P-MW-DB0-012": 66448743.40025349,
  "46002-P-MW-E00-001": 24388150.314162333,
  "46002-P-MW-E00-003": 27347711.288209725,
  "46002-P-MW-E00-004": 94960608.23618832,
  "46002-P-MW-E00-006": 73356800.7363566,
  "46002-P-MW-E00-007": 15113194.535969207,
  "46002-P-MW-E00-011": 26897312.150951028,
  "46002-P-MW-EA0-001": 11224896.339587439,
  "46002-P-MW-EA0-002": 1581327.0878636555,
  "46002-P-MW-EA0-003": 34560355.38758939,
  "46002-P-MW-EA0-004": 42738170.994601026,
  "46002-P-MW-EA0-006": 34643737.13162436,
  "46002-P-MW-EAZ-001": 5122638.567355914,
  "46002-P-MW-EAZ-002": 1640885.5611924683,
  "46002-P-MW-EB0-001": 3019214.2086054147,
  "46002-P-MW-EB0-002": 1985962.2275584734,
  "46002-P-MW-F00-002": 10637022.721298246,
  "46002-P-MW-FA0-001": 5672969.809296217,
  "46002-P-MW-FAB-001": 10554282.508662855,
  "46002-P-MW-FAB-002": 16135611.638919631,
  "46002-P-MW-FAB-004": 11210510.831393989,
  "46002-P-MW-FAC-001": 11445365.586905804,
  "46002-P-MW-GB0-001": 21047151.969168898,
  "46002-P-MW-GB0-002": 90940539.89390136,
  "46002-P-MW-HA0-001": 3315795.1307446524,
  "46002-P-MW-HA0-002": 4034212.5862131435,
  "46002-P-MW-I00-001": 16665587.51000374,
  "46002-P-MW-I00-002": 30461349.702598,
  "46002-P-MW-IA0-001": 19658548.80095297,
  "46002-P-MW-IA0-002": 47799249.72852224,
  "46002-P-MW-IA0-003": 39346892.41753584,
  "46002-P-MW-IA0-004": 47080063.62832584,
  "46002-P-MW-IA0-005": 28092219.881398764,
  "46002-P-MW-IAC-001": 46716416.98486521,
  "46002-P-MW-IAD-001": 81116152.0726517,
  "46002-P-MW-IB0-001": 2345546.686098266,
  "46002-P-MW-IB0-003": 2781345.5634181015,
  "46002-P-MW-IB0-004": 25683471.596759357,
  "46002-P-MW-IB0-005": 247545277.8526402,
  "46002-P-MW-IBD-001": 19441464.160498366,
  "46002-P-MW-IBD-002": 21260348.444504995,
  "46002-P-MW-IC0-003": 912973.8565252062,
  "46002-P-MW-IE0-001": 29605125.268237565,
  "46002-P-MW-IE0-002": 46008010.91355171,
  "46002-P-MW-IE0-003": 10280776.199967751,
  "46002-P-MW-IE0-004": 30471970.881209753,
  "46002-P-MW-IE0-005": 57734640.91266428,
  "46002-P-MW-K00-002": 35932349.90495113,
  "46002-P-MW-K00-007": 2309060.7727981512,
  "46002-P-MW-KA0-002": 78965547.56644613,
  "46002-P-MW-KA0-003": 12246766.269626101,
  "46002-P-MW-KA0-004": 99972088.73824498,
  "46002-P-MW-KB0-002": 2316253.05049652,
  "46002-P-MW-KF0-001": 1742735.610397529,
  "46002-P-MW-KF0-002": 9174668.127358925,
  "46002-P-MW-KF0-003": 5651717.443481278,
  "46002-P-MW-KF0-005": 19438987.757659312,
  "46002-P-MW-KF0-007": 15193326.555964284,
  "46002-P-MW-KF0-008": 1747584.6744721537,
  "46002-P-MW-KZ0-001": 27390409.51461606,
  "46002-P-MW-KZ0-003": 45138558.08634318,
  "46002-P-MW-KZ0-004": 30650524.1513994,
  "46002-P-MW-KZ0-005": 33909059.480253614
}