{
  "GB-1-203216-115": 2007787.498776045,
  "GB-1-203216-121": 6122636.892563119,
  "GB-1-203216-136": 2471715.5189561495,
  "GB-1-203236-104": 1578150.0758567238,
  "GB-1-203236-106": 1038107.1630468868,
  "GB-1-203236-109": 60413.90345888774,
  "GB-1-203236-110": 312651.2484610661,
  "GB-1-203236-117": 368579.5111536178,
  "GB-1-203236-118": 359619.90585718956,
  "GB-1-204269-101": 28644626.908136483,
  "GB-1-204269-102": 164759.20000787536,
  "GB-1-204269-104": 11880138.496821111,
  "GB-1-204269-105": 6421696.484768168,
  "GB-1-204269-106": 1038080.1679776195,
  "GB-1-204512-101": 15553261.890375435,
  "GB-1-204515-102": 46132576.0022051,
  "GB-1-204520-102": 12191683.227798752,
  "GB-1-204525-104": 8090645.504482727,
  "GB-1-204535-102": 8567478.400409518,
  "GB-1-204536-102": 121262771.20579627,
  "GB-1-204895-102": 9885552.000472521,
  "GB-1-204895-103": 62607421.773008585,
  "GB-1-204974-101": 21414657.753031604,
  "GB-1-205200-101": 61119870.26944948,
  "GB-1-205200-102": 1971022.5476542134,
  "GB-1-205200-103": 160409557.12766746,
  "GB-1-205200-104": 4417984.996371176,
  "GB-1-205200-105": 64256088.00307139,
  "GB-1-205201-101": 263614720.01260057,
  "GB-1-205201-102": 47780168.002283856,
  "GB-1-205201-104": 1647592.0000787536,
  "GB-1-205201-105": 151578464.00724533,
  "GB-1-205201-106": 195443.95341734207,
  "GB-1-205201-107": 95560336.00456771,
  "GB-GOV-1-300030-101": 105338399.10295509,
  "GB-GOV-1-300229-101": 12474438.024076268,
  "GB-GOV-1-300307-101": 85271.12396407589,
  "GB-GOV-1-300307-102": 4277148.832204444,
  "GB-GOV-1-300307-103": 632675.3280302414,
  "GB-GOV-1-300307-104": 4448498.400212634,
  "GB-GOV-1-300314-101": 6206363.732856659,
  "GB-GOV-1-300331-101": 82379600.00393768,
  "GB-GOV-1-300335-101": 54584420.12052943,
  "GB-GOV-1-300337-101": 9556033.60045677,
  "GB-GOV-1-300348-101": 9769348.984298967,
  "GB-GOV-1-300349-101": 16470051.278083256,
  "GB-GOV-1-300451-101": 46132576.0022051,
  "GB-GOV-1-300453-101": 5601812.8002677625,
  "GB-GOV-1-300537-101": 16475918.353195535,
  "GB-GOV-1-300537-102": 20100866.244576804,
  "GB-GOV-1-300537-103": 10544588.800504023,
  "GB-GOV-1-300537-105": 1318068.6572870025,
  "GB-GOV-1-300537-106": 59311.66441083505,
  "GB-GOV-1-300540-101": 115187582.15761788,
  "GB-GOV-1-300540-102": 168588.20381605838,
  "GB-GOV-1-300540-103": 103379.80763694148,
  "GB-GOV-1-300540-104": 1626893.3017817643,
  "GB-GOV-1-300540-105": 121738407.949931,
  "GB-GOV-1-300540-108": 6590368.000315014,
  "GB-GOV-1-300540-109": 286199.91114968015,
  "GB-GOV-1-300618-101": 16475920.000787536,
  "GB-GOV-1-300668-101": 262237.33310053474,
  "GB-GOV-1-300668-102": 618489.5609095633,
  "GB-GOV-1-300668-103": 4552296.6962175965,
  "GB-GOV-1-300708-132": 558741.2846187074,
  "GB-GOV-1-300758-101": 2502158.4283116013,
  "GB-GOV-1-300758-102": 3338746.3326395894,
  "GB-GOV-1-300758-103": 784253.7920374867,
  "GB-GOV-1-301018-101": 1647592.0000787536,
  "GB-GOV-1-301169-101": 23066288.00110255,
  "GB-GOV-1-301169-102": 65903680.00315014,
  "GB-GOV-1-301237-101": 5722744.405481542
}