{
  "GB-CHC-1081247-9F081401": 291169.32999999996,
  "GB-CHC-1081247-9F081405": 212807.10019494942,
  "GB-CHC-1081247-9F081407": 164303.71048906716,
  "GB-CHC-1081247-9F209000": 17771.060554471762,
  "GB-CHC-1081247-KE086901": 153112.7012438946,
  "GB-CHC-1081247-KE087301": 303835.9594748028,
  "GB-CHC-1081247-KE201900": 39426.06866655182,
  "GB-CHC-1081247-KE202300": 180018.91189107363,
  "GB-CHC-1081247-KE202400": 86909.54509038353,
  "GB-CHC-1081247-KE203500": 45934.37905798952,
  "GB-CHC-1081247-KE203600": 51587.25403818056
}