{
  "XI-IATI-EC_FPI-2008/164-633": 3034263.813311721,
  "XI-IATI-EC_FPI-2008/20646/0": 7366151.80635883,
  "XI-IATI-EC_FPI-2009/210-973": 6535118.900923564,
  "XI-IATI-EC_FPI-2012/24443/0": 2656335.566502656,
  "XI-IATI-EC_FPI-2012/297-497": 1069815.5805543326,
  "XI-IATI-EC_FPI-2012/306-142": 2536393.700379449,
  "XI-IATI-EC_FPI-2013/24955/0": 14791969.918153167,
  "XI-IATI-EC_FPI-2013/331-255": 5527572.641461056,
  "XI-IATI-EC_FPI-2013/331-636": 2002761.0867953405,
  "XI-IATI-EC_FPI-2013/332-047": 1293585.89038033,
  "XI-IATI-EC_FPI-2014/342-825": 2714075.843731238,
  "XI-IATI-EC_FPI-2014/345-812": 6366842.409011687,
  "XI-IATI-EC_FPI-2014/347-319": 1317362.7590605863,
  "XI-IATI-EC_FPI-2014/354-893": 1170270.463458038,
  "XI-IATI-EC_FPI-2014/355-112": 771342.074493157,
  "XI-IATI-EC_FPI-2014/37506/0": 6366842.409011687,
  "XI-IATI-EC_FPI-2014/37838/0": 5245211.586444121,
  "XI-IATI-EC_FPI-2015/358-275": 2434957.677583604,
  "XI-IATI-EC_FPI-2015/359-126": 2567163.175163445,
  "XI-IATI-EC_FPI-2015/361-318": 13281090.377224598,
  "XI-IATI-EC_FPI-2015/362-248": 1990112.1560817827,
  "XI-IATI-EC_FPI-2015/362-647": 1620269.0562711365,
  "XI-IATI-EC_FPI-2015/371-738": 243090.7336970717,
  "XI-IATI-EC_FPI-2015/38349/0": 13281090.377224598,
  "XI-IATI-EC_FPI-2015/38387/0": 3610381.2123529194,
  "XI-IATI-EC_FPI-2016/40030/0": 10525387.239855276,
  "XI-IATI-EC_FPI-2017/383-971": 1536061.5226735086,
  "XI-IATI-EC_FPI-2017/383-972": 4249955.720641024,
  "XI-IATI-EC_FPI-2017/383-973": 1950442.803763087,
  "XI-IATI-EC_FPI-2017/392-689": 1718668.8123156033,
  "XI-IATI-EC_FPI-2018/397-324": 4500823.461592409,
  "XI-IATI-EC_FPI-2018/397-597": 2562045.3253602027,
  "XI-IATI-EC_FPI-2018/397-598": 11793998.9959044,
  "XI-IATI-EC_FPI-2018/397-726": 3803294.6711797914,
  "XI-IATI-EC_FPI-2018/398-565": 1287162.2151196974,
  "XI-IATI-EC_FPI-2018/399-820": 12563400.819518857,
  "XI-IATI-EC_FPI-2018/401-483": 5576650.227007427,
  "XI-IATI-EC_FPI-2018/401-558": 3587916.583906969,
  "XI-IATI-EC_FPI-2018/402-845": 2537640.5921277795,
  "XI-IATI-EC_FPI-2018/403-922": 428695.6897633855,
  "XI-IATI-EC_FPI-2018/404-416": 2988250.11607572,
  "XI-IATI-EC_FPI-2018/41451/0": 3981018.52263886,
  "XI-IATI-EC_FPI-2018/41452/0": 17962639.447282676,
  "XI-IATI-EC_FPI-2018/41458/0": 25765356.556386214,
  "XI-IATI-EC_FPI-2018/41619/0": 5578066.883341345,
  "XI-IATI-EC_FPI-2018/41622/0": 2656222.3254006403,
  "XI-IATI-EC_FPI-2020/418-426": 999493.9614910545,
  "XI-IATI-EC_FPI-2020/418-427": 695863.8436968328,
  "XI-IATI-EC_FPI-2020/418-428": 1019325.3173724957,
  "XI-IATI-EC_FPI-2020/418-431": 4630909.798438822,
  "XI-IATI-EC_FPI-2020/42881/0": 3393518.243675751,
  "XI-IATI-EC_FPI-2020/42891/0": 4648389.069451121,
  "XI-IATI-EC_FPI-2021/43679/0": 13281111.627003202
}