{
  "NL-KVK-9099028-WI-NL.1337.13": {
    "wi-activity.xml": 8203201.401465462,
    "wi-org.xml": 8203201.401465462
  },
  "NL-KVK-9099028-WI-NL.1339.7": {
    "wi-activity.xml": 8219662.854683893,
    "wi-org.xml": 8219662.854683893
  }
}