{
  "BJ-IFU-32000700033415-RSG0122710": {
    "soneb-benin-act.xml": 834596.9488778308
  },
  "BJ-IFU-3200700033415-RSG0123375-29295": {
    "soneb-benin-act.xml": 9587907.843708359
  }
}