{
  "US-EIN-37-1552838-10": 535467.400025595,
  "US-EIN-37-1552838-100": 247138.80001181303,
  "US-EIN-37-1552838-101": 164759.20000787536,
  "US-EIN-37-1552838-102": 73948.8717395347,
  "US-EIN-37-1552838-103": 411898.0000196884,
  "US-EIN-37-1552838-104": 308249.6348867341,
  "US-EIN-37-1552838-105": 247138.80001181303,
  "US-EIN-37-1552838-106": 271968.01145299984,
  "US-EIN-37-1552838-107": 329518.4000157507,
  "US-EIN-37-1552838-108": 361893.58281729824,
  "US-EIN-37-1552838-109": 376791.1096820103,
  "US-EIN-37-1552838-11": 535467.400025595,
  "US-EIN-37-1552838-110": 240907.6070675152,
  "US-EIN-37-1552838-111": 78211.19224373843,
  "US-EIN-37-1552838-112": 362641.589585334,
  "US-EIN-37-1552838-113": 292665.0621579892,
  "US-EIN-37-1552838-114": 246150.2448117658,
  "US-EIN-37-1552838-115": 397707.2901230101,
  "US-EIN-37-1552838-116": 236429.45201130115,
  "US-EIN-37-1552838-12": 535467.400025595,
  "US-EIN-37-1552838-13": 362470.2400173258,
  "US-EIN-37-1552838-14": 362470.2400173258,
  "US-EIN-37-1552838-15": 362470.2400173258,
  "US-EIN-37-1552838-16": 362470.2400173258,
  "US-EIN-37-1552838-17": 362470.2400173258,
  "US-EIN-37-1552838-18": 362470.2400173258,
  "US-EIN-37-1552838-19": 362470.2400173258,
  "US-EIN-37-1552838-2": 346449.05540856,
  "US-EIN-37-1552838-21": 514310.6711525837,
  "US-EIN-37-1552838-22": 538935.5811857607,
  "US-EIN-37-1552838-23": 125216.99200598527,
  "US-EIN-37-1552838-24": 256447.694812258,
  "US-EIN-37-1552838-25": 411898.0000196884,
  "US-EIN-37-1552838-26": 321796.1363113816,
  "US-EIN-37-1552838-27": 329518.4000157507,
  "US-EIN-37-1552838-28": 238900.84001141926,
  "US-EIN-37-1552838-29": 238900.84001141926,
  "US-EIN-37-1552838-3": 329518.4000157507,
  "US-EIN-37-1552838-30": 246850.47141179926,
  "US-EIN-37-1552838-33": 247138.80001181303,
  "US-EIN-37-1552838-34": 345005.764816491,
  "US-EIN-37-1552838-35": 429079.08939650963,
  "US-EIN-37-1552838-37": 301501.09805441153,
  "US-EIN-37-1552838-38": 411898.0000196884,
  "US-EIN-37-1552838-39": 411898.0000196884,
  "US-EIN-37-1552838-4": 411898.0000196884,
  "US-EIN-37-1552838-40": 411898.0000196884,
  "US-EIN-37-1552838-41": 214186.96001023796,
  "US-EIN-37-1552838-42": 345476.9761285135,
  "US-EIN-37-1552838-43": 81901.79832391485,
  "US-EIN-37-1552838-45": 82379.60000393768,
  "US-EIN-37-1552838-47": 82379.60000393768,
  "US-EIN-37-1552838-48": 494274.30483962595,
  "US-EIN-37-1552838-49": 303156.92801449064,
  "US-EIN-37-1552838-50": 494224.8770796236,
  "US-EIN-37-1552838-51": 494239.70540762425,
  "US-EIN-37-1552838-52": 299911.1717743355,
  "US-EIN-37-1552838-53": 179244.82887256777,
  "US-EIN-37-1552838-54": 44664.571530134934,
  "US-EIN-37-1552838-55": 388767.4559305828,
  "US-EIN-37-1552838-56": 494277.60002362606,
  "US-EIN-37-1552838-57": 81947.93089991705,
  "US-EIN-37-1552838-58": 402724.2077632499,
  "US-EIN-37-1552838-59": 494277.60002362606,
  "US-EIN-37-1552838-6": 411238.9632196569,
  "US-EIN-37-1552838-60": 82379.60000393768,
  "US-EIN-37-1552838-61": 493088.03859956923,
  "US-EIN-37-1552838-62": 479202.1332229055,
  "US-EIN-37-1552838-63": 82379.60000393768,
  "US-EIN-37-1552838-64": 406627.3532114365,
  "US-EIN-37-1552838-65": 494190.27764762193,
  "US-EIN-37-1552838-66": 271852.68001299433,
  "US-EIN-37-1552838-67": 823796.0000393768,
  "US-EIN-37-1552838-68": 56018.12800267762,
  "US-EIN-37-1552838-69": 494277.60002362606,
  "US-EIN-37-1552838-7": 432492.9000206728,
  "US-EIN-37-1552838-70": 472239.4094305727,
  "US-EIN-37-1552838-71": 494277.60002362606,
  "US-EIN-37-1552838-72": 494275.952431626,
  "US-EIN-37-1552838-73": 146635.68800700907,
  "US-EIN-37-1552838-74": 78494.57806775198,
  "US-EIN-37-1552838-75": 82379.60000393768,
  "US-EIN-37-1552838-78": 274599.2158771256,
  "US-EIN-37-1552838-8": 535467.400025595,
  "US-EIN-37-1552838-80": 411898.0000196884,
  "US-EIN-37-1552838-81": 82379.60000393768,
  "US-EIN-37-1552838-82": 82379.60000393768,
  "US-EIN-37-1552838-83": 181235.1200086629,
  "US-EIN-37-1552838-84": 247138.80001181303,
  "US-EIN-37-1552838-85": 247138.80001181303,
  "US-EIN-37-1552838-86": 494277.60002362606,
  "US-EIN-37-1552838-87": 494277.60002362606,
  "US-EIN-37-1552838-88": 80890.17683586648,
  "US-EIN-37-1552838-89": 465321.170622242,
  "US-EIN-37-1552838-9": 535467.400025595,
  "US-EIN-37-1552838-90": 187833.7259689783,
  "US-EIN-37-1552838-91": 197244.77147342815,
  "US-EIN-37-1552838-92": 247138.80001181303,
  "US-EIN-37-1552838-93": 123569.40000590651,
  "US-EIN-37-1552838-94": 494277.60002362606,
  "US-EIN-37-1552838-95": 486514.146519255,
  "US-EIN-37-1552838-96": 247138.80001181303,
  "US-EIN-37-1552838-97": 494277.60002362606,
  "US-EIN-37-1552838-98": 82379.60000393768,
  "US-EIN-37-1552838-99": 82379.60000393768
}