{
  "XI-IATI-EC_FPI-2019/411-451": 1992751.1764705812,
  "XI-IATI-EC_FPI-2019/411-488": 1328500.784313721,
  "XI-IATI-EC_FPI-2019/42302/0": 3321251.960784302,
  "XI-IATI-EC_FPI-2021/43640/0": 2657001.568627442
}