{
  "XI-IATI-EC_FPI-2019/411-451": 1992166.7440504802,
  "XI-IATI-EC_FPI-2019/411-488": 1328111.1627003201,
  "XI-IATI-EC_FPI-2019/42302/0": 3320277.9067508006,
  "XI-IATI-EC_FPI-2021/43640/0": 2656222.3254006403
}