{
  "XM-DAC-6-4-001807-12-0": 8941.597995043317,
  "XM-DAC-6-4-002228-03-0": 41350.26802759616,
  "XM-DAC-6-4-002228-04-1": 7431.754693779536,
  "XM-DAC-6-4-004058-05-1": 167799.9698472788,
  "XM-DAC-6-4-005886-01-6": 417562.7406824134,
  "XM-DAC-6-4-006284-01-4": 238503.03693388286,
  "XM-DAC-6-4-006587-03-3": 1816982.232669586,
  "XM-DAC-6-4-006920-01-2": 308008.4359450893,
  "XM-DAC-6-4-007055-01-6": 879679.6477373589,
  "XM-DAC-6-4-007101-01-0": 524233.2485183428,
  "XM-DAC-6-4-007916-04-2": 927965.4189578509,
  "XM-DAC-6-4-007976-01-0": 771655.2339596656,
  "XM-DAC-6-4-007976-02-1": 74653.83138114704,
  "XM-DAC-6-4-007992-01-4": 1052787.2536051155,
  "XM-DAC-6-4-008634-01-0": 1071191.4337816618,
  "XM-DAC-6-4-008690-01-0": 670920.8905508671,
  "XM-DAC-6-4-008824-01-2": 932104.572388076,
  "XM-DAC-6-4-008854-01-6": 1060602.298701939,
  "XM-DAC-6-4-008994-01-6": 1153351.683773775,
  "XM-DAC-6-4-009591-01-3": 357462.4885540304,
  "XM-DAC-6-4-009692-01-2": 347351.27957471873,
  "XM-DAC-6-4-009701-01-6": 607946.1005645258,
  "XM-DAC-6-4-009703-01-3": 363277.9283926105,
  "XM-DAC-6-4-009708-01-6": 648700.3076116501,
  "XM-DAC-6-4-009729-01-6": 355130.7459696386,
  "XM-DAC-6-4-009755-01-2": 129524.53040379891,
  "XM-DAC-6-4-009793-01-1": 194932.37143302866,
  "XM-DAC-6-4-009802-01-5": 636685.2998087483,
  "XM-DAC-6-4-009803-01-0": 723069.5362380845,
  "XM-DAC-6-4-009803-02-1": 50602.72772458806,
  "XM-DAC-6-4-009804-01-2": 430309.19768014736,
  "XM-DAC-6-4-009861-02-5": 271093.6225426328,
  "XM-DAC-6-4-010004-01-3": 580178.0987106219,
  "XM-DAC-6-4-010007-01-2": 50926.031675458646,
  "XM-DAC-6-4-010017-01-1": 1090658.3190924628,
  "XM-DAC-6-4-010017-03-3": 1850287.641243664,
  "XM-DAC-6-4-010150-01-1": 1721005.4834525483,
  "XM-DAC-6-4-010150-02-2": 142741.86942623873,
  "XM-DAC-6-4-010153-02-1": 26944.626337435202,
  "XM-DAC-6-4-010162-01-4": 2764903.100735913,
  "XM-DAC-6-4-010162-02-5": 51101.52662906649,
  "XM-DAC-6-4-010169-01-4": 4994803.168627442,
  "XM-DAC-6-4-010169-02-5": 123830.35520635251,
  "XM-DAC-6-4-010189-01-2": 2226375.0820728424,
  "XM-DAC-6-4-010189-02-3": 120596.12004694076,
  "XM-DAC-6-4-010232-01-4": 484089.75707951596,
  "XM-DAC-6-4-010239-02-5": 3628528.904762944,
  "XM-DAC-6-4-010239-03-6": 1210894.388856839,
  "XM-DAC-6-4-010313-01-5": 2330203.6606941097,
  "XM-DAC-6-4-010313-02-6": 20234.953416211694,
  "XM-DAC-6-4-010343-01-2": 3982024.6035879864,
  "XM-DAC-6-4-010343-02-3": 131233.49225197994,
  "XM-DAC-6-4-010421-01-4": 172586.4668407445,
  "XM-DAC-6-4-010454-01-0": 90368.51585631733,
  "XM-DAC-6-4-010455-01-2": 38757.13719624693,
  "XM-DAC-6-4-010582-01-4": 2723426.6078431276,
  "XM-DAC-6-4-010584-01-1": 650651.9909787036,
  "XM-DAC-6-4-010584-03-3": 332817.74353729293,
  "XM-DAC-6-4-010638-01-4": 1594200.941176465,
  "XM-DAC-6-4-010641-01-3": 62604.483520125264,
  "XM-DAC-6-4-010702-01-6": 1328500.784313721,
  "XM-DAC-6-4-010714-01-2": 1328500.784313721,
  "XM-DAC-6-4-010748-01-0": 797016.9078888992,
  "XM-DAC-6-4-010748-02-1": 454829.6203000612,
  "XM-DAC-6-4-010821-01-6": 5195065.119036845,
  "XM-DAC-6-4-010822-01-1": 1859901.0980392091,
  "XM-DAC-6-4-010824-01-5": 3321251.960784302,
  "XM-DAC-6-4-010824-02-6": 463172.1535352847,
  "XM-DAC-6-4-010824-03-0": 202752.57473006204,
  "XM-DAC-6-4-010858-01-3": 54340.30526116057,
  "XM-DAC-6-4-010858-02-4": 496859.2933333316,
  "XM-DAC-6-4-010860-01-0": 1062800.6274509768,
  "XM-DAC-6-4-010861-01-2": 2664225.9558925396,
  "XM-DAC-6-4-010876-01-4": 10362306.117647022,
  "XM-DAC-6-4-010913-01-1": 2036727.1562929028,
  "XM-DAC-6-4-010932-01-4": 2272864.583752549,
  "XM-DAC-6-4-010976-01-1": 1386485.5259214658,
  "XM-DAC-6-4-011002-01-4": 6376803.76470586,
  "XM-DAC-6-4-011046-01-1": 797100.4705882325,
  "XM-DAC-6-4-011049-01-0": 797100.4705882325,
  "XM-DAC-6-4-011074-01-1": 1328500.784313721,
  "XM-DAC-6-4-011076-01-5": 797100.4705882325,
  "XM-DAC-6-4-011080-01-6": 1351502.4468933286,
  "XM-DAC-6-4-011085-01-2": 2125601.2549019535,
  "XM-DAC-6-4-011098-02-1": 1273619.3806831092,
  "XM-DAC-6-4-011106-01-2": 9166655.411764674,
  "XM-DAC-6-4-011110-01-3": 2657001.568627442,
  "XM-DAC-6-4-011113-01-2": 10999043.683680996,
  "XM-DAC-6-4-011127-01-2": 2657001.568627442,
  "XM-DAC-6-4-011133-01-0": 2657001.568627442,
  "XM-DAC-6-4-011135-01-4": 2657001.568627442,
  "XM-DAC-6-4-011188-01-5": 13212934.762547059,
  "XM-DAC-6-4-011192-01-6": 2657001.568627442,
  "XM-DAC-6-4-011193-01-1": 10229456.03921565,
  "XM-DAC-6-4-011202-01-5": 2391301.4117646976,
  "XM-DAC-6-4-011211-01-2": 5314003.137254884,
  "XM-DAC-6-4-011236-01-3": 664250.3921568604,
  "XM-DAC-6-4-011259-01-0": 5978253.529411744,
  "XM-DAC-6-4-011259-02-1": 300683.04990077147,
  "XM-DAC-6-4-011278-01-3": 6908204.078431348,
  "XM-DAC-6-4-011285-01-3": 797100.4705882325,
  "XM-DAC-6-4-011340-01-1": 3719802.1960784183,
  "XM-DAC-6-4-011418-01-3": 2719138.8715617554,
  "XM-DAC-6-4-011423-01-6": 3676062.6362556736,
  "XM-DAC-6-4-011448-01-0": 4000934.2180517507,
  "XM-DAC-6-4-011449-01-2": 4148668.5270004016,
  "XM-DAC-6-4-011607-01-3": 2651129.595160775,
  "XM-DAC-6-4-011676-01-1": 2657001.568627442,
  "XM-DAC-6-4-011677-01-3": 2152171.270588228,
  "XM-DAC-6-4-011715-01-2": 797100.4705882325,
  "XM-DAC-6-4-011716-01-4": 3719802.1960784183,
  "XM-DAC-6-4-011812-01-0": 6509653.843137233,
  "XM-DAC-6-4-011813-01-2": 3414247.015686263,
  "XM-DAC-6-4-011813-02-3": 2125601.2549019535,
  "XM-DAC-6-4-011897-01-2": 4645342.1224941015,
  "XM-DAC-6-4-011898-01-4": 4763977.455093442,
  "XM-DAC-6-4-011899-01-6": 3453579.8852674076,
  "XM-DAC-6-4-011913-01-6": 3434288.4995332547,
  "XM-DAC-6-4-011916-01-5": 8768105.176470557,
  "XM-DAC-6-4-011920-01-6": 3488643.0596078313,
  "XM-DAC-6-4-011920-02-0": 531400.3137254884,
  "XM-DAC-6-4-011959-01-0": 7971004.705882325,
  "XM-DAC-6-4-011994-01-0": 6908204.078431348,
  "XM-DAC-6-4-012017-01-4": 2391301.4117646976,
  "XM-DAC-6-4-012019-01-1": 1328500.784313721,
  "XM-DAC-6-4-012052-01-4": 1328500.784313721,
  "XM-DAC-6-4-012127-03-6": 100966.05960784279,
  "XM-DAC-6-4-012127-04-4": 79348.69484548992,
  "XM-DAC-6-4-012127-09-4": 318473.52201882243,
  "XM-DAC-6-4-012127-13-2": 180676.10666666605,
  "XM-DAC-6-4-012127-39-3": 63768.037647058605,
  "XM-DAC-6-4-012127-66-2": 136186.3955910505,
  "XM-DAC-6-4-012127-67-3": 23293.268501764625,
  "XM-DAC-6-4-012127-84-6": 74130.34376470563,
  "XM-DAC-6-4-012127-92-0": 153697.0987289328,
  "XM-DAC-6-4-012129-01-4": 5031696.7205882175,
  "XM-DAC-6-4-012130-02-0": 3546592.263819596,
  "XM-DAC-6-4-012144-01-6": 3165817.369019597,
  "XM-DAC-6-4-012162-01-0": 4449089.344131357,
  "XM-DAC-6-4-012187-01-0": 6642503.921568604,
  "XM-DAC-6-4-012190-01-0": 1328500.784313721,
  "XM-DAC-6-4-012213-01-0": 3985502.3529411624,
  "XM-DAC-6-4-012279-01-1": 2922701.725490186,
  "XM-DAC-6-4-012312-01-0": 1328500.784313721,
  "XM-DAC-6-4-012355-01-0": 3225260.3395132436,
  "XM-DAC-6-4-012461-01-0": 7971004.705882325,
  "XM-DAC-6-4-012465-01-0": 2762606.088723716,
  "XM-DAC-6-4-012465-01-1": 464311.02411764546,
  "XM-DAC-6-4-012513-01-0": 1395722.9239999952,
  "XM-DAC-6-4-012513-01-1": 2922701.725490186,
  "XM-DAC-6-4-012514-01-0": 2992986.0461992957,
  "XM-DAC-6-4-012555-01-0": 6642503.921568604,
  "XM-DAC-6-4-012556-01-0": 1328500.784313721,
  "XM-DAC-6-4-012590-05-4": 1699030.958600492,
  "XM-DAC-6-4-012590-05-9": 3826082.258823516,
  "XM-DAC-6-4-012590-06-8": 3697274.861418842,
  "XM-DAC-6-4-012590-07-1": 3824198.444711359,
  "XM-DAC-6-4-012625-01-0": 10628006.274509767,
  "XM-DAC-6-4-012629-01-0": 13019307.686274465,
  "XM-DAC-6-4-012632-01-0": 2657001.568627442,
  "XM-DAC-6-4-012639-01-0": 1328500.784313721
}