{
  "XM-DAC-21018-MDR00001": 19662798.216499437,
  "XM-DAC-21018-MDR42004": 3.7890625e-23,
  "XM-DAC-21018-MDR65002": -83058.89392304148,
  "XM-DAC-21018-MDRAF004": -206596.71398012465,
  "XM-DAC-21018-MDRAL008": -273378.06551550614,
  "XM-DAC-21018-MDRAM004": -275684.3156815628,
  "XM-DAC-21018-MDRAM005": -376716.06779262953,
  "XM-DAC-21018-MDRAR016": -154155.41980648163,
  "XM-DAC-21018-MDRBA010": -222086.4026532142,
  "XM-DAC-21018-MDRBD018": 2.5311279296875e-23,
  "XM-DAC-21018-MDRBD021": -295434.2953222781,
  "XM-DAC-21018-MDRBD023": -422368.0177091949,
  "XM-DAC-21018-MDRBI014": -276928.6451548084,
  "XM-DAC-21018-MDRBI015": -96065.20531386555,
  "XM-DAC-21018-MDRBJ015": -136579.68153154687,
  "XM-DAC-21018-MDRBO011": -75578.53739732165,
  "XM-DAC-21018-MDRBO012": -183910.17277037748,
  "XM-DAC-21018-MDRBO013": -278366.6684550331,
  "XM-DAC-21018-MDRBO014": -58241.55658968549,
  "XM-DAC-21018-MDRBR009": -255401.81743946852,
  "XM-DAC-21018-MDRCD023": -218832.5803715903,
  "XM-DAC-21018-MDRCD025": -266139.2439782306,
  "XM-DAC-21018-MDRCD026": -562065.3026998807,
  "XM-DAC-21018-MDRCD027": -287612.3146307675,
  "XM-DAC-21018-MDRCD028": -376304.9071820942,
  "XM-DAC-21018-MDRCF017": -63524.02094237975,
  "XM-DAC-21018-MDRCF024": -83805.18323653095,
  "XM-DAC-21018-MDRCF025": -155133.30408195325,
  "XM-DAC-21018-MDRCG015": -91233.13865465276,
  "XM-DAC-21018-MDRCG016": -347570.6854718904,
  "XM-DAC-21018-MDRCI010": -201872.99251583696,
  "XM-DAC-21018-MDRCI011": -211103.6357033359,
  "XM-DAC-21018-MDRCL014": -96585.56405889038,
  "XM-DAC-21018-MDRCM021": -203393.28074353657,
  "XM-DAC-21018-MDRCM026": -133199.52577828694,
  "XM-DAC-21018-MDRCM027": -273378.06551550614,
  "XM-DAC-21018-MDRCM028": -85447.0481575266,
  "XM-DAC-21018-MDRCN006": -408981.1312458054,
  "XM-DAC-21018-MDRCO016": -270543.68173224136,
  "XM-DAC-21018-MDRCR017": -306756.10574900877,
  "XM-DAC-21018-MDRCU005": -63383.502753721405,
  "XM-DAC-21018-MDRCY001": -123070.43104603262,
  "XM-DAC-21018-MDRDO011": -94725.3028689157,
  "XM-DAC-21018-MDRDO012": -224888.45127888978,
  "XM-DAC-21018-MDRDZ004": -289785.12349548476,
  "XM-DAC-21018-MDREC013": -110583.90977385711,
  "XM-DAC-21018-MDREC014": -121180.84185718944,
  "XM-DAC-21018-MDRET016": -1.075439453125e-23,
  "XM-DAC-21018-MDRET019": -332357.8084928192,
  "XM-DAC-21018-MDRET021": -370575.99644115125,
  "XM-DAC-21018-MDRGE011": -58749.04469538585,
  "XM-DAC-21018-MDRGE012": -119670.70142328179,
  "XM-DAC-21018-MDRGE013": -41704.370650521494,
  "XM-DAC-21018-MDRGH015": -101458.83426013765,
  "XM-DAC-21018-MDRGH016": -166932.30138960248,
  "XM-DAC-21018-MDRGM012": -217032.6591882362,
  "XM-DAC-21018-MDRGT014": -155113.73021246234,
  "XM-DAC-21018-MDRGT015": -324457.1167886854,
  "XM-DAC-21018-MDRGW003": -292969.35465675103,
  "XM-DAC-21018-MDRHN013": -243662.96330623268,
  "XM-DAC-21018-MDRHT015": -60115.432007322845,
  "XM-DAC-21018-MDRHT016": -351958.95017954527,
  "XM-DAC-21018-MDRHT017": -122676.76663169029,
  "XM-DAC-21018-MDRHU007": -251581.0855958238,
  "XM-DAC-21018-MDRIN020": -361030.85912708327,
  "XM-DAC-21018-MDRIN021": -297814.40130651445,
  "XM-DAC-21018-MDRIN022": -518300.7549476343,
  "XM-DAC-21018-MDRIN023": -550190.8530461491,
  "XM-DAC-21018-MDRIN024": -538894.8713790483,
  "XM-DAC-21018-MDRIQ010": -166128.5698769869,
  "XM-DAC-21018-MDRKE044": -421002.2208938795,
  "XM-DAC-21018-MDRKE045": -335227.11905773426,
  "XM-DAC-21018-MDRKM007": -139394.38209409453,
  "XM-DAC-21018-MDRKP010": -219538.22383429893,
  "XM-DAC-21018-MDRKP011": -309119.2185526927,
  "XM-DAC-21018-MDRKP012": -365503.5101760015,
  "XM-DAC-21018-MDRKP013": -273300.42614489974,
  "XM-DAC-21018-MDRKP014": -463040.11278432986,
  "XM-DAC-21018-MDRLA006": -214820.48388208472,
  "XM-DAC-21018-MDRLB006": -77794.76963396538,
  "XM-DAC-21018-MDRLB007": -329243.4199597309,
  "XM-DAC-21018-MDRLB008": -419462.5556288961,
  "XM-DAC-21018-MDRLK008": -337740.7428891683,
  "XM-DAC-21018-MDRLK009": -400125.9782988533,
  "XM-DAC-21018-MDRMA009": -272864.114752337,
  "XM-DAC-21018-MDRMD006": -131170.3716194368,
  "XM-DAC-21018-MDRME007": -401979.4925181711,
  "XM-DAC-21018-MDRMG013": -218702.4524124049,
  "XM-DAC-21018-MDRMG014": -97647.36446535261,
  "XM-DAC-21018-MDRML013": -192136.2499832105,
  "XM-DAC-21018-MDRML014": -268883.7301184312,
  "XM-DAC-21018-MDRMM011": -318156.48503176856,
  "XM-DAC-21018-MDRMM012": -328026.3408120558,
  "XM-DAC-21018-MDRMN008": -346588.47088786104,
  "XM-DAC-21018-MDRMN009": -117999.15857949377,
  "XM-DAC-21018-MDRMR009": -245907.94398024603,
  "XM-DAC-21018-MDRMR010": -252485.4202365491,
  "XM-DAC-21018-MDRMU002": -97441.78416008495,
  "XM-DAC-21018-MDRMV003": -76658.4901073341,
  "XM-DAC-21018-MDRMW014": -526817.0284445733,
  "XM-DAC-21018-MDRNE022": -363050.24822143326,
  "XM-DAC-21018-MDRNE023": -527381.2807717973,
  "XM-DAC-21018-MDRNG024": -199666.29570611843,
  "XM-DAC-21018-MDRNG026": -183866.1260964616,
  "XM-DAC-21018-MDRNG027": -181123.90352664344,
  "XM-DAC-21018-MDRNG028": -275502.7598406926,
  "XM-DAC-21018-MDRNI008": -324113.2946632478,
  "XM-DAC-21018-MDRNI009": -313523.0876803272,
  "XM-DAC-21018-MDRPE012": -437151.20998001145,
  "XM-DAC-21018-MDRPG009": -74644.45922306828,
  "XM-DAC-21018-MDRPG010": -192976.4829351337,
  "XM-DAC-21018-MDRPH026": -3.6328125e-23,
  "XM-DAC-21018-MDRPH028": -349568.87136347895,
  "XM-DAC-21018-MDRPH030": -311590.46878397185,
  "XM-DAC-21018-MDRPH031": -5804.691140703845,
  "XM-DAC-21018-MDRPH033": -163542.4133772102,
  "XM-DAC-21018-MDRPH034": -109386.21859858844,
  "XM-DAC-21018-MDRPH035": -367750.360755983,
  "XM-DAC-21018-MDRPH036": -244363.90466621445,
  "XM-DAC-21018-MDRPH037": -51524.11076383847,
  "XM-DAC-21018-MDRPK015": -327663.4478327679,
  "XM-DAC-21018-MDRPK016": -162656.66844493998,
  "XM-DAC-21018-MDRPK017": -135964.03412800594,
  "XM-DAC-21018-MDRPY018": -224276.08441213507,
  "XM-DAC-21018-MDRPY019": -137422.8779017003,
  "XM-DAC-21018-MDRPY020": -315271.6137873644,
  "XM-DAC-21018-MDRRS013": -196675.83491768956,
  "XM-DAC-21018-MDRRU022": -78669.64505435072,
  "XM-DAC-21018-MDRRU023": -316715.4655079458,
  "XM-DAC-21018-MDRRU025": -184056.8783754557,
  "XM-DAC-21018-MDRRW017": -158102.4523163945,
  "XM-DAC-21018-MDRSD022": -195716.82466386116,
  "XM-DAC-21018-MDRSD026": -456402.18717018,
  "XM-DAC-21018-MDRSD027": -280380.91804175137,
  "XM-DAC-21018-MDRSL008": -189278.22446483996,
  "XM-DAC-21018-MDRSN011": -164026.83930930367,
  "XM-DAC-21018-MDRSN016": -222149.2030624244,
  "XM-DAC-21018-MDRSO007": -336217.84116716246,
  "XM-DAC-21018-MDRSS007": -276371.1726036092,
  "XM-DAC-21018-MDRSS008": -148614.8774878015,
  "XM-DAC-21018-MDRSS009": -273378.06551550614,
  "XM-DAC-21018-MDRSV012": -129723.589285993,
  "XM-DAC-21018-MDRSV013": -197865.57625881303,
  "XM-DAC-21018-MDRSY004": -546756.1310310123,
  "XM-DAC-21018-MDRTD017": -321164.8356808048,
  "XM-DAC-21018-MDRTG008": -68038.33294549916,
  "XM-DAC-21018-MDRTJ027": -142677.78388240718,
  "XM-DAC-21018-MDRTJ028": -161498.63895941628,
  "XM-DAC-21018-MDRTN008": -281466.23989697057,
  "XM-DAC-21018-MDRTT001": -230162.3406324661,
  "XM-DAC-21018-MDRTZ021": -195449.82177483346,
  "XM-DAC-21018-MDRTZ022": -49441.954065646176,
  "XM-DAC-21018-MDRTZ023": -137243.4434746185,
  "XM-DAC-21018-MDRTZ024": -137594.46091074042,
  "XM-DAC-21018-MDRTZ025": -91231.72802383472,
  "XM-DAC-21018-MDRUA009": -119251.88622691203,
  "XM-DAC-21018-MDRUG041": -403927.02692178095,
  "XM-DAC-21018-MDRUG042": -165165.18557411025,
  "XM-DAC-21018-MDRVN018": -327625.02181187907,
  "XM-DAC-21018-MDRVU006": -289805.05822402216,
  "XM-DAC-21018-MDRVU007": -132233.63733233017,
  "XM-DAC-21018-MDRWS002": -78553.5468574876,
  "XM-DAC-21018-MDRYE007": -249222.37964655602,
  "XM-DAC-21018-MDRZA008": -222281.51804613392,
  "XM-DAC-21018-MDRZM012": -273378.06551550614,
  "XM-DAC-21018-MDRZW013": -217546.41311919817,
  "XM-DAC-21018-MDRZW014": -250572.86729020262
}