{
  "XI-IATI-EC_FPI-2011/267-226": 2313681.641550666,
  "XI-IATI-EC_FPI-2011/278-762": 1988143.6983324005,
  "XI-IATI-EC_FPI-2012/24364/0": 15095929.044289842,
  "XI-IATI-EC_FPI-2012/290-543": 252123.3409866384,
  "XI-IATI-EC_FPI-2012/302-773": 6178394.16491958,
  "XI-IATI-EC_FPI-2012/302-861": 2760769.597295189,
  "XI-IATI-EC_FPI-2012/304-123": 387958.67351160763,
  "XI-IATI-EC_FPI-2012/308-322": 2348531.481587681,
  "XI-IATI-EC_FPI-2013/333-960": 1359960.5964930365,
  "XI-IATI-EC_FPI-2013/334-369": 2469145.490138264,
  "XI-IATI-EC_FPI-2014/339-853": 2794.4521352144893,
  "XI-IATI-EC_FPI-2014/37865/0": 5631362.257755997,
  "XI-IATI-EC_FPI-2015/354-730": 2858081.409774997,
  "XI-IATI-EC_FPI-2015/356-074": 2773280.847981,
  "XI-IATI-EC_FPI-2015/367-030": 3841136.542538612,
  "XI-IATI-EC_FPI-2015/38648/1": 7725507.897904417,
  "XI-IATI-EC_FPI-2015/38989/0": 4648389.016326674,
  "XI-IATI-EC_FPI-2016/373-216": 4648389.016326673,
  "XI-IATI-EC_FPI-2016/378-325": 5750570.939184322,
  "XI-IATI-EC_FPI-2016/381-261": 3666949.703446935,
  "XI-IATI-EC_FPI-2016/381-817": 1320818.9691448396,
  "XI-IATI-EC_FPI-2016/39630/0": 6041301.72418637,
  "XI-IATI-EC_FPI-2016/40023/0": 8036017.458866975,
  "XI-IATI-EC_FPI-2016/40038/0": 1045191.3845983495,
  "XI-IATI-EC_FPI-2017/381-310": 4999448.095437672,
  "XI-IATI-EC_FPI-2017/381-361": 1045191.3845983495,
  "XI-IATI-EC_FPI-2017/388-017": 2190327.6896111863,
  "XI-IATI-EC_FPI-2017/388-042": 2353242.9422328067,
  "XI-IATI-EC_FPI-2017/40733/0": 3774696.6128867054,
  "XI-IATI-EC_FPI-2017/40870/0": 18195122.928994387,
  "XI-IATI-EC_FPI-2018/395-667": 8769867.951320473,
  "XI-IATI-EC_FPI-2018/395-884": 9296778.138902241,
  "XI-IATI-EC_FPI-2018/400-819": 5018060.789797331,
  "XI-IATI-EC_FPI-2018/402-070": 1614507.4842684448,
  "XI-IATI-EC_FPI-2018/41647/0": 35062134.69528845,
  "XI-IATI-EC_FPI-2019/404-893": 5544005.905402723,
  "XI-IATI-EC_FPI-2019/404-909": 15354669.737898584,
  "XI-IATI-EC_FPI-2019/405-465": 1792950.069645432,
  "XI-IATI-EC_FPI-2019/405-994": 1062488.930160256,
  "XI-IATI-EC_FPI-2019/406-646": 3698912.7969929553,
  "XI-IATI-EC_FPI-2019/42055/0": 5046822.418261217,
  "XI-IATI-EC_FPI-2020/416-011": 2134985.7755814823,
  "XI-IATI-EC_FPI-2020/416-169": 4249955.720641024,
  "XI-IATI-EC_FPI-2020/419-767": 709108.1932068523,
  "XI-IATI-EC_FPI-2020/420-179": 3104673.668709193,
  "XI-IATI-EC_FPI-2020/42755/0": 7703044.743661857,
  "XI-IATI-EC_FPI-2020/42970/0": 4648389.069451121,
  "XI-IATI-EC_FPI-2021/427-481": 1732333.0972941571,
  "XI-IATI-EC_FPI-2021/427-789": 7150631.514759448,
  "XI-IATI-EC_FPI-2021/428-319": 6640555.813501601,
  "XI-IATI-EC_FPI-2021/43547/0": 19257611.85915464,
  "XI-IATI-EC_FPI-2022/431-291": 3030175.929259844,
  "XI-IATI-EC_FPI-2022/44247/1": 19921667.4405048,
  "XI-IATI-EC_FPI-2022/44295/1": 11953000.46430288
}