{
  "DE-1-199566118": 17061417.18812526,
  "DE-1-199865064": 5088746.046453538,
  "DE-1-199865973": 11810161.002559183,
  "DE-1-199867235": 18017002.0119344,
  "DE-1-200065110": 14078540.663942596,
  "DE-1-200066498": 11058639.709067004,
  "DE-1-200070102": 612110.4626086486,
  "DE-1-200070243": 656412.8197878964,
  "DE-1-200165761": 5787900.580412856,
  "DE-1-200265181": 11370372.549019592,
  "DE-1-200265934": 11560407.529411733,
  "DE-1-200270298": 568518.6274509797,
  "DE-1-200365031": 12298305.882352905,
  "DE-1-200365072": 23867592.156862706,
  "DE-1-200365080": 16583920.147058828,
  "DE-1-200365098": 29360981.72997171,
  "DE-1-200365114": 11861359.062842747,
  "DE-1-200365122": 24184774.268387754,
  "DE-1-200365130": 16097123.43491609,
  "DE-1-200365148": 24878046.332046393,
  "DE-1-200365890": 6786962.352941163,
  "DE-1-200370056": 4432753.40884234,
  "DE-1-200370254": 1844745.8823529358,
  "DE-1-200370387": 1284809.4916344946,
  "DE-1-200370627": 514480.62018320814,
  "DE-1-200466243": 13494894.117647057,
  "DE-1-200470435": 995592.73893797,
  "DE-1-200470526": 771777.3170061783,
  "DE-1-200565267": 12555988.2352941,
  "DE-1-200565507": 19162749.647058822,
  "DE-1-200565796": 21180432.611581605,
  "DE-1-200570390": 5128059.764705882,
  "DE-1-200665125": 8133568.580392181,
  "DE-1-200665265": 13704780.392156906,
  "DE-1-200665273": 43186749.321078494,
  "DE-1-200665281": 19888634.555759832,
  "DE-1-200665299": 47700742.953814395,
  "DE-1-200670075": 1986166.713725496,
  "DE-1-200718858-0": 685239.0196078452,
  "DE-1-200720623": 19833372.978751846,
  "DE-1-200760165-0": 274095.6078431381,
  "DE-1-200765081": 16795537.518382322,
  "DE-1-200765545": 31317756.871170282,
  "DE-1-200765560": 16778832.812500015,
  "DE-1-200765578": 22924303.124999993,
  "DE-1-200765586": 8596613.671874996,
  "DE-1-200830091-0": 544179.5234374999,
  "DE-1-200830133-0": 102952.88281249999,
  "DE-1-200830141-0": 147075.54687499997,
  "DE-1-200831115-0": 173549.14531249998,
  "DE-1-200831156-0": 125014.21484374997,
  "DE-1-200831578-0": 132367.99218749997,
  "DE-1-200831594-0": 110306.66015624999,
  "DE-1-200832113-0": 169136.87890624997,
  "DE-1-200833343-0": 183844.43359374997,
  "DE-1-200833822-0": 147075.54687499997,
  "DE-1-200833947-0": 95599.10546874999,
  "DE-1-200865378": 24484491.79687502,
  "DE-1-200875476-0": 664781.4718749999,
  "DE-1-200921080": 18544657.67143337,
  "DE-1-200921098": 15935734.768733365,
  "DE-1-200930495-0": 181321.71484374988,
  "DE-1-200930529-0": 97634.76953124994,
  "DE-1-200930552-0": 132504.3300781249,
  "DE-1-200931253-0": 146452.1542968749,
  "DE-1-200931261-0": 89266.07499999994,
  "DE-1-200931287-0": 111582.59374999993,
  "DE-1-200931311-0": 223165.18749999985,
  "DE-1-200932921-0": 121346.07070312492,
  "DE-1-200933135-0": 266403.4425781248,
  "DE-1-200933473-0": 976347.6953124994,
  "DE-1-200965483": 106168698.03921561,
  "DE-1-200965491": 52210106.770833395,
  "DE-1-200965509": 81530157.5875488,
  "DE-1-200965517": 55734753.49586579,
  "DE-1-200966481": 26542174.509803902,
  "DE-1-200966879": 11943978.529411756,
  "DE-1-200970152": 4084924.80928308,
  "DE-1-200970434": 2174137.535667968,
  "DE-1-200974956-0": 906608.5742187494,
  "DE-1-201018704-0": 662858.3333333347,
  "DE-1-201030410-0": 192228.91666666706,
  "DE-1-201031152-0": 180297.46666666702,
  "DE-1-201032333-0": 174994.60000000036,
  "DE-1-201032341-0": 119314.50000000023,
  "DE-1-201032861-0": 119314.50000000023,
  "DE-1-201033976-0": 331429.1666666673,
  "DE-1-201034248-0": 30818.93535000006,
  "DE-1-201034461-0": 125280.22500000025,
  "DE-1-201066711": 23121458.24576953,
  "DE-1-201075548-0": 556801.0000000012,
  "DE-1-201075555-0": 596572.5000000012,
  "DE-1-201075829-0": 386963.5603112848,
  "DE-1-201075837-0": 637669.716666668,
  "DE-1-201106079-0": 112467.68770963057,
  "DE-1-201110006-0": 3300633.526780162,
  "DE-1-201115674-0": 118316.1964980547,
  "DE-1-201130608-0": 306230.15564202395,
  "DE-1-201130665-0": 146155.3015564205,
  "DE-1-201130780-0": 173994.40661478633,
  "DE-1-201130806-0": 83517.31517509744,
  "DE-1-201130855-0": 105788.59922179008,
  "DE-1-201131630-0": 125275.97276264615,
  "DE-1-201133305-0": 111356.42023346324,
  "DE-1-201133412-0": 208793.2879377436,
  "DE-1-201166586": 35974082.81250001,
  "DE-1-201174663-0": 278391.0505836581,
  "DE-1-201175066-0": 556782.1011673162,
  "DE-1-201175686-0": 630555.7295719857,
  "DE-1-201198423-0": 835173.1517509744,
  "DE-1-201206291-0": 107922.24843750003,
  "DE-1-201210145-0": 770873.2031250002,
  "DE-1-201222421": 13297913.76304957,
  "DE-1-201222439": 17951195.634943265,
  "DE-1-201222447": 4648413.137254915,
  "DE-1-201222751": 7645384.990797409,
  "DE-1-201222769": 6640590.1960784495,
  "DE-1-201226018-0": 972588.8789753909,
  "DE-1-201230044-0": 167022.52734375006,
  "DE-1-201230150-0": 192718.30078125006,
  "DE-1-201230655-0": 147750.69726562503,
  "DE-1-201230853-0": 89935.20703125003,
  "DE-1-201230861-0": 161883.37265625005,
  "DE-1-201232495-0": 285223.0851562501,
  "DE-1-201232586-0": 102783.09375000003,
  "DE-1-201233527-0": 231261.96093750006,
  "DE-1-201234301-0": 48178.29040664064,
  "DE-1-201265107": 35989854.94144013,
  "DE-1-201265115": 47039210.211396985,
  "DE-1-201265156": 37628832.44419535,
  "DE-1-201265164": 12847886.718750004,
  "DE-1-201266295": 47044112.76706921,
  "DE-1-201266303": 48049471.550791055,
  "DE-1-201266451": 32445959.709660184,
  "DE-1-201266782": 52258134.221813805,
  "DE-1-201270040": 5226578.912377442,
  "DE-1-201274398-0": 642394.3359375001,
  "DE-1-201274968-0": 513915.4687500001,
  "DE-1-201275056-0": 912199.9570312502,
  "DE-1-201306000-0": 49262.55431058837,
  "DE-1-201306083-0": 565674.6914988251,
  "DE-1-201306414-0": 49804.426470588376,
  "DE-1-201306422-0": 57039.74792462761,
  "DE-1-201315654-0": 64508.02128274528,
  "DE-1-201316538-0": 29524.06401176479,
  "DE-1-201322403": 2656236.07843138,
  "DE-1-201322502": 2656236.07843138,
  "DE-1-201330588-0": 225780.0666666673,
  "DE-1-201332782-0": 191248.99764705935,
  "DE-1-201334051-0": 376622.4010886285,
  "DE-1-201334408-0": 637244.3163960802,
  "DE-1-201373968-0": 564450.1666666683,
  "DE-1-201375021-0": 503356.7368627465,
  "DE-1-201375039-0": 382497.9952941187,
  "DE-1-201375393-0": 237733.1290196085,
  "DE-1-201375401-0": 1195306.2352941209,
  "DE-1-201375419-0": 743746.1019607864,
  "DE-1-201398437-0": 476963.04706941306,
  "DE-1-201406362-0": 29306.727301960684,
  "DE-1-201406495-0": 44332.071172548865,
  "DE-1-201406917-0": 478260.28235293954,
  "DE-1-201415710-0": 48194.022952548854,
  "DE-1-201416585-0": 49818.77941176453,
  "DE-1-201424704": 5314003.137254884,
  "DE-1-201430321-0": 172705.1019607837,
  "DE-1-201430453-0": 212560.12549019535,
  "DE-1-201432632-0": 148792.08784313675,
  "DE-1-201432640-0": 112524.01643137216,
  "DE-1-201432657-0": 172705.1019607837,
  "DE-1-201432665-0": 240458.64196078348,
  "DE-1-201434042-0": 129528.82647058778,
  "DE-1-201434216-0": 633499.5845023508,
  "DE-1-201439371-0": 120893.5713725486,
  "DE-1-201439652-0": 132850.0784313721,
  "DE-1-201439678-0": 216545.6278431365,
  "DE-1-201439694-0": 116908.06901960744,
  "DE-1-201474972-0": 544685.3215686255,
  "DE-1-201474980-0": 349395.7062745086,
  "DE-1-201475672-0": 557970.3294117628,
  "DE-1-201476084-0": 863525.5098039185,
  "DE-1-201506161-0": 49818.77941176453,
  "DE-1-201506328-0": 42148.01588313711,
  "DE-1-201515717-0": 24211.926794117564,
  "DE-1-201515899-0": 39855.02352941163,
  "DE-1-201516509-0": 47848.61274862728,
  "DE-1-201516574-0": 49845.349427450805,
  "DE-1-201516798-0": 42796.324265882206,
  "DE-1-201521772": 12865128.687171029,
  "DE-1-201521780": 14202737.247741755,
  "DE-1-201521806": 8294421.127629313,
  "DE-1-201521814": 3985502.3529411624,
  "DE-1-201521848": 41980624.78431358,
  "DE-1-201530476-0": 265700.1568627442,
  "DE-1-201530567-0": 175362.10352941116,
  "DE-1-201531193-0": 464975.2745098023,
  "DE-1-201531755-0": 563284.3325490176,
  "DE-1-201532191-0": 70410.5415686272,