{
  "mml": {
    "GB-COH-1110949-209403564-001": 2428451.38,
    "GB-COH-1110949-383141": 384056235.6963336,
    "GB-COH-1110949-414243": 86654900.38804674
  }
}