{
  "ES-DIR3-E04585801-009-002817": 8863.971050583674,
  "ES-DIR3-E04585801-009-002929": 12920.128657587573,
  "ES-DIR3-E04585801-009-003695": 300607.4080760706,
  "ES-DIR3-E04585801-009-005649": 139056.32976653724,
  "ES-DIR3-E04585801-009-027901": 3536368.108638139,
  "ES-DIR3-E04585801-009-027903": 1546361.0351671237,
  "ES-DIR3-E04585801-009-027905": 801020.1376653712,
  "ES-DIR3-E04585801-009-028215": 4175865.758754872,
  "ES-DIR3-E04585801-009-028447": 2494.0497439688766,
  "ES-DIR3-E04585801-009-028625": 26879.157037743244,
  "ES-DIR3-E04585801-009-028707": 2494.0497439688766,
  "ES-DIR3-E04585801-009-029187": 50110.389105058464,
  "ES-DIR3-E04585801-009-029305": 2494.0497439688766,
  "ES-DIR3-E04585801-009-029331": 147547.2568093388,
  "ES-DIR3-E04585801-009-030069": 2494.0497439688766,
  "ES-DIR3-E04585801-009-030407": 2494.0497439688766,
  "ES-DIR3-E04585801-009-030481": 56791.77431906626,
  "ES-DIR3-E04585801-009-030759": 30066.233463035078,
  "ES-DIR3-E04585801-009-030873": 6542885.666342425,
  "ES-DIR3-E04585801-009-031171": 2494.0497439688766,
  "ES-DIR3-E04585801-009-031405": 3519.892926264598,
  "ES-DIR3-E04585801-009-031615": 66591.13929961102,
  "ES-DIR3-E04585801-009-031707": 2494.0497439688766,
  "ES-DIR3-E04585801-009-031737": 198673.7732490276,
  "ES-DIR3-E04585801-009-032011": 2494.0497439688766,
  "ES-DIR3-E04585801-009-032025": 10317.812634046712,
  "ES-DIR3-E04585801-009-032295": 25055.194552529232,
  "ES-DIR3-E04585801-009-032345": 2494.0497439688766,
  "ES-DIR3-E04585801-009-032695": 139195.52529182905,
  "ES-DIR3-E04585801-009-032879": 2494.0497439688766,
  "ES-DIR3-E04585801-009-032967": 139195.52529182905,
  "ES-DIR3-E04585801-009-033373": 14941.999340661509,
  "ES-DIR3-E04585801-009-033611": 60132.466926070156,
  "ES-DIR3-E04585801-009-033617": 27839.10505836581,
  "ES-DIR3-E04585801-009-033873": 66813.85214007794,
  "ES-DIR3-E04585801-009-034459": 2494.0497439688766,
  "ES-DIR3-E04585801-009-035555": 60132.466926070156,
  "ES-DIR3-E04585801-009-035619": 1530329.5246108978,
  "ES-DIR3-E04585801-009-035745": 2494.0497439688766,
  "ES-DIR3-E04585801-009-035855": 83517.31517509744,
  "ES-DIR3-E04585801-009-036499": 707670.050583659,
  "ES-DIR3-E04585801-009-036967": 50110.389105058464,
  "ES-DIR3-E04585801-009-037183": 248264.79601011722,
  "ES-DIR3-E04585801-009-037475": 30066.233463035078,
  "ES-DIR3-E04585801-009-037897": 2494.0497439688766,
  "ES-DIR3-E04585801-009-037935": 97436.86770428035,
  "ES-DIR3-E04585801-009-038837": 69597.76264591452,
  "ES-DIR3-E04585801-009-039295": 10531.533443579787,
  "ES-DIR3-E04585801-009-039615": 2494.0497439688766,
  "ES-DIR3-E04585801-009-040099": 58462.1206225682,
  "ES-DIR3-E04585801-009-040541": 2494.0497439688766,
  "ES-DIR3-E04585801-009-040587": 2494.0497439688766,
  "ES-DIR3-E04585801-009-040629": 99679.86439883287,
  "ES-DIR3-E04585801-009-040903": 78074.77013618693,
  "ES-DIR3-E04585801-009-041111": 22942.206478599266,
  "ES-DIR3-E04585801-009-041199": 2494.0497439688766,
  "ES-DIR3-E04585801-009-041503": 4683.428322178997,
  "ES-DIR3-E04585801-009-041541": 11135.642023346325,
  "ES-DIR3-E04585801-009-041613": 47326.47859922188,
  "ES-DIR3-E04585801-009-042041": 2494.0497439688766,
  "ES-DIR3-E04585801-009-042597": 139195.52529182905,
  "ES-DIR3-E04585801-009-043315": 521816.1852140088,
  "ES-DIR3-E04585801-009-043391": 1013900.2062256829,
  "ES-DIR3-E04585801-009-044047": 1768184.0543190695,
  "ES-DIR3-E04585801-009-044463": 8657.196097762662,
  "ES-DIR3-E04585801-009-044989": 2494.0497439688766,
  "ES-DIR3-E04585801-009-045349": 2494.0497439688766,
  "ES-DIR3-E04585801-009-045801": 55678.21011673162,
  "ES-DIR3-E04585801-009-045873": 58462.1206225682,
  "ES-DIR3-E04585801-009-046815": 2494.0497439688766,
  "ES-DIR3-E04585801-009-046909": 2296279.3496789928,
  "ES-DIR3-E04585801-009-047279": 213425.32654597575,
  "ES-DIR3-E04585801-009-048299": 7950.567802957033,
  "ES-DIR3-E04585801-009-049085": 5620.950439453127,
  "ES-DIR3-E04585801-009-049629": 3083.492812500001,
  "ES-DIR3-E04585801-009-049781": 28540.80947250001,
  "ES-DIR3-E04585801-009-050243": 11288.153271093754,
  "ES-DIR3-E04585801-009-050657": 13720.676390345052,
  "ES-DIR3-E04585801-009-051175": 13950.813554121098,
  "ES-DIR3-E04585801-009-051409": 1928.5191880312505,
  "ES-DIR3-E04585801-009-051411": 3857.038376062501,
  "ES-DIR3-E04585801-009-051413": 1928.5191880312505,
  "ES-DIR3-E04585801-009-051415": 1928.5191880312505,
  "ES-DIR3-E04585801-009-051477": 1091656.4892709926,
  "ES-DIR3-E04585801-009-051533": 92327.48353828127,
  "ES-DIR3-E04585801-009-051675": 11133.644585414066,
  "ES-DIR3-E04585801-009-051809": 51222.34020691408,
  "ES-DIR3-E04585801-009-052067": 3113.4797801015634,
  "ES-DIR3-E04585801-009-052915": 5314.887411962462,
  "ES-DIR3-E04585801-009-053143": 17088.97412460938,
  "ES-DIR3-E04585801-009-053445": 3264103.2648375006,
  "ES-DIR3-E04585801-009-053447": 1427306.7589251332,
  "ES-DIR3-E04585801-009-053557": 5139154.687500001,
  "ES-DIR3-E04585801-009-053691": 1638087.5695992191,
  "ES-DIR3-E04585801-009-053927": 3467721.7127109384,
  "ES-DIR3-E04585801-009-054091": 1798704.1406250005,
  "ES-DIR3-E04585801-009-059421": 2247.204287806437,
  "ES-DIR3-E04585801-009-059453": 19856.01063933985,
  "ES-DIR3-E04585801-009-059505": 53961.12421875002,
  "ES-DIR3-E04585801-009-059511": 21175.886889843754,
  "ES-DIR3-E04585801-009-060053": 8222.647500000003,
  "ES-DIR3-E04585801-009-062139": 10278.309375000003,
  "ES-DIR3-E04585801-009-063313": 20556.618750000005,
  "ES-DIR3-E04585801-009-063769": 12691.828012254937,
  "ES-DIR3-E04585801-009-063813": 5940.199689411763,
  "ES-DIR3-E04585801-009-064619": 8765.579058823554,
  "ES-DIR3-E04585801-009-064753": 4845.678509619622,
  "ES-DIR3-E04585801-009-064843": 7139.716220611762,
  "ES-DIR3-E04585801-009-065173": 2413.0576654509873,
  "ES-DIR3-E04585801-009-065305": 440.2385899058808,
  "ES-DIR3-E04585801-009-065359": 92970.42284360806,
  "ES-DIR3-E04585801-009-065555": 38918.533524517756,
  "ES-DIR3-E04585801-009-065687": 127517.70352941172,
  "ES-DIR3-E04585801-009-065691": 13283.094117647055,
  "ES-DIR3-E04585801-009-065799": 14421.303322921609,
  "ES-DIR3-E04585801-009-066055": 77670.48120337668,
  "ES-DIR3-E04585801-009-066057": 22516.408552007902,
  "ES-DIR3-E04585801-009-066169": 22438.288648941238,
  "ES-DIR3-E04585801-009-067131": 79687.08235294139,
  "ES-DIR3-E04585801-009-067527": 6552.668781882371,
  "ES-DIR3-E04585801-009-067561": 384655.46992410306,
  "ES-DIR3-E04585801-009-067923": 3572.637525490206,
  "ES-DIR3-E04585801-009-067947": 3540.7626925490295,
  "ES-DIR3-E04585801-009-074085": 18596.331764705876,
  "ES-DIR3-E04585801-009-074901": 8399.415769411778,
  "ES-DIR3-E04585801-009-075739": 21890.57276956869,
  "ES-DIR3-E04585801-009-075815": 50468.48549019622,
  "ES-DIR3-E04585801-009-076799": 1925771.1568627504,
  "ES-DIR3-E04585801-009-077265": 10963.68081962748,
  "ES-DIR3-E04585801-009-077347": 12738.32542480788,
  "ES-DIR3-E04585801-009-077449": 318748.32941176556,
  "ES-DIR3-E04585801-009-077451": 318748.32941176556,
  "ES-DIR3-E04585801-009-077453": 26562.360784313798,
  "ES-DIR3-E04585801-009-077455": 26562.360784313798,
  "ES-DIR3-E04585801-009-077661": 502.0286188235308,
  "ES-DIR3-E04585801-009-077677": 4338.961634117659,
  "ES-DIR3-E04585801-009-077725": 21471.12653042359,
  "ES-DIR3-E04585801-009-079814": 3185.7448807843025,
  "ES-DIR3-E04585801-009-080654": 27898.51647058814,
  "ES-DIR3-E04585801-009-081032": 4981877.941176454,
  "ES-DIR3-E04585801-009-081252": 292270.17254901864,
  "ES-DIR3-E04585801-009-082782": 26570.01568627442,
  "ES-DIR3-E04585801-009-082830": 93526.45521568594,
  "ES-DIR3-E04585801-009-083330": 7846.3381922823255,
  "ES-DIR3-E04585801-009-083788": 8353.214381529382,
  "ES-DIR3-E04585801-009-084362": 397113.4882658967,
  "ES-DIR3-E04585801-009-084554": 105897.45451921532,
  "ES-DIR3-E04585801-009-084764": 492873.7909803905,
  "ES-DIR3-E04585801-009-086245": 21896.881327372474,