{
  "GB-COH-4884328-G285": 24867.498674472045,
  "GB-COH-4884328-G321": 44880.40608214525,
  "GB-COH-4884328-G328": 12540.0,
  "GB-COH-4884328-G333": 89362.09490027145,
  "GB-COH-4884328-G350": 64000.0,
  "GB-COH-4884328-G351": 26123.933289203673
}