{
  "GB-1-202339-105": 416572.6469275641,
  "GB-1-202339-108": 1602202.488182939,
  "GB-1-202339-109": 2456097.0794294104,
  "GB-1-202339-110": 1076810.961914683,
  "GB-1-202339-111": 9613214.929097634,
  "GB-1-202339-112": 786564.2923870173,
  "GB-1-202353-101": 1313876.5374658504,
  "GB-1-202353-104": 16439.64294656798,
  "GB-1-202486-103": 2826812.899345598,
  "GB-1-202486-105": 352277.1672961238,
  "GB-1-202486-107": 526966.7095136975,
  "GB-1-202486-108": 108618.09786949787,
  "GB-1-202486-111": 1551229.8050860863,
  "GB-1-202486-114": 248796.49323117454,
  "GB-1-202486-115": 2546.663116363478,
  "GB-1-202486-118": 602380.8695053126,
  "GB-1-202486-120": 66321.2047932844,
  "GB-1-202523-103": 499887.1763130769,
  "GB-1-203236-111": 1305363.3422395212,
  "GB-1-203236-112": 1489786.2231157385,
  "GB-1-203236-113": 1189701.1935370797,
  "GB-1-203620-101": 360497.0806910276,
  "GB-1-203620-103": 5445035.4259993965,
  "GB-1-203646-103": 2959585.3968845243,
  "GB-1-203646-104": 5091363.763667295,
  "GB-1-203789-101": 1057906.6675375751,
  "GB-1-204267-101": 10763492.037735395,
  "GB-1-204267-103": 293309.70898298663,
  "GB-1-204304-102": 806417.3837255138,
  "GB-1-204304-103": 1191165.0897540755,
  "GB-1-204305-103": 658187.4279433986,
  "GB-1-204308-102": 444201.6089415845,
  "GB-1-204308-105": 866560.4377520162,
  "GB-1-204309-101": 216795.4204845665,
  "GB-1-204309-102": 1288964.3112724577,
  "GB-1-204310-101": 116760.80424858906,
  "GB-1-204527-101": 6910967.993405686,
  "GB-1-205137-101": 6581874.279433986,
  "GB-1-205137-102": 244259.93638407465,
  "GB-1-205137-103": 183313.42602508582,
  "GB-GOV-1-300315-101": 3290937.139716993,
  "GB-GOV-1-300315-102": 2797296.568759444,
  "GB-GOV-1-300315-103": 119556.45534877865,
  "GB-GOV-1-300456-101": 11024639.418051926,
  "GB-GOV-1-300456-102": 3290937.139716993,
  "GB-GOV-1-301068-101": 5759139.994504738,
  "GB-GOV-1-301068-102": 2879569.997252369,
  "GB-GOV-1-301371-114": 23107.31512652287
}