{
  "ES-DIR3-E04585801-009-028947": 6124.603112840478,
  "ES-DIR3-E04585801-009-030159": 13246.542164396913,
  "ES-DIR3-E04585801-009-039483": 45986.55463365767,
  "ES-DIR3-E04585801-009-039637": 105231.81712062277,
  "ES-DIR3-E04585801-009-041193": 45099.350194552615,
  "ES-DIR3-E04585801-009-042145": 20044.155642023383,
  "ES-DIR3-E04585801-009-043709": 364894.1654544754,
  "ES-DIR3-E04585801-009-051011": 835.0098536250001,
  "ES-DIR3-E04585801-009-052375": 431292.40518276574,
  "ES-DIR3-E04585801-009-064529": 6510.381503513743,
  "ES-DIR3-E04585801-009-065239": 16256.43042360789,
  "ES-DIR3-E04585801-009-066055": 217160.3680932712,
  "ES-DIR3-E04585801-009-066057": 1211556.4501253052,
  "ES-DIR3-E04585801-009-066169": 64331.38158352959,
  "ES-DIR3-E04585801-009-067979": 494419.5383908955,
  "ES-DIR3-E04585801-009-082934": 398.55023529411625,
  "ES-DIR3-E04585801-009-084664": 493935.60851726105,
  "ES-DIR3-E04585801-009-087484": 21129.512704337183,
  "ES-DIR3-E04585801-009-089676": 246738.51830826583,
  "ES-DIR3-E04585801-009-089761": 371.99350461568497,
  "ES-DIR3-E04585801-009-089978": 2391.3014117646976,
  "ES-DIR3-E04585801-009-089991": 42264.25970176456,
  "ES-DIR3-E04585801-009-089992": 135081.95974901915,
  "ES-DIR3-E04585801-009-089993": 410211.4166285868,
  "ES-DIR3-E04585801-009-090907": 6482.884552333311,
  "ES-DIR3-E04585801-009-093076": 20990.604662329337
}