{
  "XM-DAC-46004-37530-013-GRNT0072": 15925679.049999999,
  "XM-DAC-46004-37530-013-LN2313": 11773983.81,
  "XM-DAC-46004-38236-012-GRNT0023": 992378.32,
  "XM-DAC-46004-38236-022-GRNT0154": 39999854.620000005,
  "XM-DAC-46004-38236-022-LN2196": 62098974.7,
  "XM-DAC-46004-38603-013-GRNT0061": 9918561.35,
  "XM-DAC-46004-38603-013-LN2271": 11056216.38,
  "XM-DAC-46004-39676-023-GRNT0085": 24958599.509999998,
  "XM-DAC-46004-39676-023-LN2359": 83138370.67,
  "XM-DAC-46004-40043-013-LN2303": 41107166.620000005,
  "XM-DAC-46004-40046-013-LN2356": 45105261.98,
  "XM-DAC-46004-42052-022-GRNT0245": 239939061.92000002,
  "XM-DAC-46004-42189-012-GRNT0124": 109525344.29,
  "XM-DAC-46004-43098-012-GRNT0152": 80000000.0,
  "XM-DAC-46004-43150-022-GRNT0213": 232524336.89,
  "XM-DAC-46004-44061-012-GRNT0251": 90000000.0,
  "XM-DAC-46004-45229-001-GRNT0346": 19646959.65,
  "XM-DAC-46004-45432-002-GRNT0301": 191029268.83,
  "XM-DAC-46004-46124-001-GRNT0341": 14603075.78,
  "XM-DAC-46004-46418-001-GRNT0376": 191946635.79,
  "XM-DAC-46004-46535-001-GRNT0452": 24686256.76,
  "XM-DAC-46004-46535-001-LN3309": 29365366.5,
  "XM-DAC-46004-46543-002-GRNT0356": 114108955.01,
  "XM-DAC-46004-47017-003-GRNT0417": 72108186.02,
  "XM-DAC-46004-47099-002-GRNT0463": 106800000.0,
  "XM-DAC-46004-47099-002-LN3343": 13152162.4,
  "XM-DAC-46004-47099-004-GRNT0530": 19240000.0,
  "XM-DAC-46004-47099-004-LN3513": 62373705.230000004,
  "XM-DAC-46004-47181-002-GRNT0498": 6825299.11,
  "XM-DAC-46004-47181-002-LN3434": 34209498.49,
  "XM-DAC-46004-47181-003-GRNT0576": 7155504.7,
  "XM-DAC-46004-47181-004-GRNT0740": 18624915.06,
  "XM-DAC-46004-49042-004-GRNT0509": 18232043.91,
  "XM-DAC-46004-49042-004-LN3451": 89212490.13,
  "XM-DAC-46004-49042-005-GRNT0569": 115832925.69,
  "XM-DAC-46004-50347-002-GRNT0612": 50119696.41,
  "XM-DAC-46004-51010-002-GRNT0627": 34731537.58,
  "XM-DAC-46004-51011-003-GRNT0714": 31233612.76,
  "XM-DAC-46004-51066-001-GRNT0782": 50000000.0,
  "XM-DAC-46004-52042-001-GRNT0683": 123877710.86,
  "XM-DAC-46004-52106-001-GRNT0614": 13957559.11,
  "XM-DAC-46004-52122-001-GRNT0622": 44097425.91,
  "XM-DAC-46004-53109-001-GRNT0810": 30000000.0,
  "XM-DAC-46004-53242-001-GRNT6022": 10828240.77,
  "XM-DAC-46004-53315-001-GRNT0777": 40000000.0,
  "XM-DAC-46004-53315-001-GRNT0778": 86117267.79,
  "XM-DAC-46004-54005-001-GRNT0752": 81055689.75,
  "XM-DAC-46004-54156-001-GRNT0706": 50000000.0,
  "XM-DAC-46004-55078-001-GRNT0791": 25000000.0
}