{
  "wemos": {
    "NL-KVK-41201644-10275": 43027794.827818014,
    "NL-KVK-41201644-10314": 10216441.994625704
  }
}