{
  "wemos": {
    "NL-KVK-41201644-10275": 43040417.68598887,
    "NL-KVK-41201644-10314": 10219439.143301925
  }
}