{
  "US-EIN-134166228-GB-COH-06274284-TEA2 - Pioneer Energy Investment Initiative 2": {
    "acumen-activities.xml": 62654.026177837164
  },
  "US-EIN-134166228-GB-GOV-1-300632-102": {
    "acumen-activities.xml": 2901356.7891946826
  }
}