{
  "KR-GOV-320-9760000_2022_001": 183707.2801083001,
  "KR-GOV-320-9760000_2022_002": 152366.83083492666,
  "KR-GOV-320-9760000_2022_003": 150734.8191156837,
  "KR-GOV-320-9760000_2022_004": 159411.2031185648,
  "KR-GOV-320-9760000_2022_005": 62745.073447322444
}