{
  "KR-GOV-480-1320000_2020_001": 1021047.8325291594,
  "KR-GOV-480-1320000_2021_001": 47490.59686182137,
  "KR-GOV-480-1320000_2021_002": 161468.02933019263,
  "KR-GOV-480-1320000_2022_001": 47490.59686182137,
  "KR-GOV-480-1320000_2022_002": 47490.59686182137,
  "KR-GOV-480-1320000_2022_003": 34193.229740511386,
  "KR-GOV-480-1320000_2022_004": 261198.28274001752,
  "KR-GOV-480-1320000_2022_005": 22795.486493674256,
  "KR-GOV-480-1320000_2022_006": 47490.59686182137,
  "KR-GOV-480-1320000_2022_007": 36092.85361498424,
  "KR-GOV-480-1320000_2022_009": 47490.59686182137,
  "KR-GOV-480-1320000_2022_010": 33243.417803274955,
  "KR-GOV-480-1320000_2022_011": 325785.4944720946,
  "KR-GOV-480-GRP_0000147781": 75035.14304167776
}