{
  "KR-GOV-480-1320000_2020_001": 1021984.1508465398,
  "KR-GOV-480-1320000_2021_001": 47534.14655100185,
  "KR-GOV-480-1320000_2021_002": 161616.0982734063,
  "KR-GOV-480-1320000_2022_001": 47534.14655100185,
  "KR-GOV-480-1320000_2022_002": 47534.14655100185,
  "KR-GOV-480-1320000_2022_003": 34224.58551672133,
  "KR-GOV-480-1320000_2022_004": 261437.80603051017,
  "KR-GOV-480-1320000_2022_005": 22816.39034448089,
  "KR-GOV-480-1320000_2022_006": 47534.14655100185,
  "KR-GOV-480-1320000_2022_007": 36125.951378761405,
  "KR-GOV-480-1320000_2022_009": 47534.14655100185,
  "KR-GOV-480-1320000_2022_010": 33273.9025857013,
  "KR-GOV-480-1320000_2022_011": 326084.24533987266,
  "KR-GOV-480-GRP_0000147781": 75103.95155058292
}