{
  "XI-IATI-EC_FPI-2019/406-633": 551412.4705790905,
  "XI-IATI-EC_FPI-2019/42099/0": 796325.1735747126
}