{
  "NZ-1-ACT-0100006": 1123058.150595916,
  "NZ-1-ACT-0100312": 8.003553375608208e-11,
  "NZ-1-ACT-0100842": 3707458.58474132,
  "NZ-1-ACT-0101117": -3.514602661132813e-24,
  "NZ-1-ACT-0101251": 1401729.7541686292,
  "NZ-1-ACT-0101264": 1929203.329369803,
  "NZ-1-ACT-0101311": 4106487.9517739234,
  "NZ-1-ACT-0101323": 1820261.717777844,
  "NZ-1-ACT-0101930": 26385.532173768843,
  "NZ-1-ACT-0102462": 901848.9533501117,
  "NZ-1-ACT-0102853": 369068.5230760732,
  "NZ-1-ACT-0A11578": 647214.9130326594,
  "NZ-1-ACT-0A11625": 289484.428836104,
  "NZ-1-ACT-0A11917": 1364855.1060476215,
  "NZ-1-ACT-0A12752": 7.2021484375e-26,
  "NZ-1-ACT-0A12767": 134733.29093272166,
  "NZ-1-ACT-0A12783": 1006510.021292484
}