{
  "icf": {
    "GB-CH-4161656-40300100": 609917.1397331536,
    "GB-CH-4161656-30302397": 286166.92635783856,
    "GB-CH-4161656-40300037": 145435.59413445863,
    "GB-CH-4161656-40300038": 1634432.8804851645,
    "GB-CH-4161656-40300111": 4884075.740740735,
    "GB-CH-4161656-40300007": 459664.3282491716,
    "GB-CH-4161656-30302198": 1930624.8275062824,
    "GB-CH-4161656-382250001": 691980.006650996
  }
}