{
  "NL-KVK-41160054-113043": 39536227.18170222,
  "NL-KVK-41160054-113233": 6770182.146446643,
  "NL-KVK-41160054-113235": 6537238.833422722,
  "NL-KVK-41160054-113236": 5487385.774615667,
  "NL-KVK-41160054-113237": 3343999.879714106,
  "NL-KVK-41160054-113238": 6369114.402166253,
  "NL-KVK-41160054-113239": 3311236.3933713613
}