{
  "AU-5-INI028-789": 952384.3777756747,
  "AU-5-INI191-789": 243152.40525539365,
  "AU-5-INI217-789": 18162.049943107486,
  "AU-5-INI242-789": 4101152.4142062855,
  "AU-5-INI267-789": 1895478.856158842,
  "AU-5-INI272-789": 17936.80019877261,
  "AU-5-INI351-789": 94219.8755639752,
  "AU-5-INI358-789": 55538528.469586894,
  "AU-5-INI384-789": 4834.013293392976,
  "AU-5-INI396-789": 656184.3862730057,
  "AU-5-INI469-789": 43454.37101669099,
  "AU-5-INI500-789": 3159696.219023658,
  "AU-5-INI504-789": 912108.5587714722,
  "AU-5-INI559-789": 71778.7201248432,
  "AU-5-INI565-789": 2460691.448523771,
  "AU-5-INI633-789": 555667.7036053507,
  "AU-5-INI634-789": 1896190.7352737885,
  "AU-5-INI640-789": 2906284.867844145,
  "AU-5-INI651-789": 5372540.4166090675,
  "AU-5-INI693-789": 7711175.656780073,
  "AU-5-INI695-789": 113115.2334656513,
  "AU-5-INI717-789": 345674.6537752426,
  "AU-5-INI733-789": 30087.035388630346,
  "AU-5-INI743-789": 163750.06514880483,
  "AU-5-INI744-789": 893576.7520091734,
  "AU-5-INI888-789": 167514.78786917165,
  "AU-5-INI940-789": 1729972.0803400348,
  "AU-5-INI941-789": 846938.4861083498,
  "AU-5-INI944-789": 324545.0621005885,
  "AU-5-INJ165-789": 1496618.256412656,
  "AU-5-INJ169-789": 4384654.679165889,
  "AU-5-INJ332-789": 4590262.163809129,
  "AU-5-INJ489-789": 33455.72201990976,
  "AU-5-INJ582-789": 731168.2784548337,
  "AU-5-INJ585-789": 9007566.148776371,
  "AU-5-INJ811-789": 1032377.3474462867,
  "AU-5-INK208-789": 55542.66180373781,
  "AU-5-INK222-789": 1935487.5789778037,
  "AU-5-INK321-789": 483871.8947444509,
  "AU-5-INK395-789": 152309.98975146748,
  "AU-5-INK415-789": 6175195.750770072,
  "AU-5-INK612-789": 128409.0062295043,
  "AU-5-INK727-789": 5332965.76817538,
  "AU-5-INK900-789": 90675.7879105407,
  "AU-5-INK903-789": 98118.96728093398,
  "AU-5-INL021-789": 3451515.2370562353,
  "AU-5-INL174-789": 11982996.965532945,
  "AU-5-INL215-789": 1871868.649379174,
  "AU-5-INL223-789": 6263745.885234487,
  "AU-5-INL277-789": 990143.640775608,
  "AU-5-INL385-789": 541866.1389189102,
  "AU-5-INL413-789": 3088085.191486323,
  "AU-5-INL439-789": 1806220.463063034,
  "AU-5-INL471-789": 46040.55960347674,
  "AU-5-INL499-789": 392274.9601680297,
  "AU-5-INL547-789": 5384689.091609581,
  "AU-5-INL582-789": 660322.5924377416,
  "AU-5-INL645-789": 884969.4563107435,
  "AU-5-INL646-789": 613145.9201629983,
  "AU-5-INL653-789": 1052662.5765424417,
  "AU-5-INL853-789": 487679.5250270192,
  "AU-5-INL870-789": 1806220.463063034,
  "AU-5-INL976-789": 169349.42439632703,
  "AU-5-INL986-789": 1721831.1336980346,
  "AU-5-INM102-789": 50122.617849999195,
  "AU-5-INM122-789": 1214611.9157015993,
  "AU-5-INM160-789": 1285511.4875382127,
  "AU-5-INM242-789": 41138.47726672366,
  "AU-5-INM262-789": 2540172.729567309,
  "AU-5-INM280-789": 184171.26951622227,
  "AU-5-INM401-789": 139643.41955056082,
  "AU-5-INM405-789": 5496450.788982069,
  "AU-5-INM436-789": 650239.3667026922,
  "AU-5-INM588-789": 41012.94494454079,
  "AU-5-INM590-789": 2765775.084065271,
  "AU-5-INM642-789": 1193676.014314236,
  "AU-5-INN037-789": 54757473.48168302,
  "AU-5-INN336-789": 17229851.279518858,
  "AU-5-INN451-789": 169761.2426619054,
  "AU-5-INN464-789": 1043995.4276504337,
  "AU-5-O13201-789": 25417.90700388563,
  "AU-5-O14172-789": 502622.61012654926,
  "AU-5-O14173-789": 174020.68341407817,
  "AU-5-O14192-789": 469792.173892097,
  "AU-5-O14210-789": 80650.9062181264,
  "AU-5-O14212-789": 20197.153520760166,
  "AU-5-O14369-789": 12301901.891883245,
  "AU-5-O14849-789": 825342.6326109212,
  "AU-5-O14933-789": 47297.637672985074,
  "AU-5-O15206-789": 15916.499125671118,
  "AU-5-O15212-789": 193478.2154684808,
  "AU-5-O15213-789": 73450.2539329894,
  "AU-5-O15214-789": 181281.1193491261,
  "AU-5-O15216-789": 1915219.2554301464,
  "AU-5-O17103-789": 90311.0231531517
}