{
  "NZ-1-ACT-0100073": 7.275957614187869e-12,
  "NZ-1-ACT-0101188": 479760.542854941,
  "NZ-1-ACT-0102623": 108299.60804882887,
  "NZ-1-ACT-0A12058": 210103.25003985997
}