{
  "ES-DIR3-E04585801-009-000075": 55678.21011673162,
  "ES-DIR3-E04585801-009-000159": 52977.81692607014,
  "ES-DIR3-E04585801-009-000161": 52977.81692607014,
  "ES-DIR3-E04585801-009-000181": 400883.1128404677,
  "ES-DIR3-E04585801-009-000209": 52977.81692607014,
  "ES-DIR3-E04585801-009-000211": 52977.81692607014,
  "ES-DIR3-E04585801-009-000899": 194873.7354085607,
  "ES-DIR3-E04585801-009-000915": 46407.788132295806,
  "ES-DIR3-E04585801-009-001527": 133093.55537140102,
  "ES-DIR3-E04585801-009-001729": 80373.72343190676,
  "ES-DIR3-E04585801-009-004233": 320149.7081712068,
  "ES-DIR3-E04585801-009-004421": 12498.36621595333,
  "ES-DIR3-E04585801-009-005179": 556782.1011673162,
  "ES-DIR3-E04585801-009-005197": 556782.1011673162,
  "ES-DIR3-E04585801-009-005359": 141979.43579766565,
  "ES-DIR3-E04585801-009-006377": 231310.14051269536,
  "ES-DIR3-E04585801-009-007025": 256957.73437500006,
  "ES-DIR3-E04585801-009-007045": 375797.01202783606,
  "ES-DIR3-E04585801-009-007233": 47537.18085937501,
  "ES-DIR3-E04585801-009-007347": 130496.60210090628,
  "ES-DIR3-E04585801-009-007359": 12847.886718750004,
  "ES-DIR3-E04585801-009-027863": 698158.8481795733,
  "ES-DIR3-E04585801-009-027865": 20879328.79377436,
  "ES-DIR3-E04585801-009-027867": 417586.5758754872,
  "ES-DIR3-E04585801-009-027869": 361908.36575875554,
  "ES-DIR3-E04585801-009-027871": 8351731.517509744,
  "ES-DIR3-E04585801-009-027873": 1113564.2023346324,
  "ES-DIR3-E04585801-009-027875": 542862.5486381333,
  "ES-DIR3-E04585801-009-027877": 501103.8910505846,
  "ES-DIR3-E04585801-009-027879": 83517.31517509744,
  "ES-DIR3-E04585801-009-027881": 139195.52529182905,
  "ES-DIR3-E04585801-009-027883": 153115.07782101198,
  "ES-DIR3-E04585801-009-027885": 139195.52529182905,
  "ES-DIR3-E04585801-009-027887": 125554.36381322981,
  "ES-DIR3-E04585801-009-027889": 70438.50361867718,
  "ES-DIR3-E04585801-009-028075": 111356.42023346324,
  "ES-DIR3-E04585801-009-028093": 556782.1011673162,
  "ES-DIR3-E04585801-009-028111": 739434.4694552544,
  "ES-DIR3-E04585801-009-028151": 145801.74492217926,
  "ES-DIR3-E04585801-009-028305": 1855.9496169260735,
  "ES-DIR3-E04585801-009-028307": 249159.990272374,
  "ES-DIR3-E04585801-009-028851": 5914.417869649817,
  "ES-DIR3-E04585801-009-029211": 11239.8020349222,
  "ES-DIR3-E04585801-009-029393": 6263.798638132308,
  "ES-DIR3-E04585801-009-029599": 27839.10505836581,
  "ES-DIR3-E04585801-009-029733": 20044.155642023383,
  "ES-DIR3-E04585801-009-029893": 1670346.3035019487,
  "ES-DIR3-E04585801-009-029903": 126296.30380214032,
  "ES-DIR3-E04585801-009-030191": 6570.0287937743315,
  "ES-DIR3-E04585801-009-030333": 8351.731517509743,
  "ES-DIR3-E04585801-009-030353": 9060.570810505853,
  "ES-DIR3-E04585801-009-030363": 30066.233463035078,
  "ES-DIR3-E04585801-009-030655": 19565.100322179027,
  "ES-DIR3-E04585801-009-031017": 41447.77830136195,
  "ES-DIR3-E04585801-009-031045": 23111.74662840471,
  "ES-DIR3-E04585801-009-031133": 169665.42577821043,
  "ES-DIR3-E04585801-009-031303": 115988.15133754886,
  "ES-DIR3-E04585801-009-031673": 55513.959396887265,
  "ES-DIR3-E04585801-009-031789": 4935.873326848258,
  "ES-DIR3-E04585801-009-031791": 114697.11284046715,
  "ES-DIR3-E04585801-009-031803": 556782.1011673162,
  "ES-DIR3-E04585801-009-032009": 80455.0136186772,
  "ES-DIR3-E04585801-009-032067": 220095.9645914401,
  "ES-DIR3-E04585801-009-032123": 19675.593730155677,
  "ES-DIR3-E04585801-009-032145": 278391.0505836581,
  "ES-DIR3-E04585801-009-032745": 63473.15953307405,
  "ES-DIR3-E04585801-009-032875": 306230.15564202395,
  "ES-DIR3-E04585801-009-032919": 556782.1011673162,
  "ES-DIR3-E04585801-009-032991": 13184.600155642049,
  "ES-DIR3-E04585801-009-033273": 149106.2466926073,
  "ES-DIR3-E04585801-009-033395": 110382.8867295722,
  "ES-DIR3-E04585801-009-033767": 3758.2791828793847,
  "ES-DIR3-E04585801-009-034039": 64029.94163424137,
  "ES-DIR3-E04585801-009-034975": 1391955.2529182907,
  "ES-DIR3-E04585801-009-035019": 356181.8618482497,
  "ES-DIR3-E04585801-009-035065": 62264.77533891062,
  "ES-DIR3-E04585801-009-035095": 2087.9328793774357,
  "ES-DIR3-E04585801-009-035151": 13362.77042801559,
  "ES-DIR3-E04585801-009-035193": 974368.6770428034,
  "ES-DIR3-E04585801-009-035313": 65168.56103112853,
  "ES-DIR3-E04585801-009-035451": 3340.6926070038976,
  "ES-DIR3-E04585801-009-035511": 1670346.3035019487,
  "ES-DIR3-E04585801-009-035661": 27839.10505836581,
  "ES-DIR3-E04585801-009-035923": 3340692.6070038974,
  "ES-DIR3-E04585801-009-036125": 1975732.934260704,
  "ES-DIR3-E04585801-009-036207": 138532.23077470844,
  "ES-DIR3-E04585801-009-036401": 2891397.2904669316,
  "ES-DIR3-E04585801-009-036451": 2087.9328793774357,
  "ES-DIR3-E04585801-009-036603": 18095.418287937777,
  "ES-DIR3-E04585801-009-036761": 1716.9768044747113,
  "ES-DIR3-E04585801-009-036865": 23384.848249027284,
  "ES-DIR3-E04585801-009-037207": 10022.077821011691,
  "ES-DIR3-E04585801-009-037231": 896593.1772859939,
  "ES-DIR3-E04585801-009-037361": 13919.552529182905,
  "ES-DIR3-E04585801-009-037547": 353292.16274319135,
  "ES-DIR3-E04585801-009-037889": 4871.843385214017,
  "ES-DIR3-E04585801-009-037931": 46296.431712062345,
  "ES-DIR3-E04585801-009-038323": 2227.128404669265,
  "ES-DIR3-E04585801-009-038341": 33406.92607003897,
  "ES-DIR3-E04585801-009-038563": 2783.9105058365813,
  "ES-DIR3-E04585801-009-038569": 55121.42801556431,
  "ES-DIR3-E04585801-009-038597": 39749.98264027245,
  "ES-DIR3-E04585801-009-038663": 13919552.529182905,
  "ES-DIR3-E04585801-009-038709": 13362.77042801559,
  "ES-DIR3-E04585801-009-038753": 75889.4003891052,
  "ES-DIR3-E04585801-009-038993": 106902.16342412472,
  "ES-DIR3-E04585801-009-039121": 41758.65758754872,
  "ES-DIR3-E04585801-009-039307": 8351.731517509743,
  "ES-DIR3-E04585801-009-039341": 23663.23929961094,
  "ES-DIR3-E04585801-009-039461": 417586.5758754872,
  "ES-DIR3-E04585801-009-040031": 7326.08320894943,
  "ES-DIR3-E04585801-009-040621": 4348.46821011674,
  "ES-DIR3-E04585801-009-040671": 28239.988171206278,
  "ES-DIR3-E04585801-009-040857": 22271.28404669265,
  "ES-DIR3-E04585801-009-040879": 90198.70038910523,
  "ES-DIR3-E04585801-009-040925": 25055.194552529232,
  "ES-DIR3-E04585801-009-040955": 361908.36575875554,
  "ES-DIR3-E04585801-009-040961": 153115.07782101198,
  "ES-DIR3-E04585801-009-040995": 9903.483233463054,
  "ES-DIR3-E04585801-009-041087": 289571.791957199,
  "ES-DIR3-E04585801-009-041191": 7307.765077821025,
  "ES-DIR3-E04585801-009-041799": 2783.9105058365813,
  "ES-DIR3-E04585801-009-041939": 480224.56225681026,
  "ES-DIR3-E04585801-009-042153": 30066.233463035078,
  "ES-DIR3-E04585801-009-042595": 33406.92607003897,
  "ES-DIR3-E04585801-009-042727": 35634.05447470824,
  "ES-DIR3-E04585801-009-042827": 167034.63035019487,
  "ES-DIR3-E04585801-009-042873": 69597.76264591452,
  "ES-DIR3-E04585801-009-043571": 41757.29347140086,
  "ES-DIR3-E04585801-009-043781": 4639.832283657596,
  "ES-DIR3-E04585801-009-043783": 4315.061284046701,
  "ES-DIR3-E04585801-009-043791": 266251.86450116785,
  "ES-DIR3-E04585801-009-044017": 2783910.5058365813,
  "ES-DIR3-E04585801-009-044041": 492106.2922957208,
  "ES-DIR3-E04585801-009-044189": 417586.5758754872,
  "ES-DIR3-E04585801-009-044317": 208793.2879377436,
  "ES-DIR3-E04585801-009-044835": 13952.931616147886,
  "ES-DIR3-E04585801-009-044905": 265808.7773050589,
  "ES-DIR3-E04585801-009-045045": 30268.59591770434,
  "ES-DIR3-E04585801-009-045223": 13362.77042801559,
  "ES-DIR3-E04585801-009-045329": 194873.7354085607,
  "ES-DIR3-E04585801-009-045331": 556782.1011673162,
  "ES-DIR3-E04585801-009-045491": 10160.46601225683,
  "ES-DIR3-E04585801-009-045679": 2575.1172178988377,
  "ES-DIR3-E04585801-009-045721": 1218.8795367704304,
  "ES-DIR3-E04585801-009-045821": 30066.233463035078,
  "ES-DIR3-E04585801-009-046119": 18543.627879377465,
  "ES-DIR3-E04585801-009-046225": 556782.1011673162,
  "ES-DIR3-E04585801-009-046547": 1739.9440661478632,