{
  "DE-1-200021311": 2145167.5068851495,
  "DE-1-200915736-0": 673872.3897398433,
  "DE-1-201216761-0": 357099.3026156251,
  "DE-1-201274505-0": 372588.7148437501,
  "DE-1-201315860-0": 505630.47494588373,
  "DE-1-201515402-0": 690242.5100019583,
  "DE-1-201534163-0": 657605.2312337232,
  "DE-1-201575687-0": 770530.4549019581,
  "DE-1-201606003-1393": 1653983.4764705824,
  "DE-1-201606003-1403": 13244.82069441172,
  "DE-1-201606003-1420": 1355070.7999999954,
  "DE-1-201626183-0": 697462.9117647035,
  "DE-1-201718782-0": 996375.5882352906,
  "DE-1-201806009-3113": 249093.89705882265,
  "DE-1-201876994-0": 770530.4549019581,
  "DE-1-201906015-4245": 275237.46399333235
}