{
  "GB-HESA-10004113-300123-101": {
    "lboro-activities.xml": 17842004.931861214
  },
  "GB-HESA-10004113-J16579": {
    "lboro-activities.xml": 86424.94569467781
  }
}