{
  "ES-DIR3-E04585801-009-003815": 40010.91857198451,
  "ES-DIR3-E04585801-009-004609": 57855.22813229583,
  "ES-DIR3-E04585801-009-007311": 4344591.831361313,
  "ES-DIR3-E04585801-009-029161": 811896.8760116746,
  "ES-DIR3-E04585801-009-030547": 27560.714007782153,
  "ES-DIR3-E04585801-009-031043": 510383.5695374523,
  "ES-DIR3-E04585801-009-035307": 220207.32101167357,
  "ES-DIR3-E04585801-009-036065": 30066.233463035078,
  "ES-DIR3-E04585801-009-036585": 151723.12256809368,
  "ES-DIR3-E04585801-009-038209": 88964.648540078,
  "ES-DIR3-E04585801-009-039815": 5567.8210116731625,
  "ES-DIR3-E04585801-009-040527": 51632.9654389106,
  "ES-DIR3-E04585801-009-041075": 33406.92607003897,
  "ES-DIR3-E04585801-009-041573": 26516.107268677093,
  "ES-DIR3-E04585801-009-042515": 2783910.5058365813,
  "ES-DIR3-E04585801-009-045471": 15033.116731517539,
  "ES-DIR3-E04585801-009-046181": 278391.0505836581,
  "ES-DIR3-E04585801-009-046513": 55678.21011673162,
  "ES-DIR3-E04585801-009-048511": 11343.450575531255,
  "ES-DIR3-E04585801-009-053241": 1967305.0051563755,
  "ES-DIR3-E04585801-009-061903": 51211.67646093752,
  "ES-DIR3-E04585801-009-062779": 21731.223945375008,
  "ES-DIR3-E04585801-009-064529": 1302.060363286278,
  "ES-DIR3-E04585801-009-066055": 1157131.9658375992,
  "ES-DIR3-E04585801-009-066057": 493629.1222210367,
  "ES-DIR3-E04585801-009-066169": 333715.15721929504,
  "ES-DIR3-E04585801-009-066853": 236518.0763482358,
  "ES-DIR3-E04585801-009-068017": 151405.2174093416,
  "ES-DIR3-E04585801-009-073825": 166532.53500072987,
  "ES-DIR3-E04585801-009-075481": 159347.60234509848,
  "ES-DIR3-E04585801-009-076329": 53126.25254901972,
  "ES-DIR3-E04585801-009-077481": 10624.94431372552,
  "ES-DIR3-E04585801-009-079669": 5985225.35590364,
  "ES-DIR3-E04585801-009-079671": 824699.0667416258,
  "ES-DIR3-E04585801-009-079673": 9170623.26563848,
  "ES-DIR3-E04585801-009-079675": 25148.49944448634,
  "ES-DIR3-E04585801-009-079677": 3345201.2956286366,
  "ES-DIR3-E04585801-009-079679": 1382887.9537242155,
  "ES-DIR3-E04585801-009-079681": 425323.9052147306,
  "ES-DIR3-E04585801-009-081218": 132850.0784313721,
  "ES-DIR3-E04585801-009-081480": 797100.4705882325,
  "ES-DIR3-E04585801-009-081576": 531400.3137254884,
  "ES-DIR3-E04585801-009-081622": 90338.05333333302,
  "ES-DIR3-E04585801-009-081742": 3985502.3529411624,
  "ES-DIR3-E04585801-009-081752": 131521.57764705838,
  "ES-DIR3-E04585801-009-081766": 438405.2588235279,
  "ES-DIR3-E04585801-009-082352": 106280.06274509768,
  "ES-DIR3-E04585801-009-084310": 98208.0919796075,
  "ES-DIR3-E04585801-009-084388": 10439.91713346663,
  "ES-DIR3-E04585801-009-085135": 209730.25939951302,
  "ES-DIR3-E04585801-009-085353": 29758.41756862735,
  "ES-DIR3-E04585801-009-085712": 69082.04078431349,
  "ES-DIR3-E04585801-009-086290": 104135.86247921533,
  "ES-DIR3-E04585801-009-087208": 531397.6567239197,
  "ES-DIR3-E04585801-009-087209": 512506.3755709786,
  "ES-DIR3-E04585801-009-087211": 531400.3137254884,
  "ES-DIR3-E04585801-009-087482": 13285.00784313721,
  "ES-DIR3-E04585801-009-088202": 159393.52410196024,
  "ES-DIR3-E04585801-009-088674": 7439.604392156837,
  "ES-DIR3-E04585801-009-089676": 246738.51830826583,
  "ES-DIR3-E04585801-009-089991": 42264.25970176456,
  "ES-DIR3-E04585801-009-089992": 272342.66078431276,
  "ES-DIR3-E04585801-009-089993": 258903.9188304148,
  "ES-DIR3-E04585801-009-090166": 54493.37512152923,
  "ES-DIR3-E04585801-009-090432": 92995.05490196047,
  "ES-DIR3-E04585801-009-090595": 23826.475576556782,
  "ES-DIR3-E04585801-009-092598": 651257.6544862723,
  "ES-DIR3-E04585801-009-092630": 1278947.7050588191,
  "ES-DIR3-E04585801-009-093068": 9461.981136117614,
  "ES-DIR3-E04585801-009-093729": 15942.009411764651
}