{
  "GB-1-113423-102": 3475250.190551521,
  "GB-1-114465-102": 3089111.2804902405,
  "GB-1-201083-101": 687327.2599090786
}