{
  "GB-COH-07026479-AC Matama": {
    "agdevco-activities.xml": 1000000.0
  },
  "GB-COH-07026479-Afri-Oils": {
    "agdevco-activities.xml": 3450000.0
  },
  "GB-COH-07026479-AfriMac": {
    "agdevco-activities.xml": 4243869.09
  },
  "GB-COH-07026479-Africado": {
    "agdevco-activities.xml": 10816987.738452218
  },
  "GB-COH-07026479-BIFH": {
    "agdevco-activities.xml": 7459453.0
  },
  "GB-COH-07026479-Babator Farming Company": {
    "agdevco-activities.xml": 14950000.0
  },
  "GB-COH-07026479-Babator-Pinora JV (BPJV)": {
    "agdevco-activities.xml": 4000000.0
  },
  "GB-COH-07026479-Citrum": {
    "agdevco-activities.xml": 7592000.0
  },
  "GB-COH-07026479-Demeter": {
    "agdevco-activities.xml": 3200000.0
  },
  "GB-COH-07026479-EA Fruits": {
    "agdevco-activities.xml": 800000.0
  },
  "GB-COH-07026479-ECA": {
    "agdevco-activities.xml": 5657148.479894186
  },
  "GB-COH-07026479-EFTA": {
    "agdevco-activities.xml": 13572043.60955924
  },
  "GB-COH-07026479-EcoFarm": {
    "agdevco-activities.xml": 8009333.91
  },
  "GB-COH-07026479-GADC": {
    "agdevco-activities.xml": 5836740.24
  },
  "GB-COH-07026479-GADCO": {
    "agdevco-activities.xml": 5100000.0
  },
  "GB-COH-07026479-Gee's Fresh Point": {
    "agdevco-activities.xml": 1060637.37
  },
  "GB-COH-07026479-Goldenlay": {
    "agdevco-activities.xml": 9960000.0
  },
  "GB-COH-07026479-Great Lakes Coffee": {
    "agdevco-activities.xml": 5139210.23
  },
  "GB-COH-07026479-Ilobezi": {
    "agdevco-activities.xml": 2400000.0
  },
  "GB-COH-07026479-Jacoma": {
    "agdevco-activities.xml": 12200000.0
  },
  "GB-COH-07026479-KPL": {
    "agdevco-activities.xml": 24273368.7
  },
  "GB-COH-07026479-Kapani": {
    "agdevco-activities.xml": 4140000.0
  },
  "GB-COH-07026479-Kasinthula Cane Growers Association": {
    "agdevco-activities.xml": 4000000.0
  },
  "GB-COH-07026479-Katito Farm": {
    "agdevco-activities.xml": 14215373.76
  },
  "GB-COH-07026479-Kigali Farms": {
    "agdevco-activities.xml": 900000.0
  },
  "GB-COH-07026479-Kingchick": {
    "agdevco-activities.xml": 510000.0
  },
  "GB-COH-07026479-Kuapa Kokoo": {
    "agdevco-activities.xml": 6000000.0
  },
  "GB-COH-07026479-LAFCo": {
    "agdevco-activities.xml": 6498229.26
  },
  "GB-COH-07026479-Lungu": {
    "agdevco-activities.xml": 640000.0
  },
  "GB-COH-07026479-Minimex": {
    "agdevco-activities.xml": 6000000.0
  },
  "GB-COH-07026479-Miro Forestry": {
    "agdevco-activities.xml": 1000000.0
  },
  "GB-COH-07026479-Montesco": {
    "agdevco-activities.xml": 2333376.8646563496
  },
  "GB-COH-07026479-Moz-Agri": {
    "agdevco-activities.xml": 1166620.035127252
  },
  "GB-COH-07026479-NGHL": {
    "agdevco-activities.xml": 1442876.183191917
  },
  "GB-COH-07026479-Nakifuma": {
    "agdevco-activities.xml": 3400000.0
  },
  "GB-COH-07026479-Ndoto": {
    "agdevco-activities.xml": 180000.0
  },
  "GB-COH-07026479-Neptune": {
    "agdevco-activities.xml": 12969791.891669173
  },
  "GB-COH-07026479-New Rotations": {
    "agdevco-activities.xml": 3403250.8899999997
  },
  "GB-COH-07026479-Nurevas": {
    "agdevco-activities.xml": 12581958.933035739
  },
  "GB-COH-07026479-ORI": {
    "agdevco-activities.xml": 6030017.0
  },
  "GB-COH-07026479-Phata 2": {
    "agdevco-activities.xml": 3203200.0
  },
  "GB-COH-07026479-Phoenix Seeds": {
    "agdevco-activities.xml": 1278695.2210018132
  },
  "GB-COH-07026479-RAC": {
    "agdevco-activities.xml": 4260576.0
  },
  "GB-COH-07026479-RDI": {
    "agdevco-activities.xml": 1785410.54
  },
  "GB-COH-07026479-Saise Farm": {
    "agdevco-activities.xml": 11578864.76
  },
  "GB-COH-07026479-Sasumua": {
    "agdevco-activities.xml": 4021094.0
  },
  "GB-COH-07026479-Suma Hydro": {
    "agdevco-activities.xml": 2911200.0
  },
  "GB-COH-07026479-Talian": {
    "agdevco-activities.xml": 695825.13
  },
  "GB-COH-07026479-Tradin SL": {
    "agdevco-activities.xml": 4500000.0
  },
  "GB-COH-07026479-Transurban": {
    "agdevco-activities.xml": 2300000.0
  },
  "GB-COH-07026479-Uzima": {
    "agdevco-activities.xml": 4500000.0
  },
  "GB-COH-07026479-Valid Nutrition": {
    "agdevco-activities.xml": 1350000.0
  },
  "GB-COH-07026479-Westfalia Fruto": {
    "agdevco-activities.xml": 10916280.756430289
  }
}