{
  "acf": {
    "GB-CHC-1047501-GB-CHC-1047501-REFANI": 4470579.42819769,
    "GB-CHC-1047501-PNJ1A": 420135.9600200822,
    "GB-CHC-1047501-Start-DRF-Pakistan1": 74479.39636356005,
    "GB-CHC-1047501-Start311Afghanistan": 131807.3600063003,
    "GB-CHC-1047501-GB-CHC-1047501-START 165 Phillipines Displacement": 171349.56800819037,
    "GB-CHC-1047501-DRC-COVID": 1810818.1981101558,
    "GB-CHC-1047501-DRC-PUNC-III": 21182317.6243645,
    "GB-CHC-1047501-Emergency and Preparedness Response to the Spread of the Ebola Virus Epidemic #11 in DRC": 1109822.3538477686,
    "GB-CHC-1047501-PUNCH-Y1": 17917339.093103632,
    "GB-CHC-1047501-PUNCH-Y2": 1966598.450091522,
    "GB-CHC-1047501-SF560-DRC": 247138.80001181303,
    "GB-CHC-1047501-DECCVAIndiaExtension": 565835.5851081664,
    "GB-CHC-1047501-Start327Lebanon": 223054.4813897818,
    "GB-CHC-1047501-StartTD-SL003": 57665.720002756374,
    "GB-CHC-1047501-BDD5H": 1647592.0000787536,
    "GB-CHC-1047501-BDD5I": 71489916.46864916,
    "GB-CHC-1047501-BRCiS2-SHARP": 14893894.418629516,
    "GB-CHC-1047501-GB-CHC-1047501-NUT2-Somalia": 549817.9263462808,
    "GB-CHC-1047501-IRF-Uplift": 285455.8091746846,
    "GB-CHC-1047501-SAHAN1": 453176.76998966146,
    "GB-CHC-1047501-SAHAN2": 49427.76000236261,
    "GB-CHC-1047501-SHARPBRCiS": 274324.06801311247,
    "GB-CHC-1047501-SHINE": 8494618.092704436,
    "GB-CHC-1047501-Surprise-Soaps": 79010.27436377663,
    "GB-CHC-1047501-CIFF": 2291953.77,
    "GB-CHC-1047501-HARP": 1194754.6340411082,
    "GB-CHC-1047501-Start-159": 68030.5235642118,
    "GB-CHC-1047501-22CFEA3F": 85765.38508817952,
    "GB-CHC-1047501-StartAlert381": 164759.20000787536,
    "GB-CHC-1047501-GB-CHC-1047501-NUT1-Nigeria": 4764483.479539739,
    "GB-CHC-1047501-LAFIYA-(HeRoN)": 560431.1208776681,
    "GB-CHC-1047501-SUNNY": 9381808.193564283,
    "GB-CHC-1047501-Start-Chol-Nigeria": 164751.96707899502,
    "GB-CHC-1047501-WINNN-CE": 4405865.161335317,
    "GB-CHC-1047501-RHC": 744389.9740771812,
    "GB-CHC-1047501-StartAlert352": 44796.32946238123,
    "GB-CHC-1047501-ELRHA-COVID19-JORDAN-ZIMBABWE": 151003.45439921785,
    "GB-CHC-1047501-WASH-Nepal": 593133.1200283513,
    "GB-CHC-1047501-ARC-Replica": 2500799.0,
    "GB-CHC-1047501-TN4C": 1163851.6241193912,
    "GB-CHC-1047501-R2HCSAM-2019": 9951.752247035687,
    "GB-CHC-1047501-GB-CHC-1047501-START 90 Bangladesh": 259919.17115642392,
    "GB-CHC-1047501-GB-CHC-1047501-START B0001 Bangladesh": 263614.7200126006,
    "GB-CHC-1047501-GB-CHC-1047501-START Bangladesh Secretariat": 84908.65372405856,
    "GB-CHC-1047501-NUT Coxs Bazaar": 1327135.356063436,
    "GB-CHC-1047501-UNOPS-SHPR-MORA": 3089235.000147663,
    "GB-CHC-1047501-DEC__COVID19APPEAL2020": 908408.0872034212,
    "GB-CHC-1047501-MHRP": 1786168.4918173775,
    "GB-CHC-1047501-MHRP-CE-2020": 2940822.417120409,
    "GB-CHC-1047501-RRF-Covid19-Response-Yemen": 3323152.978245484,
    "GB-CHC-1047501-START-FUND-NICARAGUA-HURRICANE-ETA": 49427.76000236261,
    "GB-CHC-1047501-SATGIraq": 57665.720002756374,
    "GB-CHC-1047501-22ZWDIIE": 60305.57428488256,
    "GB-CHC-1047501-RRF-Covid19-Response-Somalia": 730969.6781997398,
    "GB-CHC-1047501-RUPWS": 1401359.375666984,
    "GB-CHC-1047501-BRCiSIRF9": 988555.2000472521,
    "GB-CHC-1047501-CAR-START-184": 89629.0048042842,
    "GB-CHC-1047501-GB-CHC-1047501-START 108 CAR Cholera": 36247.02400173258,
    "GB-CHC-1047501-GB-CHC-1047501-START 79 Malawi": 154387.6083673796,
    "GB-CHC-1047501-GB-CHC-1047501-START 85 Kenya": 81616.76490790122,
    "GB-CHC-1047501-GB-CHC-1047501-START 91 Niger": 168431.6825760509,
    "GB-CHC-1047501-GB-CHC-1047501-START 96 Uganda": 85987.82648411015,
    "GB-CHC-1047501-MERIAM": 3771025.045700252,
    "GB-CHC-1047501-NUT2-Nigeria": 9585532.087626182,
    "GB-CHC-1047501-SOMALIA-BRCiS": 5050368.255767563,
    "GB-CHC-1047501-SOMALIA-SNS-PLUS": 2673300.861053542,
    "GB-CHC-1047501-START-117-MALI-SAFE": 58089.16762269662,
    "GB-CHC-1047501-GB-CHC-1047501-START 155 Colombia Displacement": 112637.627085384,
    "GB-CHC-1047501-Bangladesh-Start-2": 5930880.847486212,
    "GB-CHC-1047501-SFB - Disaster Risk Financing Building Blocks": 66977.90998720149,
    "GB-CHC-1047501-SFB 3 month extension (April - June 2021)": 98855.52000472521,
    "GB-CHC-1047501-UNOPS-BDD5E": 1330595.2992636014
  }
}