{
  "XM-DAC-6-4-009699-01-2": 3232946.850944708,
  "XM-DAC-6-4-009699-02-3": 130980.154745093,
  "XM-DAC-6-4-010137-01-3": 2986205.666989807,
  "XM-DAC-6-4-010137-02-4": 79837.37053565081,
  "XM-DAC-6-4-010216-01-0": 1339622.4957477849,
  "XM-DAC-6-4-010328-01-0": 3427767.1360627837,
  "XM-DAC-6-4-010328-02-1": 23035.317812562687,
  "XM-DAC-6-4-010498-01-4": 1595080.0999593623,
  "XM-DAC-6-4-010498-02-5": 134962.65635360652,
  "XM-DAC-6-4-010634-01-3": 192247.96888546643,
  "XM-DAC-6-4-010713-01-0": 227489.63764772867,
  "XM-DAC-6-4-010713-01-2": 1021096.9246957566,
  "XM-DAC-6-4-010715-01-4": 2210594.8917328906,
  "XM-DAC-6-4-010874-01-0": 137213.48602770452,
  "XM-DAC-6-4-010939-01-4": 1958545.092003368,
  "XM-DAC-6-4-011069-01-5": 1593733.3952403842,
  "XM-DAC-6-4-011200-01-1": 1328111.1627003201,
  "XM-DAC-6-4-011395-01-6": 6989933.942157305,
  "XM-DAC-6-4-011396-01-1": 4781200.185721152,
  "XM-DAC-6-4-011459-01-1": 3187491.121477269,
  "XM-DAC-6-4-011727-01-5": 2523411.209130608,
  "XM-DAC-6-4-011727-02-6": 1062488.930160256,
  "XM-DAC-6-4-011756-01-0": 1195300.046430288,
  "XM-DAC-6-4-011756-02-1": 3519494.581155848,
  "XM-DAC-6-4-011757-01-2": 4937850.897361656,
  "XM-DAC-6-4-011952-01-0": 1328111.1627003201,
  "XM-DAC-6-4-011953-01-2": 1859355.6277804482,
  "XM-DAC-6-4-011997-01-6": 3054655.674210736,
  "XM-DAC-6-4-012075-01-1": 1062488.930160256,
  "XM-DAC-6-4-012127-22-0": 75702.33627391825,
  "XM-DAC-6-4-012207-01-0": 3851522.3718309286,
  "XM-DAC-6-4-012313-01-2": 162029.56184943905,
  "XM-DAC-6-4-012314-01-7": 2572474.2917030836,
  "XM-DAC-6-4-012314-02-8": 954128.3403955371,
  "XM-DAC-6-4-012341-01-0": 4847605.743856168,
  "XM-DAC-6-4-012450-01-0": 664055.5813501601,
  "XM-DAC-6-4-012497-01-0": 597650.023215144,
  "XM-DAC-6-4-012497-01-1": 4462453.506673075
}