{
  "XM-DAC-6-4-003867-01-0": 79247.14616390089,
  "XM-DAC-6-4-005278-01-1": 101293.93015412378,
  "XM-DAC-6-4-005278-03-3": 9294.663823230389,
  "XM-DAC-6-4-005527-02-3": 44241.37672396423,
  "XM-DAC-6-4-005586-01-1": 451.01847993725585,
  "XM-DAC-6-4-005620-01-6": 158646.04035597513,
  "XM-DAC-6-4-005873-02-2": 25174.9918860112,
  "XM-DAC-6-4-006008-01-5": 1330680.1493413756,
  "XM-DAC-6-4-006212-01-0": 607272.1509093412,
  "XM-DAC-6-4-006260-01-5": 470193.889876957,
  "XM-DAC-6-4-006276-01-2": 440085.76751613023,
  "XM-DAC-6-4-006290-01-2": 457756.9379735463,
  "XM-DAC-6-4-006372-01-5": 435717.83688608726,
  "XM-DAC-6-4-006474-01-6": 335597.9350100978,
  "XM-DAC-6-4-006699-01-1": 347059.1890914275,
  "XM-DAC-6-4-006914-01-4": 590249.2742324752,
  "XM-DAC-6-4-007020-01-6": 730002.8227318211,
  "XM-DAC-6-4-009699-01-2": 3233926.7799898,
  "XM-DAC-6-4-009699-02-3": 131018.03148345547,
  "XM-DAC-6-4-009718-01-5": 340700.73349773156,
  "XM-DAC-6-4-010137-01-3": 2987213.9343676027,
  "XM-DAC-6-4-010137-02-4": 79860.79204281933,
  "XM-DAC-6-4-010216-01-0": 1340094.7972548911,
  "XM-DAC-6-4-010328-01-0": 3428772.7236968786,
  "XM-DAC-6-4-010328-02-1": 23042.075573466584,
  "XM-DAC-6-4-010498-01-4": 1595548.0409717592,
  "XM-DAC-6-4-010498-02-5": 135002.2497019603,
  "XM-DAC-6-4-010634-01-3": 192304.3677517013,
  "XM-DAC-6-4-010713-01-0": 227556.37519360706,
  "XM-DAC-6-4-010713-01-2": 1021396.4790120004,
  "XM-DAC-6-4-010715-01-4": 2211243.4033729415,
  "XM-DAC-6-4-010874-01-0": 137253.73969118384,
  "XM-DAC-6-4-010939-01-4": 1959119.6610003735,
  "XM-DAC-6-4-011069-01-5": 1594200.941176465,
  "XM-DAC-6-4-011200-01-1": 1328500.784313721,
  "XM-DAC-6-4-011395-01-6": 6991984.545613246,
  "XM-DAC-6-4-011396-01-1": 4782602.823529395,
  "XM-DAC-6-4-011459-01-1": 3188426.220487299,
  "XM-DAC-6-4-011727-01-5": 2524151.4901960697,
  "XM-DAC-6-4-011727-02-6": 1062800.6274509768,
  "XM-DAC-6-4-011756-01-0": 1195650.7058823488,
  "XM-DAC-6-4-011756-02-1": 3520527.0784313604,
  "XM-DAC-6-4-011757-01-2": 4939299.491039199,
  "XM-DAC-6-4-011952-01-0": 1328500.784313721,
  "XM-DAC-6-4-011953-01-2": 1859901.0980392091,
  "XM-DAC-6-4-011997-01-6": 3055551.803921558,
  "XM-DAC-6-4-012075-01-1": 1859901.0980392091,
  "XM-DAC-6-4-012127-22-0": 75724.54470588209,
  "XM-DAC-6-4-012207-01-0": 3852652.2745097904,
  "XM-DAC-6-4-012313-01-2": 162077.09568627394,
  "XM-DAC-6-4-012314-01-7": 2573228.966170187,
  "XM-DAC-6-4-012314-02-8": 954408.2484588203,
  "XM-DAC-6-4-012341-01-0": 4849027.862745081,
  "XM-DAC-6-4-012450-01-0": 664250.3921568604,
  "XM-DAC-6-4-012497-01-0": 597825.3529411744,
  "XM-DAC-6-4-012497-01-1": 4463762.635294102
}