{
  "XI-IATI-EC_FPI-2015/355-050": 1540008.921390175,
  "XI-IATI-EC_FPI-2015/366-169": 490.3120790457042,
  "XI-IATI-EC_FPI-2016/378-151": 1760.9691528476085,
  "XI-IATI-EC_FPI-2017/388-611": 2508068.2447668477,
  "XI-IATI-EC_FPI-2018/398-691": 620533.5910462566,
  "XI-IATI-EC_FPI-2019/401-416": 2847900.361942857,
  "XI-IATI-EC_FPI-2020/417-194": 2018219.5038624748,
  "XI-IATI-EC_FPI-2021/425-954": 517963.3534531249
}