{
  "GB-1-107597-101": 2135384.332957095,
  "GB-1-107597-102": 23514.347459324566,
  "GB-1-107599-102": 611831.0050152541,
  "GB-1-107600-102": 2715564.970391556,
  "GB-1-107614-102": 16066102.081840608,
  "GB-1-107615-102": 2840936.9838796887,
  "GB-1-113784-102": 97846.50595333207,
  "GB-1-114217-103": 193145.84258217708,
  "GB-1-114532-101": 3279795.839797448,
  "GB-1-114532-102": 2633566.4413611894,
  "GB-1-114532-104": 443840.04790849815,
  "GB-1-114532-105": 233711.87054383304,
  "GB-1-114532-106": 633180.7452517289,
  "GB-1-114532-108": 2141227.1374389874,
  "GB-1-114532-109": 135512.68424802477,
  "GB-1-114532-110": 471466.5345599979,
  "GB-1-114532-111": 62351.99708795675,
  "GB-1-200871-101": 167349.39300597526,
  "GB-1-200871-102": 14471248.047794212,
  "GB-1-200907-105": -973.4550466141724,
  "GB-1-201239-101": 494344741.85200053,
  "GB-1-201239-102": 101727.80339436182,
  "GB-1-201239-103": 148914905.57219395,
  "GB-1-201239-104": 32909371.397169933,
  "GB-1-201239-105": 6581874.279433986,
  "GB-1-201724-155": 7991244.437014907,
  "GB-1-201800-101": 16022024.881829388,
  "GB-1-201809-101": 12602.37993680189,
  "GB-1-202149-101": 136653.2588261304,
  "GB-1-202149-102": 317751079.41987866,
  "GB-1-202149-103": 54188146.883948445,
  "GB-1-202149-104": 7569155.421349084,
  "GB-1-202207-101": 1163311.730148599,
  "GB-1-202207-102": 2176675.735968693,
  "GB-1-202207-103": 2183195.948554316,
  "GB-1-202207-104": 339936.68294463167,
  "GB-1-202207-105": 3367685.0748591805,
  "GB-1-202267-101": 94350.50012411691,
  "GB-1-202267-102": 8125943.061832251,
  "GB-1-202267-103": 9477969.417136349,
  "GB-1-202267-104": 1419892.5934374863,
  "GB-1-202267-106": 12979128.042568991,
  "GB-1-202316-101": 2264434.4338136404,
  "GB-1-202316-102": 2375568.0050014732,
  "GB-1-202316-103": 2216302.251320132,
  "GB-1-202316-104": 1280060.4515039008,
  "GB-1-202316-105": 957998.5249492719,
  "GB-1-202316-106": 480660.7464548817,
  "GB-1-202393-102": 22376424.115579315,
  "GB-1-202393-103": 7487116.283231122,
  "GB-1-202393-104": 5279269.836941624,
  "GB-1-202393-106": 2155775.8317321423,
  "GB-1-202393-107": 85159.58036445663,
  "GB-1-202393-108": 12834539.662096383,
  "GB-1-202393-109": 263276.6166459293,
  "GB-1-202759-101": 33312104.492727116,
  "GB-1-202759-102": 2158193.268619868,
  "GB-1-202921-108": 218699.22761989277,
  "GB-1-202921-119": 193836.19752933088,
  "GB-1-202948-134": 233656.5369199065,
  "GB-1-203179-101": 2151328.2472784007,
  "GB-1-203232-122": 11386642.503420796,
  "GB-1-203400-101": 18007346.895056825,
  "GB-1-203400-102": 6440038.434392143,
  "GB-1-203400-103": 4721595.26019794,
  "GB-1-203400-104": 3164471.173418192,
  "GB-1-203400-105": 704274.5841706166,
  "GB-1-203400-106": 7240061.707377384,
  "GB-1-203400-107": 12716471.53798157,
  "GB-1-203400-108": 9555224.979038883,
  "GB-1-203400-109": 2599814.942319611,
  "GB-1-203400-110": 2692793.4577793167,
  "GB-1-203400-111": 9766117.591612784,
  "GB-1-203400-112": 4690800.95602588,
  "GB-1-203400-113": 558792.8989810961,
  "GB-1-203400-114": 12286555.846150687,
  "GB-1-203400-115": 16784710.747767206,
  "GB-1-203400-116": 1316325.4918297015,
  "GB-1-203600-101": 14820341.825143758,
  "GB-1-203600-102": 1051340.4419301092,
  "GB-1-203600-103": 2832465.208439352,
  "GB-1-203600-104": 79392.1297203074,
  "GB-1-203600-105": 3292417.820966837,
  "GB-1-203601-102": 289781.7451377478,
  "GB-1-203601-103": 80348.48042282228,
  "GB-1-203601-106": 1009914.7334502573,
  "GB-1-203601-107": 5703339.822539199,
  "GB-1-203601-108": 119936.50610703915,
  "GB-1-203601-109": 888684.177367386,
  "GB-1-203601-110": 1323179.9542562345,
  "GB-1-203601-111": 1037580.4390945828,
  "GB-1-203601-113": 9710713.01939708,
  "GB-1-203601-114": 3376501.5053496347,
  "GB-1-203601-116": 9035050.715241782,
  "GB-1-203601-117": 4058046.359642175,
  "GB-1-203601-119": 197456.2283830196,
  "GB-1-203601-124": 218886.81103685664,
  "GB-1-203688-101": 6274984.766759075,
  "GB-1-203688-102": 9706663.625769993,
  "GB-1-203688-103": 3173477.7087602722,
  "GB-1-203688-104": 410162.91095655697,
  "GB-1-203688-105": 186036.16381046892,
  "GB-1-203688-106": 35583621.47174393,
  "GB-1-203688-107": 3290937.139716993,
  "GB-1-203688-109": 1474339.838593213,
  "GB-1-203688-110": 1234101.4273938725,
  "GB-1-203809-118": 225802.71543597188,
  "GB-1-203964-101": 15852913.97946758,
  "GB-1-203996-101": 53263817.60631953,
  "GB-1-203996-102": 101851.21353710121,
  "GB-1-203996-103": 9416868.533128887,
  "GB-1-203996-104": 569896.5208905012,
  "GB-1-203996-105": 262988.6596462041,
  "GB-1-203996-106": 810284.6697296989,
  "GB-1-203996-107": 15440629.49210113,
  "GB-1-203996-108": 1681703.4332353505,
  "GB-1-203996-109": 373350.2366266134,
  "GB-1-204129-101": 31389791.346331235,
  "GB-1-204189-101": 147037.4259339854,
  "GB-1-204189-102": 245100770.82327235,
  "GB-1-204193-101": 2530730.6604423677,
  "GB-1-204193-102": 13963209.336345142,
  "GB-1-204193-103": 7270906.015719382,
  "GB-1-204193-104": 12176467.416952875,
  "GB-1-204193-105": 1674219.842179634,
  "GB-1-204193-106": 8571346.153975671,
  "GB-1-204196-101": 1082718.3189668907,
  "GB-1-204196-102": 8934894.334331635,
  "GB-1-204196-103": 295244980.7683057,
  "GB-1-204196-104": 47945057.656103164,
  "GB-1-204196-105": 4152310.3176036584,
  "GB-1-204196-106": 933892.2686974691,
  "GB-1-204196-107": 11066332.300675001,
  "GB-1-204196-108": 14147511.688980713,
  "GB-1-204196-109": 6581874.279433986,
  "GB-1-204196-110": 3810248.6658329046,
  "GB-1-204196-111": 3290937.139716993,
  "GB-1-204196-112": 1458280.065351394,
  "GB-1-204196-113": 17813842.737288084,
  "GB-1-204196-114": 15961045.127627416,
  "GB-1-204196-115": 8003146.111180692,
  "GB-1-204196-116": 17771060.55447176,
  "GB-1-204196-117": 10957688.592881525,
  "GB-1-205053-126": 97276.8109128946,
  "GB-1-205222-106": 6123023.850448956,
  "GB-GOV-1-300351-106": 16464797.102946747,
  "GB-GOV-1-300351-119": 2956668.4270930886,
  "GB-GOV-1-301183-101": 37646260.75171293,
  "GB-GOV-1-301183-102": 14809217.12872647
}