{
  "fms": {
    "AR-CENOC-16969-A-4000004373-UniqueActivity": 5772225.642278019,
    "AR-CENOC-16969-A-NL-1-PPR-29481-0": 6097818.599999979
  }
}