{
  "XM-DAC-41108-1100001244": 37210851.31833059,
  "XM-DAC-41108-1100001311": 33781291.96122586,
  "XM-DAC-41108-1100001392": 58504178.30656635,
  "XM-DAC-41108-1100001584": 138318227.13447648,
  "XM-DAC-41108-1100001658": 56365826.60423373,
  "XM-DAC-41108-2000002386": 41222205.77
}