{
  "iiwe": {
    "BE-BCE_KBO-0445412518-PROG2017-2021_OSS3": 5581896.223792279,
    "BE-BCE_KBO-0445412518-PROG2017-2021_OSS6": 4491490.179027752,
    "BE-BCE_KBO-0445412518-PROG2017-2021_OSS8": 5541584.58125829
  }
}