{
  "NP-IRD-302274734-GB635": {
    "cnepal-activities.xml": 1262979.8820124737
  },
  "NP-IRD-302274734-GB700": {
    "cnepal-activities.xml": 359126.5827419758
  }
}