{
  "FR-6-PH-1296": 6642.503921568605,
  "FR-6-PH-1434": 3985.502352941163,
  "FR-6-PH-1435": 14161.818360784264,
  "FR-6-PH-1436": 4729.462792156846,
  "FR-6-PH-1437": 18599.010980392093,
  "FR-6-PH-2092": 3985.502352941163,
  "FR-6-PH-2093": 3985.502352941163,
  "FR-6-PH-2094": 6376.80376470586,
  "FR-6-PH-2095": 3985.502352941163,
  "FR-6-PH-2096": 3985.502352941163,
  "FR-6-PH-2097": 7971.004705882326,
  "FR-6-PH-2098": 6642.503921568605,
  "FR-6-PH-2099": 3985.502352941163,
  "FR-6-PH-2100": 6642.503921568605,
  "FR-6-PH-2101": 5314.003137254884,
  "FR-6-PH-2102": 13285.00784313721,
  "FR-6-PH-2103": 5314.003137254884,
  "FR-6-PH-2104": 2391.3014117646976,
  "FR-6-PH-2105": 2657.001568627442,
  "FR-6-PH-954": 9963.755882352907,
  "FR-6-PH-955": 7971.004705882326
}