{
  "XM-DAC-41108-1100000202": 1616922.5525667607,
  "XM-DAC-41108-1100000228": 4123761.746125163,
  "XM-DAC-41108-1100000253": 8542061.335746244,
  "XM-DAC-41108-1100000269": 1279000.115495975,
  "XM-DAC-41108-1100000330": 9420380.301499268,
  "XM-DAC-41108-1100001061": 22421464.758233707,
  "XM-DAC-41108-1100001075": 23516115.693327185,
  "XM-DAC-41108-1100001095": 24719047.038624696,
  "XM-DAC-41108-1100001195": 45115489.91862313,
  "XM-DAC-41108-1100001269": 29452766.339744575,
  "XM-DAC-41108-1100001293": 25737712.736685935,
  "XM-DAC-41108-1100001403": 32361431.5220441
}