{
  "XM-OCHA-CBPF-SUD-19/HSD20/RE/E/UN/14146": 1000578.4,
  "XM-OCHA-CBPF-SUD-19/HSD20/RE/ESNFIs/INGO/13249": 400016.1,
  "XM-OCHA-CBPF-SUD-19/HSD20/RE/ESNFIs/UN/14133": 3000000.0,
  "XM-OCHA-CBPF-SUD-19/HSD20/RE/FSL/INGO/14060": 400000.0,
  "XM-OCHA-CBPF-SUD-19/HSD20/RE/FSL/UN/14240": 1500021.44,
  "XM-OCHA-CBPF-SUD-19/HSD20/RE/H-WASH/UN/14047": 5999999.32,
  "XM-OCHA-CBPF-SUD-19/HSD20/RE/H/INGO/14233": 198962.98,
  "XM-OCHA-CBPF-SUD-19/HSD20/RE/H/UN/13111": 516524.74,
  "XM-OCHA-CBPF-SUD-19/HSD20/RE/H/UN/13122": 499879.6,
  "XM-OCHA-CBPF-SUD-19/HSD20/RE/H/UN/13877": 600060.28,
  "XM-OCHA-CBPF-SUD-19/HSD20/RE/H/UN/13911": 400000.56,
  "XM-OCHA-CBPF-SUD-19/HSD20/RE/H/UN/14147": 997046.28,
  "XM-OCHA-CBPF-SUD-19/HSD20/RE/N/NGO/14293": 402673.96,
  "XM-OCHA-CBPF-SUD-19/HSD20/RE/P/INGO/13953": 584322.7000000001,
  "XM-OCHA-CBPF-SUD-19/HSD20/RE/WASH-FSL-E/INGO/14397": 1270394.42,
  "XM-OCHA-CBPF-SUD-19/HSD20/RE/WASH-H/UN/14136": 4813831.6,
  "XM-OCHA-CBPF-SUD-19/HSD20/RE/WASH/INGO/14038": 493436.87,
  "XM-OCHA-CBPF-SUD-19/HSD20/RE/WASH/INGO/14149": 587745.2,
  "XM-OCHA-CBPF-SUD-19/HSD20/RE/WASH/INGO/14154": 699998.94,
  "XM-OCHA-CBPF-SUD-19/HSD20/RE/WASH/INGO/14206": 761283.8999999999,
  "XM-OCHA-CBPF-SUD-19/HSD20/RE/WASH/NGO/14143": 499996.01,
  "XM-OCHA-CBPF-SUD-19/HSD20/RE/WASH/NGO/14398": 399976.48,
  "XM-OCHA-CBPF-SUD-19/HSD20/RE/WASH/UN/14134": 600000.36,
  "XM-OCHA-CBPF-SUD-19/HSD20/SA1/E-FSL-H-N-P/INGO/12804": 4207678.53,
  "XM-OCHA-CBPF-SUD-19/HSD20/SA1/E-P/NGO/12817": 799769.36,
  "XM-OCHA-CBPF-SUD-19/HSD20/SA1/E-P/UN/12906": 931288.2,
  "XM-OCHA-CBPF-SUD-19/HSD20/SA1/E/INGO/12985": 984374.26,
  "XM-OCHA-CBPF-SUD-19/HSD20/SA1/E/NGO/12988": 431823.76,
  "XM-OCHA-CBPF-SUD-19/HSD20/SA1/FSL-WASH/INGO/12939": 986859.63,
  "XM-OCHA-CBPF-SUD-19/HSD20/SA1/FSL-WASH/INGO/12959": 1093436.61,
  "XM-OCHA-CBPF-SUD-19/HSD20/SA1/FSL/INGO/12847": 546480.99,
  "XM-OCHA-CBPF-SUD-19/HSD20/SA1/FSL/INGO/12987": 1113280.86,
  "XM-OCHA-CBPF-SUD-19/HSD20/SA1/FSL/INGO/13001": 627106.8500000001,
  "XM-OCHA-CBPF-SUD-19/HSD20/SA1/FSL/NGO/12854": 420448.98,
  "XM-OCHA-CBPF-SUD-19/HSD20/SA1/FSL/NGO/12858": 428000.0,
  "XM-OCHA-CBPF-SUD-19/HSD20/SA1/H-FSL-N-WASH/INGO/12688": 3660118.6100000003,
  "XM-OCHA-CBPF-SUD-19/HSD20/SA1/H-N-FSL/INGO/12726": 1185439.82,
  "XM-OCHA-CBPF-SUD-19/HSD20/SA1/H-N-FSL/INGO/12848": 1208976.8,
  "XM-OCHA-CBPF-SUD-19/HSD20/SA1/H-N-P/UN/13330": 1239947.06,
  "XM-OCHA-CBPF-SUD-19/HSD20/SA1/H-N-WASH-FSL/INGO/12717": 1824483.37,
  "XM-OCHA-CBPF-SUD-19/HSD20/SA1/H-N-WASH-FSL/INGO/12862": 1958002.68,
  "XM-OCHA-CBPF-SUD-19/HSD20/SA1/H-N/INGO/12690": 1010476.53,
  "XM-OCHA-CBPF-SUD-19/HSD20/SA1/H-N/UN/13038": 999966.36,
  "XM-OCHA-CBPF-SUD-19/HSD20/SA1/L/UN/12724": 2000000.0,
  "XM-OCHA-CBPF-SUD-19/HSD20/SA1/N-E-FSL-H-P/INGO/12667": 3457684.03,
  "XM-OCHA-CBPF-SUD-19/HSD20/SA1/N-H-P/INGO/12639": 1192418.87,
  "XM-OCHA-CBPF-SUD-19/HSD20/SA1/P/INGO/12636": 890041.91,
  "XM-OCHA-CBPF-SUD-19/HSD20/SA1/P/INGO/12971": 600007.0,
  "XM-OCHA-CBPF-SUD-19/HSD20/SA1/P/INGO/13298": 199986.74,
  "XM-OCHA-CBPF-SUD-19/HSD20/SA1/P/NGO/12946": 200100.7,
  "XM-OCHA-CBPF-SUD-19/HSD20/SA1/P/UN/13009": 1310490.8,
  "XM-OCHA-CBPF-SUD-19/HSD20/SA1/WASH-FSL-P/INGO/12933": 2718189.79,
  "XM-OCHA-CBPF-SUD-19/HSD20/SA1/WASH-FSL/INGO/12723": 1390439.69,
  "XM-OCHA-CBPF-SUD-19/HSD20/SA1/WASH-P/INGO/12986": 675825.69,
  "XM-OCHA-CBPF-SUD-19/HSD20/SA1/WASH/INGO/12868": 399999.69,
  "XM-OCHA-CBPF-SUD-19/HSD20/SA1/WASH/INGO/13000": 417220.89999999997,
  "XM-OCHA-CBPF-SUD-19/HSD20/SA2/E-P/NGO/14164": 1403385.08,
  "XM-OCHA-CBPF-SUD-19/HSD20/SA2/E/INGO/14139": 796093.7999999999,
  "XM-OCHA-CBPF-SUD-19/HSD20/SA2/E/INGO/14165": 891184.74,
  "XM-OCHA-CBPF-SUD-19/HSD20/SA2/E/NGO/14131": 799332.4,
  "XM-OCHA-CBPF-SUD-19/HSD20/SA2/FSL-H-N-WASH/INGO/14152": 4822243.32,
  "XM-OCHA-CBPF-SUD-19/HSD20/SA2/FSL-N-P-WASH/INGO/14126": 1785958.7,
  "XM-OCHA-CBPF-SUD-19/HSD20/SA2/FSL-WASH-H-N-E-P/INGO/14138": 5395893.49,
  "XM-OCHA-CBPF-SUD-19/HSD20/SA2/FSL-WASH-H-N-P/INGO/14141": 4010361.16,
  "XM-OCHA-CBPF-SUD-19/HSD20/SA2/FSL-WASH-P/INGO/14132": 2654167.27,
  "XM-OCHA-CBPF-SUD-19/HSD20/SA2/H-N-FSL-P/INGO/14324": 2804263.15,
  "XM-OCHA-CBPF-SUD-19/HSD20/SA2/H-N-WASH/INGO/14068": 3295491.48,
  "XM-OCHA-CBPF-SUD-19/HSD20/SA2/H-N-WASH/INGO/14129": 2874229.23,
  "XM-OCHA-CBPF-SUD-19/HSD20/SA2/H-N-WASH/INGO/14157": 1642120.3800000001,
  "XM-OCHA-CBPF-SUD-19/HSD20/SA2/H-N/INGO/14125": 591577.51,
  "XM-OCHA-CBPF-SUD-19/HSD20/SA2/H-N/INGO/14145": 1843191.65,
  "XM-OCHA-CBPF-SUD-19/HSD20/SA2/H-P-N/NGO/14159": 1495513.98,
  "XM-OCHA-CBPF-SUD-19/HSD20/SA2/P/INGO/14150": 399974.52999999997,
  "XM-OCHA-CBPF-SUD-19/HSD20/SA2/P/INGO/14151": 360000.0,
  "XM-OCHA-CBPF-SUD-19/HSD20/SA2/P/NGO/14115": 400001.68,
  "XM-OCHA-CBPF-SUD-19/HSD20/SA2/P/NGO/14156": 457407.88,
  "XM-OCHA-CBPF-SUD-19/HSD20/SA2/WASH-E/INGO/14155": 2163322.28,
  "XM-OCHA-CBPF-SUD-19/HSD20/SA2/WASH-H-N/INGO/14166": 3948557.2800000003
}