{
  "mrg": {
    "GB-CHC-282305-EQUIP": 504387.1261872948,
    "GB-CHC-282305-Networks_for_Peace_Africa": 334744.0226749936
  }
}