{
  "XM-DAC-7-PPR-4000004781": 19834516.70980385,
  "XM-DAC-7-PPR-4000004822": 4228381.523330966,
  "XM-DAC-7-PPR-4000005167": 20189129.43865836,
  "XM-DAC-7-PPR-4000005224": 777172.9588235266,
  "XM-DAC-7-PPR-4000005225": 9509941.342932124,
  "XM-DAC-7-PPR-4000005289": 3553819.308086262,
  "XM-DAC-7-PPR-4000005294": 15066697.443002302,
  "XM-DAC-7-PPR-4000005328": 7636698.111516052,
  "XM-DAC-7-PPR-4000005329": 15401346.790570928,
  "XM-DAC-7-PPR-4000005367": 5139969.534509786,
  "XM-DAC-7-PPR-4000005376": 23913014.117646977,
  "XM-DAC-7-PPR-4000005377": 34541020.39215674,
  "XM-DAC-7-PPR-4000005379": 4643393.211843513,
  "XM-DAC-7-PPR-4000005386": 23115913.647058744,
  "XM-DAC-7-PPR-4000005387": 237529.2977313717,
  "XM-DAC-7-PPR-4000005388": 9514078.294374477,
  "XM-DAC-7-PPR-4000005394": 87681051.76470558,
  "XM-DAC-7-PPR-4000005425": 17743154.905616015,
  "XM-DAC-7-PPR-4000005433": 26339387.95011756,
  "XM-DAC-7-PPR-4000005472": 1181568.5975686235,
  "XM-DAC-7-PPR-4000005492": 545005.4902576451,
  "XM-DAC-7-PPR-4000005515": 647644.132352939,
  "XM-DAC-7-PPR-4000005527": 504830298.03921396,
  "XM-DAC-7-PPR-4000005574": 1010279.6774439181,
  "XM-DAC-7-PPR-4000005595": 365337715.6862733,
  "XM-DAC-7-PPR-4000005596": 185721.75264548956,
  "XM-DAC-7-PPR-4000005602": 51811530.58823512,
  "XM-DAC-7-PPR-4000005603": 2192026.2941176393,
  "XM-DAC-7-PPR-4000005607": 182270.3076078425,
  "XM-DAC-7-PPR-4000005608": 126558.29871686231,
  "XM-DAC-7-PPR-4000005622": 2657001.568627442,
  "XM-DAC-7-PPR-4000005634": 8163637.319607815,
  "XM-DAC-7-PPR-4000005637": 16652757.331372492,
  "XM-DAC-7-PPR-4000005638": 4384052.588235279,
  "XM-DAC-7-PPR-4000005640": 155324463.03518808,
  "XM-DAC-7-PPR-4000005641": 1076570.5380803884,
  "XM-DAC-7-PPR-4000005642": 24758737.716941092,
  "XM-DAC-7-PPR-4000005645": 8734892.656862715,
  "XM-DAC-7-PPR-4000005646": 114649617.68627411,
  "XM-DAC-7-PPR-4000005647": 1213499.1139196036,
  "XM-DAC-7-PPR-4000005653": 109481.74963529375,
  "XM-DAC-7-PPR-4000005654": 2656810.2645145007,
  "XM-DAC-7-PPR-4000005657": 79710047.05882326,
  "XM-DAC-7-PPR-4000005658": 137505.14517960735,
  "XM-DAC-7-PPR-4000005661": 98309.05803921535,
  "XM-DAC-7-PPR-4000005662": 4038642.3843137114,
  "XM-DAC-7-PPR-4000005663": 2301065.652991757,
  "XM-DAC-7-PPR-4000005664": 112922.56666666627,
  "XM-DAC-7-PPR-4000005665": 2657001.568627442,
  "XM-DAC-7-PPR-4000005666": 208021966.81097966,
  "XM-DAC-7-PPR-4000005667": 139422.17181137207,
  "XM-DAC-7-PPR-4000005668": 188647111.37254837,
  "XM-DAC-7-PPR-4000005670": 82599.5362647056,
  "XM-DAC-7-PPR-4000005672": 2690095.851665481,
  "XM-DAC-7-PPR-4000005675": 140821083.13725442,
  "XM-DAC-7-PPR-4000005676": 138164081.56862697,
  "XM-DAC-7-PPR-4000005680": 172709.08746313665,
  "XM-DAC-7-PPR-4000005681": 118236569.80392116,
  "XM-DAC-7-PPR-4000005683": 631037.8725490174,
  "XM-DAC-7-PPR-4000005689": 204911.94647490123,
  "XM-DAC-7-PPR-4000005696": 418367.48149372404,
  "XM-DAC-7-PPR-4000005697": 597825.3529411744,
  "XM-DAC-7-PPR-4000005699": 512798.6457435276,
  "XM-DAC-7-PPR-4000005702": 30853722.62476813,
  "XM-DAC-7-PPR-4000005704": 491545.29019607673,
  "XM-DAC-7-PPR-4000005706": 29097128.40471872,
  "XM-DAC-7-PPR-4000005709": 6464500.758479977,
  "XM-DAC-7-PPR-4000005711": 292270172.54901856,
  "XM-DAC-7-PPR-4000005713": 919056.8425882321,
  "XM-DAC-7-PPR-4000005715": 82367.0486274507,
  "XM-DAC-7-PPR-4000005717": 26570015.686274417,
  "XM-DAC-7-PPR-4000005719": 236345.6035325482,
  "XM-DAC-7-PPR-4000005722": 464583.3667784297,
  "XM-DAC-7-PPR-4000005723": 99644201.32745063,
  "XM-DAC-7-PPR-4000005724": 95644.08546588203,
  "XM-DAC-7-PPR-4000005725": 3450383.56552038,
  "XM-DAC-7-PPR-4000005727": 119453.47652235253,
  "XM-DAC-7-PPR-4000005728": 47426221.23825787,
  "XM-DAC-7-PPR-4000005729": 4189692.923490182,
  "XM-DAC-7-PPR-4000005731": 1273904.7160815643,
  "XM-DAC-7-PPR-4000005734": 843851.7416890167,
  "XM-DAC-7-PPR-4000005737": 2672939.5925368536,
  "XM-DAC-7-PPR-4000005740": 804756.6206082324,
  "XM-DAC-7-PPR-4000005747": -7535.256448627424,
  "XM-DAC-7-PPR-4000005755": 4380949.210403122,
  "XM-DAC-7-PPR-4000005781": 152379.0399607838,
  "XM-DAC-7-PPR-4000005797": 719205.1556007818,
  "XM-DAC-7-PPR-4000005803": 607983.0699380371,
  "XM-DAC-7-PPR-4000005806": 72451.11877333309,
  "XM-DAC-7-PPR-4000005809": 92454.35508274478,
  "XM-DAC-7-PPR-4000005810": 1456566.931420779,
  "XM-DAC-7-PPR-4000005813": 29227017.25490186,
  "XM-DAC-7-PPR-4000005815": 25719.775184313636,
  "XM-DAC-7-PPR-4000005816": 83695.54941176443,
  "XM-DAC-7-PPR-4000005818": 9465933.425950948,
  "XM-DAC-7-PPR-4000005820": 93143.8469898036,
  "XM-DAC-7-PPR-4000005821": 79710044.40182169,
  "XM-DAC-7-PPR-4000005823": 117738.38200980352,
  "XM-DAC-7-PPR-4000005824": 127031.24499607799,
  "XM-DAC-7-PPR-4000005825": 506320.8759192139,
  "XM-DAC-7-PPR-4000005826": 71141.21699999976,
  "XM-DAC-7-PPR-4000005827": 1262201.9526725446,
  "XM-DAC-7-PPR-4000005830": 209270.75754823454,
  "XM-DAC-7-PPR-4000005840": 99992.26853294083,
  "XM-DAC-7-PPR-4000005843": 5474007.7717176275,
  "XM-DAC-7-PPR-4000005844": 17048525.686024256,
  "XM-DAC-7-PPR-4000005845": 1915153.4456588167,
  "XM-DAC-7-PPR-4000005847": 12210929.572528193,
  "XM-DAC-7-PPR-4000005848": 273671.1615686265,
  "XM-DAC-7-PPR-4000005851": 1366036.2454737208,
  "XM-DAC-7-PPR-4000005852": 94804.47297019575,
  "XM-DAC-7-PPR-4000005853": 647644.132352939,
  "XM-DAC-7-PPR-4000005854": 5744703.091529392,
  "XM-DAC-7-PPR-4000005865": 100878.37855607808,
  "XM-DAC-7-PPR-4000005866": 724268.0720898014,
  "XM-DAC-7-PPR-4000005867": 1630215.2689384257,
  "XM-DAC-7-PPR-4000005868": 554993.1591541157,
  "XM-DAC-7-PPR-4000005869": 366199.91269529285,
  "XM-DAC-7-PPR-4000005870": 3814399.422926261,
  "XM-DAC-7-PPR-4000005871": 370993.14352509676,
  "XM-DAC-7-PPR-4000005875": 129528.82647058778,
  "XM-DAC-7-PPR-4000005877": 240744.26962941093,
  "XM-DAC-7-PPR-4000005878": 95447.46734980358,
  "XM-DAC-7-PPR-4000005880": 612999.4888996057,
  "XM-DAC-7-PPR-4000005881": 4437649.6238776315,
  "XM-DAC-7-PPR-4000005885": 377231.783208234,
  "XM-DAC-7-PPR-4000005886": 87259.91701607812,
  "XM-DAC-7-PPR-4000005887": 69566.94357058799,
  "XM-DAC-7-PPR-4000005889": 93724.40183254868,
  "XM-DAC-7-PPR-4000005891": 187622.83726784246,
  "XM-DAC-7-PPR-4000005898": 226437.64468313646,
  "XM-DAC-7-PPR-4000005899": 26570015.686274417,
  "XM-DAC-7-PPR-4000005903": 94157.49308823496,
  "XM-DAC-7-PPR-4000005905": 436142.8219878416,
  "XM-DAC-7-PPR-4000005906": 159450.64963568572,
  "XM-DAC-7-PPR-4000005910": 27032998.20960775,
  "XM-DAC-7-PPR-4000005911": 2251144.5790196,
  "XM-DAC-7-PPR-4000005913": 282229.36362117546,
  "XM-DAC-7-PPR-4000005918": 3426653.8845109683,
  "XM-DAC-7-PPR-4000005919": 192491.79264235226,
  "XM-DAC-7-PPR-4000005921": 103623.06117647023,
  "XM-DAC-7-PPR-4000005924": 5642759.255344294,
  "XM-DAC-7-PPR-4000005930": 631037.8725490174,
  "XM-DAC-7-PPR-4000005933": 77701.3538729409,
  "XM-DAC-7-PPR-4000005940": 199935.38253686205,
  "XM-DAC-7-PPR-4000005941": 351009.83472744975,
  "XM-DAC-7-PPR-4000005943": 2400084.1304497956,
  "XM-DAC-7-PPR-4000005946": 979411.9617203888,
  "XM-DAC-7-PPR-4000005948": 2043836.0171297968,
  "XM-DAC-7-PPR-4000005949": 235779.66219843057,
  "XM-DAC-7-PPR-4000005950": 15604943.521269359,
  "XM-DAC-7-PPR-4000005954": 17270510.19607837,
  "XM-DAC-7-PPR-4000005955": 1176188.1693921527,
  "XM-DAC-7-PPR-4000005956": 119596.9546070584,
  "XM-DAC-7-PPR-4000005965": 33259636.21665949,
  "XM-DAC-7-PPR-4000005967": 497127.65049176296,
  "XM-DAC-7-PPR-4000005968": 575780.2109262726,
  "XM-DAC-7-PPR-4000005973": 4849842.233725865,
  "XM-DAC-7-PPR-4000005976": 614447.5547545076,
  "XM-DAC-7-PPR-4000005978": 84884.55761372519,
  "XM-DAC-7-PPR-4000005981": 167391.09882352885,
  "XM-DAC-7-PPR-4000005983": 79663.54953137226,
  "XM-DAC-7-PPR-4000005990": 1350421.0472548972,
  "XM-DAC-7-PPR-4000005991": 106185.7391894114,
  "XM-DAC-7-PPR-4000005997": 107297.69434588197,