{
  "GB-COH-3799145-781-227134PK": 383843.26476810744,
  "GB-COH-3799145-781-230288PK": 59889.969202862696
}