{
  "DE-1-200565028": 28344259.277143367,
  "DE-1-200731208-0": 101340.69364984764,
  "DE-1-200732537-0": 205420.32496590738,
  "DE-1-200732545-0": 342367.2082765123,
  "DE-1-200732925-0": 342367.2082765123,
  "DE-1-200765669": 26418494.01875623,
  "DE-1-200765677": 13963722.508960575,
  "DE-1-200831313-0": 110077.0584114843,
  "DE-1-200833426-0": 161446.35233684364,
  "DE-1-200839209-0": 337569.64579521853,
  "DE-1-200839274-0": 135027.8583180874,
  "DE-1-200865345": 27173546.430172957,
  "DE-1-200866624": 13602077.080393124,
  "DE-1-200874750-0": 616431.5271043121,
  "DE-1-200931717-0": 243653.24434120333,
  "DE-1-200933481-0": 501229.53121618973,
  "DE-1-200933754-0": 306306.9357432271,
  "DE-1-200939058-0": 137838.12108445217,
  "DE-1-200966432": 40760319.64525943,
  "DE-1-200967059": 39797423.285089664,
  "DE-1-201018464-0": 2954862.3688949496,
  "DE-1-201030527-0": 125879.78701570413,
  "DE-1-201033455-0": 351138.3532543326,
  "DE-1-201067198": 80989913.19469844,
  "DE-1-201121722": 8558028.663771963,
  "DE-1-201130822-0": 208804.4779302961,
  "DE-1-201131457-0": 187924.03013726647,
  "DE-1-201132174-0": 647293.8815839179,
  "DE-1-201132257-0": 452409.7021823082,
  "DE-1-201133891-0": 361927.76174584654,
  "DE-1-201139047-0": 153123.28381555047,
  "DE-1-201166289": 13062889.22495136,
  "DE-1-201167030": 146064723.27028903,
  "DE-1-201174606-0": 626413.4337908883,
  "DE-1-201174614-0": 626413.4337908883,
  "DE-1-201175256-0": 375848.06027453294,
  "DE-1-201218130-0": 671765.7991041865,
  "DE-1-201219906": 5750753.860014505,
  "DE-1-201225390": 18376441.738310877,
  "DE-1-201230119-0": 333961.33739538747,
  "DE-1-201230341-0": 166980.66869769373,
  "DE-1-201265099": 21245777.93022386,
  "DE-1-201266600": 9671218.176755896,
  "DE-1-201279397-0": 1027573.3458319614,
  "DE-1-201330950-0": 641236.1509530109,
  "DE-1-201331107-0": 643891.3731101662,
  "DE-1-201366137": 26557222.412779827,
  "DE-1-201375088-0": 398283.3235732987,
  "DE-1-201418367-0": 1992166.7440504802,
  "DE-1-201430610-0": 305465.5674210736,
  "DE-1-201431733-0": 345308.9023020832,
  "DE-1-201433820-0": 285543.89998056885,
  "DE-1-201439389-0": 112889.44882952722,
  "DE-1-201468818": 13281111.627003202,
  "DE-1-201468941": 68042247.51942609,
  "DE-1-201475169-0": 597650.023215144,
  "DE-1-201476134-0": 848663.0329655046,
  "DE-1-201476142-0": 690617.8046041664,
  "DE-1-201479971-0": 636858.5209603829,
  "DE-1-201498310-0": 696995.8162532727,
  "DE-1-201518208-0": 863272.2557552081,
  "DE-1-201521723": 3984333.4881009604,
  "DE-1-201521731": 7437422.511121793,
  "DE-1-201521749": 8933365.328345817,
  "DE-1-201526110-0": 1176706.4901524836,
  "DE-1-201562776-0": 464838.90694511204,
  "DE-1-201568567": 26570174.85475416,
  "DE-1-201606003-1187": 6939380.825109173,
  "DE-1-201606003-1342": 1352848.614341223,
  "DE-1-201606003-1686": 971221.2638706063,
  "DE-1-201621283": 19589639.649829723,
  "DE-1-201630599-0": 126170.56045653041,
  "DE-1-201632082-0": 816788.3650606968,
  "DE-1-201632678-0": 252341.12091306082,
  "DE-1-201632868-0": 499369.7971753204,
  "DE-1-201668094": 30903096.537553474,
  "DE-1-201668870": 18593556.277804483,
  "DE-1-201674233-0": 996083.3720252401,
  "DE-1-201675776-0": 191248.0074288461,
  "DE-1-201676204-0": 265622.232540064,
  "DE-1-201698448-0": 1195300.046430288,
  "DE-1-201706019-1828": 66040.32756527342,
  "DE-1-201706019-2249": 192198.84205355812,
  "DE-1-201768670": 34709378.51589042,
  "DE-1-201773548-0": 464838.90694511204,
  "DE-1-201775634-0": 597650.023215144,
  "DE-1-201776889-0": 796866.6976201921,
  "DE-1-201830819-0": 278903.3441670672,
  "DE-1-201831296-0": 227107.00882175475,
  "DE-1-201868447": 37187112.555608965,
  "DE-1-201873884-0": 225778.89765905443,
  "DE-1-201874817-0": 1062488.930160256,
  "DE-1-201906015-4190": 1836199.6112254192,
  "DE-1-201906015-4613": 1735616.8388628222,
  "DE-1-201920776": 16964802.344310425,
  "DE-1-201930874-0": 1094363.5980650638,
  "DE-1-201933498-0": 305465.5674210736,
  "DE-1-201939552-0": 278903.3441670672,
  "DE-1-201973726-0": 199216.67440504802,
  "DE-1-201974088-0": 245700.56509955923,
  "DE-1-201974278-0": 664055.5813501601,
  "DE-1-201975358-0": 225778.89765905443,
  "DE-1-201975853-0": 597650.023215144,
  "DE-1-202006005-5221": 1023337.5411950133,
  "DE-1-202030211-0": 523275.7981039261,
  "DE-1-202073690-0": 454214.0176435095,
  "DE-1-202073823-0": 332027.79067508003,
  "DE-1-202075257-0": 597650.023215144,
  "DE-1-202075612-0": 223122.67533365378,
  "DE-1-202076768-0": 929677.8138902241,
  "DE-1-202100709-5799": 117760.96057431199,
  "DE-1-202100709-5938": 2069409.6892731308,
  "DE-1-202130011-0": 369214.903230689,
  "DE-1-202131696-0": 418355.01625060086,
  "DE-1-202174589-0": 531244.465080128,
  "DE-1-202174597-0": 1022645.5952792466,
  "DE-1-202175438-0": 464838.90694511204,
  "DE-1-202273910-0": 863272.2557552081
}