{
  "BE-BCE_KBO-0460240749-PROG2017-2021_Outcome_DRC": {
    "lftw-be-activities.xml": 1554074.690926928
  },
  "BE-BCE_KBO-0460240749-PROG2017-2021_Outcome_Rwanda": {
    "lftw-be-activities.xml": 4361711.1639754595
  },
  "BE-BCE_KBO-0460240749-PROG2017-2021_Outcome_Tanzania": {
    "lftw-be-activities.xml": 4139653.6528032445
  }
}