{
  "wv_de": {
    "DE-CR-RA000209-VR1207-204933": 1994772.4981516981,
    "DE-CR-RA000209-VR1207-204987": 2524712.864318948,
    "DE-CR-RA000209-VR1207-205051": 1510943.7531200554,
    "DE-CR-RA000209-VR1207-205057": 5730818.260608159,
    "DE-CR-RA000209-VR1207-205077": 1454717.3436182162,
    "DE-CR-RA000209-VR1207-205233": 7373245.70945335,
    "DE-CR-RA000209-VR1207-205238": 1575660.9897828232,
    "DE-CR-RA000209-VR1207-206267": 1098432.9306675775,
    "DE-CR-RA000209-VR1207-206910": 941997.3730354323,
    "DE-CR-RA000209-VR1207-206926": 5312554.060598863,
    "DE-CR-RA000209-VR1207-207604": 2470286.7626225953,
    "DE-CR-RA000209-VR1207-207632": 3991084.888072101,
    "DE-CR-RA000209-VR1207-207691": 9852571.410713721,
    "DE-CR-RA000209-VR1207-209610": 2174626.8524135244,
    "DE-CR-RA000209-VR1207-209833": 25037745.54345619,
    "DE-CR-RA000209-VR1207-209904": 4308493.5482482035,
    "DE-CR-RA000209-VR1207-209936": 5329444.473683844,
    "DE-CR-RA000209-VR1207-209946": 5204246.303096198,
    "DE-CR-RA000209-VR1207-210014": 1062289.8462969672,
    "DE-CR-RA000209-VR1207-210064": 1382242.3174696597,
    "DE-CR-RA000209-VR1207-210132": 3848749.27572321,
    "DE-CR-RA000209-VR1207-210186": 1472915.122769536,
    "DE-CR-RA000209-VR1207-210294": 3223687.0381099316,
    "DE-CR-RA000209-VR1207-210857": 6117240.172062794,
    "DE-CR-RA000209-VR1207-210947": 9924361.26431344,
    "DE-CR-RA000209-VR1207-210957": 1627597.042422452,
    "DE-CR-RA000209-VR1207-210993": 4121870.02388788,
    "DE-CR-RA000209-VR1207-211353": 1907034.1013413619,
    "DE-CR-RA000209-VR1207-211407": 4964901.546776856,
    "DE-CR-RA000209-VR1207-211451": 794685.3812843498,
    "DE-CR-RA000209-VR1207-211517": 1482172.0575735574,
    "DE-CR-RA000209-VR1207-211528": 5843689.115881409,
    "DE-CR-RA000209-VR1207-211535": 3984333.4881009604,
    "DE-CR-RA000209-VR1207-211620": 1872318.9755306637,
    "DE-CR-RA000209-VR1207-211628": 5251733.980207477,
    "DE-CR-RA000209-VR1207-211632": 219195.39750110242,
    "DE-CR-RA000209-VR1207-211635": 7126609.702537455,
    "DE-CR-RA000209-VR1207-211641": 1490663.2034811655,
    "DE-CR-RA000209-VR1207-211695": 4528859.064808092,
    "DE-CR-RA000209-VR1207-211696": 1641145.1043931579,
    "DE-CR-RA000209-VR1207-211707": 3846922.538505586,
    "DE-CR-RA000209-VR1207-211726": 967308.5155741749,
    "DE-CR-RA000209-VR1207-211732": 756000.7171439033,
    "DE-CR-RA000209-VR1207-211813": 1409804.7943647422,
    "DE-CR-RA000209-VR1207-211818": 864699.7627573248,
    "DE-CR-RA000209-VR1207-211978": 1102041.6477566436,
    "DE-CR-RA000209-VR1207-211990": 682673.0436288932,
    "DE-CR-RA000209-VR1207-211994": 19774899.68214597,
    "DE-CR-RA000209-VR1207-212035": 3074313.1006543105,
    "DE-CR-RA000209-VR1207-212130": 480745.6943407738,
    "DE-CR-RA000209-VR1207-212152": 358530.38173788117,
    "DE-CR-RA000209-VR1207-212304": 1833311.9522488064,
    "DE-CR-RA000209-VR1207-212308": 1377727.1645120508,
    "DE-CR-RA000209-VR1207-212315": 4948952.419197327,
    "DE-CR-RA000209-VR1207-212379": 5902716.272765374,
    "DE-CR-RA000209-VR1207-212425": 10807942.411599752,
    "DE-CR-RA000209-VR1207-212449": 290954.5982951867,
    "DE-CR-RA000209-VR1207-212497": 815194.6316654565,
    "DE-CR-RA000209-VR1207-212512": 8301268.510899288,
    "DE-CR-RA000209-VR1207-212532": 1863930.9707359509,
    "DE-CR-RA000209-VR1207-212566": 956013.0629465249,
    "DE-CR-RA000209-VR1207-212581": 1204534.562717883,
    "DE-CR-RA000209-VR1207-212721": 3390407.7807704844,
    "DE-CR-RA000209-VR1207-212764": 1489470.4534081677,
    "DE-CR-RA000209-VR1207-212789": 23430154.105099726,
    "DE-CR-RA000209-VR1207-212935": 1821325.031825408,
    "DE-CR-RA000209-VR1207-213185": 472818.1988106156,
    "DE-CR-RA000209-VR1207-213190": 760872.228888688,
    "DE-CR-RA000209-VR1207-213387": 5395185.816864171,
    "DE-CR-RA000209-VR1207-213426": 774923.9902989597,
    "DE-CR-RA000209-VR1207-213490": 522940.5828464606,
    "DE-CR-RA000209-VR1207-213491": 949896.4469867087,
    "DE-CR-RA000209-VR1207-213503": 1083821.3704022276,
    "DE-CR-RA000209-VR1207-213510": 370543.01439338934,
    "DE-CR-RA000209-VR1207-213513": 2719190.9177821507,
    "DE-CR-RA000209-VR1207-213559": 684010.0531363835,
    "DE-CR-RA000209-VR1207-213569": 536291.6593695149,
    "DE-CR-RA000209-VR1207-213570": 681081.9664559782,
    "DE-CR-RA000209-VR1207-213591": 3501384.457341267,
    "DE-CR-RA000209-VR1207-213594": 878511.9329138454,
    "DE-CR-RA000209-VR1207-213598": 248245.62452064184,
    "DE-CR-RA000209-VR1207-213609": 1400554.3141809718,
    "DE-CR-RA000209-VR1207-213610": 2300288.5337969544,
    "DE-CR-RA000209-VR1207-213616": 13901724.32035031,
    "DE-CR-RA000209-VR1207-213732": 376770.5276352911,
    "DE-CR-RA000209-VR1207-213796": 2950994.9245419116,
    "DE-CR-RA000209-VR1207-213841": 1195809.5364345233,
    "DE-CR-RA000209-VR1207-213857": 5020260.195007211,
    "DE-CR-RA000209-VR1207-213925": 555814.521590084,
    "DE-CR-RA000209-VR1207-213959": 851194.4128416114,
    "DE-CR-RA000209-VR1207-213974": 679328.8597212138,
    "DE-CR-RA000209-VR1207-214018": 598090.8498722676,
    "DE-CR-RA000209-VR1207-214024": 8148389.069451121,
    "DE-CR-RA000209-VR1207-214052": 429436.400738213,
    "DE-CR-RA000209-VR1207-214077": 5461391.706766986,
    "DE-CR-RA000209-VR1207-214081": 940364.0884897666,
    "DE-CR-RA000209-VR1207-214095": 664187.436226393,
    "DE-CR-RA000209-VR1207-214098": 775836.0042343859,
    "DE-CR-RA000209-VR1207-214114": 1482172.0575735574,
    "DE-CR-RA000209-VR1207-214134": 753437.4625998916,
    "DE-CR-RA000209-VR1207-214137": 478388.74858477607,
    "DE-CR-RA000209-VR1207-214160": 3871317.0187198324,
    "DE-CR-RA000209-VR1207-214278": 17853623.740124732,
    "DE-CR-RA000209-VR1207-214293": 383013.0219711082,
    "DE-CR-RA000209-VR1207-214407": 672909.6469140877,
    "DE-CR-RA000209-VR1207-215099": 1663623.5451952002,
    "DE-CR-RA000209-VR1207-215243": 3855210.456843077,
    "DE-CR-RA000209-VR1207-215285": 2283854.486269701,
    "DE-CR-RA000209-VR1207-215345": 175804.73082896677,
    "DE-CR-RA000209-VR1207-215355": 2863468.7333331513,
    "DE-CR-RA000209-VR1207-215466": 6412553.551507293,
    "DE-CR-RA000209-VR1207-215547": 1237715.6404489926,
    "DE-CR-RA000209-VR1207-215588": 7968666.976201921,
    "DE-CR-RA000209-VR1207-215661": 719992.9673007722,
    "DE-CR-RA000209-VR1207-216467": 2482452.2608729303,
    "DE-CR-RA000209-VR1207-216552": 1021944.3525853407,
    "DE-CR-RA000209-VR1207-216554": 2071853.4138124995,
    "DE-CR-RA000209-VR1207-216585": 1063378.5787037024,
    "DE-CR-RA000209-VR1207-216603": 3971052.376473957,
    "DE-CR-RA000209-VR1207-216638": 2656214.356733664,
    "DE-CR-RA000209-VR1207-216741": 749394.7984695248,
    "DE-CR-RA000209-VR1207-216756": 530144.7359129657,
    "DE-CR-RA000209-VR1207-216797": 978395.3750626112,
    "DE-CR-RA000209-VR1207-216874": 2429468.3285259316,
    "DE-CR-RA000209-VR1207-216875": 1498071.620044494,
    "DE-CR-RA000209-VR1207-216917": 925959.8729391375,
    "DE-CR-RA000209-VR1207-216959": 7741708.529894826,
    "DE-CR-RA000209-VR1207-216978": 863825.8390500448,
    "DE-CR-RA000209-VR1207-217025": 1379140.4076002801,
    "DE-CR-RA000209-VR1207-217049": 699118.3269765833,
    "DE-CR-RA000209-VR1207-217080": 2600683.6118588476,
    "DE-CR-RA000209-VR1207-217202": 3322313.6089787637,
    "DE-CR-RA000209-VR1207-217350": 2197623.575315699,
    "DE-CR-RA000209-VR1207-217578": 652634.1440976163,
    "DE-CR-RA000209-VR1207-197235": 918139.8348831534,
    "DE-CR-RA000209-VR1207-216942": 543864.8812470228,
    "DE-CR-RA000209-VR1207-217645": 501545.4557576095,
    "DE-CR-RA000209-VR1207-217759": 682673.9733067071,
    "DE-CR-RA000209-VR1207-217760": 827484.0028439366,
    "DE-CR-RA000209-VR1207-217850": 804321.385576429,
    "DE-CR-RA000209-VR1207-218004": 2554060.0304322434,
    "DE-CR-RA000209-VR1207-218033": 398980.80951247277,
    "DE-CR-RA000209-VR1207-218251": 792233.7544835631,
    "DE-CR-RA000209-VR1207-218273": 741086.0287867787,