{
  "DE-CR-RA000209-VR1207-197235": 918409.1851708713,
  "DE-CR-RA000209-VR1207-204933": 1995357.6950094048,
  "DE-CR-RA000209-VR1207-204987": 2525453.5272447597,
  "DE-CR-RA000209-VR1207-205051": 1511387.011455187,
  "DE-CR-RA000209-VR1207-205057": 5732499.483324686,
  "DE-CR-RA000209-VR1207-205077": 1455144.1070807793,
  "DE-CR-RA000209-VR1207-205233": 7375408.763247339,
  "DE-CR-RA000209-VR1207-205238": 1576123.2339038376,
  "DE-CR-RA000209-VR1207-206267": 1098755.1726776431,
  "DE-CR-RA000209-VR1207-206910": 942273.7222948987,
  "DE-CR-RA000209-VR1207-206926": 5314112.579149495,
  "DE-CR-RA000209-VR1207-207604": 2471011.4588235207,
  "DE-CR-RA000209-VR1207-207632": 3992255.73353819,
  "DE-CR-RA000209-VR1207-207691": 9855461.812418789,
  "DE-CR-RA000209-VR1207-209610": 2175264.8122820784,
  "DE-CR-RA000209-VR1207-209833": 25045090.746996775,
  "DE-CR-RA000209-VR1207-209904": 4309757.510373319,
  "DE-CR-RA000209-VR1207-209936": 5331007.947294099,
  "DE-CR-RA000209-VR1207-209946": 5205773.047918539,
  "DE-CR-RA000209-VR1207-210014": 1062601.485183408,
  "DE-CR-RA000209-VR1207-210064": 1382647.8192807795,
  "DE-CR-RA000209-VR1207-210132": 3849878.3648721436,
  "DE-CR-RA000209-VR1207-210186": 1473347.2248274458,
  "DE-CR-RA000209-VR1207-210294": 3224632.755742734,
  "DE-CR-RA000209-VR1207-210857": 6119034.757525469,
  "DE-CR-RA000209-VR1207-210947": 9927272.726664161,
  "DE-CR-RA000209-VR1207-210957": 1628074.5227745827,
  "DE-CR-RA000209-VR1207-210993": 4123079.2371631227,
  "DE-CR-RA000209-VR1207-211353": 1907593.5588056482,
  "DE-CR-RA000209-VR1207-211407": 4966358.076173912,
  "DE-CR-RA000209-VR1207-211451": 794918.5143300599,
  "DE-CR-RA000209-VR1207-211517": 1482606.8752941126,
  "DE-CR-RA000209-VR1207-211528": 5845403.450980372,
  "DE-CR-RA000209-VR1207-211535": 3985502.3529411624,
  "DE-CR-RA000209-VR1207-211620": 1872868.2487846916,
  "DE-CR-RA000209-VR1207-211628": 5253274.656262304,
  "DE-CR-RA000209-VR1207-211632": 219259.70180545805,
  "DE-CR-RA000209-VR1207-211635": 7128700.401906877,
  "DE-CR-RA000209-VR1207-211641": 1491100.5122085437,
  "DE-CR-RA000209-VR1207-211695": 4530187.674509788,
  "DE-CR-RA000209-VR1207-211696": 1641626.559275367,
  "DE-CR-RA000209-VR1207-211707": 3848051.091753367,
  "DE-CR-RA000209-VR1207-211726": 967592.2902423496,
  "DE-CR-RA000209-VR1207-211732": 756222.5014548993,
  "DE-CR-RA000209-VR1207-211813": 1410218.382047752,
  "DE-CR-RA000209-VR1207-211818": 864953.4355869303,
  "DE-CR-RA000209-VR1207-211978": 1102364.9484387648,
  "DE-CR-RA000209-VR1207-211990": 682873.3161513702,
  "DE-CR-RA000209-VR1207-211994": 19780700.94979237,
  "DE-CR-RA000209-VR1207-212035": 3075214.997170217,
  "DE-CR-RA000209-VR1207-212130": 480886.72840352776,
  "DE-CR-RA000209-VR1207-212152": 358635.56207948894,
  "DE-CR-RA000209-VR1207-212304": 1833849.7821991623,
  "DE-CR-RA000209-VR1207-212308": 1378131.3417343637,
  "DE-CR-RA000209-VR1207-212315": 4950404.269675183,
  "DE-CR-RA000209-VR1207-212379": 5904447.924378756,
  "DE-CR-RA000209-VR1207-212425": 10811113.08592146,
  "DE-CR-RA000209-VR1207-212449": 291039.95425272844,
  "DE-CR-RA000209-VR1207-212497": 815433.7814117619,
  "DE-CR-RA000209-VR1207-212512": 8303703.814299579,
  "DE-CR-RA000209-VR1207-212532": 1864477.78324117,
  "DE-CR-RA000209-VR1207-212566": 956293.5239218398,
  "DE-CR-RA000209-VR1207-212581": 1204887.9312557762,
  "DE-CR-RA000209-VR1207-212721": 3391402.4084693766,
  "DE-CR-RA000209-VR1207-212764": 1489907.4122241675,
  "DE-CR-RA000209-VR1207-212789": 23437027.69723647,
  "DE-CR-RA000209-VR1207-212935": 1821859.3452303072,
  "DE-CR-RA000209-VR1207-213185": 472956.90722195915,
  "DE-CR-RA000209-VR1207-213190": 761095.442331762,
  "DE-CR-RA000209-VR1207-213387": 5396768.576697534,
  "DE-CR-RA000209-VR1207-213426": 775151.3260400052,
  "DE-CR-RA000209-VR1207-213490": 523093.99542164523,
  "DE-CR-RA000209-VR1207-213491": 950175.113559683,
  "DE-CR-RA000209-VR1207-213503": 1084139.3258888118,
  "DE-CR-RA000209-VR1207-213510": 370651.71882352815,
  "DE-CR-RA000209-VR1207-213513": 2719988.6338034337,
  "DE-CR-RA000209-VR1207-213559": 684210.7178909389,
  "DE-CR-RA000209-VR1207-213569": 536448.9886861001,
  "DE-CR-RA000209-VR1207-213570": 681281.7722117624,
  "DE-CR-RA000209-VR1207-213591": 3502411.6417364585,
  "DE-CR-RA000209-VR1207-213594": 878769.6577536832,
  "DE-CR-RA000209-VR1207-213598": 248318.45115101873,
  "DE-CR-RA000209-VR1207-213609": 1400965.1880948972,
  "DE-CR-RA000209-VR1207-213610": 2300963.3584313644,
  "DE-CR-RA000209-VR1207-213616": 13905802.602658948,
  "DE-CR-RA000209-VR1207-213732": 376881.05900117516,
  "DE-CR-RA000209-VR1207-213796": 2951860.643794884,
  "DE-CR-RA000209-VR1207-213841": 1196160.345353227,
  "DE-CR-RA000209-VR1207-213857": 5021732.964705865,
  "DE-CR-RA000209-VR1207-213925": 555977.5782352922,
  "DE-CR-RA000209-VR1207-213959": 851444.1236713696,
  "DE-CR-RA000209-VR1207-213974": 679528.1511764682,
  "DE-CR-RA000209-VR1207-214018": 598266.3089215038,
  "DE-CR-RA000209-VR1207-214024": 8149752.745098023,
  "DE-CR-RA000209-VR1207-214052": 429508.269172156,
  "DE-CR-RA000209-VR1207-214077": 5462993.889105307,
  "DE-CR-RA000209-VR1207-214081": 940639.9586003653,
  "DE-CR-RA000209-VR1207-214095": 664382.2857147271,
  "DE-CR-RA000209-VR1207-214098": 776063.6075285933,
  "DE-CR-RA000209-VR1207-214114": 1482606.8752941126,
  "DE-CR-RA000209-VR1207-214134": 753658.4949411738,
  "DE-CR-RA000209-VR1207-214137": 478529.0912016376,
  "DE-CR-RA000209-VR1207-214160": 3872452.7284594844,
  "DE-CR-RA000209-VR1207-214278": 17858861.37224623,
  "DE-CR-RA000209-VR1207-214293": 383125.3846676693,
  "DE-CR-RA000209-VR1207-214407": 673107.0551956133,
  "DE-CR-RA000209-VR1207-215099": 1664111.5944699706,
  "DE-CR-RA000209-VR1207-215243": 3856341.4414777826,
  "DE-CR-RA000209-VR1207-215285": 2284524.4897262664,
  "DE-CR-RA000209-VR1207-215345": 175856.30582117586,
  "DE-CR-RA000209-VR1207-215355": 2864308.7754464447,
  "DE-CR-RA000209-VR1207-215466": 6414434.771642268,
  "DE-CR-RA000209-VR1207-215547": 1238078.7431608036,
  "DE-CR-RA000209-VR1207-215588": 7971004.705882325,
  "DE-CR-RA000209-VR1207-215661": 720204.1881905857,
  "DE-CR-RA000209-VR1207-216467": 2483180.5260078344,
  "DE-CR-RA000209-VR1207-216552": 1022244.1555074474,
  "DE-CR-RA000209-VR1207-216554": 2072461.2235294045,
  "DE-CR-RA000209-VR1207-216585": 1063690.536986357,
  "DE-CR-RA000209-VR1207-216603": 3972217.3450980256,
  "DE-CR-RA000209-VR1207-216638": 2656993.597622736,
  "DE-CR-RA000209-VR1207-216741": 749614.6448337856,
  "DE-CR-RA000209-VR1207-216756": 530300.2619360453,
  "DE-CR-RA000209-VR1207-216797": 978682.402229675,
  "DE-CR-RA000209-VR1207-216874": 2430181.0500182663,
  "DE-CR-RA000209-VR1207-216875": 1498511.1021435712,
  "DE-CR-RA000209-VR1207-216917": 926231.517353981,
  "DE-CR-RA000209-VR1207-216942": 544024.4322834531,
  "DE-CR-RA000209-VR1207-216959": 7743979.677862412,
  "DE-CR-RA000209-VR1207-216978": 864079.2555008362,
  "DE-CR-RA000209-VR1207-217025": 1379544.999418952,
  "DE-CR-RA000209-VR1207-217049": 699323.4239731034,
  "DE-CR-RA000209-VR1207-217080": 2601446.5619591516,
  "DE-CR-RA000209-VR1207-217202": 3323288.2602164824,
  "DE-CR-RA000209-VR1207-217350": 2198268.281622753,
  "DE-CR-RA000209-VR1207-217578": 652825.6042519506,
  "DE-CR-RA000209-VR1207-217645": 501692.5917467904,
  "DE-CR-RA000209-VR1207-217759": 682874.2461019192,
  "DE-CR-RA000209-VR1207-217760": 827726.7578642286,
  "DE-CR-RA000209-VR1207-217850": 804557.3454905854,
  "DE-CR-RA000209-VR1207-218004": 2554809.3027956774,
  "DE-CR-RA000209-VR1207-218033": 399097.85660241824,
  "DE-CR-RA000209-VR1207-218251": 792466.1683072561,
  "DE-CR-RA000209-VR1207-218273": 741303.4376470563,
  "DE-CR-RA000209-VR1207-218317": 737296.6792815661,
  "DE-CR-RA000209-VR1207-218479": 247101.14588235208,
  "DE-CR-RA000209-VR1207-218518": 938063.9291545419,
  "DE-CR-RA000209-VR1207-218567": 966181.4224094084,
  "DE-CR-RA000209-VR1207-218691": 978010.7919431732,