{
  "pontis": {
    "SK-ZRSR-31784828-SAMRS_2011_02_08": 88672.3016277324,
    "SK-ZRSR-31784828-SAMRS_2013_KE_01_12": 115190.82042455047,
    "SK-ZRSR-31784828-SAMRS_2015_KE_1_6": 142872.03644750552
  }
}