{
  "ES-DIR3-E04585801-009-076407": 1771822.6029221453,
  "ES-DIR3-E04585801-009-076411": 5735675.434452474,
  "ES-DIR3-E04585801-009-076413": 637753.5350194644,
  "ES-DIR3-E04585801-009-076415": 924118.1029231386,
  "ES-DIR3-E04585801-009-076419": 1480154.4279012152,
  "ES-DIR3-E04585801-009-077613": 10597.52267363833,
  "ES-DIR3-E04585801-009-077615": 15931.332942931947,
  "ES-DIR3-E04585801-009-077659": 2389.699941439792,
  "ES-DIR3-E04585801-009-077661": 501.83698770235634,
  "ES-DIR3-E04585801-009-077683": 9930.530867760914,
  "ES-DIR3-E04585801-009-077743": 14200.659140898106,
  "ES-DIR3-E04585801-009-083624": 295765.0434887105,
  "ES-DIR3-E04585801-009-087405": 637493.3580961537,
  "ES-DIR3-E04585801-009-087423": 43827.668369110565,
  "ES-DIR3-E04585801-009-087430": 20630.71265914388,
  "ES-DIR3-E04585801-009-087456": 15931.516825511215,
  "ES-DIR3-E04585801-009-087486": 53124.44650801281,
  "ES-DIR3-E04585801-009-087514": 15937.333952403842,
  "ES-DIR3-E04585801-009-087516": 28057.410800974423,
  "ES-DIR3-E04585801-009-087548": 23507.56757979567,
  "ES-DIR3-E04585801-009-087554": 11596.482303787607,
  "ES-DIR3-E04585801-009-087561": 431.104883412524,
  "ES-DIR3-E04585801-009-087588": 17091.807861692723,
  "ES-DIR3-E04585801-009-087600": 25133.70688740594,
  "ES-DIR3-E04585801-009-087637": 4038.440736869371,
  "ES-DIR3-E04585801-009-087672": 32140.290137347747
}