{
  "GB-CHC-1038860-28437": 4752107.7,
  "GB-CHC-1038860-28437-01": 1876627.81,
  "GB-CHC-1038860-28437-02": 1070886.0899999999,
  "GB-CHC-1038860-28437-03": 31333.55,
  "GB-CHC-1038860-28437-04": 315485.68000000005,
  "GB-CHC-1038860-28437-05": 375798.82,
  "GB-CHC-1038860-28437-06": 179463.93,
  "GB-CHC-1038860-29245": 19931541.586806215,
  "GB-CHC-1038860-4000004166": 8588754.648256227,
  "GB-CHC-1038860-P-8801-270": 31766558.06984797,
  "GB-CHC-1038860-P-8801-270-IN": 2713021.299046772,
  "GB-CHC-1038860-P-8801-270-KE": 5549321.9786361875,
  "GB-CHC-1038860-P-8801-270-MM": 3388678.6982417153,
  "GB-CHC-1038860-P-8801-270-MZ": 1697755.436202199,
  "GB-CHC-1038860-P-8801-270-NG": 2386903.0009678346,
  "GB-CHC-1038860-P-8801-270-UA": 2921247.219128039,
  "GB-CHC-1038860-P-8801-270-UG": 5123156.242367071,
  "GB-CHC-1038860-P-8801-270-VN": 2218000.1230767793,
  "GB-CHC-1038860-P-8801-270-ZW": 1630282.830340784,
  "GB-CHC-1038860-PITCHGlobalPolicy": 1647797.9850851286,
  "GB-CHC-1038860-PITCHRegionalProgramme": 135633.17,
  "GB-CHC-1038860-PITCHStrategicFlexibleInvestments": 118796.78690930584,
  "GB-CHC-1038860-strategicfunding": 842074.66
}