{
  "47045-CIV-202-G01-H-00": 43708251.51,
  "47045-CIV-202-G05-H": 44292292.84,
  "47045-CIV-304-G02-H": 2046933.86,
  "47045-CIV-304-G03-T": 7466508.38,
  "47045-CIV-506-G04-H": 7750547.0,
  "47045-CIV-607-G06-M": 18035961.56,
  "47045-CIV-607-G07-T": 6647471.239999999,
  "47045-CIV-809-G08-M": 156020203.67,
  "47045-CIV-809-G09-M": 220126826.20000002,
  "47045-CIV-910-G12-H": 199016195.06,
  "47045-CIV-910-G13-H": 62212808.15,
  "47045-CIV-C-ACI": 42532966.550000004,
  "47045-CIV-H-ACI": 45948724.980000004,
  "47045-CIV-H-MOH": 134989516.69,
  "47045-CIV-M-MOH": 496244734.82,
  "47045-CIV-M-SCI": 154692827.41,
  "47045-CIV-S-MOH": 38340446.4,
  "47045-CIV-S10-G11-T": 9865625.55,
  "47045-CIV-T-ACI": 18950014.6,
  "47045-CIV-T-MOH": 89858426.3
}