{
  "GB-COH-1762840-AFR605-SI01-01": 4131199.447254894,
  "GB-COH-1762840-AFR611-SI01-01": 2559118.2842095667,
  "GB-COH-1762840-AFR612-DF99-01": 2869506.3114791145,
  "GB-COH-1762840-AFR613-OT02-01": 6203.416508366532,
  "GB-COH-1762840-AFR623-EU05-01": 375599.59216160997,
  "GB-COH-1762840-AFR633-DE01-01": 23380.46290911938,
  "GB-COH-1762840-AFR636-DE01-01": 45451.13283663139,
  "GB-COH-1762840-AFR638-AG18-01": 85822.7041981096,
  "GB-COH-1762840-AFR639-AG16-01": 238461.30514389332,
  "GB-COH-1762840-ASR061-EU05-01": 689270.6872052242,
  "GB-COH-1762840-ASR061-TG01-01": 36522.122230939705,
  "GB-COH-1762840-ASR066-RF08-01": 126047.8288568704,
  "GB-COH-1762840-ASR070-UN03-01": -8.227342849292484,
  "GB-COH-1762840-ASR072-TG01-01": 210350.1200964308,
  "GB-COH-1762840-ASR072-UN06-01": 17098.063909399636,
  "GB-COH-1762840-ASR098-MC01-01": 96610.3961421019,
  "GB-COH-1762840-ASR102-CP10-01": 21.391091408160456,
  "GB-COH-1762840-ASR685-MC01-01": 626882.3884018407,
  "GB-COH-1762840-ASR688-EU99-01": 3733.5681850089286,
  "GB-COH-1762840-BAN099-DF07-01": 57822.33834433472,
  "GB-COH-1762840-BAN113-EU05-01": 418926.42507455405,
  "GB-COH-1762840-BAN140-HT10-01": 127670.26086675089,
  "GB-COH-1762840-BAN164-UN99-01": 1948124.5403182793,
  "GB-COH-1762840-BAN169-DE01-01": 163483.88428972106,
  "GB-COH-1762840-BAN616-MC01-01": 522901.9385353426,
  "GB-COH-1762840-BLV212-WG02-01": 16438.954025329833,
  "GB-COH-1762840-BLV270-EU08-01": 10929.202241000134,
  "GB-COH-1762840-CAM091-JE01-01": 146089.6360377469,
  "GB-COH-1762840-CAM092-OT02-01": 40185.6334130842,
  "GB-COH-1762840-CAS053-NC99-01": 29338.70460057699,
  "GB-COH-1762840-CHI023-TG01-01": 320212.91145048034,
  "GB-COH-1762840-CHI024-HU01-01": 98384.45167455352,
  "GB-COH-1762840-COL096-RF12-01": 215080.3341178321,
  "GB-COH-1762840-COL103-EU08-01": 147833.8327217969,
  "GB-COH-1762840-COL110-UN16-01": 160719.4970923588,
  "GB-COH-1762840-COL112-EU08-01": 104302.96170619037,
  "GB-COH-1762840-COL114-UN16-01": 113851.61581707923,
  "GB-COH-1762840-COL115-EU08-01": 297568.18164178036,
  "GB-COH-1762840-COM068-HD01-01": 5008.806326649264,
  "GB-COH-1762840-DRC034-NG32-01": 147899.65146459124,
  "GB-COH-1762840-DRC035-SC99-01": 209423.72129160044,
  "GB-COH-1762840-DRC036-SC99-01": 149589.54768583592,
  "GB-COH-1762840-DRC037-SC99-01": 130979.29816073632,
  "GB-COH-1762840-DRC038-SC99-01": 182790.1670198708,
  "GB-COH-1762840-DRC039-SC99-01": 294239.3987249566,
  "GB-COH-1762840-DRC040-SC99-01": 88600.25514403074,
  "GB-COH-1762840-DRC041-SC99-01": 174510.16917634284,
  "GB-COH-1762840-ETH251-GU01-01": 55759.99342679488,
  "GB-COH-1762840-ETH256-HD01-01": 53383.9368119192,
  "GB-COH-1762840-ETH267-OT01-01": 17000.981263777987,
  "GB-COH-1762840-ETH284-UN99-01": 316263.9955325126,
  "GB-COH-1762840-ETH299-UN99-01": 110016.02858073908,
  "GB-COH-1762840-ETH310-HD01-01": 232784.43857788152,
  "GB-COH-1762840-ETH312-UN99-01": 137482.1899488171,
  "GB-COH-1762840-ETH319-HD01-01": 10805.792098260747,
  "GB-COH-1762840-ETH326-HD01-01": 23107.315126522866,
  "GB-COH-1762840-ETH329-HD01-01": 130447.81181267204,
  "GB-COH-1762840-ETh216-HD01-01": 80146.38412600124,
  "GB-COH-1762840-Eth241-UN15-01": 632929.4853960706,
  "GB-COH-1762840-GID650-AG15-01": 6177.089011248796,
  "GB-COH-1762840-GID654-HU10-01": 18049.144742777848,
  "GB-COH-1762840-GTU001-HU01-01": 12568.088936579197,
  "GB-COH-1762840-HUT001-SC99-01": 734927.1456358893,
  "GB-COH-1762840-HUT001-US03-01": 71327.7715662261,
  "GB-COH-1762840-HUT001-US03-02": 247794.4028721307,
  "GB-COH-1762840-HUT626-PM01-01": 19041.36229040252,
  "GB-COH-1762840-HUT640-HU03-01": 98178.52768917705,
  "GB-COH-1762840-IDS036-HT10-01": 178186.14596140673,
  "GB-COH-1762840-IDS037-HD01-01": 93839.4270704602,
  "GB-COH-1762840-IDS038-DE01-01": 451064.0717124603,
  "GB-COH-1762840-IDS039-SC99-01": 71959.63149705177,
  "GB-COH-1762840-IND792-AG15-01": 33220.74353758374,
  "GB-COH-1762840-IND792-AG15-02": 42782.18281632091,
  "GB-COH-1762840-JOR008-HD01-01": 84147.61719399365,
  "GB-COH-1762840-JOR018-HD01-01": 136853.62095513116,
  "GB-COH-1762840-KEN162-DF99-01": 3810739.1311186813,
  "GB-COH-1762840-KEN198-DF99-01": 393135.350710592,
  "GB-COH-1762840-KEN207-AF01-01": 11355.378600593485,
  "GB-COH-1762840-KYR007-WD01-01": 86373.9361690122,
  "GB-COH-1762840-KYR012-NG14-01": 2986.525454293171,
  "GB-COH-1762840-KYR016-AG16-01": 145854.33403225712,
  "GB-COH-1762840-KYR028-GV94-01": 3794.450522093693,
  "GB-COH-1762840-LAC420-SC99-01": 225363.3753278197,
  "GB-COH-1762840-LAR038-RF03-01": 269030.87709292234,
  "GB-COH-1762840-LEB101-HD01-01": 1213751.9175904323,
  "GB-COH-1762840-LEB106-ST01-01": 91897.77415802717,
  "GB-COH-1762840-LEB110-WD01-01": 184542.5910467701,
  "GB-COH-1762840-LEB111-HD01-01": 59529.76192034069,
  "GB-COH-1762840-LEB116-UN16-01": 263385.21757154,
  "GB-COH-1762840-LEB129-HD01-01": 86280.14446053027,
  "GB-COH-1762840-LEB130-AG15-01": 24037.004868492917,
  "GB-COH-1762840-LEB131-HD01-01": 64706.406041115515,
  "GB-COH-1762840-LEB132-HD01-01": 16405.321641489212,
  "GB-COH-1762840-MAL014-NG32-01": 14508.096380442365,
  "GB-COH-1762840-MAL015-NG32-01": 371054.8079716608,
  "GB-COH-1762840-MOZ141-NL02-01": 316803.25405637,
  "GB-COH-1762840-MOZ148-CH02-01": 57492.27584770095,
  "GB-COH-1762840-MOZ151-TG01-01": 7062.351101832667,
  "GB-COH-1762840-MOZ170-GV23-01": 3792.8050535238344,
  "GB-COH-1762840-MOZ176-DF99-01": 589344.3139176589,
  "GB-COH-1762840-MOZ182-NG32-01": 10024.194527577962,
  "GB-COH-1762840-MYA024-UN15-01": 1601772.649302312,
  "GB-COH-1762840-MYA036-EU05-01": 550233.0614249106,
  "GB-COH-1762840-MYA036-FD01-01": 697.6786736200025,
  "GB-COH-1762840-MYA038-EU05-01": 203440.1458498567,
  "GB-COH-1762840-MYA048-AA01-01": 140899.8281684132,
  "GB-COH-1762840-MYA050-EU05-01": 421422.60089502943,
  "GB-COH-1762840-MYA050-IT40-01": 56994.09485418874,
  "GB-COH-1762840-MYA064-UN99-01": 746601.7451390354,
  "GB-COH-1762840-MYA100-UN99-01": 260311.4822830443,
  "GB-COH-1762840-NAC642-WB01-01": 10206.841538832254,
  "GB-COH-1762840-NEP030-CP13-01": 21229.835488314322,
  "GB-COH-1762840-NEP035-JE01-01": 150581.7652334606,
  "GB-COH-1762840-NEP100-DE01-01": 429531.47000729205,
  "GB-COH-1762840-NEP101-HT10-01": 410314.0425799147,
  "GB-COH-1762840-NEP102-HU01-01": 132590.2118906278,
  "GB-COH-1762840-NEP103-NG33-01": 15482.213773798594,
  "GB-COH-1762840-NEP105-HD01-01": 96248.39305673304,
  "GB-COH-1762840-OPT028-HD01-01": 246217.78859724523,
  "GB-COH-1762840-OPT036-DE01-01": 15218.938802621235,
  "GB-COH-1762840-OPT037-HT10-01": 55748.47514680587,
  "GB-COH-1762840-OPT038-DE01-01": 107001.53016075831,
  "GB-COH-1762840-PAC621-BM01-01": 135984.81355024586,
  "GB-COH-1762840-PAK069-NC99-01": 494384.32275112503,
  "GB-COH-1762840-PAK076-CD01-01": 95606.53670292083,
  "GB-COH-1762840-PAK077-CD01-01": 63597.36022503089,
  "GB-COH-1762840-PAK079-UN14-01": 49689.22122916294,
  "GB-COH-1762840-PAK082-HD01-01": 33226.99685401434,
  "GB-COH-1762840-PAK101-HD01-01": 26742.155197340286,
  "GB-COH-1762840-PAK102-TC01-01": 30679.761485011666,
  "GB-COH-1762840-PAK111-HD01-01": 373608.5751920812,
  "GB-COH-1762840-PAK113-NG32-01": 12064.575554202496,
  "GB-COH-1762840-PAK140-HD01-01": 274014.94453282584,
  "GB-COH-1762840-PAK150-NG48-01": 29444.014589047936,
  "GB-COH-1762840-PHI101-DE01-01": 1062892.1089593295,
  "GB-COH-1762840-PHI101-HD01-01": 757249.7883866827,
  "GB-COH-1762840-PHI103-DE01-01": 48090.46442268442,
  "GB-COH-1762840-PHI104-HU01-01": 45720.989682088184,
  "GB-COH-1762840-PHI105-HD01-01": 44335.50514626734,
  "GB-COH-1762840-PHI106-HU01-01": 9701.682687885695,
  "GB-COH-1762840-PHI107-HT10-01": 17861.56132581398,
  "GB-COH-1762840-PHI110-HD08-01": 11111.849252254427,
  "GB-COH-1762840-POL014-EU05-01": 248443.23359930338,
  "GB-COH-1762840-POL614-HU01-01": 117315.32715663136,
  "GB-COH-1762840-POL617-HD01-01": 7909.767415309793,
  "GB-COH-1762840-POL618-HU01-01": 33396.430093848045,
  "GB-COH-1762840-RUS005-EU05-01": 192326.81233073832,