{
  "helpage_international": {
    "GB-COH-1762840-AFR605-SI01-01": 4135766.9127911795,
    "GB-COH-1762840-AFR611-SI01-01": 2562420.7533064815,
    "GB-COH-1762840-AFR612-DF99-01": 2873209.3274653372,
    "GB-COH-1762840-AFR613-OT02-01": 6211.421840296901,
    "GB-COH-1762840-AFR623-EU05-01": 376084.2927139765,
    "GB-COH-1762840-AFR633-DE01-01": 23410.63472911901,
    "GB-COH-1762840-AFR636-DE01-01": 45509.78622617533,
    "GB-COH-1762840-AFR638-AG18-01": 85933.45594810756,
    "GB-COH-1762840-AFR639-AG16-01": 238769.03265141297,
    "GB-COH-1762840-ASR061-EU05-01": 690032.6318846836,
    "GB-COH-1762840-ASR061-TG01-01": 36567.30901102236,
    "GB-COH-1762840-ASR066-RF08-01": 126210.48998203277,
    "GB-COH-1762840-ASR070-UN03-01": -8.237960000393768,
    "GB-COH-1762840-ASR072-TG01-01": 210621.57092206753,
    "GB-COH-1762840-ASR072-UN06-01": 17120.128472818327,
    "GB-COH-1762840-ASR098-MC01-01": 96735.06910062386,
    "GB-COH-1762840-ASR102-CP10-01": 21.418696001023797,
    "GB-COH-1762840-ASR685-MC01-01": 627691.3622300032,
    "GB-COH-1762840-ASR688-EU99-01": 3738.386248178692,
    "GB-COH-1762840-BAN099-DF07-01": 57899.198095656524,
    "GB-COH-1762840-BAN113-EU05-01": 419467.0376680502,
    "GB-COH-1762840-BAN140-HT10-01": 127835.01569411042,
    "GB-COH-1762840-BAN164-UN99-01": 1950638.539429239,
    "GB-COH-1762840-BAN169-DE01-01": 163694.85557582448,
    "GB-COH-1762840-BAN616-MC01-01": 523576.72856102657,
    "GB-COH-1762840-BLV212-WG02-01": 16488.29945475866,
    "GB-COH-1762840-BLV270-EU08-01": 10943.306064523082,
    "GB-COH-1762840-CAM091-JE01-01": 146278.160542992,
    "GB-COH-1762840-CAM092-OT02-01": 40237.491825923316,
    "GB-COH-1762840-CAS053-NC99-01": 29376.565361404177,
    "GB-COH-1762840-CHI023-TG01-01": 320476.9998914478,
    "GB-COH-1762840-CHI024-HU01-01": 98456.31377390496,
    "GB-COH-1762840-COL096-RF12-01": 215319.60327098792,
    "GB-COH-1762840-COL103-EU08-01": 148024.60806307546,
    "GB-COH-1762840-COL110-UN16-01": 160926.9010156922,
    "GB-COH-1762840-COL112-EU08-01": 104437.56170099202,
    "GB-COH-1762840-COL114-UN16-01": 113998.53807744905,
    "GB-COH-1762840-COL115-EU08-01": 297952.1848862419,
    "GB-COH-1762840-COM068-HD01-01": 5015.270048239726,
    "GB-COH-1762840-DRC034-NG32-01": 148090.51174307862,
    "GB-COH-1762840-DRC035-SC99-01": 209693.9766260232,
    "GB-COH-1762840-DRC036-SC99-01": 149782.58872715948,
    "GB-COH-1762840-DRC037-SC99-01": 131148.32320626877,
    "GB-COH-1762840-DRC038-SC99-01": 183026.05251274852,
    "GB-COH-1762840-DRC039-SC99-01": 294619.1062700826,
    "GB-COH-1762840-DRC040-SC99-01": 88714.5912442405,
    "GB-COH-1762840-DRC041-SC99-01": 174735.3695683522,
    "GB-COH-1762840-ETH251-GU01-01": 55831.95010666872,
    "GB-COH-1762840-ETH256-HD01-01": 53452.82725855501,
    "GB-COH-1762840-ETH267-OT01-01": 17022.92054481368,
    "GB-COH-1762840-ETH284-UN99-01": 316672.12519113667,
    "GB-COH-1762840-ETH299-UN99-01": 110158.00112526547,
    "GB-COH-1762840-ETH310-HD01-01": 233084.84025114126,
    "GB-COH-1762840-ETH312-UN99-01": 137659.60679058003,
    "GB-COH-1762840-ETH319-HD01-01": 10819.736664517175,
    "GB-COH-1762840-ETH326-HD01-01": 23137.134457105938,
    "GB-COH-1762840-ETH329-HD01-01": 130616.15099024335,
    "GB-COH-1762840-ETh216-HD01-01": 80159.12530476424,
    "GB-COH-1762840-Eth241-UN15-01": 633746.2628302926,
    "GB-COH-1762840-GID650-AG15-01": 6185.060368295641,
    "GB-COH-1762840-GID654-HU10-01": 18072.436648863848,
    "GB-COH-1762840-GTU001-HU01-01": 12584.30769660152,
    "GB-COH-1762840-HUT001-SC99-01": 735875.5481391742,
    "GB-COH-1762840-HUT001-US03-01": 71419.81801941381,
    "GB-COH-1762840-HUT001-US03-02": 248114.17447585968,
    "GB-COH-1762840-HUT626-PM01-01": 19065.934624911337,
    "GB-COH-1762840-HUT640-HU03-01": 98305.22427669891,
    "GB-COH-1762840-IDS036-HT10-01": 178416.09009652815,
    "GB-COH-1762840-IDS037-HD01-01": 93960.52417249123,
    "GB-COH-1762840-IDS038-DE01-01": 451646.1570215883,
    "GB-COH-1762840-IDS039-SC99-01": 72052.49334744405,
    "GB-COH-1762840-IND792-AG15-01": 33219.19514898827,
    "GB-COH-1762840-IND792-AG15-02": 42837.39200204759,
    "GB-COH-1762840-JOR008-HD01-01": 84256.20729202738,
    "GB-COH-1762840-JOR018-HD01-01": 137030.22664654994,
    "GB-COH-1762840-KEN162-DF99-01": 3815088.3130458556,
    "GB-COH-1762840-KEN198-DF99-01": 393642.68065881584,
    "GB-COH-1762840-KEN207-AF01-01": 11370.032392543479,
    "GB-COH-1762840-KYR007-WD01-01": 86485.39926813393,
    "GB-COH-1762840-KYR012-NG14-01": 2990.3794801429376,
    "GB-COH-1762840-KYR016-AG16-01": 146042.5548869807,
    "GB-COH-1762840-KYR028-GV94-01": 3799.347152181606,
    "GB-COH-1762840-LAC420-SC99-01": 225654.2003307861,
    "GB-COH-1762840-LAR038-RF03-01": 269305.27798237343,
    "GB-COH-1762840-LEB101-HD01-01": 1215318.2297940913,
    "GB-COH-1762840-LEB106-ST01-01": 92016.36561239831,
    "GB-COH-1762840-LEB110-WD01-01": 184780.73799283238,
    "GB-COH-1762840-LEB111-HD01-01": 59606.58337884915,
    "GB-COH-1762840-LEB116-UN16-01": 263725.10867660586,
    "GB-COH-1762840-LEB129-HD01-01": 86391.48652412945,
    "GB-COH-1762840-LEB130-AG15-01": 24068.023937150432,
    "GB-COH-1762840-LEB131-HD01-01": 64789.907811096906,
    "GB-COH-1762840-LEB132-HD01-01": 16426.492240785174,
    "GB-COH-1762840-MAL014-NG32-01": 14526.81866469437,
    "GB-COH-1762840-MAL015-NG32-01": 371533.643609759,
    "GB-COH-1762840-MOZ141-NL02-01": 317203.7769533021,
    "GB-COH-1762840-MOZ148-CH02-01": 57545.68834676511,
    "GB-COH-1762840-MOZ151-TG01-01": 7071.464864338011,
    "GB-COH-1762840-MOZ170-GV23-01": 3797.699560181527,
    "GB-COH-1762840-MOZ176-DF99-01": 590104.8459322066,
    "GB-COH-1762840-MOZ182-NG32-01": 10037.130464479767,
    "GB-COH-1762840-MYA024-UN15-01": 1604441.9831041228,
    "GB-COH-1762840-MYA036-EU05-01": 550911.4618471579,
    "GB-COH-1762840-MYA036-FD01-01": 698.5790080333916,
    "GB-COH-1762840-MYA038-EU05-01": 203657.64828410867,
    "GB-COH-1762840-MYA048-AA01-01": 141081.6553747436,
    "GB-COH-1762840-MYA050-EU05-01": 421966.43473216967,
    "GB-COH-1762840-MYA050-IT40-01": 57067.64410672779,
    "GB-COH-1762840-MYA064-UN99-01": 747565.213379733,
    "GB-COH-1762840-MYA100-UN99-01": 260647.40682045874,
    "GB-COH-1762840-NAC642-WB01-01": 10220.013176488508,
    "GB-COH-1762840-NEP030-CP13-01": 21257.23198501608,
    "GB-COH-1762840-NEP035-JE01-01": 150776.08670320697,
    "GB-COH-1762840-NEP100-DE01-01": 430085.7681085578,
    "GB-COH-1762840-NEP101-HT10-01": 410843.541139638,
    "GB-COH-1762840-NEP102-HU01-01": 132761.3157743459,
    "GB-COH-1762840-NEP103-NG33-01": 15502.193128740993,
    "GB-COH-1762840-NEP105-HD01-01": 96372.59886060654,
    "GB-COH-1762840-OPT028-HD01-01": 246450.93339861062,
    "GB-COH-1762840-OPT036-DE01-01": 15238.578408728392,
    "GB-COH-1762840-OPT037-HT10-01": 55820.41696266817,
    "GB-COH-1762840-OPT038-DE01-01": 107139.61258112118,
    "GB-COH-1762840-PAC621-BM01-01": 136160.29807050838,
    "GB-COH-1762840-PAK069-NC99-01": 495022.31160766166,
    "GB-COH-1762840-PAK076-CD01-01": 95706.16843631439,
    "GB-COH-1762840-PAK077-CD01-01": 63679.430803043826,
    "GB-COH-1762840-PAK079-UN14-01": 49723.51312324975,
    "GB-COH-1762840-PAK082-HD01-01": 33225.44817395749,
    "GB-COH-1762840-PAK101-HD01-01": 26776.6651852799,
    "GB-COH-1762840-PAK102-TC01-01": 30719.35284146836,
    "GB-COH-1762840-PAK111-HD01-01": 374090.70639388124,
    "GB-COH-1762840-PAK113-NG32-01": 12080.14454457742,
    "GB-COH-1762840-PAK140-HD01-01": 274368.5529971146,
    "GB-COH-1762840-PAK150-NG48-01": 29482.011249409217,
    "GB-COH-1762840-PHI101-DE01-01": 1063888.2566672217,
    "GB-COH-1762840-PHI101-HD01-01": 758093.9690360344,
    "GB-COH-1762840-PHI103-DE01-01": 48152.523794301655,
    "GB-COH-1762840-PHI104-HU01-01": 45779.99131418825,
    "GB-COH-1762840-PHI105-HD01-01": 44392.718850121935,
    "GB-COH-1762840-PHI106-HU01-01": 9714.202432464332,
    "GB-COH-1762840-PHI107-HT10-01": 17884.61116085487,