{
  "XM-DAC-41108-1100000173": 49142.396663465894,
  "XM-DAC-41108-1100001236": 7625695.270599239,
  "XM-DAC-41108-1100001366": 12110770.53619286,
  "XM-DAC-41108-1100001671": 20510403.622686364,
  "XM-DAC-41108-2000000732": 17698080.0,
  "XM-DAC-41108-2000002545": 9879257.49
}