{
  "GB-1-104568-101": 10049361.296506755,
  "GB-1-104568-102": 252527.12440187595,
  "GB-1-104594-101": 11827760.371381106,
  "GB-1-104600-104": 660565.5629735459,
  "GB-1-104605-102": 2028403.4667797063,
  "GB-1-104605-108": 151200.9510180691,
  "GB-1-104617-101": 605889.0192215143,
  "GB-1-104627-101": 243737.68892510812,
  "GB-1-113254-102": 4753360.080206156,
  "GB-1-113254-103": 1876260.1686890381,
  "GB-1-113254-106": 20517.738180257464,
  "GB-1-113254-112": 801982.4064522532,
  "GB-1-113436-102": 3362080.3903168803,
  "GB-1-113531-101": 15309488.742341066,
  "GB-1-113531-102": 5056788.205297932,
  "GB-1-113697-101": 82141.01350387574,
  "GB-1-113860-101": 22935.106701999794,
  "GB-1-114101-103": 6326659.314375047,
  "GB-1-200344-101": 19635987.974657454,
  "GB-1-200344-102": 12260315.924315332,
  "GB-1-200344-103": -99086.33343300497,
  "GB-1-200856-101": 327641.62958434504,
  "GB-1-200856-102": 43283294.113580815,
  "GB-1-200856-103": 7351941.76543785,
  "GB-1-200856-104": 617008.2365899124,
  "GB-1-201018-101": 544411.565318617,
  "GB-1-201018-102": 53985350.264427066,
  "GB-1-201018-103": 291247.72443986573,
  "GB-1-201018-104": 385095.91193024296,
  "GB-1-201018-105": 2757643.708539313,
  "GB-1-201018-106": 1264572.6634567382,
  "GB-1-201018-108": 754373.7394567213,
  "GB-1-201139-101": 47454612.57899078,
  "GB-1-201202-101": 487448.27087303065,
  "GB-1-201205-102": 754813.5294983085,
  "GB-1-201460-101": 12897378.919026451,
  "GB-1-201518-107": 6590400.952155016,
  "GB-1-201693-107": 1880200.8959908683,
  "GB-1-201697-102": 203326.95632031988,
  "GB-1-201737-101": 71986218.09951833,
  "GB-1-201853-101": 30033098.64070204,
  "GB-1-201853-102": 9709.621273067774,
  "GB-1-201853-103": 1304974.716131622,
  "GB-1-202063-101": 15059417.492389923,
  "GB-1-202173-101": 157212.6111368352,
  "GB-1-202174-103": 631286.8776408684,
  "GB-1-202183-101": 21124835.53970242,
  "GB-1-202183-102": 97350.22850479199,
  "GB-1-202191-101": 2461592.0032837074,
  "GB-1-202191-102": 330534.90701245575,
  "GB-1-202192-101": 26257445.884167045,
  "GB-1-202253-101": 3376685.9170263903,
  "GB-1-202254-101": 3047533.1445185626,
  "GB-1-202706-101": 622113.5037082176,
  "GB-1-202706-102": 2568085.8128956375,
  "GB-1-202721-101": 43879305.365650155,
  "GB-1-202721-102": 20392081.692449667,
  "GB-1-202721-103": 23478695.235329863,
  "GB-1-202721-104": 9459183.850704428,
  "GB-1-202722-101": 24849296.548462413,
  "GB-1-202722-102": 2344884.3634579955,
  "GB-1-202722-104": 1374009.3484656764,
  "GB-1-202722-108": 37120572.337398335,
  "GB-1-202722-109": 7976207.0593412565,
  "GB-1-202722-110": 751446.9401319185,
  "GB-1-202725-101": 7087614.983970775,
  "GB-1-202725-103": 1267689.4159405685,
  "GB-1-202731-101": 12754839.110762265,
  "GB-1-202731-102": 119256.12895674675,
  "GB-1-202751-101": 53912525.99574335,
  "GB-1-202751-102": 14551629.631312573,
  "GB-1-202752-101": 36099403.09012637,
  "GB-1-202752-106": 1129674.7500379975,
  "GB-1-202857-101": 13118071.278620329,
  "GB-1-202857-102": 12947265.782899417,
  "GB-1-202857-103": 3647029.504130453,
  "GB-1-202857-104": 806198.0698865356,
  "GB-1-202857-106": 7182519.155511319,
  "GB-1-203324-105": 54334.288978597135,
  "GB-1-203559-123": 805504.4336545025,
  "GB-1-203559-129": 363867.39803339256,
  "GB-1-203559-150": 1496257.37968752,
  "GB-1-203559-164": 2952542.529861129,
  "GB-1-203585-101": 118767471.74262872,
  "GB-1-203585-102": 1526566.4481394847,
  "GB-1-203592-101": 215432.02961857256,
  "GB-1-203621-101": 4552019.455954192,
  "GB-1-203621-102": 194610.71330687767,
  "GB-1-203622-114": 165983.36086393386,
  "GB-1-203635-101": 168800.4090441296,
  "GB-1-203635-102": 4942776.000236261,
  "GB-1-203635-103": 8107470.713987531,
  "GB-1-203636-101": 7712302.363136642,
  "GB-1-203696-102": 145614.19245825693,
  "GB-1-203714-103": 1539888.2477762892,
  "GB-1-203718-101": 14334050.400685156,
  "GB-1-203719-101": 29349210.816643856,
  "GB-1-203719-103": 169042.93920808012,
  "GB-1-203819-102": 202223.9964098343,
  "GB-1-203819-103": 3023661.6003444577,
  "GB-1-203859-102": 88765.66659624293,
  "GB-1-203878-102": 9827131.68333373,
  "GB-1-203878-103": 14519490.17547802,
  "GB-1-203878-104": 329518.4000157507,
  "GB-1-203878-105": 2306628.800110255,
  "GB-1-203878-106": 7323455.822790056,
  "GB-1-203881-101": 10435107.959690789,
  "GB-1-203881-102": 1169790.320055915,
  "GB-1-203881-104": 117783.05690162994,
  "GB-1-203882-101": 7782242.436067582,
  "GB-1-203882-102": 9134.25004843661,
  "GB-1-203905-101": 15602134.720392035,
  "GB-1-204017-101": 1033516.4311710381,
  "GB-1-204121-101": 6960.031300558059,
  "GB-1-204125-103": 5144427.666724782,
  "GB-1-204270-126": 5714458.665313147,
  "GB-1-204270-128": 8571691.29315372,
  "GB-1-204278-101": 6421696.484768168,
  "GB-1-204838-101": 1863108.566833055,
  "GB-1-204838-103": 16805438.400803287,
  "GB-1-204838-104": 2471388.0001181304,
  "GB-1-204838-105": 23395806.4011183,
  "GB-1-204838-106": 60593853.45713634,
  "GB-1-204838-108": 39500350.927128084,
  "GB-1-204838-109": 3130424.8001496317,
  "GB-1-204838-110": 2432017.1416842486,
  "GB-1-204838-112": 164759.20000787536,
  "GB-1-204838-113": 163058.8850637941,
  "GB-1-204838-114": 1513863.5478003614,
  "GB-1-204838-115": 64921624.5535432,
  "GB-1-204838-116": 12064416.63134467,
  "GB-1-204838-117": 34437664.828718096,
  "GB-1-204876-101": 29916814.073413998,
  "GB-1-204876-102": 35827443.28021652,
  "GB-1-204876-103": 7153844.464341948,
  "GB-1-204876-104": 484392.04802315356,
  "GB-1-204876-105": 208041.44184994424,
  "GB-1-204890-102": 11818039.018836893,
  "GB-1-204890-103": 47898792.97869752,
  "GB-1-204890-104": 21445248.593697067,
  "GB-1-204890-105": 30283989.83618355,
  "GB-1-204890-106": 14312575.68655613,
  "GB-1-204890-108": 8172059.615574618,
  "GB-1-204890-109": 5402498.653242235,
  "GB-1-204890-110": 2165601.515271514,
  "GB-1-204890-112": 1037907.1708176112,
  "GB-1-204890-113": 8655970.56673375,
  "GB-1-204890-114": 6334897.327558802,
  "GB-1-204890-115": 168869.94204807185,
  "GB-1-204890-116": 41180916.18590441,
  "GB-1-204890-117": 1233586.7298909645,
  "GB-1-204890-118": 397601.8442350051,
  "GB-1-204892-101": 20367.532304973553,
  "GB-1-204893-101": 34276988.361686416,
  "GB-1-204893-102": 22698748.12050098,
  "GB-1-204896-101": 20691249.533557028,
  "GB-1-204896-102": 60922572.77503205,
  "GB-1-204896-103": 47524379.34427163,
  "GB-1-204896-104": 2157890.7847111453,
  "GB-1-204896-105": 1229861.5243787863,
  "GB-1-204900-101": 65903680.00315014,
  "GB-1-204900-102": 764482.6880365417,
  "GB-1-204900-103": 675499.5392962884,
  "GB-1-204900-105": 6262788.816083357,
  "GB-1-204902-101": 9277849.224387474,
  "GB-1-204902-102": 45078117.1221547,
  "GB-1-204902-103": 12965395.726219736,
  "GB-1-204902-105": 22152419.794010866,
  "GB-1-204902-108": 2605152.699420524,
  "GB-1-204902-112": 397323.4011869918,
  "GB-1-204904-101": 659036.8000315015,
  "GB-1-204904-102": 6916386.914922599,
  "GB-1-204904-103": 19079720.027175996,
  "GB-1-204904-104": 3288883.608349206,
  "GB-1-204917-101": 15216716.510479348,
  "GB-1-204917-102": 35318391.72272819,
  "GB-1-204917-106": 12713650.258975703,
  "GB-1-204967-101": 53424696.27274566,
  "GB-1-204967-102": 16489268.791172175,
  "GB-1-204967-103": 32966622.19699978,
  "GB-1-204967-104": 20581702.78906379,
  "GB-1-204967-105": 10610492.480507173,
  "GB-1-204967-106": 2203527.435521327,
  "GB-1-205102-101": 90774.08124433893,
  "GB-1-205171-101": 124946.78691797236,
  "GB-1-205171-103": 6342659.133471174,
  "GB-1-205182-101": 14280661.829514604,
  "GB-1-205182-102": 25255497.862143192,
  "GB-1-205182-103": 13894242.192184133,
  "GB-1-205182-104": 13038067.71415921,
  "GB-1-205182-105": 2443105.4358447785,
  "GB-1-205182-106": 7474274.746885264,
  "GB-1-205182-107": 1235120.6380430378,
  "GB-1-205182-109": 5498783.929726838,
  "GB-1-205182-110": 1812616.4623986415,
  "GB-1-205182-111": 7182786.065415331,
  "GB-1-205186-101": 342830.94337638706,