{
  "AU-5-INI116-JO": 93531.18817632568,
  "AU-5-INI124-JO": 58016.5425123278,
  "AU-5-INI855-JO": 102561.36401950334,
  "AU-5-INJ285-JO": 1836104.8655236517,
  "AU-5-INJ522-JO": 244445.41392370252,
  "AU-5-INJ678-JO": 875.4349364221612,
  "AU-5-INJ691-JO": 743171.1011876862,
  "AU-5-INJ748-JO": 212094.58223416368,
  "AU-5-INJ757-JO": 412950.9389785147,
  "AU-5-INJ767-JO": 3551534.816473337,
  "AU-5-INK058-JO": 162182.80297193417,
  "AU-5-INK124-JO": 2548467.7892421004,
  "AU-5-INK131-JO": 2280194.3393818066,
  "AU-5-INK134-JO": 1137785.754199728,
  "AU-5-INK135-JO": 388075.9281481209,
  "AU-5-INK194-JO": 3618.406228281306,
  "AU-5-INK213-JO": 542210.7250634222,
  "AU-5-INK277-JO": 14697.405051055548,
  "AU-5-INK347-JO": 209268.43760659616,
  "AU-5-INK624-JO": 19166.803038124934,
  "AU-5-INK680-JO": 162442.91834265436,
  "AU-5-INK757-JO": 200293.73596163277,
  "AU-5-INL144-JO": 332672.42988680955,
  "AU-5-INL291-JO": 20146304.88705377,
  "AU-5-INL471-JO": 588346.5132051428,
  "AU-5-INL845-JO": 5418661.389189103,
  "AU-5-INL879-JO": 1833891.7605571598,
  "AU-5-INL934-JO": 1498642.792848956,
  "AU-5-INM051-JO": 2400842.6892670896,
  "AU-5-INM061-JO": 657979.0213869173,
  "AU-5-INM208-JO": 52259277.3156773,
  "AU-5-INM209-JO": 44453863.56305346,
  "AU-5-INM256-JO": 1735.7778650035757,
  "AU-5-INM260-JO": 13085.16414466015,
  "AU-5-INM339-JO": 598614.8765376562,
  "AU-5-INM343-JO": 2197358.407449566,
  "AU-5-INM588-JO": 602506.3785253254,
  "AU-5-O14780-JO": 181958.88139569102,
  "AU-5-O14890-JO": 47657.99674344578,
  "AU-5-O15360-JO": 47945.79161611624,
  "AU-5-O15378-JO": 739388.1165047738,
  "AU-5-O16015-JO": 1577469.866297953,
  "AU-5-O16319-JO": 1762285.0534092572,
  "AU-5-O16388-JO": 119165.39505058367,
  "AU-5-O16389-JO": 119714.48607135484,
  "AU-5-O16390-JO": 106455.0216520091,
  "AU-5-O16391-JO": 119714.48607135484,
  "AU-5-O16392-JO": 112345.10658205766
}