{
  "unicefnl": {
    "NL-KVK-27102631-SH-2017-KENIA": 3719802.1960784183,
    "NL-KVK-27102631-SH-2017-NIGERIA": 8130892.432276051,
    "NL-KVK-27102631-SH-2017-YEMEN": 13285007.843137208,
    "NL-KVK-27102631-SH-2022 UKRAINE": 56768467.255686864,
    "NL-KVK-27102631-421": 8978008.300392125,
    "NL-KVK-27102631-ICSRCT-14304-FourPaws": 387417.3987215673,
    "NL-KVK-27102631-ICSRCT-14304-HIVOS": 213981.62132941102,
    "NL-KVK-27102631-ICSRCT-14304-ICN": 510077.87613725313,
    "NL-KVK-27102631-ICSRCT-14304-Program": 535093.5459058805,
    "NL-KVK-27102631-SH-2018-INDONESIA": 11708975.478687018,
    "NL-KVK-27102631-SH-2020-LEBANON": 10297071.91996438,
    "NL-KVK-27102631-SH-2021-NEPAL": 4338505.842225616,
    "NL-KVK-27102631-SH-2021-SURINAME": 1328500.784313721
  }
}