{
  "unicefnl": {
    "NL-KVK-27102631-421": 8975375.237528764,
    "NL-KVK-27102631-SH-2018-INDONESIA": 11705541.480023907,
    "NL-KVK-27102631-SH-2022 UKRAINE": 56751818.24647015,
    "NL-KVK-27102631-SH-2021-NEPAL": 4337233.448813466,
    "NL-KVK-27102631-SH-2021-SURINAME": 1328111.1627003201,
    "NL-KVK-27102631-SH-2020-LEBANON": 10294052.003211502,
    "NL-KVK-27102631-ICSRCT-14304-FourPaws": 387303.77726666734,
    "NL-KVK-27102631-ICSRCT-14304-HIVOS": 213918.86497614055,
    "NL-KVK-27102631-ICSRCT-14304-ICN": 509928.28091878793,
    "NL-KVK-27102631-ICSRCT-14304-Program": 534936.6141124349,
    "NL-KVK-27102631-SH-2017-KENIA": 3718711.2555608964,
    "NL-KVK-27102631-SH-2017-NIGERIA": 8128507.810855229,
    "NL-KVK-27102631-SH-2017-YEMEN": 13281111.627003202
  }
}