{
  "BE-BCE_KBO-0422717486-PROG2017-2021_OS1-BOL": 1231895.3792140211,
  "BE-BCE_KBO-0422717486-PROG2017-2021_OS1-BUR": 224355.21561708619,
  "BE-BCE_KBO-0422717486-PROG2017-2021_OS1-MDG": 361980.3098563348,
  "BE-BCE_KBO-0422717486-PROG2017-2021_OS1-RDC": 1006941.6901447988,
  "BE-BCE_KBO-0422717486-PROG2017-2021_OS1-TOG": 516519.77630593936,
  "BE-BCE_KBO-0422717486-PROG2017-2021_OS2-BEN": 689770.8548346008,
  "BE-BCE_KBO-0422717486-PROG2017-2021_OS2-BUR": 446205.9987335568,
  "BE-BCE_KBO-0422717486-PROG2017-2021_OS2-CAM": 408781.8847409639,
  "BE-BCE_KBO-0422717486-PROG2017-2021_OS2-MDG": 400762.23157722596,
  "BE-BCE_KBO-0422717486-PROG2017-2021_OS2-TOG": 1122835.0740832333,
  "BE-BCE_KBO-0422717486-PROG2017-2021_OS3-BEN": 814717.1491402425,
  "BE-BCE_KBO-0422717486-PROG2017-2021_OS3-BOL": 1323715.473341796,
  "BE-BCE_KBO-0422717486-PROG2017-2021_OS3-CAM\"": 409176.3204751743,
  "BE-BCE_KBO-0422717486-PROG2017-2021_OS5-RDC": 1491099.368468108
}