{
  "XM-DAC-701-8-2013950007": 966396.1956938807,
  "XM-DAC-701-8-2013950014": 207358.17028874223,
  "XM-DAC-701-8-2013950026": 70105.13585065644,
  "XM-DAC-701-8-2013950027": 751924.1119557128,
  "XM-DAC-701-8-2013950028": 1443504.0391085488,
  "XM-DAC-701-8-2013950902": 1622778.7950743637,
  "XM-DAC-701-8-2013950918": 233993.98593628866,
  "XM-DAC-701-8-2013951408": 782303.0041679209,
  "XM-DAC-701-8-2013951793": 2130.0380509196507,
  "XM-DAC-701-8-2013951794": 2165669.658592046,
  "XM-DAC-701-8-2013951795": 186285.26954062327,
  "XM-DAC-701-8-2013951796": 229320.31017188643,
  "XM-DAC-701-8-2013951797": 3515.596783071267,
  "XM-DAC-701-8-2013951798": 1724586.3418851227,
  "XM-DAC-701-8-2013951799": 20.6799810768898,
  "XM-DAC-701-8-2013951800": 1920343.0427999864,
  "XM-DAC-701-8-2013951801": 104537.30434367785,
  "XM-DAC-701-8-2013951802": 20.6799810768898,
  "XM-DAC-701-8-2013951803": 41.3599621537796,
  "XM-DAC-701-8-2013951804": 650964.4443588498,
  "XM-DAC-701-8-2013951805": 473654.2865440592,
  "XM-DAC-701-8-2013951806": 1728370.7784939872,
  "XM-DAC-701-8-2013951807": 103317.18546014154,
  "XM-DAC-701-8-2013951808": 52547.83191637692,
  "XM-DAC-701-8-2013951809": 152349.42059344714,
  "XM-DAC-701-8-2013951810": 106770.74229998204,
  "XM-DAC-701-8-2013951811": 52547.83191637692,
  "XM-DAC-701-8-2013951812": 25808.616383958488,
  "XM-DAC-701-8-2013951813": 25808.616383958488,
  "XM-DAC-701-8-2013951814": 43283.20039393032,
  "XM-DAC-701-8-2013951815": 1840.5183158431919,
  "XM-DAC-701-8-2013951816": 83795.28332355745,
  "XM-DAC-701-8-2013951817": 6121.27439875938,
  "XM-DAC-701-8-2013951818": 5521.554947529577,
  "XM-DAC-701-8-2013951819": 13834.907340439278,
  "XM-DAC-701-8-2013951820": 22106.89977119524,
  "XM-DAC-701-8-2013951821": 7672.2729795261175,
  "XM-DAC-701-8-2013951822": 10133.190727676,
  "XM-DAC-701-8-2013951823": 35300.727698250965,
  "XM-DAC-701-8-2013951928": 41.3599621537796,
  "XM-DAC-701-8-2013951929": 20.6799810768898,
  "XM-DAC-701-8-2013951930": 46219.75770684867,
  "XM-DAC-701-8-2013951931": 82.7199243075592,
  "XM-DAC-701-8-2013951932": 971.9591106138198,
  "XM-DAC-701-8-2013951933": 41.3599621537796,
  "XM-DAC-701-8-2013951934": 20.6799810768898,
  "XM-DAC-701-8-2013951935": 62.0399432306694,
  "XM-DAC-701-8-2013951936": 2005.9581644583088,
  "XM-DAC-701-8-2013951937": 57614.427280215,
  "XM-DAC-701-8-2013951938": 20.6799810768898,
  "XM-DAC-701-8-2013951939": 20.6799810768898,
  "XM-DAC-701-8-2013951940": 6121.27439875938,
  "XM-DAC-701-8-2013951941": 7982.472695679469,
  "XM-DAC-701-8-2013951942": 26718.535551341673,
  "XM-DAC-701-8-2013951943": 5831.754663682917,
  "XM-DAC-701-8-2013951944": 6121.27439875938,
  "XM-DAC-701-8-2013951945": 55567.10915360286,
  "XM-DAC-701-8-2013951946": 2750.4374832263434,
  "XM-DAC-701-8-2013951947": 5521.554947529577,
  "XM-DAC-701-8-2013951948": 5211.355231376235,
  "XM-DAC-701-8-2013951949": 82.7199243075592,
  "XM-DAC-701-8-2013951950": 20.6799810768898,
  "XM-DAC-701-8-2013951951": 87352.24006878251,
  "XM-DAC-701-8-2013951952": 62.0399432306694,
  "XM-DAC-701-8-2013951953": 62.0399432306694,
  "XM-DAC-701-8-2013951954": 20.6799810768898,
  "XM-DAC-701-8-2013951955": 84229.56292617212,
  "XM-DAC-701-8-2013951956": 20.6799810768898,
  "XM-DAC-701-8-2013951957": 116924.61300873494,
  "XM-DAC-701-8-2013951958": 12883.628210902343,
  "XM-DAC-701-8-2013951959": 4921.835496299775,
  "XM-DAC-701-8-2013951960": 21176.300622735183,
  "XM-DAC-701-8-2013951961": 12883.628210902343,
  "XM-DAC-701-8-2013951962": 15344.545959052235,
  "XM-DAC-701-8-2013951963": 8582.192146909263,
  "XM-DAC-701-8-2013951964": 4301.436063993081,
  "XM-DAC-701-8-2013951968": 532509.5127299132,
  "XM-DAC-701-8-2013951969": 3663396.607858557,
  "XM-DAC-701-8-2013951970": 1884463.2756828645,
  "XM-DAC-701-8-2013951971": 41.3599621537796,
  "XM-DAC-701-8-2013951972": 62.0399432306694,
  "XM-DAC-701-8-2013951973": 20.6799810768898,
  "XM-DAC-701-8-2013951974": 92646.31522446635,
  "XM-DAC-701-8-2013951975": 25167.536970574918,
  "XM-DAC-701-8-2013951976": 30999.291634257785,
  "XM-DAC-701-8-2013951977": 5521.554947529577,
  "XM-DAC-701-8-2013951978": 15654.745675205577,
  "XM-DAC-701-8-2013951979": 8582.192146909263,
  "XM-DAC-701-8-2013951980": 1550.9985807667356,
  "XM-DAC-701-8-2013957695": 50293.713978995984,
  "XM-DAC-701-8-2013957737": 15675.425656282465,
  "XM-DAC-701-8-2013957805": 23368.37861688552,
  "XM-DAC-701-8-2013957880": 13235.187889209465,
  "XM-DAC-701-8-2013957940": 8437.432279371042,
  "XM-DAC-701-8-2013957942": 37410.08576809371,
  "XM-DAC-701-8-2013958217": 17888.18363150968,
  "XM-DAC-701-8-2013958454": 17060.984388434084,
  "XM-DAC-701-8-2013958455": 34204.68870117574,
  "XM-DAC-701-8-2013958525": 64438.82103558853,
  "XM-DAC-701-8-2013958699": 32157.37057456361,
  "XM-DAC-701-8-2013958700": 64335.42113020419,
  "XM-DAC-701-8-2013958751": 3949.8763856859496,
  "XM-DAC-701-8-2013958752": 57511.02737483055,
  "XM-DAC-701-8-2013958771": 36334.72675209537,
  "XM-DAC-701-8-2013958772": 53974.750610682364,
  "XM-DAC-701-8-2013958773": 86359.60097709183,
  "XM-DAC-701-8-2013958775": 93059.91484600406,
  "XM-DAC-701-8-2013958776": 17226.424237049196,
  "XM-DAC-701-8-2013958777": 70518.73547219424,
  "XM-DAC-701-8-2013959426": 85325.60192324733,
  "XM-DAC-701-8-2013959551": 945095.8151846846,
  "XM-DAC-701-8-2013959601": 38754.284538091466,
  "XM-DAC-701-8-2013959801": 21279.700528119636,
  "XM-DAC-701-8-2013959802": 21093.580698427602,
  "XM-DAC-701-8-2013959836": 50293.713978995984,
  "XM-DAC-701-8-2013960048": 776057.649903212,
  "XM-DAC-701-8-2013960153": 15385.905921206013,
  "XM-DAC-701-8-2013960205": 14248.506961977071,
  "XM-DAC-701-8-2013960206": 18219.063328739918,
  "XM-DAC-701-8-2013960430": 49466.51473592038,
  "XM-DAC-701-8-2013960503": 37885.72533286212,
  "XM-DAC-701-8-2013960589": 16213.1051642816,
  "XM-DAC-701-8-2013960627": 1654.3984861511842,
  "XM-DAC-701-8-2013960650": 29923.932618259532,
  "XM-DAC-701-8-2013960717": 24071.4979734997,
  "XM-DAC-701-8-2013960741": 115311.57448473758,
  "XM-DAC-701-8-2013960779": 63073.94228451391,
  "XM-DAC-701-8-2013960877": 19976.86172027559,
  "XM-DAC-701-8-2013960878": 63715.02169789748,
  "XM-DAC-701-8-2013960879": 21238.34056596579,
  "XM-DAC-701-8-2013960909": 26966.69532426431,
  "XM-DAC-701-8-2013960994": 35093.92788748206,
  "XM-DAC-701-8-2013961085": 18301.783253047477,
  "XM-DAC-701-8-2013961086": 1024527.6224907617,
  "XM-DAC-701-8-2013961202": 35610.92741440431,
  "XM-DAC-701-8-2013961291": 12614.788456902783,
  "XM-DAC-701-8-2013961295": 26408.33583518832,
  "XM-DAC-701-8-2013961354": 15344.545959052235,
  "XM-DAC-701-8-2013961402": 37885.72533286212,
  "XM-DAC-701-8-2013961404": 18798.10279889282,
  "XM-DAC-701-8-2013961501": 52051.51237053155,
  "XM-DAC-701-8-2013961502": 50459.15382761105,
  "XM-DAC-701-8-2013961613": 34701.00824702113,
  "XM-DAC-701-8-2013961631": 28497.0139239541,
  "XM-DAC-701-8-2013961657": 25870.656327189095,
  "XM-DAC-701-8-2013961668": 117979.29204365633,
  "XM-DAC-701-8-2013961744": 16151.065221050938,
  "XM-DAC-701-8-2013961745": 38051.16518147718,
  "XM-DAC-701-8-2013961982": 14538.026697053529,
  "XM-DAC-701-8-2013962004": 25043.457084113492,
  "XM-DAC-701-8-2013962050": 11229.229724751165,
  "XM-DAC-701-8-2013962051": 185437.3903164709,
  "XM-DAC-701-8-2013962230": 7817.032847064339,
  "XM-DAC-701-8-2013962271": 35569.56745225048,
  "XM-DAC-701-8-2013962272": 35486.8475279429
}