{
  "GB-CHC-285776-LIB089": 24052.43771682969,
  "GB-CHC-285776-LIB095": 136775.92082133776,
  "GB-CHC-285776-LIB101": 141093.23794650414,
  "GB-CHC-285776-LIB102": 80363.77119184133,
  "GB-CHC-285776-LIB103": 13180.73600063003,
  "GB-CHC-285776-LIB104": 13128.095436227513,
  "GB-CHC-285776-LIB105": 100379.52612887806,
  "GB-CHC-285776-LIB108": 59423.964281560424
}