{
  "GB-COH-08828458-ENPUD": {
    "inpud_admin-activities.xml": 186796.17881147462
  },
  "GB-COH-08828458-GB-COH-08828458-GeNPUD": {
    "inpud_admin-activities.xml": 55780.668833413445
  },
  "GB-COH-08828458-Indonesia": {
    "inpud_admin-activities.xml": 154350.4231067058
  },
  "GB-COH-08828458-Nepal": {
    "inpud_admin-activities.xml": 84999.11441282049
  },
  "GB-COH-08828458-South-Africa": {
    "inpud_admin-activities.xml": 253372.35938756276
  },
  "GB-COH-08828458-TanPUD2016": {
    "inpud_admin-activities.xml": 30361.94929049202
  },
  "GB-COH-8828458-Kenya": {
    "inpud_admin-activities.xml": 42499.557206410245
  }
}