{
  "AU-5-INI916-GN": 29217.966087951325,
  "AU-5-INI978-GN": 795041.8785414136,
  "AU-5-INJ018-GN": 161390.96486700219,
  "AU-5-INJ269-GN": 1907.1975400625656,
  "AU-5-INJ344-GN": 148927.06639009665,
  "AU-5-INJ540-GN": 186040.80764709113,
  "AU-5-INK048-GN": 99651.55237930249,
  "AU-5-INK235-GN": 162451.278966344,
  "AU-5-INK267-GN": 47019.340600670934,
  "AU-5-INK573-GN": 97488.1328744972,
  "AU-5-INL149-GN": 2162025.1368507906,
  "AU-5-INL556-GN": 7610700.477374948,
  "AU-5-INM061-GN": 90066.28028040666,
  "AU-5-INM339-GN": 240274.28331942318,
  "AU-5-INM588-GN": 208582.33907451917,
  "AU-5-O16365-GN": 97225.235085757
}