{
  "CA_ON-ONT-1783682-PU1-IN": {
    "genderatwork-gaw-powerup-activitydataset.xml": 509343.40732495795
  },
  "CA_ON-ONT-1783682-PU1-MENA": {
    "genderatwork-gaw-powerup-activitydataset.xml": 735754.4858974578
  },
  "CA_ON-ONT-1783682-PU1-SA": {
    "genderatwork-gaw-powerup-activitydataset.xml": 817914.8822300109
  }
}