{
  "XI-IATI-EC_INTPA-2005/17870/1": 2410898.2040254865,
  "XI-IATI-EC_INTPA-2006/18332/0": 24405731.881459612,
  "XI-IATI-EC_INTPA-2006/18660/0": 7030891.436279068,
  "XI-IATI-EC_INTPA-2006/195-883": 27180722.037988413,
  "XI-IATI-EC_INTPA-2006/196-076": 15520.45164372267,
  "XI-IATI-EC_INTPA-2009/215-465": 199609.44920832626,
  "XI-IATI-EC_INTPA-2011/21912/1": 28028078.098976333,
  "XI-IATI-EC_INTPA-2012/286-749": 26261389.95802696,
  "XI-IATI-EC_INTPA-2016/378-112": 99637.55882352906,
  "XI-IATI-EC_INTPA-2016/379-780": 34541020.39215674,
  "XI-IATI-EC_INTPA-2016/38943/1": 35736671.09803909,
  "XI-IATI-EC_INTPA-2021/421-836": 1461350.862745093
}