{
  "XM-OCHA-CBPF-IRQ-20/3884/RA1/H/INGO/17784": 2600000.02,
  "XM-OCHA-CBPF-IRQ-20/3884/RA1/H/NGO/17838": 270046.6,
  "XM-OCHA-CBPF-IRQ-20/3884/RA1/WASH/INGO/17794": 1397194.44,
  "XM-OCHA-CBPF-IRQ-20/3884/RA1/WASH/INGO/17816": 801293.98,
  "XM-OCHA-CBPF-IRQ-20/3884/RA2/NFIs/INGO/17974": 3103622.94,
  "XM-OCHA-CBPF-IRQ-20/3884/RA2/NFIs/INGO/17979": 1014068.0499999999,
  "XM-OCHA-CBPF-IRQ-20/3884/RA2/NFIs/INGO/17983": 791081.2999999999,
  "XM-OCHA-CBPF-IRQ-20/3884/RA2/NFIs/INGO/18004": 1326372.0,
  "XM-OCHA-CBPF-IRQ-20/3884/RA2/P/INGO/17993": 493819.34,
  "XM-OCHA-CBPF-IRQ-20/3884/RA2/P/INGO/17998": 477496.74,
  "XM-OCHA-CBPF-IRQ-20/3884/RA2/P/INGO/18001": 799912.79,
  "XM-OCHA-CBPF-IRQ-20/3884/RA2/P/INGO/18007": 1000000.54,
  "XM-OCHA-CBPF-IRQ-20/3884/RA2/P/INGO/18009": 500003.4,
  "XM-OCHA-CBPF-IRQ-20/3884/RA2/WASH/INGO/17996": 1000000.0,
  "XM-OCHA-CBPF-IRQ-20/3884/SA1/CASH/INGO/16416": 2999997.96,
  "XM-OCHA-CBPF-IRQ-20/3884/SA1/CASH/INGO/16650": 1600000.0,
  "XM-OCHA-CBPF-IRQ-20/3884/SA1/CASH/NGO/16307": 1399616.16,
  "XM-OCHA-CBPF-IRQ-20/3884/SA1/CCCM/INGO/16400": 539983.99,
  "XM-OCHA-CBPF-IRQ-20/3884/SA1/CCCM/INGO/16449": 860365.16,
  "XM-OCHA-CBPF-IRQ-20/3884/SA1/CCCM/INGO/16458": 800000.0,
  "XM-OCHA-CBPF-IRQ-20/3884/SA1/CCS/INGO/16365": 810734.46,
  "XM-OCHA-CBPF-IRQ-20/3884/SA1/CCS/UN/16463": 400000.0,
  "XM-OCHA-CBPF-IRQ-20/3884/SA1/E-P/INGO/16439": 4000000.0,
  "XM-OCHA-CBPF-IRQ-20/3884/SA1/E/UN/16444": 1800000.02,
  "XM-OCHA-CBPF-IRQ-20/3884/SA1/F/INGO/16428": 4400000.0,
  "XM-OCHA-CBPF-IRQ-20/3884/SA1/H/INGO/16330": 939883.0700000001,
  "XM-OCHA-CBPF-IRQ-20/3884/SA1/H/UN/16295": 2000000.48,
  "XM-OCHA-CBPF-IRQ-20/3884/SA1/P/INGO/16409": 2355293.27,
  "XM-OCHA-CBPF-IRQ-20/3884/SA1/P/INGO/16411": 1600000.0,
  "XM-OCHA-CBPF-IRQ-20/3884/SA1/P/INGO/16422": 2398493.46,
  "XM-OCHA-CBPF-IRQ-20/3884/SA1/P/INGO/16429": 1786999.48,
  "XM-OCHA-CBPF-IRQ-20/3884/SA1/P/INGO/16452": 1795225.64,
  "XM-OCHA-CBPF-IRQ-20/3884/SA1/P/INGO/16461": 1103998.18,
  "XM-OCHA-CBPF-IRQ-20/3884/SA1/WASH/INGO/16290": 6000000.0
}