{
  "XM-OCHA-CBPF-JOR-18/DDA-3560/J-CfPApr18/H/INGO/8970": 798884.04,
  "XM-OCHA-CBPF-JOR-18/DDA-3560/J-CfPApr18/H/NGO/9036": 799737.26,
  "XM-OCHA-CBPF-JOR-18/DDA-3560/J-CfPApr18/H/O/9102": 795480.16,
  "XM-OCHA-CBPF-JOR-18/DDA-3560/J-CfPApr18/P-Sh./INGO/8967": 540000.0,
  "XM-OCHA-CBPF-JOR-18/DDA-3560/J-CfPApr18/P/INGO/8976": 612003.62,
  "XM-OCHA-CBPF-JOR-18/DDA-3560/J-CfPApr18/P/INGO/8986": 741996.42,
  "XM-OCHA-CBPF-JOR-18/DDA-3560/J-CfPApr18/P/INGO/9138": 499999.88,
  "XM-OCHA-CBPF-JOR-18/DDA-3560/J-CfPApr18/P/NGO/8971": 799918.76,
  "XM-OCHA-CBPF-JOR-18/DDA-3560/J-CfPApr18/WASH/INGO/9110": 800000.0,
  "XM-OCHA-CBPF-JOR-18/DDA-3560/J-CfPApr18/WASH/INGO/9152": 800000.0,
  "XM-OCHA-CBPF-JOR-18/DDA-3560/RADEC2018/EDU/INGO/11435": 1200006.08,
  "XM-OCHA-CBPF-JOR-18/DDA-3560/RAFEB2018/BN/UN/8361": 1712000.0,
  "XM-OCHA-CBPF-JOR-18/DDA-3560/SA2/BN/INGO/10646": 800000.0,
  "XM-OCHA-CBPF-JOR-18/DDA-3560/SA2/BN/INGO/10658": 800000.04,
  "XM-OCHA-CBPF-JOR-18/DDA-3560/SA2/BN/INGO/10662": 784947.64,
  "XM-OCHA-CBPF-JOR-18/DDA-3560/SA2/BN/INGO/10758": 799875.54,
  "XM-OCHA-CBPF-JOR-18/DDA-3560/SA2/BN/INGO/10774": 600000.0,
  "XM-OCHA-CBPF-JOR-18/DDA-3560/SA2/BN/NGO/10720": 399914.54,
  "XM-OCHA-CBPF-JOR-18/DDA-3560/SA2/H/INGO/10671": 800000.0,
  "XM-OCHA-CBPF-JOR-18/DDA-3560/SA2/H/INGO/10675": 787051.54,
  "XM-OCHA-CBPF-JOR-18/DDA-3560/SA2/H/NGO/10768": 797861.76,
  "XM-OCHA-CBPF-JOR-18/DDA-3560/SA2/P/NGO/10748": 638838.8,
  "XM-OCHA-CBPF-JOR-18/DDA-3560/SA2/Sh./INGO/10660": 799271.16,
  "XM-OCHA-CBPF-JOR-18/DDA-3560/SA2/Sh./NGO/10814": 769319.4,
  "XM-OCHA-CBPF-JOR-18/DDA-3560/SS-CfPApr18/SRP NFI -SRP-Food-SRP-WASH/NGO/9005": 397740.67000000004,
  "XM-OCHA-CBPF-JOR-18/DDA-3560/SS-CfPApr18/SRP-H/INGO/9088": 469500.51000000007,
  "XM-OCHA-CBPF-JOR-18/DDA-3560/SS-RAJul18/SRP-H/NGO/9615": 799994.06
}