{
  "bothends": {
    "NL-KVK-41210098-FGG": 75315646.08400875,
    "NL-KVK-41210098-FGG3BE": 1075337.0775482191,
    "NL-KVK-41210098-AMBE": 4706111.436804402,
    "NL-KVK-41210098-FGG3": 96900039.63843389,
    "NL-KVK-41210098-GAGGA": 17617496.837779276
  }
}