{
  "AU-5-INI127-GT": 120816.18219957511,
  "AU-5-INI188-GT": 75638.04827811231,
  "AU-5-INI595-GT": 10882.450831353914,
  "AU-5-INI916-GT": 145226.10321328216,
  "AU-5-INJ425-GT": 917296.9757979219,
  "AU-5-INJ522-GT": 58666.544029253586,
  "AU-5-INJ633-GT": -711.3266378805201,
  "AU-5-INJ832-GT": 1547248.0004235124,
  "AU-5-INK048-GT": 508649.4941903867,
  "AU-5-INK058-GT": 52652.43019086686,
  "AU-5-INK072-GT": 68278.2593595468,
  "AU-5-INK235-GT": 37111.99930128617,
  "AU-5-INK347-GT": 211675.77763288983,
  "AU-5-INK423-GT": 266177.30986548465,
  "AU-5-INK515-GT": 890959.9106692995,
  "AU-5-INK573-GT": 797931.8002049715,
  "AU-5-INK680-GT": 16452.316522054247,
  "AU-5-INK757-GT": 183788.14045702835,
  "AU-5-INL062-GT": 2857838.0459994683,
  "AU-5-INL144-GT": 73638.88468650781,
  "AU-5-INL471-GT": 107646.43176246496,
  "AU-5-INM056-GT": 164868.4440744193,
  "AU-5-INM061-GT": 120753.04894922955,
  "AU-5-INM256-GT": 1932.6401133716147,
  "AU-5-INM339-GT": 178460.92554341676,
  "AU-5-INM588-GT": 153994.639182814,
  "AU-5-O16775-GT": 76177.02924478005,
  "AU-5-O16776-GT": 34533.32217503105
}