{
  "FR-3-CBJ118302": 52789295.38168805,
  "FR-3-CBJ119101": 26421222.46465004,
  "FR-3-CBJ119201": 344292.9347619596,
  "FR-3-CBJ119202": 1878177.1004425823,
  "FR-3-CBJ119203": 721018.4263212916,
  "FR-3-CBJ119204": 797100.4705882325,
  "FR-3-CBJ119205": 725906.1135568601,
  "FR-3-CBJ119901": 10420039.281061241,
  "FR-3-CBJ120201": 10391820.356771493,
  "FR-3-CBJ120301": 2763281.6313725393,
  "FR-3-CBJ120303": 23768445.426792227,
  "FR-3-CBJ120501": 26459275.0360109,
  "FR-3-CBJ121301": 14372640.661113491,
  "FR-3-CBJ121702": 2591825.3201490105,
  "FR-3-CBJ122202": 5255933.039471746,
  "FR-3-CBJ122302": 15699564.767411381,
  "FR-3-CBJ122401": 1878423.0559741112,
  "FR-3-CBJ122802": 20062879.15284834,
  "FR-3-CBJ124001": 3985416.1465252684,
  "FR-3-CBJ124501": 49818779.41176453,
  "FR-3-CBJ124502": 5314003.137254884,
  "FR-3-CBJ124601": 25137465.126332305,
  "FR-3-CBJ124701": 69147195.23209405,
  "FR-3-CBJ124702": 21428717.65098032,
  "FR-3-CBJ124703": 321455.2888891832,
  "FR-3-CBJ125201": 66563438.800588705,
  "FR-3-CBJ125301": 18599010.98039209,
  "FR-3-CBJ125401": 24345337.77886508,
  "FR-3-CBJ125403": 5314003.137254884,
  "FR-3-CBJ125501": 19322786.56395614,
  "FR-3-CBJ125701": 1207607.2129411723,
  "FR-3-CBJ126001": 37198021.96078418,
  "FR-3-CBJ126002": 15277759.01960779,
  "FR-3-CBJ127301": 1031992.6942627416,
  "FR-3-CBJ300901": 2657001.568627442
}