{
  "BE-BCE_KBO-0430826290-PROG2017-2021_OSC1": {
    "mondefemmes-activities.xml": 1117026.486945382
  },
  "BE-BCE_KBO-0430826290-PROG2017-2021_OSS1": {
    "mondefemmes-activities.xml": 272007.7910103272
  },
  "BE-BCE_KBO-0430826290-PROG2017-2021_OSS2": {
    "mondefemmes-activities.xml": 266419.0992376842
  },
  "BE-BCE_KBO-0430826290-PROG2017-2021_OSS3": {
    "mondefemmes-activities.xml": 147553.13689489395
  }
}