{
  "GB-CHC-1837621-GEC-T-REAP2-6317": 611474.8885414681,
  "GB-CHC-1837621-HARP-TRN-001": 4423290.24261143,
  "GB-CHC-1837621-UKAD-IMP-119": 5987751.34073421,
  "GB-CHC-1837621-UKAD-IMP-120": 2704431.4115002784
}