{
  "ZA-NPO-060766-PU1-KE": 66775.76342274487,
  "ZA-NPO-060766-PU1-RW": 70931.31387607819
}