{
  "GB-CHC-1001349-GPAF-023": 1187585.6901811662,
  "GB-CHC-1001349-GPAF-093": 1104461.342129301,
  "GB-CHC-1001349-UKAM-203559-143": 747259.6180155585
}