{
  "AU-5-INI055-KH": 2370238.4190922356,
  "AU-5-INI084-KH": 1359644.4964740837,
  "AU-5-INI093-KH": 12938443.697623549,
  "AU-5-INI116-KH": 111589.2446119164,
  "AU-5-INI124-KH": 232066.1700493112,
  "AU-5-INI127-KH": 3981690.7657633536,
  "AU-5-INI168-KH": 6359940.848456751,
  "AU-5-INI193-KH": 117685.0335210008,
  "AU-5-INI229-KH": 164046.09656825144,
  "AU-5-INI250-KH": 22131007.761257235,
  "AU-5-INI267-KH": 358210.92003325373,
  "AU-5-INI308-KH": 9480.128742434452,
  "AU-5-INI354-KH": 292782.9113111524,
  "AU-5-INI358-KH": 439230.8680125935,
  "AU-5-INI373-KH": 64558.17451741335,
  "AU-5-INI375-KH": 469104.57728560606,
  "AU-5-INI379-KH": 1406142.4427273208,
  "AU-5-INI384-KH": 19995459.93777935,
  "AU-5-INI479-KH": 310526.1301792678,
  "AU-5-INI486-KH": 2456096.990280658,
  "AU-5-INI500-KH": 109555.1693061563,
  "AU-5-INI539-KH": 330357.8474045465,
  "AU-5-INI542-KH": 103726.06610025172,
  "AU-5-INI552-KH": 46859109.16334368,
  "AU-5-INI592-KH": 2006209.0886436624,
  "AU-5-INI595-KH": 224752.20587451707,
  "AU-5-INI617-KH": 6612472.642080109,
  "AU-5-INI651-KH": 4678354.092099516,
  "AU-5-INI691-KH": 4113139.4455134873,
  "AU-5-INI717-KH": 414813.00079410267,
  "AU-5-INI718-KH": 114999.98055748484,
  "AU-5-INI740-KH": 6320635.784245961,
  "AU-5-INI743-KH": 50139.4320449641,
  "AU-5-INI807-KH": 1266675.3578006707,
  "AU-5-INI855-KH": 282045.03215256357,
  "AU-5-INI916-KH": 262961.6947915619,
  "AU-5-INI940-KH": 2692318.004706999,
  "AU-5-INI941-KH": 20345807.378970116,
  "AU-5-INI946-KH": 1323970.772351101,
  "AU-5-INI969-KH": 1478503.527353591,
  "AU-5-INI980-KH": 427032.9764481428,
  "AU-5-INJ014-KH": 697643.8579507662,
  "AU-5-INJ045-KH": 262300.43277411227,
  "AU-5-INJ071-KH": 14147.471403308758,
  "AU-5-INJ082-KH": 261840.66915362686,
  "AU-5-INJ093-KH": 90554.90485368736,
  "AU-5-INJ169-KH": 146089.83043975662,
  "AU-5-INJ187-KH": 34307.61941230943,
  "AU-5-INJ225-KH": 1241543.892914107,
  "AU-5-INJ231-KH": 1768300.9670901136,
  "AU-5-INJ293-KH": 3442432.4610274895,
  "AU-5-INJ304-KH": 44793.614299315006,
  "AU-5-INJ332-KH": 2517445.8725994653,
  "AU-5-INJ429-KH": 93426.52387243997,
  "AU-5-INJ447-KH": 3363570.53311026,
  "AU-5-INJ476-KH": 619.4483813522882,
  "AU-5-INJ482-KH": 10004697.228750732,
  "AU-5-INJ489-KH": 189577.87377666813,
  "AU-5-INJ522-KH": 380304.5506938788,
  "AU-5-INJ554-KH": 2241642.7810087004,
  "AU-5-INJ555-KH": 3967306.6446608603,
  "AU-5-INJ585-KH": 1032377.3474462867,
  "AU-5-INJ676-KH": 7169633.478754615,
  "AU-5-INJ678-KH": 12960.599655799817,
  "AU-5-INJ684-KH": 4742.527173033368,
  "AU-5-INJ703-KH": 3183536.801940878,
  "AU-5-INJ704-KH": 2587127.3624880635,
  "AU-5-INJ705-KH": 17425.139656379277,
  "AU-5-INJ717-KH": 8743772.780286217,
  "AU-5-INJ724-KH": 10104577.054180041,
  "AU-5-INJ725-KH": 3019114.5215650424,
  "AU-5-INJ736-KH": 408955.0933996587,
  "AU-5-INJ748-KH": 447032.32845866674,
  "AU-5-INJ794-KH": 524448.6175132428,
  "AU-5-INJ925-KH": 22107415.589236386,
  "AU-5-INJ933-KH": 410462.7907867381,
  "AU-5-INK015-KH": 2543314.334737791,
  "AU-5-INK047-KH": 312843.52091928775,
  "AU-5-INK048-KH": 12157775.97562573,
  "AU-5-INK058-KH": 370011.51516327733,
  "AU-5-INK124-KH": 15571423.402973747,
  "AU-5-INK128-KH": 81468.88827373862,
  "AU-5-INK131-KH": 1881333.0208370364,
  "AU-5-INK134-KH": 25937168.321960956,
  "AU-5-INK135-KH": 8019823.793251538,
  "AU-5-INK150-KH": 218243.75996441173,
  "AU-5-INK182-KH": 15030370.472743383,
  "AU-5-INK194-KH": 54700.681184626395,
  "AU-5-INK198-KH": 523.3104509928623,
  "AU-5-INK208-KH": 107537.09239822028,
  "AU-5-INK213-KH": 8027860.302535693,
  "AU-5-INK215-KH": 24987.558762750457,
  "AU-5-INK232-KH": 2031680.433086396,
  "AU-5-INK235-KH": 19333.585426409285,
  "AU-5-INK246-KH": 62489.84746859013,
  "AU-5-INK267-KH": 414883.8350203491,
  "AU-5-INK277-KH": 29395.84247945854,
  "AU-5-INK344-KH": 2068420.7549124993,
  "AU-5-INK347-KH": 169087.6245155045,
  "AU-5-INK350-KH": 1989.8207662258244,
  "AU-5-INK356-KH": 70519.33057259522,
  "AU-5-INK373-KH": 124604.44784873295,
  "AU-5-INK406-KH": 854.0455775837085,
  "AU-5-INK415-KH": 1168849.734213249,
  "AU-5-INK447-KH": 559155.1436526433,
  "AU-5-INK456-KH": 25100519.65557852,
  "AU-5-INK475-KH": 890.9973304209428,
  "AU-5-INK481-KH": 6043775.444813179,
  "AU-5-INK508-KH": 906.537981532936,
  "AU-5-INK523-KH": 21791859.004619367,
  "AU-5-INK536-KH": 26115688.687914103,
  "AU-5-INK544-KH": 3781491.010925053,
  "AU-5-INK573-KH": 14635355.361787304,
  "AU-5-INK599-KH": 360346.1932121378,
  "AU-5-INK612-KH": 149425.98794413774,
  "AU-5-INK624-KH": 283780.57765225536,
  "AU-5-INK631-KH": 152207.20907767623,
  "AU-5-INK642-KH": 13319551.870831463,
  "AU-5-INK662-KH": 23643023.018965233,
  "AU-5-INK680-KH": 347629.56023790885,
  "AU-5-INK695-KH": 3007202.737970805,
  "AU-5-INK727-KH": 844657.3114981874,
  "AU-5-INK733-KH": 148135.82479031457,
  "AU-5-INK757-KH": 393735.05928434274,
  "AU-5-INK758-KH": 1250.9963389958546,
  "AU-5-INK770-KH": 2115629.1728159706,
  "AU-5-INK781-KH": 192056.29596692527,
  "AU-5-INK846-KH": 57358.34898064766,
  "AU-5-INK868-KH": 2866866.6101988335,
  "AU-5-INK875-KH": 869378.1629922611,
  "AU-5-INK900-KH": 74823.50500135859,
  "AU-5-INK903-KH": 23072.23310323696,
  "AU-5-INK919-KH": 4939445.167163402,
  "AU-5-INK931-KH": 691970.5752507315,
  "AU-5-INK942-KH": 10879.30059019176,
  "AU-5-INK959-KH": 220000.7223615343,
  "AU-5-INL003-KH": 1020169.1377721736,
  "AU-5-INL021-KH": 85125443.1229988,
  "AU-5-INL025-KH": 111607.69805072858,
  "AU-5-INL044-KH": 42336390.179365665,
  "AU-5-INL062-KH": 14304324.606990943,
  "AU-5-INL075-KH": 193751.68356953142,
  "AU-5-INL089-KH": 147545359.15259048,
  "AU-5-INL137-KH": 19503072.46075894,
  "AU-5-INL144-KH": 387086.4024180434,
  "AU-5-INL149-KH": 4793176.12274034,
  "AU-5-INL191-KH": 2546911.281061539,
  "AU-5-INL223-KH": 2979675.839293279,
  "AU-5-INL243-KH": 33103.99706427069,
  "AU-5-INL277-KH": 6826234.222144622,
  "AU-5-INL385-KH": 90311.0231531517,
  "AU-5-INL412-KH": 2384211.011243205,
  "AU-5-INL413-KH": 3281082.5572953024,
  "AU-5-INL414-KH": 722488.1852252136,
  "AU-5-INL435-KH": 82478242.45118177,
  "AU-5-INL467-KH": 79458.34750083747,
  "AU-5-INL471-KH": 817929.7776036959,
  "AU-5-INL481-KH": 1547.0278266134887,
  "AU-5-INL495-KH": 13395189.243601678,
  "AU-5-INL499-KH": 5459276.965631769,
  "AU-5-INL500-KH": 104246.91713591454,
  "AU-5-INL547-KH": 266982.86530673626,
  "AU-5-INL553-KH": 49966.37977994424,
  "AU-5-INL568-KH": 4547539.322058432,
  "AU-5-INL612-KH": 16255984.167567307,
  "AU-5-INL614-KH": 493640.0525551272,
  "AU-5-INL630-KH": 690063.8185825376,
  "AU-5-INL636-KH": 10949.308447088113,
  "AU-5-INL643-KH": 952450.7559210099,
  "AU-5-INL645-KH": 2985194.745918168,
  "AU-5-INL646-KH": 306572.5085263834,
  "AU-5-INL653-KH": 178812.21340231426,
  "AU-5-INL659-KH": 145364.62286731298,
  "AU-5-INL697-KH": 7286744.9031120455,
  "AU-5-INL721-KH": 519288.3831306223,
  "AU-5-INL793-KH": 10246793.447743451,
  "AU-5-INL805-KH": 6321141.24977901,
  "AU-5-INL831-KH": 190181.46810706452,
  "AU-5-INL832-KH": 74810.94224937627,
  "AU-5-INL860-KH": 5527034.616972884,
  "AU-5-INL879-KH": 1980602.0176694547,
  "AU-5-INL883-KH": 3613049.6224221205,
  "AU-5-INL889-KH": 5943.3684337089135,
  "AU-5-INL907-KH": 553796.2250774415,
  "AU-5-INL950-KH": 211055.957998684,
  "AU-5-INL966-KH": 4991.4902496746945,
  "AU-5-INL968-KH": 98181335.31012362,
  "AU-5-INL971-KH": 7423.5661031890695,
  "AU-5-INL991-KH": 54499.090032000924,
  "AU-5-INL998-KH": 128964.14106270063,
  "AU-5-INM029-KH": 1041508.2620727959,
  "AU-5-INM056-KH": 110118.03675110094,
  "AU-5-INM061-KH": 559724.2406372145,
  "AU-5-INM063-KH": 579957.5222644466,
  "AU-5-INM079-KH": 41429.278761276815,
  "AU-5-INM083-KH": 10265374.03764698,
  "AU-5-INM086-KH": 47027.65908654068,
  "AU-5-INM094-KH": 1534020.3299487403,
  "AU-5-INM098-KH": 540339.8826276219,
  "AU-5-INM102-KH": 123210.42577761335,
  "AU-5-INM112-KH": 2022.9669186305982,
  "AU-5-INM126-KH": 4172507.445541033,