{
  "options": {
    "GB-COH-2695347-10980": 2716458.7096996047,
    "GB-COH-2695347-10900+10961": 618840.49800558,
    "GB-COH-2695347-10979": 7856147.030295517,
    "GB-COH-2695347-10907": 224688.71141873996,
    "GB-COH-2695347-10921": 9643914.51014897,
    "GB-COH-2695347-10930": 1920815.4766358135,
    "GB-COH-2695347-10955": 11607690.948186839,
    "GB-COH-2695347-10924": 3211481.383777506
  }
}