{
  "AU-5-INI504-VC": 46949.54472496317,
  "AU-5-INJ115-VC": 1261519.1231334943,
  "AU-5-INJ116-VC": 553181.215222782,
  "AU-5-INJ117-VC": 494356.24035303766,
  "AU-5-INJ118-VC": 397407.73707126145,
  "AU-5-INK048-VC": 626056.4309191381,
  "AU-5-INK058-VC": 86958.47695727638,
  "AU-5-INK124-VC": 193789.7662248122,
  "AU-5-INK134-VC": 528754.4975685009,
  "AU-5-INK135-VC": 101276.32305759257,
  "AU-5-INK373-VC": 27052.79583078536,
  "AU-5-INK573-VC": 239241.23742261223,
  "AU-5-INK680-VC": 98159.67347382443,
  "AU-5-INL062-VC": 1074164.596196186,
  "AU-5-INL313-VC": 72248.81852252137,
  "AU-5-INL471-VC": 131448.59730964384,
  "AU-5-INL630-VC": 57504.64088253782,
  "AU-5-INM056-VC": 55059.921485782,
  "AU-5-INM061-VC": 41506.043130957,
  "AU-5-INM162-VC": 27562.9242663419,
  "AU-5-INM181-VC": 41573.776398321854,
  "AU-5-INM339-VC": 118481.7406053143,
  "AU-5-INM588-VC": 51332.78556025143,
  "AU-5-O16928-VC": 53234.7357078568,
  "AU-5-O16932-VC": 45074.23165573802,
  "AU-5-O16938-VC": 47664.351799770404
}