{
  "AU-5-INI978-GA": 142983.4684863669,
  "AU-5-INJ018-GA": 267916.7405659435,
  "AU-5-INJ269-GA": 363.46182628241513,
  "AU-5-INJ540-GA": 31900.313967019873,
  "AU-5-INK048-GA": 12378.88413177527,
  "AU-5-INK235-GA": 76581.43703741475,
  "AU-5-INK573-GA": 12109.850961197626
}