{
  "XM-DAC-6-4-000064-04-6": -8293.139576062717,
  "XM-DAC-6-4-000065-02-6": -4725.570284858807,
  "XM-DAC-6-4-000938-01-1": -1773.5618320666606,
  "XM-DAC-6-4-000988-04-6": 2365065.4224428423,
  "XM-DAC-6-4-001017-01-5": -56319.71828975667,
  "XM-DAC-6-4-001309-01-1": -25668.724393246393,
  "XM-DAC-6-4-001491-02-2": -32283.741169330482,
  "XM-DAC-6-4-001491-03-3": -277190.35238171386,
  "XM-DAC-6-4-002124-02-1": -105187.46707688001,
  "XM-DAC-6-4-002160-01-2": -974405.89177993,
  "XM-DAC-6-4-002296-02-2": 753875.9547167192,
  "XM-DAC-6-4-003330-01-4": -54256.74750867709,
  "XM-DAC-6-4-003520-01-6": -15241.391470386185,
  "XM-DAC-6-4-004619-01-6": -7.001199133333309,
  "XM-DAC-6-4-005794-01-4": 23117.47268569415,
  "XM-DAC-6-4-005802-01-6": 131754.0157557209,
  "XM-DAC-6-4-006183-03-0": 60278.586941028865,
  "XM-DAC-6-4-006389-01-4": 30941.732214269632,
  "XM-DAC-6-4-006483-01-3": 191790.57872674067,
  "XM-DAC-6-4-009036-01-6": 3530179.5273303925,
  "XM-DAC-6-4-010696-01-1": 1819702.7367670995,
  "XM-DAC-6-4-010703-02-2": 3321251.960784302,
  "XM-DAC-6-4-010703-03-3": 639936.0246672644,
  "XM-DAC-6-4-010839-01-0": 531400.3137254884,
  "XM-DAC-6-4-011213-01-6": 7842902.56968902,
  "XM-DAC-6-4-011213-02-0": 325648.5023397518,
  "XM-DAC-6-4-011231-01-0": 2657001.568627442,
  "XM-DAC-6-4-011232-01-2": 2657001.568627442,
  "XM-DAC-6-4-011232-02-3": 2657001.568627442,
  "XM-DAC-6-4-011233-01-4": 1328500.784313721,
  "XM-DAC-6-4-011243-01-3": 2657001.568627442,
  "XM-DAC-6-4-011244-01-5": 3985502.3529411624,
  "XM-DAC-6-4-011246-01-2": 1328500.784313721,
  "XM-DAC-6-4-011246-02-3": 2657001.568627442,
  "XM-DAC-6-4-011247-01-4": 2657001.568627442,
  "XM-DAC-6-4-011257-01-3": 797100.4705882325,
  "XM-DAC-6-4-011324-01-4": 3985502.3529411624,
  "XM-DAC-6-4-011343-01-0": 1399892.9551118773,
  "XM-DAC-6-4-011383-01-3": 2138419.400999467,
  "XM-DAC-6-4-011384-01-5": 4041363.5259002056,
  "XM-DAC-6-4-011386-01-2": 8595427.959741237,
  "XM-DAC-6-4-011481-01-3": 2568252.907062446,
  "XM-DAC-6-4-011527-01-4": 3922167.2604147037,
  "XM-DAC-6-4-011529-01-1": 1328500.784313721,
  "XM-DAC-6-4-011575-01-2": 953863.5631372517,
  "XM-DAC-6-4-011585-01-1": 3985502.3529411624,
  "XM-DAC-6-4-011585-02-2": 2657001.568627442,
  "XM-DAC-6-4-011586-01-3": 664250.3921568604,
  "XM-DAC-6-4-011627-01-1": 2657001.568627442,
  "XM-DAC-6-4-011631-01-2": 4118352.4313725345,
  "XM-DAC-6-4-011663-01-3": 3985502.3529411624,
  "XM-DAC-6-4-011663-02-4": 3985502.3529411624,
  "XM-DAC-6-4-011663-02-5": 3985502.3529411624,
  "XM-DAC-6-4-011675-01-6": 6823881.476649388,
  "XM-DAC-6-4-011687-01-2": 2580747.510078948,
  "XM-DAC-6-4-011705-01-3": 2258451.3333333256,
  "XM-DAC-6-4-011705-02-4": 932607.550588232,
  "XM-DAC-6-4-011731-01-6": 7551198.45803919,
  "XM-DAC-6-4-011731-02-0": 8635255.098039186,
  "XM-DAC-6-4-011731-03-1": 10628006.274509767,
  "XM-DAC-6-4-011732-01-1": 4702892.776470572,
  "XM-DAC-6-4-011732-02-2": 531400.3137254884,
  "XM-DAC-6-4-011752-01-6": 2657001.568627442,
  "XM-DAC-6-4-011809-01-1": 1195650.7058823488,
  "XM-DAC-6-4-011910-01-0": 1913041.1294117582,
  "XM-DAC-6-4-011910-02-1": 301835.37819607736,
  "XM-DAC-6-4-011912-01-4": 2654130.67843254,
  "XM-DAC-6-4-011944-01-5": 1328500.784313721,
  "XM-DAC-6-4-011944-02-6": 1992751.1764705812,
  "XM-DAC-6-4-011950-01-3": 3985502.3529411624,
  "XM-DAC-6-4-011954-01-4": 2125601.2549019535,
  "XM-DAC-6-4-012023-01-2": 2657001.568627442,
  "XM-DAC-6-4-012024-01-4": 2280509.069535663,
  "XM-DAC-6-4-012064-01-0": 2391301.4117646976,
  "XM-DAC-6-4-012064-02-1": 265700.1568627442,
  "XM-DAC-6-4-012073-01-4": 3985502.3529411624,
  "XM-DAC-6-4-012079-01-2": 805602.8756078404,
  "XM-DAC-6-4-012079-02-3": 923573.7452548988,
  "XM-DAC-6-4-012085-01-0": 882608.0950698009,
  "XM-DAC-6-4-012091-01-5": 1328500.784313721,
  "XM-DAC-6-4-012104-01-3": 1032178.6843725453,
  "XM-DAC-6-4-012122-01-4": 2657001.568627442,
  "XM-DAC-6-4-012127-79-1": 100434.6592941173,
  "XM-DAC-6-4-012193-01-0": 6376803.76470586,
  "XM-DAC-6-4-012193-01-1": 265700.1568627442,
  "XM-DAC-6-4-012198-01-0": 3948523.5336097903,
  "XM-DAC-6-4-012214-01-0": 3321251.960784302,
  "XM-DAC-6-4-012229-03-2": 16473.40972549014,
  "XM-DAC-6-4-012229-03-3": 53671.43168627432,
  "XM-DAC-6-4-012241-01-0": 1992751.1764705812,
  "XM-DAC-6-4-012251-01-0": 2124850.651958816,
  "XM-DAC-6-4-012253-01-0": 2324876.3725490114,
  "XM-DAC-6-4-012253-01-1": 1859901.0980392091,
  "XM-DAC-6-4-012258-01-0": 2789851.647058814,
  "XM-DAC-6-4-012258-01-1": 199275.11764705813,
  "XM-DAC-6-4-012485-01-0": 9844190.811764672,
  "XM-DAC-6-4-012485-01-1": 252415.149019607,
  "XM-DAC-6-4-012505-01-0": 10628006.274509767,
  "XM-DAC-6-4-012584-01-0": 2457726.4509803834,
  "XM-DAC-6-4-012584-01-1": 199275.11764705813,
  "XM-DAC-6-4-012590-08-0": 3661542.4415233126
}