{
  "DE-1-200040469": 18935763.053909775,
  "DE-1-200040493": 12181665.611150704,
  "DE-1-200140764": 522211.90704041254,
  "DE-1-200140772": 10597220.949682765,
  "DE-1-200266734": 12611810.888482047,
  "DE-1-200270405": 1251561.324507288,
  "DE-1-200365775": 10283513.841740303,
  "DE-1-200465880": 17482628.50991472,
  "DE-1-200470146": 1317785.817617859,
  "DE-1-200470419": 5797369.317405151,
  "DE-1-200470427": 1542827.12673464,
  "DE-1-200566166": 31874018.801856454,
  "DE-1-200570382": 2903299.943386461,
  "DE-1-200666578": 21230724.142766096,
  "DE-1-200766360": 12528268.675817765,
  "DE-1-200770339": 1351251.8106120059,
  "DE-1-200821116": 3868078.778248763,
  "DE-1-200821124": 3609316.1785346856,
  "DE-1-200821371": 6265369.140202371,
  "DE-1-200835017": 7552954.013771334,
  "DE-1-200865469": 18172734.28654739,
  "DE-1-200865832": 91133916.43863393,
  "DE-1-200870071": 4193707.9122801665,
  "DE-1-200915777-0": 803515.4922756603,
  "DE-1-200921304": 3508151.657791154,
  "DE-1-200921312": 3480074.6321716015,
  "DE-1-200922724": 5057899.160666495,
  "DE-1-200922898": 4023495.301120354,
  "DE-1-200965723": 27006587.231600784,
  "DE-1-200965749": 15918969.314035866,
  "DE-1-201020924": 3372756.866783326,
  "DE-1-201020940": 3932780.8367125704,
  "DE-1-201022409": 4217385.544061719,
  "DE-1-201065663": 10268695.007338595,
  "DE-1-201066885": 52251556.89980544,
  "DE-1-201110055-0": 3388896.6768087056,
  "DE-1-201120864": 4627209.3641656665,
  "DE-1-201120872": 3468060.0421828697,
  "DE-1-201165604": 35787782.59984574,
  "DE-1-201175967-0": 626413.4337908883,
  "DE-1-201215508-0": 636550.8605425252,
  "DE-1-201221548": 4388383.4907909855,
  "DE-1-201221555": 3330920.7551127137,
  "DE-1-201224690": 800605.6682739642,
  "DE-1-201265925": 5310444.314310649,
  "DE-1-201266089": 17615169.36063136,
  "DE-1-201266097": 26423850.474946722,
  "DE-1-201270115": 2437910.5085610417,
  "DE-1-201274992-0": 468830.3390358324,
  "DE-1-201310077-0": 885914.872734874,
  "DE-1-201321538": 8367100.325012017,
  "DE-1-201321546": 1032161.9101933432,
  "DE-1-201321553": 4050822.929737013,
  "DE-1-201321561": 3320277.9067508006,
  "DE-1-201334143-0": 495180.34575436794,
  "DE-1-201365501": 15695883.794582719,
  "DE-1-201365519": 5312444.6508012805,
  "DE-1-201422062": 12634699.431361716,
  "DE-1-201424597": 2530301.1576582417,
  "DE-1-201424605": 2656222.3254006403,
  "DE-1-201424647": 1328111.1627003201,
  "DE-1-201469006": 21187274.690357216,
  "DE-1-201470467": 2642477.5701667382,
  "DE-1-201521020": 4018564.796296199,
  "DE-1-201531839-0": 1314830.051073317,
  "DE-1-201555812-0": 562209.3768384861,
  "DE-1-201567049": 10349437.917564027,
  "DE-1-201567056": 13863463.53616855,
  "DE-1-201606003-1469": 272683.79959214164,
  "DE-1-201622067": 14185024.084337039,
  "DE-1-201622216": 26920813.26793549,
  "DE-1-201622224": 4581983.511316105,
  "DE-1-201622232": 2645371.9493858344,
  "DE-1-201622240": 19921667.4405048,
  "DE-1-201622331": 2656222.3254006403,
  "DE-1-201667575": 20725865.032839756,
  "DE-1-201667583": 12699692.078436293,
  "DE-1-201668615": 14057372.6799341,
  "DE-1-201676675-0": 597650.023215144,
  "DE-1-201706019-1703": 1299551.4602576124,
  "DE-1-201706019-1798": 568756.9648705986,
  "DE-1-201768944": 45952646.22943108,
  "DE-1-201798396-2776": 517963.3534531249,
  "DE-1-201821834": 6290884.637117847,
  "DE-1-201821842": 2656222.3254006403,
  "DE-1-201821859": 2792993.8691578447,
  "DE-1-201822394": 2656222.3254006403,
  "DE-1-201831494-0": 278903.3441670672,
  "DE-1-201832948-0": 156717.11719863777,
  "DE-1-201833433-0": 451557.79531810887,
  "DE-1-201867183": 10417704.358654661,
  "DE-1-201874866-0": 265622.232540064,
  "DE-1-201906015-4035": 657415.0255366585,
  "DE-1-201906015-4136": 624185.6842458964,
  "DE-1-202006005-5075": 1328111.1627003201,
  "DE-1-202021822": 6640555.813501601,
  "DE-1-202021830": 7968666.976201921,
  "DE-1-202021848": 2257788.9765905445,
  "DE-1-202022234": 9562400.371442305,
  "DE-1-202073500-0": 863272.2557552081,
  "DE-1-202106003-6006": 1912132.3615049543,
  "DE-1-202133031-0": 928349.7027275237,
  "DE-1-202175131-0": 358590.01392908645
}