{
  "GB-1-108671-102": 926733.3841470722,
  "GB-1-108673-101": 11584167.301838404,
  "GB-1-108684-102": 2136966.866949856,
  "GB-1-108715-101": 2439172.4836756187,
  "GB-1-108737-101": 6961207.288005559,
  "GB-1-108737-102": 673665.2214198927,
  "GB-1-108742-101": 5073464.9658362465,
  "GB-1-108742-103": 3188709.777690566,
  "GB-1-108743-101": 437115.42441193,
  "GB-1-108743-102": 1342550.2889486533,
  "GB-1-108743-103": 862530.9331608539,
  "GB-1-108743-104": 159435.4888845283,
  "GB-1-108743-105": 194050.43619308822,
  "GB-1-108745-103": 2926863.973007521,
  "GB-1-108746-102": 1752852.5308459823,
  "GB-1-108746-103": 1603964.8129045065,
  "GB-1-108748-103": 10966.345045740354,
  "GB-1-108748-105": 59899.41228434601,
  "GB-1-108748-106": -7577.1297761608885,
  "GB-1-108750-101": 13029148.601821773,
  "GB-1-108757-103": 69505.00381103042,
  "GB-1-108793-101": 14587438.631199129,
  "GB-1-108800-101": 2417287.5069973567,
  "GB-1-108800-105": 87223.60652574706,
  "GB-1-108800-106": 2074872.6411007214,
  "GB-1-108800-107": 3237156.9386077356,
  "GB-1-108800-112": 3407514.3834089567,
  "GB-1-108800-114": 396447.17091116816,
  "GB-1-113331-102": 2522698.710169258,
  "GB-1-113331-104": 3346908.50340798,
  "GB-1-113331-105": 4559163.859673925,
  "GB-1-113331-106": 6590368.000315014,
  "GB-1-113331-107": 70065.49739534907,
  "GB-1-113484-101": 2689.0713696667544,
  "GB-1-113484-102": 39220368.89987811,
  "GB-1-113484-104": 3528722.5883899145,
  "GB-1-113484-106": 239904.22353946723,
  "GB-1-113484-107": 1232806.9549850558,
  "GB-1-113484-108": 1361226.1755976442,
  "GB-1-113484-109": 1728182.3151706057,
  "GB-1-113484-110": 411898.0000196884,
  "GB-1-113624-101": 49061258.79303959,
  "GB-1-113624-102": 17322948.78971167,
  "GB-1-113624-103": 252944.92327310622,
  "GB-1-114132-101": 27867575.820585173,
  "GB-1-114132-102": 7391267.238517315,
  "GB-1-114133-102": 115745.61807300284,
  "GB-1-114133-105": 1692.832981708652,
  "GB-1-114133-110": 131494.1998766281,
  "GB-1-114133-122": 385513.3650269808,
  "GB-1-114133-124": 21580.531405504822,
  "GB-1-114133-125": -2420.3186882641035,
  "GB-1-114133-126": 232027.78194454272,
  "GB-1-114133-128": 7722778.201225602,
  "GB-1-114133-131": 7722778.201225602,
  "GB-1-114133-132": 1544555.6402451203,
  "GB-1-114133-133": 7722778.201225602,
  "GB-1-114153-104": 45786.80739942635,
  "GB-1-114153-105": 383690.97177546896,
  "GB-1-114153-107": 494770.0559659261,
  "GB-1-114425-101": -286481.09104138444,
  "GB-1-114433-101": 21535.739291937713,
  "GB-1-114433-102": 60744998.47111263,
  "GB-1-114433-103": 44443.37496874054,
  "GB-1-114433-104": 373386.5153881379,
  "GB-1-114433-105": 2038823.6343020638,
  "GB-1-200694-101": 218937405.93056443,
  "GB-1-200694-102": 3482341.0418745847,
  "GB-1-200694-103": 642166.5604240741,
  "GB-1-200694-104": 864721.1435360839,
  "GB-1-200697-101": 24722407.310393278,
  "GB-1-200697-102": 66395.93874696209,
  "GB-1-200772-103": 46278.22808500938,
  "GB-1-200772-104": 12024.924202345086,
  "GB-1-201210-101": 549588.8507448356,
  "GB-1-201337-101": 5999955.401642783,
  "GB-1-201337-102": 406702.5299425332,
  "GB-1-201337-103": 302596.3843105582,
  "GB-1-201407-102": 13945.755690117325,
  "GB-1-201438-101": 242089.01738509943,
  "GB-1-201591-101": 113994360.73136263,
  "GB-1-202059-101": 1710296.2996065977,
  "GB-1-202080-101": 12356445.121960962,
  "GB-1-202080-102": 18185164.863308024,
  "GB-1-202080-103": 2316833.4603676805,
  "GB-1-202080-104": 11584167.301838404,
  "GB-1-202080-105": 12510900.685985476,
  "GB-1-202080-106": 3089111.2804902405,
  "GB-1-202080-107": 12847167.660941573,
  "GB-1-202080-108": 9386152.186789494,
  "GB-1-202080-109": 3076754.83536828,
  "GB-1-202080-110": 1544555.6402451203,
  "GB-1-202080-111": 689741.1547932603,
  "GB-1-202080-112": 4633666.920735361,
  "GB-1-202080-113": 8905676.222456122,
  "GB-1-202080-114": 14333222.492602214,
  "GB-1-202080-115": 9610291.187084781,
  "GB-1-202080-117": 4606849.7086880375,
  "GB-1-202080-118": 9272784.012228029,
  "GB-1-202080-119": 3089111.2804902405,
  "GB-1-202080-120": 9483917.271415476,
  "GB-1-202080-121": 12356445.121960962,
  "GB-1-202080-122": 79343.7159240192,
  "GB-1-202080-123": 269550.2809323116,
  "GB-1-202080-124": 1390100.0762206083,
  "GB-1-202080-125": 21686257.09513231,
  "GB-1-202080-126": 5336353.278468487,
  "GB-1-202080-127": 6235878.007747464,
  "GB-1-202080-128": 12075585.501074206,
  "GB-1-202080-129": 5658510.384798209,
  "GB-1-202080-130": 62693019.15311353,
  "GB-1-202080-131": 9500768.756113697,
  "GB-1-202080-132": 9007989.011880387,
  "GB-1-202080-133": 11826815.655440848,
  "GB-1-202080-134": 5438619.785820584,
  "GB-1-202080-135": 16010764.425973576,
  "GB-1-202080-136": 8820844.671335243,
  "GB-1-202080-137": 9623788.87742704,
  "GB-1-202080-138": 2890158.532935624,
  "GB-1-202080-139": 2718571.7464873213,
  "GB-1-202080-140": 7527528.76828663,
  "GB-1-202080-141": 4929935.221012018,
  "GB-1-202080-150": 8001873.322895607,
  "GB-1-202080-151": 1392740.2973239634,
  "GB-1-202080-152": 5440026.470192409,
  "GB-1-202125-105": 152747.2815941445,
  "GB-1-202233-102": 3521788.76985234,
  "GB-1-202233-103": 2726136.6346555264,
  "GB-1-202233-104": 9336883.600216173,
  "GB-1-202261-101": 4649971.10060103,
  "GB-1-202261-102": 2256348.582151483,
  "GB-1-202261-103": 10239819.704466572,
  "GB-1-202261-104": 276568.6534477341,
  "GB-1-202276-101": 53431.27584747492,
  "GB-1-202276-102": 205489549.1059106,
  "GB-1-202276-103": 61871.61291517734,
  "GB-1-202276-104": 1709431.6457217797,
  "GB-1-202289-101": 36849238.87951193,
  "GB-1-202289-102": 59258.354377068164,
  "GB-1-202328-101": 600020510.3423575,
  "GB-1-202328-102": 132420857.342504,
  "GB-1-202328-106": 54907707.01275255,
  "GB-1-202328-107": 47339109.271454774,
  "GB-1-202328-108": 10789656.577371737,
  "GB-1-202328-109": 14033476.896926789,
  "GB-1-202328-110": 237195.58229133775,
  "GB-1-202328-111": 3161013.993223094,
  "GB-1-202328-112": 34594003.186013564,
  "GB-1-202328-113": 329518.40001575067,
  "GB-1-202328-114": 212254.3345941456,
  "GB-1-202367-101": 360502.31945397815,
  "GB-1-202367-102": 5893062.580897684,
  "GB-1-202367-103": 75826647.9074243,
  "GB-1-202367-104": 7816281.211526652,
  "GB-1-202367-105": 4188390.798402185,
  "GB-1-202367-106": 1230125.1390987989,
  "GB-1-202368-101": 413455.61299348495,
  "GB-1-202368-102": 80502263.55392192,
  "GB-1-202368-103": 438325.54048518406,
  "GB-1-202368-104": 87179.03550016708,
  "GB-1-202378-101": 127290.46818028473,
  "GB-1-202378-102": 4768491.974290959,
  "GB-1-202378-103": 43584481.20461558,
  "GB-1-202378-104": 2694930.75799981,
  "GB-1-202378-105": 1664654.724209951,
  "GB-1-202378-106": 745222.4417870352,
  "GB-1-202378-109": 174321.94612646656,
  "GB-1-202413-101": 449157.8690284753,
  "GB-1-202413-102": 3763210.9110562718,
  "GB-1-202413-103": 554561.8440297346,
  "GB-1-202413-104": 54255708.70450891,
  "GB-1-202413-105": 46192076.526790544,
  "GB-1-202413-106": 18659668.094347917,
  "GB-1-202413-107": 1569932.7511550416,
  "GB-1-202488-101": 994321.5902633718,
  "GB-1-202488-102": 250412163.43442655,
  "GB-1-202488-103": 124058095.13089475,
  "GB-1-202488-104": 3434674.0816601748,
  "GB-1-202488-105": 60078303.7967997,
  "GB-1-202488-107": 58835278.012340285,
  "GB-1-202488-108": 1274201.5202849058,
  "GB-1-202488-109": 10744502.671017578,
  "GB-1-202488-110": 1282574.5828293061,
  "GB-1-202488-111": 5844999.027071387,
  "GB-1-202488-112": 142829.75048682714,
  "GB-1-202491-102": 38796811.96198247,
  "GB-1-202491-103": 25555074.282534048,
  "GB-1-202491-104": 617713.1341467156,
  "GB-1-202491-105": 4184313.212033652,
  "GB-1-202491-106": 20346795.568549026,
  "GB-1-202495-101": 760741.0478198079,
  "GB-1-202495-102": 1958970.4121736372,
  "GB-1-202495-103": 111212460.00531587,
  "GB-1-202495-104": 34708861.76711506,
  "GB-1-202495-105": 69943608.53918324,
  "GB-1-202495-106": 32608976.10635868,
  "GB-1-202495-107": 15960302.78917889,