{
  "NL-KVK-33185213-SNI-10201-2404": {
    "kit-activities.xml": 4349676.301940377
  },
  "NL-KVK-33185213-SNI-10201-2404.08": {
    "kit-activities.xml": 126076.05293215642
  },
  "NL-KVK-33185213-SNI-10201-2404.09": {
    "kit-activities.xml": 151494.25843843084
  },
  "NL-KVK-33185213-YW4AKIT": {
    "kit-activities.xml": 670946.7136452016
  },
  "NL-KVK-33185213-YW4AKIT_Egypt": {
    "kit-activities.xml": 9193.663832709772
  },
  "NL-KVK-33185213-YW4AKIT_Egypt_MEL": {
    "kit-activities.xml": 15393.219022772495
  },
  "NL-KVK-33185213-YW4AKIT_Kenya": {
    "kit-activities.xml": 41486.63505267436
  },
  "NL-KVK-33185213-YW4AKIT_Kenya_MEL": {
    "kit-activities.xml": 25462.657142517557
  },
  "NL-KVK-33185213-YW4AKIT_Palestine": {
    "kit-activities.xml": 12689.666786662701
  },
  "NL-KVK-33185213-YW4AKIT_Palestine_MEL": {
    "kit-activities.xml": 17115.181884376412
  },
  "NL-KVK-33185213-YW4AKIT_SouthSudan": {
    "kit-activities.xml": 24572.05678672933
  },
  "NL-KVK-33185213-YW4AKIT_SouthSudan_MEL": {
    "kit-activities.xml": 14939.655569999948
  }
}