{
  "NL-KVK-33185213-SNI-10201-2404": {
    "kit-activities.xml": 4349676.301940377
  },
  "NL-KVK-33185213-SNI-10201-2404.08": {
    "kit-activities.xml": 126076.05293215642
  },
  "NL-KVK-33185213-SNI-10201-2404.09": {
    "kit-activities.xml": 151494.25843843084
  },
  "NL-KVK-33185213-YW4AKIT": {
    "kit-activities.xml": 766605.8775949855
  },
  "NL-KVK-33185213-YW4AKIT_Egypt": {
    "kit-activities.xml": 9193.663832709772
  },
  "NL-KVK-33185213-YW4AKIT_Egypt_MEL": {
    "kit-activities.xml": 20204.39789817248
  },
  "NL-KVK-33185213-YW4AKIT_Kenya": {
    "kit-activities.xml": 41486.63505267436
  },
  "NL-KVK-33185213-YW4AKIT_Kenya_MEL": {
    "kit-activities.xml": 34361.79235134498
  },
  "NL-KVK-33185213-YW4AKIT_Palestine": {
    "kit-activities.xml": 12689.666786662701
  },
  "NL-KVK-33185213-YW4AKIT_Palestine_MEL": {
    "kit-activities.xml": 21015.354631941103
  },
  "NL-KVK-33185213-YW4AKIT_SouthSudan": {
    "kit-activities.xml": 25371.468848682267
  },
  "NL-KVK-33185213-YW4AKIT_SouthSudan_MEL": {
    "kit-activities.xml": 21319.35546641561
  }
}