{
  "NL-KVK-41177385-2016013-CARJR2": {
    "tear-q22022.xml": 920326.889338036,
    "tear-orgq3.xml": 920326.889338036
  },
  "NL-KVK-41177385-2016021-NJR2": {
    "tear-q22022.xml": 1265848.6873254857,
    "tear-orgq3.xml": 1265848.6873254857
  },
  "NL-KVK-41177385-2016046-EJR2": {
    "tear-q22022.xml": 458735.30632588075,
    "tear-orgq3.xml": 458735.30632588075
  },
  "NL-KVK-41177385-2016054-SSJR2": {
    "tear-q22022.xml": 1197307.346360388,
    "tear-orgq3.xml": 1197307.346360388
  },
  "NL-KVK-41177385-2016060-SJR2": {
    "tear-q22022.xml": 1277503.6247062702,
    "tear-orgq3.xml": 1277503.6247062702
  },
  "NL-KVK-41177385-2016061-SSPJR": {
    "tear-q22022.xml": 566111.3822180371,
    "tear-orgq3.xml": 566111.3822180371
  },
  "NL-KVK-41177385-2017013-IRQJR3": {
    "tear-q22022.xml": 609776.5459968606,
    "tear-orgq3.xml": 609776.5459968606
  },
  "NL-KVK-41177385-2017021-NJR3": {
    "tear-q22022.xml": 1132177.5954094077,
    "tear-orgq3.xml": 1132177.5954094077
  },
  "NL-KVK-41177385-2017054-SSJR3": {
    "tear-q22022.xml": 1161742.0518635253,
    "tear-orgq3.xml": 1161742.0518635253
  },
  "NL-KVK-41177385-2017060-SJR3": {
    "tear-q22022.xml": 701241.1679952916,
    "tear-orgq3.xml": 701241.1679952916
  },
  "NL-KVK-41177385-2017061-SSPJR2": {
    "tear-q22022.xml": 626880.9935948998,
    "tear-orgq3.xml": 626880.9935948998
  },
  "NL-KVK-41177385-2017065-CARJR3": {
    "tear-q22022.xml": 378337.095860783,
    "tear-orgq3.xml": 378337.095860783
  },
  "NL-KVK-41177385-2018013-IRQJR4": {
    "tear-q22022.xml": 538429.4113752922,
    "tear-orgq3.xml": 538429.4113752922
  },
  "NL-KVK-41177385-2018015-DRCJR1": {
    "tear-q22022.xml": 543508.2698737236,
    "tear-orgq3.xml": 543508.2698737236
  },
  "NL-KVK-41177385-2018021": {
    "tear-q22022.xml": 1194484.2821937213,
    "tear-orgq3.xml": 1194484.2821937213
  },
  "NL-KVK-41177385-2018039": {
    "tear-q22022.xml": 715321.9478082329,
    "tear-orgq3.xml": 715321.9478082329
  },
  "NL-KVK-41177385-2018054-SSJR4": {
    "tear-q22022.xml": 820966.9871784286,
    "tear-orgq3.xml": 820966.9871784286
  },
  "NL-KVK-41177385-2018073": {
    "tear-q22022.xml": 679021.9923776448,
    "tear-orgq3.xml": 679021.9923776448
  },
  "NL-KVK-41177385-2019015": {
    "tear-q22022.xml": 1111330.761101957,
    "tear-orgq3.xml": 1111330.761101957
  },
  "NL-KVK-41177385-2019021": {
    "tear-q22022.xml": 1421074.7044670538,
    "tear-orgq3.xml": 1421074.7044670538
  },
  "NL-KVK-41177385-2019045": {
    "tear-q22022.xml": 22369.29620627443,
    "tear-orgq3.xml": 22369.29620627443
  },
  "NL-KVK-41177385-2019054": {
    "tear-q22022.xml": 1072982.257461957,
    "tear-orgq3.xml": 1072982.257461957
  },
  "NL-KVK-41177385-2019057": {
    "tear-q22022.xml": 717071.583341174,
    "tear-orgq3.xml": 717071.583341174
  },
  "NL-KVK-41177385-2019086": {
    "tear-q22022.xml": 933129.6513964674,
    "tear-orgq3.xml": 933129.6513964674
  },
  "NL-KVK-41177385-2019094": {
    "tear-q22022.xml": 522777.01513450796,
    "tear-orgq3.xml": 522777.01513450796
  },
  "NL-KVK-41177385-2020015": {
    "tear-q22022.xml": 1075681.7710556826,
    "tear-orgq3.xml": 1075681.7710556826
  },
  "NL-KVK-41177385-2020018": {
    "tear-q22022.xml": 621347.7878282332,
    "tear-orgq3.xml": 621347.7878282332
  },
  "NL-KVK-41177385-2020021": {
    "tear-q22022.xml": 1786539.9562286213,
    "tear-orgq3.xml": 1786539.9562286213
  },
  "NL-KVK-41177385-2020043": {
    "tear-q22022.xml": 648647.1504450957,
    "tear-orgq3.xml": 648647.1504450957
  },
  "NL-KVK-41177385-2020050": {
    "tear-q22022.xml": 717658.7806878407,
    "tear-orgq3.xml": 717658.7806878407
  },
  "NL-KVK-41177385-2020054": {
    "tear-q22022.xml": 1670682.731329406,
    "tear-orgq3.xml": 1670682.731329406
  },
  "NL-KVK-41177385-2021015": {
    "tear-q22022.xml": 919157.8086478399,
    "tear-orgq3.xml": 920281.7203113694
  },
  "NL-KVK-41177385-2021021": {
    "tear-q22022.xml": 1067243.1340737217,
    "tear-orgq3.xml": 1067243.1340737217
  },
  "NL-KVK-41177385-2021022": {
    "tear-q22022.xml": 535757.7962980374,
    "tear-orgq3.xml": 535757.7962980374
  },
  "NL-KVK-41177385-2021025": {
    "tear-q22022.xml": 1105749.7293070548,
    "tear-orgq3.xml": 1105749.7293070548
  },
  "NL-KVK-41177385-2021028": {
    "tear-q22022.xml": 876713.5370898009,
    "tear-orgq3.xml": 876713.5370898009
  },
  "NL-KVK-41177385-2021054": {
    "tear-q22022.xml": 852849.6775011735,
    "tear-orgq3.xml": 852849.6775011735
  },
  "NL-KVK-41177385-2021084": {
    "tear-q22022.xml": 651053.065365488,
    "tear-orgq3.xml": 651053.065365488
  },
  "NL-KVK-41177385-2021092": {
    "tear-q22022.xml": 840300.6590925461,
    "tear-orgq3.xml": 840300.6590925461
  },
  "NL-KVK-41177385-2022015": {
    "tear-q22022.xml": 761021.0462878405,
    "tear-orgq3.xml": 761021.0462878405
  },
  "NL-KVK-41177385-2022017": {
    "tear-q22022.xml": 544796.9156345079,
    "tear-orgq3.xml": 544796.9156345079
  },
  "NL-KVK-41177385-2022021": {
    "tear-q22022.xml": 1187985.2563568586,
    "tear-orgq3.xml": 1187985.2563568586
  },
  "NL-KVK-41177385-2022025": {
    "tear-q22022.xml": 570500.7488094098,
    "tear-orgq3.xml": 570500.7488094098
  },
  "NL-KVK-41177385-2022054": {
    "tear-q22022.xml": 1057143.8711113688,
    "tear-orgq3.xml": 1057143.8711113688
  },
  "NL-KVK-41177385-2022070": {
    "tear-q22022.xml": 1241590.2630039172,
    "tear-orgq3.xml": 1241590.2630039172
  },
  "NL-KVK-41177385-2022081": {
    "tear-q22022.xml": 3570753.7075839094,
    "tear-orgq3.xml": 3570753.7075839094
  },
  "NL-KVK-41177385-2022092": {
    "tear-orgq3.xml": 679611.8467258799
  },
  "NL-KVK-41177385-2022094": {
    "tear-orgq3.xml": 620765.9044847037
  },
  "NL-KVK-41177385-JISRA-IQ": {
    "tear-activities.xml": 966437.823060781
  },
  "NL-KVK-41177385-JISRA-ML": {
    "tear-activities.xml": 1040705.0024062708
  },
  "NL-KVK-41177385-JISRA-NG": {
    "tear-activities.xml": 1123256.7126427412
  },
  "NL-KVK-41177385-JISRA-TF-ET": {
    "tear-activities.xml": 2067717.1472286205
  }
}