{
  "GB-CHC-202918-ETHB47": 645132.4236727554,
  "GB-CHC-202918-ETHB57": 1934321.6917668786,
  "GB-CHC-202918-ETHB58": 866223.096329026,
  "GB-CHC-202918-ETHB60": 223136.33936278947,
  "GB-CHC-202918-ETHB61": 35427.77749802406,
  "GB-CHC-202918-ETHB65": 30514.655168712066,
  "GB-CHC-202918-ETHB69": 3834076.136733711,
  "GB-CHC-202918-ETHB79": 70082.18476821462,
  "GB-CHC-202918-ETHB82": 562564.74076504,
  "GB-CHC-202918-ETHB88": 1122479.3063061517,
  "GB-CHC-202918-ETHB89": 780057.6424669981,
  "GB-CHC-202918-ETHB99": 278514.11633401853,
  "GB-CHC-202918-ETHC01": 31173.73114968319,
  "GB-CHC-202918-ETHC02": 391291.73481555114,
  "GB-CHC-202918-ETHC06": 3671642.390485274,
  "GB-CHC-202918-ETHC09": 14354.014703560815,
  "GB-CHC-202918-ETHC10": 6124625.829284513,
  "GB-CHC-202918-ETHC16": 864626.2198852187,
  "GB-CHC-202918-ETHC17": 6190889.770055113,
  "GB-CHC-202918-ETHC19": -16479.00572404747,
  "GB-CHC-202918-ETHC22": 9656.596849071573,
  "GB-CHC-202918-ETHC23": 503300.91947495984,
  "GB-CHC-202918-ETHC24": 1487201.2981211124,
  "GB-CHC-202918-ETHC33": 1408651.4827283486,
  "GB-CHC-202918-ETHC35": 15712.29964392191,
  "GB-CHC-202918-ETHC37": 314248.2307156932,
  "GB-CHC-202918-ETHC40": 222947.1692798395,
  "GB-CHC-202918-ETHC41": 361002.62402370956,
  "GB-CHC-202918-ETHC42": 70457.86169739901,
  "GB-CHC-202918-ETHC51": 3821554.4500108026,
  "GB-CHC-202918-ETHC58": 404444.7220099722,
  "GB-CHC-202918-ETHC59": 350540.1918519212,
  "GB-CHC-202918-ETHC62": 234182.1489451764,
  "GB-CHC-202918-ETHC64": 92901.09861849839,
  "GB-CHC-202918-ETHC65": 2612711.1955298577,
  "GB-CHC-202918-ETHC68": 242594.34373360677,
  "GB-CHC-202918-ETHC70": 53477.728520401135,
  "GB-CHC-202918-ETHC71": 30467.49603949992,
  "GB-CHC-202918-ETHC72": 857226.6299999935,
  "GB-CHC-202918-ETHC73": 68031.89802079953,
  "GB-CHC-202918-ETHC74": 84289.12749100149,
  "GB-CHC-202918-ETHC75": 53357.31313045889,
  "GB-CHC-202918-HECB14": 1102637.9171970838
}