{
  "XI-IATI-EC_FPI-/23711/0": -179527.81674273591,
  "XI-IATI-EC_FPI-2008/160-898": 6604623.504689057,
  "XI-IATI-EC_FPI-2008/20143/0": 6183538.626241415,
  "XI-IATI-EC_FPI-2009/215-028": 25589347.38039973,
  "XI-IATI-EC_FPI-2009/215-272": 621912.5123507985,
  "XI-IATI-EC_FPI-2009/21695/0": 27319175.25514538,
  "XI-IATI-EC_FPI-2010/238-322": 283092.1656485654,
  "XI-IATI-EC_FPI-2010/239-989": 303254.5730105723,
  "XI-IATI-EC_FPI-2010/247-635": 898773.1989696338,
  "XI-IATI-EC_FPI-2010/257-298": 581505.0376772499,
  "XI-IATI-EC_FPI-2010/257-655": 948012.8140113944,
  "XI-IATI-EC_FPI-2011/23391/0": 33950025.2609739,
  "XI-IATI-EC_FPI-2011/23594/0": 1258736.3501295038,
  "XI-IATI-EC_FPI-2012/289-193": 18905236.58149503,
  "XI-IATI-EC_FPI-2012/290-334": 13110952.558372336,
  "XI-IATI-EC_FPI-2014/346-865": 664055.5813501601,
  "XI-IATI-EC_FPI-2014/37671/0": 6623195.780309489,
  "XI-IATI-EC_FPI-2014/37852/0": 7918158.908684428,
  "XI-IATI-EC_FPI-2015/356-147": 6623195.780309489,
  "XI-IATI-EC_FPI-2015/358-520": 6870798.492778491,
  "XI-IATI-EC_FPI-2015/358-652": 1047360.4159059367,
  "XI-IATI-EC_FPI-2015/38703/0": 10615482.290237155,
  "XI-IATI-EC_FPI-2016/372-445": 3974926.4767355537,
  "XI-IATI-EC_FPI-2016/378-819": 1090355.3585760342,
  "XI-IATI-EC_FPI-2016/382-333": 6640555.8135016,
  "XI-IATI-EC_FPI-2016/39839/0": 2597647.3106809054,
  "XI-IATI-EC_FPI-2017/378-820": 1507291.9521048712,
  "XI-IATI-EC_FPI-2018/399-924": 1992166.7440504802,
  "XI-IATI-EC_FPI-2018/403-895": 13281111.627003202,
  "XI-IATI-EC_FPI-2018/41448/0": 1992166.7440504802,
  "XI-IATI-EC_FPI-2018/41733/0": 13281111.6270032,
  "XI-IATI-EC_FPI-2019/409-180": 1660138.9533754003,
  "XI-IATI-EC_FPI-2019/409-183": 3234491.036482936,
  "XI-IATI-EC_FPI-2019/42314/0": 4894629.989858336,
  "XI-IATI-EC_FPI-2020/417-228": 5312444.6508012805,
  "XI-IATI-EC_FPI-2020/42819/0": 5312444.6508012805,
  "XI-IATI-EC_FPI-2021/429-956": 3256264.4627553704,
  "XI-IATI-EC_FPI-2021/430-059": 3984333.4881009604,
  "XI-IATI-EC_FPI-2021/43660/0": 8367100.325012017
}