{
  "RW-RGB-114-RGB-RGO-2013-XM-DAC-7-PPR-4000001218": {
    "laf-activities.xml": 269225.69975139643
  },
  "RW-RGB-114-RGB-RGO-2013-XM-DAC-7-PPR-4000001817": {
    "laf-activities.xml": 1860975.4743710698
  }
}