{
  "XI-IATI-EC_FPI-2009/200-700": 2701152.6797372866,
  "XI-IATI-EC_FPI-2009/21898/0": 7540497.783256188,
  "XI-IATI-EC_FPI-2009/219-955": 2680601.561774459,
  "XI-IATI-EC_FPI-2009/226-597": 4619036.412262974,
  "XI-IATI-EC_FPI-2021/429-614": 5976500.23215144,
  "XI-IATI-EC_FPI-2021/43706/0": 19921667.4405048,
  "XI-IATI-EC_FPI-2022/44290/1": 10624889.301602561
}