{
  "XI-IATI-EC_FPI-2009/200-700": 2704876.7343000327,
  "XI-IATI-EC_FPI-2009/21898/0": 7555056.217475482,
  "XI-IATI-EC_FPI-2009/219-955": 2681314.7060535653,
  "XI-IATI-EC_FPI-2009/226-597": 4620042.263294432,
  "XI-IATI-EC_FPI-2021/429-614": 5978253.529411744,
  "XI-IATI-EC_FPI-2021/43706/0": 19927511.764705814,
  "XI-IATI-EC_FPI-2022/44290/1": 10628006.274509767
}