{
  "DE-1-199165291": 11438389.391371937,
  "DE-1-199165481": 551971.7751491616,
  "DE-1-199170218": 2344364.0145229828,
  "DE-1-200466003": 25679140.078084823,
  "DE-1-200730598-0": 150641.57164166542,
  "DE-1-200730630-0": 109557.50664848393,
  "DE-1-200731133-0": 253351.7341246191,
  "DE-1-200731190-0": 82168.12998636295,
  "DE-1-200731406-0": 342367.2082765123,
  "DE-1-200731539-0": 130099.53914507467,
  "DE-1-200731554-0": 123252.19497954442,
  "DE-1-200732495-0": 287588.4549522703,
  "DE-1-200733451-0": 180769.8859699985,
  "DE-1-200739144-0": 79429.19232015085,
  "DE-1-200739177-0": 232809.70162802836,
  "DE-1-200739235-0": 273893.76662120986,
  "DE-1-200765438": 26945192.2274504,
  "DE-1-200774760-0": 431382.6824284055,
  "DE-1-200822346": 2784608.5067566093,
  "DE-1-200830521-0": 366923.528038281,
  "DE-1-200832683-0": 250975.69317818418,
  "DE-1-200833814-0": 198138.70514067172,
  "DE-1-200833830-0": 123286.30542086241,
  "DE-1-200833848-0": 176123.2934583749,
  "DE-1-200834366-0": 305280.37532784976,
  "DE-1-200866889": 39797423.285089664,
  "DE-1-200875617-0": 543046.8214966558,
  "DE-1-200930362-0": 271499.32940876944,
  "DE-1-200930396-0": 226945.5933006637,
  "DE-1-200930461-0": 83538.25520269829,
  "DE-1-200930479-0": 169861.11891215318,
  "DE-1-200930982-0": 368960.62714525074,
  "DE-1-200931592-0": 118345.8615371559,
  "DE-1-200931683-0": 306306.9357432271,
  "DE-1-200931691-0": 194922.59547296265,
  "DE-1-200932210-0": 200491.8124864759,
  "DE-1-200932855-0": 162899.59764526165,
  "DE-1-200932913-0": 314660.7612634969,
  "DE-1-200932947-0": 176822.6401790447,
  "DE-1-200933614-0": 473383.4461486236,
  "DE-1-200933747-0": 101638.21049661624,
  "DE-1-200974147-0": 522810.24714355345,
  "DE-1-201016948-0": 46291.96041242778,
  "DE-1-201020460": 33355297.629490104,
  "DE-1-201020478": 32398555.075471237,
  "DE-1-201030626-0": 192132.30649765368,
  "DE-1-201030857-0": 159006.0467566789,
  "DE-1-201030865-0": 132505.0389638991,
  "DE-1-201031046-0": 92753.52727472936,
  "DE-1-201031061-0": 404140.3688398922,
  "DE-1-201031087-0": 140455.34130173305,
  "DE-1-201031368-0": 304761.5896169679,
  "DE-1-201031418-0": 287535.934551661,
  "DE-1-201031475-0": 231883.8181868234,
  "DE-1-201032374-0": 125879.78701570413,
  "DE-1-201032564-0": 314036.94234444085,
  "DE-1-201032887-0": 152380.79480848394,
  "DE-1-201032903-0": 119254.53506750918,
  "DE-1-201032960-0": 245134.3220832133,
  "DE-1-201033356-0": 201407.6592251266,
  "DE-1-201067255": 4746076.9212411875,
  "DE-1-201067263": 1795583.310458204,
  "DE-1-201075100-0": 606873.0784546578,
  "DE-1-201075118-0": 463767.6363736468,
  "DE-1-201075415-0": 523394.9039074014,
  "DE-1-201075423-0": 1391302.9091209404,
  "DE-1-201115419-0": 52201.119482574024,
  "DE-1-201115807-0": 27562.191086799085,
  "DE-1-201131044-0": 174003.73160858007,
  "DE-1-201131820-0": 167043.58234423687,
  "DE-1-201132448-0": 132242.83602252085,
  "DE-1-201132935-0": 289542.2093966772,
  "DE-1-201133123-0": 146163.13455120727,
  "DE-1-201133560-0": 204628.38837169018,
  "DE-1-201133982-0": 146163.13455120727,
  "DE-1-201139021-0": 417608.9558605922,
  "DE-1-201174267-0": 542891.6426187698,
  "DE-1-201174390-0": 654254.0308482611,
  "DE-1-201174408-0": 487210.4485040242,
  "DE-1-201174416-0": 556811.9411474562,
  "DE-1-201175454-0": 473290.1499753378,
  "DE-1-201210020-0": 2498030.803717498,
  "DE-1-201210111-0": 3936890.381218702,
  "DE-1-201216605-0": 145941.10444178432,
  "DE-1-201216779-0": 148262.73943602294,
  "DE-1-201222082": 33070666.537709553,
  "DE-1-201230317-0": 177256.40215601336,
  "DE-1-201231430-0": 134869.00164044494,
  "DE-1-201231604-0": 223497.20271845162,
  "DE-1-201231612-0": 308272.00374958845,
  "DE-1-201231943-0": 359650.6710411865,
  "DE-1-201231950-0": 227350.60276532147,
  "DE-1-201233063-0": 92481.60112487653,
  "DE-1-201233485-0": 206799.13584868223,
  "DE-1-201233808-0": 481675.0058587319,
  "DE-1-201233865-0": 223497.20271845162,
  "DE-1-201233873-0": 166980.66869769373,
  "DE-1-201239060-0": 128446.66822899517,
  "DE-1-201239169-0": 199092.33575494253,
  "DE-1-201255454-0": 501066.97327678127,
  "DE-1-201265065": 4196831.274133012,
  "DE-1-201267152": 27885083.533418816,
  "DE-1-201270388": 995708.3089332466,
  "DE-1-201274349-0": 578010.0070304783,
  "DE-1-201274752-0": 411029.33833278454,
  "DE-1-201275221-0": 744990.6757281721,
  "DE-1-201276245-0": 464334.7056478176,
  "DE-1-201315498-0": 49733.6386145978,
  "DE-1-201315951-0": 532484.4513396657,
  "DE-1-201316777-0": 492219.77304913977,
  "DE-1-201326180-0": 727132.5877369856,
  "DE-1-201330075-0": 232331.9387510909,
  "DE-1-201331305-0": 114174.55275767895,
  "DE-1-201331313-0": 209762.55041527064,
  "DE-1-201331362-0": 238969.99414397922,
  "DE-1-201331602-0": 163296.16266505246,
  "DE-1-201332329-0": 196486.439629494,
  "DE-1-201332345-0": 92932.77550043636,
  "DE-1-201332352-0": 301367.71483712934,
  "DE-1-201332956-0": 265522.2157155324,
  "DE-1-201334283-0": 89595.16124889211,
  "DE-1-201339084-0": 201796.88394380466,
  "DE-1-201339100-0": 193831.2174723387,
  "DE-1-201339357-0": 252246.10492975582,
  "DE-1-201373521-0": 663805.5392888312,
  "DE-1-201375096-0": 491216.099073735,
  "DE-1-201375518-0": 1327611.0785776624,
  "DE-1-201406271-0": 314459.5362148802,
  "DE-1-201424878": 1859355.6277804482,
  "DE-1-201425057": 4656102.4734618515,
  "DE-1-201430396-0": 119530.00464302882,
  "DE-1-201430479-0": 111561.33766682689,
  "DE-1-201431261-0": 223122.67533365378,
  "DE-1-201431808-0": 338668.3464885816,
  "DE-1-201432152-0": 253669.23207576116,
  "DE-1-201432160-0": 152732.7837105368,
  "DE-1-201432822-0": 228435.11998445506,
  "DE-1-201433069-0": 199216.67440504802,
  "DE-1-201433937-0": 207185.34138124995,
  "DE-1-201434414-0": 47725.14338717092,
  "DE-1-201439181-0": 219138.34184555282,
  "DE-1-201455500-0": 30480.151183972346,
  "DE-1-201474345-0": 717180.0278581729,
  "DE-1-201474352-0": 796866.6976201921,
  "DE-1-201474451-0": 464838.90694511204,
  "DE-1-201474691-0": 836710.0325012017,
  "DE-1-201475037-0": 265622.232540064,
  "DE-1-201475458-0": 464838.90694511204,
  "DE-1-201475466-0": 597650.023215144,
  "DE-1-201475474-0": 464838.90694511204,
  "DE-1-201476159-0": 597650.023215144,
  "DE-1-201516624-0": 363347.308113879,
  "DE-1-201530880-0": 367886.79206798866,
  "DE-1-201531144-0": 288200.1223059695,
  "DE-1-201531748-0": 424995.57206410245,
  "DE-1-201531961-0": 159373.33952403843,
  "DE-1-201533132-0": 318746.67904807685,
  "DE-1-201533538-0": 341324.5688139823,
  "DE-1-201533942-0": 111561.33766682689,
  "DE-1-201534304-0": 271464.5935447827,
  "DE-1-201539006-0": 296168.7892821714,
  "DE-1-201565233": 13281111.627003202,
  "DE-1-201566728-0": 663938.7075678424,
  "DE-1-201576545-0": 1261705.6045653042,
  "DE-1-201576651-0": 730461.1394851761,
  "DE-1-201606003-1404": 52937.34220741159,
  "DE-1-201606003-1464": 674745.5480987349,
  "DE-1-201606003-1660": 1114439.074059321,
  "DE-1-201621200": 76127331.84598236,
  "DE-1-201621218": 63749335.809615366,
  "DE-1-201626035-0": 210904.05263681084,
  "DE-1-201630110-0": 596321.9120524437,
  "DE-1-201630136-0": 188591.78510344547,
  "DE-1-201630987-0": 245700.56509955923,
  "DE-1-201631373-0": 362574.3474171874,
  "DE-1-201632116-0": 147420.33905973553,
  "DE-1-201632686-0": 398433.34881009604,
  "DE-1-201632801-0": 130154.89394463137,
  "DE-1-201633189-0": 200544.78556774833,
  "DE-1-201639038-0": 298825.011607572,
  "DE-1-201640499": 72382058.36716744,
  "DE-1-201673524-0": 531244.465080128,
  "DE-1-201674241-0": 332027.79067508003,
  "DE-1-201676212-0": 531244.465080128,
  "DE-1-201676220-0": 597650.023215144,
  "DE-1-201676865-0": 597650.023215144,
  "DE-1-201701663-0": 74679.690678639,
  "DE-1-201706019-1425": 296541.98851889017,
  "DE-1-201706019-1680": 66392.94107897035,
  "DE-1-201706019-1869": 466894.1589693908,
  "DE-1-201706019-2233": 751774.6674241908,
  "DE-1-201710094-0": 9513260.258422393,
  "DE-1-201730050-0": 310778.0120718749,