{
  "XI-IATI-EC_FPI-2009/22025/0": 5569217.013513219,
  "XI-IATI-EC_FPI-2009/227-197": 5569217.013513219,
  "XI-IATI-EC_FPI-2012/304-322": 470688.59397860855,
  "XI-IATI-EC_FPI-2012/306-579": 250794.43641887128,
  "XI-IATI-EC_FPI-2012/307-390": 259822.43437952865,
  "XI-IATI-EC_FPI-2015/38857/0": 5302005.431440223,
  "XI-IATI-EC_FPI-2016/372-517": 2645812.3244851627,
  "XI-IATI-EC_FPI-2016/372-548": 2656193.106955061,
  "XI-IATI-EC_FPI-2017/387-919": 910440.6682240866,
  "XI-IATI-EC_FPI-2017/387-921": 961474.7740109022,
  "XI-IATI-EC_FPI-2017/387-922": 732857.8223271619
}