{
  "NL-KVK-40594571-EU Our LHF - BNPS co-applicant": 1289914.5262877194,
  "NL-KVK-40594571-EU Our LHF - FSTP Local CSOs": 6608241.248617483,
  "NL-KVK-40594571-EU Our LHF - Simavi": 293111.9953489887,
  "NL-KVK-40594571-GL/GfG-Ghana": 2385200.656928618,
  "NL-KVK-40594571-GL/GfG-NL": 12946573.440608386,
  "NL-KVK-40594571-GL/GfG-Tanzania": 2169470.3811376705,
  "NL-KVK-40594571-GUSO-FlexF": 317949.81235045666,
  "NL-KVK-40594571-GUSO-Ghana": 2833940.8644150584,
  "NL-KVK-40594571-GUSO-Indonesia": 738561.6082131644,
  "NL-KVK-40594571-GUSO-Kenya": 4062014.099076167,
  "NL-KVK-40594571-GUSO-Malawi": 1828550.4877949632,
  "NL-KVK-40594571-GUSO-Uganda": 1845692.0201385873,
  "NL-KVK-40594571-MTB-India": 6672124.05959895,
  "NL-KVK-40594571-MTB-Malawi": 6007467.534509892,
  "NL-KVK-40594571-Nepal Kapilvastu Implementation": 645196.4028398155,
  "NL-KVK-40594571-Ritu": 7500433.417124947,
  "NL-KVK-40594571-SDG WASH Bangladesh Implementation": 10407471.076210491,
  "NL-KVK-40594571-SDG WASH Uganda": 1065074.9219673732,
  "NL-KVK-40594571-SDG-WASH Nepal Implementation": 5344859.634170409,
  "NL-KVK-40594571-SDG-WASH Uganda Implementation": 12727566.847390173,
  "NL-KVK-40594571-SDG-WASH-Bangladesh": 713707.8140344091,
  "NL-KVK-40594571-SDG-WASH-Nepal": 583083.299982647,
  "NL-KVK-40594571-SDG-WASH-Program-management": 99495008.36139742,
  "NL-KVK-40594571-SEHATI": 8743730.20567518,
  "NL-KVK-40594571-WAI2016": 8958640.651726503,
  "NL-KVK-40594571-WASH First - Kenya - Covid 19": 1540424.6865896583,
  "NL-KVK-40594571-WASH First - Netherlands - Covid 19": 11364846.435901044,
  "NL-KVK-40594571-WASH First - Uganda - Covid 19": 1034423.285070073,
  "NL-KVK-40594571-Watershed-Bangladesh": 1434903.146932997,
  "NL-KVK-40594571-Watershed-Ghana": 621821.6463762899,
  "NL-KVK-40594571-Watershed-Kenya": 1908219.8389874205,
  "NL-KVK-40594571-Watershed-Uganda": 982808.1040873528
}